13/08/26 13:03:54,528 INFO  [d65725be-ac99-38c2-3f14-c84d665f60f2@init servlet   ] [gCheckNotificationTemplatesRCE] [@] Starting notification template RCE check
 13/08/26 13:03:54,534 INFO  [d65725be-ac99-38c2-3f14-c84d665f60f2@init servlet   ] [gCheckNotificationTemplatesRCE] [@] No template injections found
 13/08/26 13:04:03,138 INFO  [d65725be-ac99-38c2-3f14-c84d665f60f2@init servlet   ] [FreemarkerConfiguration       ] [system_user@iRkS@] Finished initialization of "Notification" freemarker configuration
 13/08/26 13:04:11,684 INFO  [d65725be-ac99-38c2-3f14-c84d665f60f2@init servlet   ] [NotificationJobProcessorUtils ] [@] Applying notification send delay 60000 (using for cluster notification merge)
 13/08/26 13:04:21,678 INFO  [1d0c6d1a-1ef4-8363-bbc6-a0fc4944a20d@ssue-analysis-1] [AnalysisDurabilityJob         ] [@] [AD:1786626261675] started, processing PersistentEvent (14-X..14-74]
 13/08/26 13:05:06,675 INFO  [175d3ced-a269-b71f-23bc-034aed0b9458@icle-analysis-1] [AnalysisDurabilityJob         ] [@] [AD:1786626306669] started, processing ArticleRealEvent (228-X..228-0]
 13/08/26 13:05:51,673 INFO  [12e95528-7776-cf53-8c7e-0efe613a4de0@ssue-analysis-2] [AnalysisDurabilityJob         ] [@] [AD:1786626351672] started, processing PersistentEvent (14-X..14-74]
 13/08/26 13:05:51,794 INFO  [12e95528-7776-cf53-8c7e-0efe613a4de0@tion-analyzer-1] [AbstractAnalyzerJob           ] [@] [DG_AJ:DEMO-1:14-0#14-21:2-1] started
 13/08/26 13:05:51,805 INFO  [12e95528-7776-cf53-8c7e-0efe613a4de0@tion-analyzer-1] [AnalyzerMonitor               ] [@] [DG_AJ:DEMO-1:14-0#14-21:2-1] started [DEMO-1:analysis in state after change]
 13/08/26 13:05:52,062 INFO  [12e95528-7776-cf53-8c7e-0efe613a4de0@tion-analyzer-1] [AnalyzerMonitor               ] [@] [DG_AJ:DEMO-1:14-0#14-21:2-1] skipped [DEMO-1:analysis in state before change]
 13/08/26 13:05:52,062 INFO  [12e95528-7776-cf53-8c7e-0efe613a4de0@tion-analyzer-1] [AnalyzerMonitor               ] [@] [DG_AJ:DEMO-1:14-0#14-21:2-1] started [DEMO-1:user mentions analysis]
 13/08/26 13:05:52,070 INFO  [12e95528-7776-cf53-8c7e-0efe613a4de0@tion-analyzer-1] [AnalyzerMonitor               ] [@] [DG_AJ:DEMO-1:14-0#14-21:2-1] started [DEMO-1:user reaction analysis]
 13/08/26 13:05:52,077 INFO  [12e95528-7776-cf53-8c7e-0efe613a4de0@tion-analyzer-1] [AbstractAnalyzerJob           ] [@] [DG_AJ:DEMO-1:14-0#14-21:2-1] didn't persist any notification job
 13/08/26 13:05:52,085 INFO  [12e95528-7776-cf53-8c7e-0efe613a4de0@tion-analyzer-1] [AbstractAnalyzerJob           ] [@] [DG_AJ:DEMO-2:14-1#14-32:2-1] started
 13/08/26 13:05:52,086 INFO  [12e95528-7776-cf53-8c7e-0efe613a4de0@tion-analyzer-1] [AnalyzerMonitor               ] [@] [DG_AJ:DEMO-2:14-1#14-32:2-1] started [DEMO-2:analysis in state after change]
 13/08/26 13:05:52,095 INFO  [12e95528-7776-cf53-8c7e-0efe613a4de0@tion-analyzer-1] [AnalyzerMonitor               ] [@] [DG_AJ:DEMO-2:14-1#14-32:2-1] skipped [DEMO-2:analysis in state before change]
 13/08/26 13:05:52,095 INFO  [12e95528-7776-cf53-8c7e-0efe613a4de0@tion-analyzer-1] [AnalyzerMonitor               ] [@] [DG_AJ:DEMO-2:14-1#14-32:2-1] started [DEMO-2:user mentions analysis]
 13/08/26 13:05:52,096 INFO  [12e95528-7776-cf53-8c7e-0efe613a4de0@tion-analyzer-1] [AnalyzerMonitor               ] [@] [DG_AJ:DEMO-2:14-1#14-32:2-1] started [DEMO-2:user reaction analysis]
 13/08/26 13:05:52,096 INFO  [12e95528-7776-cf53-8c7e-0efe613a4de0@tion-analyzer-1] [AbstractAnalyzerJob           ] [@] [DG_AJ:DEMO-2:14-1#14-32:2-1] didn't persist any notification job
 13/08/26 13:05:52,098 INFO  [12e95528-7776-cf53-8c7e-0efe613a4de0@tion-analyzer-1] [AbstractAnalyzerJob           ] [@] [DG_AJ:DEMO-3:14-2#14-33:2-1] started
 13/08/26 13:05:52,099 INFO  [12e95528-7776-cf53-8c7e-0efe613a4de0@tion-analyzer-1] [AnalyzerMonitor               ] [@] [DG_AJ:DEMO-3:14-2#14-33:2-1] started [DEMO-3:analysis in state after change]
 13/08/26 13:05:52,103 INFO  [12e95528-7776-cf53-8c7e-0efe613a4de0@tion-analyzer-1] [AnalyzerMonitor               ] [@] [DG_AJ:DEMO-3:14-2#14-33:2-1] skipped [DEMO-3:analysis in state before change]
 13/08/26 13:05:52,104 INFO  [12e95528-7776-cf53-8c7e-0efe613a4de0@tion-analyzer-1] [AnalyzerMonitor               ] [@] [DG_AJ:DEMO-3:14-2#14-33:2-1] started [DEMO-3:user mentions analysis]
 13/08/26 13:05:52,104 INFO  [12e95528-7776-cf53-8c7e-0efe613a4de0@tion-analyzer-1] [AnalyzerMonitor               ] [@] [DG_AJ:DEMO-3:14-2#14-33:2-1] started [DEMO-3:user reaction analysis]
 13/08/26 13:05:52,105 INFO  [12e95528-7776-cf53-8c7e-0efe613a4de0@tion-analyzer-1] [AbstractAnalyzerJob           ] [@] [DG_AJ:DEMO-3:14-2#14-33:2-1] didn't persist any notification job
 13/08/26 13:05:52,107 INFO  [12e95528-7776-cf53-8c7e-0efe613a4de0@tion-analyzer-1] [AbstractAnalyzerJob           ] [@] [DG_AJ:DEMO-4:14-3#14-36:2-1] started
 13/08/26 13:05:52,107 INFO  [12e95528-7776-cf53-8c7e-0efe613a4de0@tion-analyzer-1] [AnalyzerMonitor               ] [@] [DG_AJ:DEMO-4:14-3#14-36:2-1] started [DEMO-4:analysis in state after change]
 13/08/26 13:05:52,112 INFO  [12e95528-7776-cf53-8c7e-0efe613a4de0@tion-analyzer-1] [AnalyzerMonitor               ] [@] [DG_AJ:DEMO-4:14-3#14-36:2-1] skipped [DEMO-4:analysis in state before change]
 13/08/26 13:05:52,112 INFO  [12e95528-7776-cf53-8c7e-0efe613a4de0@tion-analyzer-1] [AnalyzerMonitor               ] [@] [DG_AJ:DEMO-4:14-3#14-36:2-1] started [DEMO-4:user mentions analysis]
 13/08/26 13:05:52,113 INFO  [12e95528-7776-cf53-8c7e-0efe613a4de0@tion-analyzer-1] [AnalyzerMonitor               ] [@] [DG_AJ:DEMO-4:14-3#14-36:2-1] started [DEMO-4:user reaction analysis]
 13/08/26 13:05:52,113 INFO  [12e95528-7776-cf53-8c7e-0efe613a4de0@tion-analyzer-1] [AbstractAnalyzerJob           ] [@] [DG_AJ:DEMO-4:14-3#14-36:2-1] didn't persist any notification job
 13/08/26 13:05:52,116 INFO  [12e95528-7776-cf53-8c7e-0efe613a4de0@tion-analyzer-1] [AbstractAnalyzerJob           ] [@] [DG_AJ:DEMO-5:14-4#14-37:2-1] started
 13/08/26 13:05:52,117 INFO  [12e95528-7776-cf53-8c7e-0efe613a4de0@tion-analyzer-1] [AnalyzerMonitor               ] [@] [DG_AJ:DEMO-5:14-4#14-37:2-1] started [DEMO-5:analysis in state after change]
 13/08/26 13:05:52,120 INFO  [12e95528-7776-cf53-8c7e-0efe613a4de0@tion-analyzer-1] [AnalyzerMonitor               ] [@] [DG_AJ:DEMO-5:14-4#14-37:2-1] skipped [DEMO-5:analysis in state before change]
 13/08/26 13:05:52,121 INFO  [12e95528-7776-cf53-8c7e-0efe613a4de0@tion-analyzer-1] [AnalyzerMonitor               ] [@] [DG_AJ:DEMO-5:14-4#14-37:2-1] started [DEMO-5:user mentions analysis]
 13/08/26 13:05:52,121 INFO  [12e95528-7776-cf53-8c7e-0efe613a4de0@tion-analyzer-1] [AnalyzerMonitor               ] [@] [DG_AJ:DEMO-5:14-4#14-37:2-1] started [DEMO-5:user reaction analysis]
 13/08/26 13:05:52,121 INFO  [12e95528-7776-cf53-8c7e-0efe613a4de0@tion-analyzer-1] [AbstractAnalyzerJob           ] [@] [DG_AJ:DEMO-5:14-4#14-37:2-1] didn't persist any notification job
 13/08/26 13:05:52,124 INFO  [12e95528-7776-cf53-8c7e-0efe613a4de0@tion-analyzer-1] [AbstractAnalyzerJob           ] [@] [DG_AJ:DEMO-6:14-5#14-38:2-1] started
 13/08/26 13:05:52,125 INFO  [12e95528-7776-cf53-8c7e-0efe613a4de0@tion-analyzer-1] [AnalyzerMonitor               ] [@] [DG_AJ:DEMO-6:14-5#14-38:2-1] started [DEMO-6:analysis in state after change]
 13/08/26 13:05:52,128 INFO  [12e95528-7776-cf53-8c7e-0efe613a4de0@tion-analyzer-1] [AnalyzerMonitor               ] [@] [DG_AJ:DEMO-6:14-5#14-38:2-1] skipped [DEMO-6:analysis in state before change]
 13/08/26 13:05:52,128 INFO  [12e95528-7776-cf53-8c7e-0efe613a4de0@tion-analyzer-1] [AnalyzerMonitor               ] [@] [DG_AJ:DEMO-6:14-5#14-38:2-1] started [DEMO-6:user mentions analysis]
 13/08/26 13:05:52,129 INFO  [12e95528-7776-cf53-8c7e-0efe613a4de0@tion-analyzer-1] [AnalyzerMonitor               ] [@] [DG_AJ:DEMO-6:14-5#14-38:2-1] started [DEMO-6:user reaction analysis]
 13/08/26 13:05:52,130 INFO  [12e95528-7776-cf53-8c7e-0efe613a4de0@tion-analyzer-1] [AbstractAnalyzerJob           ] [@] [DG_AJ:DEMO-6:14-5#14-38:2-1] didn't persist any notification job
 13/08/26 13:05:52,132 INFO  [12e95528-7776-cf53-8c7e-0efe613a4de0@tion-analyzer-1] [AbstractAnalyzerJob           ] [@] [DG_AJ:DEMO-7:14-6#14-41:2-1] started
 13/08/26 13:05:52,133 INFO  [12e95528-7776-cf53-8c7e-0efe613a4de0@tion-analyzer-1] [AnalyzerMonitor               ] [@] [DG_AJ:DEMO-7:14-6#14-41:2-1] started [DEMO-7:analysis in state after change]
 13/08/26 13:05:52,136 INFO  [12e95528-7776-cf53-8c7e-0efe613a4de0@tion-analyzer-1] [AnalyzerMonitor               ] [@] [DG_AJ:DEMO-7:14-6#14-41:2-1] skipped [DEMO-7:analysis in state before change]
 13/08/26 13:05:52,136 INFO  [12e95528-7776-cf53-8c7e-0efe613a4de0@tion-analyzer-1] [AnalyzerMonitor               ] [@] [DG_AJ:DEMO-7:14-6#14-41:2-1] started [DEMO-7:user mentions analysis]
 13/08/26 13:05:52,137 INFO  [12e95528-7776-cf53-8c7e-0efe613a4de0@tion-analyzer-1] [AnalyzerMonitor               ] [@] [DG_AJ:DEMO-7:14-6#14-41:2-1] started [DEMO-7:user reaction analysis]
 13/08/26 13:05:52,138 INFO  [12e95528-7776-cf53-8c7e-0efe613a4de0@tion-analyzer-1] [AbstractAnalyzerJob           ] [@] [DG_AJ:DEMO-7:14-6#14-41:2-1] didn't persist any notification job
 13/08/26 13:05:52,140 INFO  [12e95528-7776-cf53-8c7e-0efe613a4de0@tion-analyzer-1] [AbstractAnalyzerJob           ] [@] [DG_AJ:DEMO-8:14-7#14-26:2-1] started
 13/08/26 13:05:52,141 INFO  [12e95528-7776-cf53-8c7e-0efe613a4de0@tion-analyzer-1] [AnalyzerMonitor               ] [@] [DG_AJ:DEMO-8:14-7#14-26:2-1] started [DEMO-8:analysis in state after change]
 13/08/26 13:05:52,146 INFO  [12e95528-7776-cf53-8c7e-0efe613a4de0@tion-analyzer-1] [AnalyzerMonitor               ] [@] [DG_AJ:DEMO-8:14-7#14-26:2-1] skipped [DEMO-8:analysis in state before change]
 13/08/26 13:05:52,147 INFO  [12e95528-7776-cf53-8c7e-0efe613a4de0@tion-analyzer-1] [AnalyzerMonitor               ] [@] [DG_AJ:DEMO-8:14-7#14-26:2-1] started [DEMO-8:user mentions analysis]
 13/08/26 13:05:52,147 INFO  [12e95528-7776-cf53-8c7e-0efe613a4de0@tion-analyzer-1] [AnalyzerMonitor               ] [@] [DG_AJ:DEMO-8:14-7#14-26:2-1] started [DEMO-8:user reaction analysis]
 13/08/26 13:05:52,148 INFO  [12e95528-7776-cf53-8c7e-0efe613a4de0@tion-analyzer-1] [AbstractAnalyzerJob           ] [@] [DG_AJ:DEMO-8:14-7#14-26:2-1] didn't persist any notification job
 13/08/26 13:05:52,151 INFO  [12e95528-7776-cf53-8c7e-0efe613a4de0@tion-analyzer-1] [AbstractAnalyzerJob           ] [@] [DG_AJ:DEMO-9:14-8#14-47:2-1] started
 13/08/26 13:05:52,151 INFO  [12e95528-7776-cf53-8c7e-0efe613a4de0@tion-analyzer-1] [AnalyzerMonitor               ] [@] [DG_AJ:DEMO-9:14-8#14-47:2-1] started [DEMO-9:analysis in state after change]
 13/08/26 13:05:52,154 INFO  [12e95528-7776-cf53-8c7e-0efe613a4de0@tion-analyzer-1] [AnalyzerMonitor               ] [@] [DG_AJ:DEMO-9:14-8#14-47:2-1] skipped [DEMO-9:analysis in state before change]
 13/08/26 13:05:52,155 INFO  [12e95528-7776-cf53-8c7e-0efe613a4de0@tion-analyzer-1] [AnalyzerMonitor               ] [@] [DG_AJ:DEMO-9:14-8#14-47:2-1] started [DEMO-9:user mentions analysis]
 13/08/26 13:05:52,155 INFO  [12e95528-7776-cf53-8c7e-0efe613a4de0@tion-analyzer-1] [AnalyzerMonitor               ] [@] [DG_AJ:DEMO-9:14-8#14-47:2-1] started [DEMO-9:user reaction analysis]
 13/08/26 13:05:52,156 INFO  [12e95528-7776-cf53-8c7e-0efe613a4de0@tion-analyzer-1] [AbstractAnalyzerJob           ] [@] [DG_AJ:DEMO-9:14-8#14-47:2-1] didn't persist any notification job
 13/08/26 13:05:52,159 INFO  [12e95528-7776-cf53-8c7e-0efe613a4de0@tion-analyzer-1] [AbstractAnalyzerJob           ] [@] [DG_AJ:DEMO-10:14-9#14-50:2-1] started
 13/08/26 13:05:52,160 INFO  [12e95528-7776-cf53-8c7e-0efe613a4de0@tion-analyzer-1] [AnalyzerMonitor               ] [@] [DG_AJ:DEMO-10:14-9#14-50:2-1] started [DEMO-10:analysis in state after change]
 13/08/26 13:05:52,164 INFO  [12e95528-7776-cf53-8c7e-0efe613a4de0@tion-analyzer-1] [AnalyzerMonitor               ] [@] [DG_AJ:DEMO-10:14-9#14-50:2-1] skipped [DEMO-10:analysis in state before change]
 13/08/26 13:05:52,165 INFO  [12e95528-7776-cf53-8c7e-0efe613a4de0@tion-analyzer-1] [AnalyzerMonitor               ] [@] [DG_AJ:DEMO-10:14-9#14-50:2-1] started [DEMO-10:user mentions analysis]
 13/08/26 13:05:52,166 INFO  [12e95528-7776-cf53-8c7e-0efe613a4de0@tion-analyzer-1] [AnalyzerMonitor               ] [@] [DG_AJ:DEMO-10:14-9#14-50:2-1] started [DEMO-10:user reaction analysis]
 13/08/26 13:05:52,166 INFO  [12e95528-7776-cf53-8c7e-0efe613a4de0@tion-analyzer-1] [AbstractAnalyzerJob           ] [@] [DG_AJ:DEMO-10:14-9#14-50:2-1] didn't persist any notification job
 13/08/26 13:05:52,168 INFO  [12e95528-7776-cf53-8c7e-0efe613a4de0@tion-analyzer-1] [AbstractAnalyzerJob           ] [@] [DG_AJ:DEMO-11:14-10#14-53:2-1] started
 13/08/26 13:05:52,169 INFO  [12e95528-7776-cf53-8c7e-0efe613a4de0@tion-analyzer-1] [AnalyzerMonitor               ] [@] [DG_AJ:DEMO-11:14-10#14-53:2-1] started [DEMO-11:analysis in state after change]
 13/08/26 13:05:52,172 INFO  [12e95528-7776-cf53-8c7e-0efe613a4de0@tion-analyzer-1] [AnalyzerMonitor               ] [@] [DG_AJ:DEMO-11:14-10#14-53:2-1] skipped [DEMO-11:analysis in state before change]
 13/08/26 13:05:52,173 INFO  [12e95528-7776-cf53-8c7e-0efe613a4de0@tion-analyzer-1] [AnalyzerMonitor               ] [@] [DG_AJ:DEMO-11:14-10#14-53:2-1] started [DEMO-11:user mentions analysis]
 13/08/26 13:05:52,174 INFO  [12e95528-7776-cf53-8c7e-0efe613a4de0@tion-analyzer-1] [AnalyzerMonitor               ] [@] [DG_AJ:DEMO-11:14-10#14-53:2-1] started [DEMO-11:user reaction analysis]
 13/08/26 13:05:52,174 INFO  [12e95528-7776-cf53-8c7e-0efe613a4de0@tion-analyzer-1] [AbstractAnalyzerJob           ] [@] [DG_AJ:DEMO-11:14-10#14-53:2-1] didn't persist any notification job
 13/08/26 13:05:52,176 INFO  [12e95528-7776-cf53-8c7e-0efe613a4de0@tion-analyzer-1] [AbstractAnalyzerJob           ] [@] [DG_AJ:DEMO-12:14-11#14-55:2-1] started
 13/08/26 13:05:52,177 INFO  [12e95528-7776-cf53-8c7e-0efe613a4de0@tion-analyzer-1] [AnalyzerMonitor               ] [@] [DG_AJ:DEMO-12:14-11#14-55:2-1] started [DEMO-12:analysis in state after change]
 13/08/26 13:05:52,181 INFO  [12e95528-7776-cf53-8c7e-0efe613a4de0@tion-analyzer-1] [AnalyzerMonitor               ] [@] [DG_AJ:DEMO-12:14-11#14-55:2-1] skipped [DEMO-12:analysis in state before change]
 13/08/26 13:05:52,181 INFO  [12e95528-7776-cf53-8c7e-0efe613a4de0@tion-analyzer-1] [AnalyzerMonitor               ] [@] [DG_AJ:DEMO-12:14-11#14-55:2-1] started [DEMO-12:user mentions analysis]
 13/08/26 13:05:52,182 INFO  [12e95528-7776-cf53-8c7e-0efe613a4de0@tion-analyzer-1] [AnalyzerMonitor               ] [@] [DG_AJ:DEMO-12:14-11#14-55:2-1] started [DEMO-12:user reaction analysis]
 13/08/26 13:05:52,182 INFO  [12e95528-7776-cf53-8c7e-0efe613a4de0@tion-analyzer-1] [AbstractAnalyzerJob           ] [@] [DG_AJ:DEMO-12:14-11#14-55:2-1] didn't persist any notification job
 13/08/26 13:05:52,185 INFO  [12e95528-7776-cf53-8c7e-0efe613a4de0@tion-analyzer-1] [AbstractAnalyzerJob           ] [@] [DG_AJ:DEMO-13:14-12#14-58:2-1] started
 13/08/26 13:05:52,186 INFO  [12e95528-7776-cf53-8c7e-0efe613a4de0@tion-analyzer-1] [AnalyzerMonitor               ] [@] [DG_AJ:DEMO-13:14-12#14-58:2-1] started [DEMO-13:analysis in state after change]
 13/08/26 13:05:52,189 INFO  [12e95528-7776-cf53-8c7e-0efe613a4de0@tion-analyzer-1] [AnalyzerMonitor               ] [@] [DG_AJ:DEMO-13:14-12#14-58:2-1] skipped [DEMO-13:analysis in state before change]
 13/08/26 13:05:52,190 INFO  [12e95528-7776-cf53-8c7e-0efe613a4de0@tion-analyzer-1] [AnalyzerMonitor               ] [@] [DG_AJ:DEMO-13:14-12#14-58:2-1] started [DEMO-13:user mentions analysis]
 13/08/26 13:05:52,191 INFO  [12e95528-7776-cf53-8c7e-0efe613a4de0@tion-analyzer-1] [AnalyzerMonitor               ] [@] [DG_AJ:DEMO-13:14-12#14-58:2-1] started [DEMO-13:user reaction analysis]
 13/08/26 13:05:52,191 INFO  [12e95528-7776-cf53-8c7e-0efe613a4de0@tion-analyzer-1] [AbstractAnalyzerJob           ] [@] [DG_AJ:DEMO-13:14-12#14-58:2-1] didn't persist any notification job
 13/08/26 13:05:52,194 INFO  [12e95528-7776-cf53-8c7e-0efe613a4de0@tion-analyzer-1] [AbstractAnalyzerJob           ] [@] [DG_AJ:DEMO-14:14-13#14-60:2-1] started
 13/08/26 13:05:52,195 INFO  [12e95528-7776-cf53-8c7e-0efe613a4de0@tion-analyzer-1] [AnalyzerMonitor               ] [@] [DG_AJ:DEMO-14:14-13#14-60:2-1] started [DEMO-14:analysis in state after change]
 13/08/26 13:05:52,198 INFO  [12e95528-7776-cf53-8c7e-0efe613a4de0@tion-analyzer-1] [AnalyzerMonitor               ] [@] [DG_AJ:DEMO-14:14-13#14-60:2-1] skipped [DEMO-14:analysis in state before change]
 13/08/26 13:05:52,199 INFO  [12e95528-7776-cf53-8c7e-0efe613a4de0@tion-analyzer-1] [AnalyzerMonitor               ] [@] [DG_AJ:DEMO-14:14-13#14-60:2-1] started [DEMO-14:user mentions analysis]
 13/08/26 13:05:52,200 INFO  [12e95528-7776-cf53-8c7e-0efe613a4de0@tion-analyzer-1] [AnalyzerMonitor               ] [@] [DG_AJ:DEMO-14:14-13#14-60:2-1] started [DEMO-14:user reaction analysis]
 13/08/26 13:05:52,200 INFO  [12e95528-7776-cf53-8c7e-0efe613a4de0@tion-analyzer-1] [AbstractAnalyzerJob           ] [@] [DG_AJ:DEMO-14:14-13#14-60:2-1] didn't persist any notification job
 13/08/26 13:05:52,203 INFO  [12e95528-7776-cf53-8c7e-0efe613a4de0@tion-analyzer-1] [AbstractAnalyzerJob           ] [@] [DG_AJ:DEMO-15:14-14#14-63:2-1] started
 13/08/26 13:05:52,203 INFO  [12e95528-7776-cf53-8c7e-0efe613a4de0@tion-analyzer-1] [AnalyzerMonitor               ] [@] [DG_AJ:DEMO-15:14-14#14-63:2-1] started [DEMO-15:analysis in state after change]
 13/08/26 13:05:52,215 INFO  [12e95528-7776-cf53-8c7e-0efe613a4de0@tion-analyzer-1] [AnalyzerMonitor               ] [@] [DG_AJ:DEMO-15:14-14#14-63:2-1] skipped [DEMO-15:analysis in state before change]
 13/08/26 13:05:52,215 INFO  [12e95528-7776-cf53-8c7e-0efe613a4de0@tion-analyzer-1] [AnalyzerMonitor               ] [@] [DG_AJ:DEMO-15:14-14#14-63:2-1] started [DEMO-15:user mentions analysis]
 13/08/26 13:05:52,217 INFO  [12e95528-7776-cf53-8c7e-0efe613a4de0@tion-analyzer-1] [AnalyzerMonitor               ] [@] [DG_AJ:DEMO-15:14-14#14-63:2-1] started [DEMO-15:user reaction analysis]
 13/08/26 13:05:52,217 INFO  [12e95528-7776-cf53-8c7e-0efe613a4de0@tion-analyzer-1] [AbstractAnalyzerJob           ] [@] [DG_AJ:DEMO-15:14-14#14-63:2-1] didn't persist any notification job
 13/08/26 13:05:52,221 INFO  [12e95528-7776-cf53-8c7e-0efe613a4de0@tion-analyzer-1] [AbstractAnalyzerJob           ] [@] [DG_AJ:DEMO-16:14-16#14-74:2-1] started
 13/08/26 13:05:52,221 INFO  [12e95528-7776-cf53-8c7e-0efe613a4de0@tion-analyzer-1] [AnalyzerMonitor               ] [@] [DG_AJ:DEMO-16:14-16#14-74:2-1] started [DEMO-16:analysis in state after change]
 13/08/26 13:05:52,225 INFO  [12e95528-7776-cf53-8c7e-0efe613a4de0@tion-analyzer-1] [AnalyzerMonitor               ] [@] [DG_AJ:DEMO-16:14-16#14-74:2-1] skipped [DEMO-16:analysis in state before change]
 13/08/26 13:05:52,226 INFO  [12e95528-7776-cf53-8c7e-0efe613a4de0@tion-analyzer-1] [AnalyzerMonitor               ] [@] [DG_AJ:DEMO-16:14-16#14-74:2-1] started [DEMO-16:user mentions analysis]
 13/08/26 13:05:52,227 INFO  [12e95528-7776-cf53-8c7e-0efe613a4de0@tion-analyzer-1] [AnalyzerMonitor               ] [@] [DG_AJ:DEMO-16:14-16#14-74:2-1] started [DEMO-16:user reaction analysis]
 13/08/26 13:05:52,227 INFO  [12e95528-7776-cf53-8c7e-0efe613a4de0@tion-analyzer-1] [AbstractAnalyzerJob           ] [@] [DG_AJ:DEMO-16:14-16#14-74:2-1] didn't persist any notification job
 13/08/26 13:05:52,230 INFO  [12e95528-7776-cf53-8c7e-0efe613a4de0@tion-analyzer-1] [AbstractAnalyzerJob           ] [@] [DG_AJ:DEMO-17:14-18#14-68:2-1] started
 13/08/26 13:05:52,230 INFO  [12e95528-7776-cf53-8c7e-0efe613a4de0@tion-analyzer-1] [AnalyzerMonitor               ] [@] [DG_AJ:DEMO-17:14-18#14-68:2-1] started [DEMO-17:analysis in state after change]
 13/08/26 13:05:52,234 INFO  [12e95528-7776-cf53-8c7e-0efe613a4de0@tion-analyzer-1] [AnalyzerMonitor               ] [@] [DG_AJ:DEMO-17:14-18#14-68:2-1] skipped [DEMO-17:analysis in state before change]
 13/08/26 13:05:52,234 INFO  [12e95528-7776-cf53-8c7e-0efe613a4de0@tion-analyzer-1] [AnalyzerMonitor               ] [@] [DG_AJ:DEMO-17:14-18#14-68:2-1] started [DEMO-17:user mentions analysis]
 13/08/26 13:05:52,235 INFO  [12e95528-7776-cf53-8c7e-0efe613a4de0@tion-analyzer-1] [AnalyzerMonitor               ] [@] [DG_AJ:DEMO-17:14-18#14-68:2-1] started [DEMO-17:user reaction analysis]
 13/08/26 13:05:52,235 INFO  [12e95528-7776-cf53-8c7e-0efe613a4de0@tion-analyzer-1] [AbstractAnalyzerJob           ] [@] [DG_AJ:DEMO-17:14-18#14-68:2-1] didn't persist any notification job
 13/08/26 13:05:52,237 INFO  [12e95528-7776-cf53-8c7e-0efe613a4de0@tion-analyzer-1] [AbstractAnalyzerJob           ] [@] [DG_AJ:DEMO-18:14-19#14-71:2-1] started
 13/08/26 13:05:52,238 INFO  [12e95528-7776-cf53-8c7e-0efe613a4de0@tion-analyzer-1] [AnalyzerMonitor               ] [@] [DG_AJ:DEMO-18:14-19#14-71:2-1] started [DEMO-18:analysis in state after change]
 13/08/26 13:05:52,242 INFO  [12e95528-7776-cf53-8c7e-0efe613a4de0@tion-analyzer-1] [AnalyzerMonitor               ] [@] [DG_AJ:DEMO-18:14-19#14-71:2-1] skipped [DEMO-18:analysis in state before change]
 13/08/26 13:05:52,243 INFO  [12e95528-7776-cf53-8c7e-0efe613a4de0@tion-analyzer-1] [AnalyzerMonitor               ] [@] [DG_AJ:DEMO-18:14-19#14-71:2-1] started [DEMO-18:user mentions analysis]
 13/08/26 13:05:52,243 INFO  [12e95528-7776-cf53-8c7e-0efe613a4de0@tion-analyzer-1] [AnalyzerMonitor               ] [@] [DG_AJ:DEMO-18:14-19#14-71:2-1] started [DEMO-18:user reaction analysis]
 13/08/26 13:05:52,244 INFO  [12e95528-7776-cf53-8c7e-0efe613a4de0@tion-analyzer-1] [AbstractAnalyzerJob           ] [@] [DG_AJ:DEMO-18:14-19#14-71:2-1] didn't persist any notification job
 13/08/26 13:05:52,246 INFO  [12e95528-7776-cf53-8c7e-0efe613a4de0@tion-analyzer-1] [AbstractAnalyzerJob           ] [@] [DG_AJ:DEMO-19:14-20#14-73:2-1] started
 13/08/26 13:05:52,247 INFO  [12e95528-7776-cf53-8c7e-0efe613a4de0@tion-analyzer-1] [AnalyzerMonitor               ] [@] [DG_AJ:DEMO-19:14-20#14-73:2-1] started [DEMO-19:analysis in state after change]
 13/08/26 13:05:52,250 INFO  [12e95528-7776-cf53-8c7e-0efe613a4de0@tion-analyzer-1] [AnalyzerMonitor               ] [@] [DG_AJ:DEMO-19:14-20#14-73:2-1] skipped [DEMO-19:analysis in state before change]
 13/08/26 13:05:52,250 INFO  [12e95528-7776-cf53-8c7e-0efe613a4de0@tion-analyzer-1] [AnalyzerMonitor               ] [@] [DG_AJ:DEMO-19:14-20#14-73:2-1] started [DEMO-19:user mentions analysis]
 13/08/26 13:05:52,251 INFO  [12e95528-7776-cf53-8c7e-0efe613a4de0@tion-analyzer-1] [AnalyzerMonitor               ] [@] [DG_AJ:DEMO-19:14-20#14-73:2-1] started [DEMO-19:user reaction analysis]
 13/08/26 13:05:52,251 INFO  [12e95528-7776-cf53-8c7e-0efe613a4de0@tion-analyzer-1] [AbstractAnalyzerJob           ] [@] [DG_AJ:DEMO-19:14-20#14-73:2-1] didn't persist any notification job
 13/08/26 13:05:52,255 INFO  [12e95528-7776-cf53-8c7e-0efe613a4de0@tion-analyzer-1] [AbstractAnalyzerJob           ] [@] [DG_AJ:DEMO-1:14-22#14-22:2-1] started
 13/08/26 13:05:52,255 INFO  [12e95528-7776-cf53-8c7e-0efe613a4de0@tion-analyzer-1] [AnalyzerMonitor               ] [@] [DG_AJ:DEMO-1:14-22#14-22:2-1] started [DEMO-1:analysis in state after change]
 13/08/26 13:05:52,260 INFO  [12e95528-7776-cf53-8c7e-0efe613a4de0@tion-analyzer-1] [AnalyzerMonitor               ] [@] [DG_AJ:DEMO-1:14-22#14-22:2-1] started [DEMO-1:analysis in state before change]
 13/08/26 13:05:52,265 INFO  [12e95528-7776-cf53-8c7e-0efe613a4de0@tion-analyzer-1] [AnalyzerMonitor               ] [@] [DG_AJ:DEMO-1:14-22#14-22:2-1] started [DEMO-1:user mentions analysis]
 13/08/26 13:05:52,265 INFO  [12e95528-7776-cf53-8c7e-0efe613a4de0@tion-analyzer-1] [AnalyzerMonitor               ] [@] [DG_AJ:DEMO-1:14-22#14-22:2-1] started [DEMO-1:user reaction analysis]
 13/08/26 13:05:52,266 INFO  [12e95528-7776-cf53-8c7e-0efe613a4de0@tion-analyzer-1] [AbstractAnalyzerJob           ] [@] [DG_AJ:DEMO-1:14-22#14-22:2-1] didn't persist any notification job
 13/08/26 13:05:52,268 INFO  [12e95528-7776-cf53-8c7e-0efe613a4de0@tion-analyzer-1] [AbstractAnalyzerJob           ] [@] [DG_AJ:DEMO-1:14-23#14-23:2-1] started
 13/08/26 13:05:52,269 INFO  [12e95528-7776-cf53-8c7e-0efe613a4de0@tion-analyzer-1] [AnalyzerMonitor               ] [@] [DG_AJ:DEMO-1:14-23#14-23:2-1] started [DEMO-1:analysis in state after change]
 13/08/26 13:05:52,273 INFO  [12e95528-7776-cf53-8c7e-0efe613a4de0@tion-analyzer-1] [AnalyzerMonitor               ] [@] [DG_AJ:DEMO-1:14-23#14-23:2-1] started [DEMO-1:analysis in state before change]
 13/08/26 13:05:52,278 INFO  [12e95528-7776-cf53-8c7e-0efe613a4de0@tion-analyzer-1] [AnalyzerMonitor               ] [@] [DG_AJ:DEMO-1:14-23#14-23:2-1] started [DEMO-1:user mentions analysis]
 13/08/26 13:05:52,279 INFO  [12e95528-7776-cf53-8c7e-0efe613a4de0@tion-analyzer-1] [AnalyzerMonitor               ] [@] [DG_AJ:DEMO-1:14-23#14-23:2-1] started [DEMO-1:user reaction analysis]
 13/08/26 13:05:52,279 INFO  [12e95528-7776-cf53-8c7e-0efe613a4de0@tion-analyzer-1] [AbstractAnalyzerJob           ] [@] [DG_AJ:DEMO-1:14-23#14-23:2-1] didn't persist any notification job
 13/08/26 13:05:52,281 INFO  [12e95528-7776-cf53-8c7e-0efe613a4de0@tion-analyzer-1] [AbstractAnalyzerJob           ] [@] [DG_AJ:DEMO-1:14-24#14-31:2-1] started
 13/08/26 13:05:52,282 INFO  [12e95528-7776-cf53-8c7e-0efe613a4de0@tion-analyzer-1] [AnalyzerMonitor               ] [@] [DG_AJ:DEMO-1:14-24#14-31:2-1] started [DEMO-1:analysis in state after change]
 13/08/26 13:05:52,285 INFO  [12e95528-7776-cf53-8c7e-0efe613a4de0@tion-analyzer-1] [AnalyzerMonitor               ] [@] [DG_AJ:DEMO-1:14-24#14-31:2-1] started [DEMO-1:analysis in state before change]
 13/08/26 13:05:52,289 INFO  [12e95528-7776-cf53-8c7e-0efe613a4de0@tion-analyzer-1] [AnalyzerMonitor               ] [@] [DG_AJ:DEMO-1:14-24#14-31:2-1] started [DEMO-1:user mentions analysis]
 13/08/26 13:05:52,290 INFO  [12e95528-7776-cf53-8c7e-0efe613a4de0@tion-analyzer-1] [AnalyzerMonitor               ] [@] [DG_AJ:DEMO-1:14-24#14-31:2-1] started [DEMO-1:user reaction analysis]
 13/08/26 13:05:52,291 INFO  [12e95528-7776-cf53-8c7e-0efe613a4de0@tion-analyzer-1] [AbstractAnalyzerJob           ] [@] [DG_AJ:DEMO-1:14-24#14-31:2-1] didn't persist any notification job
 13/08/26 13:05:52,293 INFO  [12e95528-7776-cf53-8c7e-0efe613a4de0@tion-analyzer-1] [AbstractAnalyzerJob           ] [@] [DG_AJ:DEMO-8:14-27#14-44:2-1] started
 13/08/26 13:05:52,294 INFO  [12e95528-7776-cf53-8c7e-0efe613a4de0@tion-analyzer-1] [AnalyzerMonitor               ] [@] [DG_AJ:DEMO-8:14-27#14-44:2-1] started [DEMO-8:analysis in state after change]
 13/08/26 13:05:52,298 INFO  [12e95528-7776-cf53-8c7e-0efe613a4de0@tion-analyzer-1] [AnalyzerMonitor               ] [@] [DG_AJ:DEMO-8:14-27#14-44:2-1] started [DEMO-8:analysis in state before change]
 13/08/26 13:05:52,303 INFO  [12e95528-7776-cf53-8c7e-0efe613a4de0@tion-analyzer-1] [AnalyzerMonitor               ] [@] [DG_AJ:DEMO-8:14-27#14-44:2-1] started [DEMO-8:user mentions analysis]
 13/08/26 13:05:52,304 INFO  [12e95528-7776-cf53-8c7e-0efe613a4de0@tion-analyzer-1] [AnalyzerMonitor               ] [@] [DG_AJ:DEMO-8:14-27#14-44:2-1] started [DEMO-8:user reaction analysis]
 13/08/26 13:05:52,304 INFO  [12e95528-7776-cf53-8c7e-0efe613a4de0@tion-analyzer-1] [AbstractAnalyzerJob           ] [@] [DG_AJ:DEMO-8:14-27#14-44:2-1] didn't persist any notification job
 13/08/26 13:06:36,667 INFO  [eef7d1e0-a7b0-81e5-1b9a-9aad5c884801@icle-analysis-2] [AnalysisDurabilityJob         ] [@] [AD:1786626396666] started, processing ArticleRealEvent (228-X..228-0]
 13/08/26 13:06:36,692 INFO  [eef7d1e0-a7b0-81e5-1b9a-9aad5c884801@tion-analyzer-1] [AbstractAnalyzerJob           ] [@] [AAJ:183-0:228-0#228-0:2-1] started
 13/08/26 13:06:36,697 INFO  [eef7d1e0-a7b0-81e5-1b9a-9aad5c884801@tion-analyzer-1] [AnalyzerMonitor               ] [@] [AAJ:183-0:228-0#228-0:2-1] started article user mentions analysis
 13/08/26 13:06:36,705 INFO  [eef7d1e0-a7b0-81e5-1b9a-9aad5c884801@tion-analyzer-1] [AnalyzerMonitor               ] [@] [AAJ:183-0:228-0#228-0:2-1] started article user reaction analysis
 13/08/26 13:06:36,710 INFO  [eef7d1e0-a7b0-81e5-1b9a-9aad5c884801@tion-analyzer-1] [AnalyzerMonitor               ] [@] [AAJ:183-0:228-0#228-0:2-1] started analysis of article in state after change
 13/08/26 13:06:36,724 INFO  [eef7d1e0-a7b0-81e5-1b9a-9aad5c884801@tion-analyzer-1] [AnalyzerMonitor               ] [@] [AAJ:183-0:228-0#228-0:2-1] skipped analysis of article in state before change
 13/08/26 13:06:36,725 INFO  [eef7d1e0-a7b0-81e5-1b9a-9aad5c884801@tion-analyzer-1] [AbstractAnalyzerJob           ] [@] [AAJ:183-0:228-0#228-0:2-1] didn't persist any notification job
 13/08/26 13:16:21,706 INFO  [ef937932-3a42-3d8a-7e11-9c16ae4ef217@ssue-analysis-9] [AnalysisDurabilityJob         ] [@] [AD:1786626981698] started, processing PersistentEvent (14-74..14-76]
 13/08/26 13:17:51,701 INFO  [47e0c87a-f956-05d7-1bc6-6819e3afd28d@sue-analysis-10] [AnalysisDurabilityJob         ] [@] [AD:1786627071700] started, processing PersistentEvent (14-74..14-78]
 13/08/26 13:17:51,738 INFO  [47e0c87a-f956-05d7-1bc6-6819e3afd28d@tion-analyzer-2] [AbstractAnalyzerJob           ] [@] [DG_AJ:DEMO-20:14-75#14-76:2-1] started
 13/08/26 13:17:51,743 INFO  [47e0c87a-f956-05d7-1bc6-6819e3afd28d@tion-analyzer-2] [AnalyzerMonitor               ] [@] [DG_AJ:DEMO-20:14-75#14-76:2-1] started [DEMO-20:analysis in state after change]
 13/08/26 13:17:51,787 INFO  [47e0c87a-f956-05d7-1bc6-6819e3afd28d@tion-analyzer-2] [AnalyzerMonitor               ] [@] [DG_AJ:DEMO-20:14-75#14-76:2-1] skipped [DEMO-20:analysis in state before change]
 13/08/26 13:17:51,788 INFO  [47e0c87a-f956-05d7-1bc6-6819e3afd28d@tion-analyzer-2] [AnalyzerMonitor               ] [@] [DG_AJ:DEMO-20:14-75#14-76:2-1] started [DEMO-20:user mentions analysis]
 13/08/26 13:17:51,790 INFO  [47e0c87a-f956-05d7-1bc6-6819e3afd28d@tion-analyzer-2] [AnalyzerMonitor               ] [@] [DG_AJ:DEMO-20:14-75#14-76:2-1] started [DEMO-20:user reaction analysis]
 13/08/26 13:17:51,791 INFO  [47e0c87a-f956-05d7-1bc6-6819e3afd28d@tion-analyzer-2] [AbstractAnalyzerJob           ] [@] [DG_AJ:DEMO-20:14-75#14-76:2-1] didn't persist any notification job
 13/08/26 13:17:51,793 INFO  [47e0c87a-f956-05d7-1bc6-6819e3afd28d@tion-analyzer-2] [AbstractAnalyzerJob           ] [@] [DG_AJ:DEMO-21:14-77#14-78:2-1] started
 13/08/26 13:17:51,793 INFO  [47e0c87a-f956-05d7-1bc6-6819e3afd28d@tion-analyzer-2] [AnalyzerMonitor               ] [@] [DG_AJ:DEMO-21:14-77#14-78:2-1] started [DEMO-21:analysis in state after change]
 13/08/26 13:17:51,797 INFO  [47e0c87a-f956-05d7-1bc6-6819e3afd28d@tion-analyzer-2] [AnalyzerMonitor               ] [@] [DG_AJ:DEMO-21:14-77#14-78:2-1] skipped [DEMO-21:analysis in state before change]
 13/08/26 13:17:51,797 INFO  [47e0c87a-f956-05d7-1bc6-6819e3afd28d@tion-analyzer-2] [AnalyzerMonitor               ] [@] [DG_AJ:DEMO-21:14-77#14-78:2-1] started [DEMO-21:user mentions analysis]
 13/08/26 13:17:51,798 INFO  [47e0c87a-f956-05d7-1bc6-6819e3afd28d@tion-analyzer-2] [AnalyzerMonitor               ] [@] [DG_AJ:DEMO-21:14-77#14-78:2-1] started [DEMO-21:user reaction analysis]
 13/08/26 13:17:51,798 INFO  [47e0c87a-f956-05d7-1bc6-6819e3afd28d@tion-analyzer-2] [AbstractAnalyzerJob           ] [@] [DG_AJ:DEMO-21:14-77#14-78:2-1] didn't persist any notification job
 13/08/26 13:22:21,684 INFO  [f474cb12-9a36-d71e-0761-2810ffd34f91@sue-analysis-13] [AnalysisDurabilityJob         ] [@] [AD:1786627341683] started, processing PersistentEvent (14-78..14-82]
 13/08/26 13:23:51,676 INFO  [6b3df739-2482-907d-c2e1-c329ce541621@sue-analysis-14] [AnalysisDurabilityJob         ] [@] [AD:1786627431676] started, processing PersistentEvent (14-78..14-82]
 13/08/26 13:23:51,685 INFO  [6b3df739-2482-907d-c2e1-c329ce541621@tion-analyzer-3] [AbstractAnalyzerJob           ] [@] [DG_AJ:DEMO-22:14-79#14-80:2-1] started
 13/08/26 13:23:51,685 INFO  [6b3df739-2482-907d-c2e1-c329ce541621@tion-analyzer-3] [AnalyzerMonitor               ] [@] [DG_AJ:DEMO-22:14-79#14-80:2-1] started [DEMO-22:analysis in state after change]
 13/08/26 13:23:51,695 INFO  [6b3df739-2482-907d-c2e1-c329ce541621@tion-analyzer-3] [AnalyzerMonitor               ] [@] [DG_AJ:DEMO-22:14-79#14-80:2-1] skipped [DEMO-22:analysis in state before change]
 13/08/26 13:23:51,696 INFO  [6b3df739-2482-907d-c2e1-c329ce541621@tion-analyzer-3] [AnalyzerMonitor               ] [@] [DG_AJ:DEMO-22:14-79#14-80:2-1] started [DEMO-22:user mentions analysis]
 13/08/26 13:23:51,698 INFO  [6b3df739-2482-907d-c2e1-c329ce541621@tion-analyzer-3] [AnalyzerMonitor               ] [@] [DG_AJ:DEMO-22:14-79#14-80:2-1] started [DEMO-22:user reaction analysis]
 13/08/26 13:23:51,699 INFO  [6b3df739-2482-907d-c2e1-c329ce541621@tion-analyzer-3] [AbstractAnalyzerJob           ] [@] [DG_AJ:DEMO-22:14-79#14-80:2-1] didn't persist any notification job
 13/08/26 13:23:51,703 INFO  [6b3df739-2482-907d-c2e1-c329ce541621@tion-analyzer-3] [AbstractAnalyzerJob           ] [@] [DG_AJ:DEMO-23:14-81#14-82:2-1] started
 13/08/26 13:23:51,703 INFO  [6b3df739-2482-907d-c2e1-c329ce541621@tion-analyzer-3] [AnalyzerMonitor               ] [@] [DG_AJ:DEMO-23:14-81#14-82:2-1] started [DEMO-23:analysis in state after change]
 13/08/26 13:23:51,708 INFO  [6b3df739-2482-907d-c2e1-c329ce541621@tion-analyzer-3] [AnalyzerMonitor               ] [@] [DG_AJ:DEMO-23:14-81#14-82:2-1] skipped [DEMO-23:analysis in state before change]
 13/08/26 13:23:51,708 INFO  [6b3df739-2482-907d-c2e1-c329ce541621@tion-analyzer-3] [AnalyzerMonitor               ] [@] [DG_AJ:DEMO-23:14-81#14-82:2-1] started [DEMO-23:user mentions analysis]
 13/08/26 13:23:51,710 INFO  [6b3df739-2482-907d-c2e1-c329ce541621@tion-analyzer-3] [AnalyzerMonitor               ] [@] [DG_AJ:DEMO-23:14-81#14-82:2-1] started [DEMO-23:user reaction analysis]
 13/08/26 13:23:51,711 INFO  [6b3df739-2482-907d-c2e1-c329ce541621@tion-analyzer-3] [AbstractAnalyzerJob           ] [@] [DG_AJ:DEMO-23:14-81#14-82:2-1] didn't persist any notification job
 13/08/26 13:25:21,670 INFO  [9e3a8a73-92c1-816f-94c0-d06d57386953@sue-analysis-15] [AnalysisDurabilityJob         ] [@] [AD:1786627521669] started, processing PersistentEvent (14-82..14-86]
 13/08/26 13:26:51,662 INFO  [a5043640-a8e5-aed9-bd01-0ad8171d9389@sue-analysis-16] [AnalysisDurabilityJob         ] [@] [AD:1786627611662] started, processing PersistentEvent (14-82..14-86]
 13/08/26 13:26:51,667 INFO  [a5043640-a8e5-aed9-bd01-0ad8171d9389@tion-analyzer-4] [AbstractAnalyzerJob           ] [@] [DG_AJ:DEMO-24:14-83#14-84:2-1] started
 13/08/26 13:26:51,668 INFO  [a5043640-a8e5-aed9-bd01-0ad8171d9389@tion-analyzer-4] [AnalyzerMonitor               ] [@] [DG_AJ:DEMO-24:14-83#14-84:2-1] started [DEMO-24:analysis in state after change]
 13/08/26 13:26:51,677 INFO  [a5043640-a8e5-aed9-bd01-0ad8171d9389@tion-analyzer-4] [AnalyzerMonitor               ] [@] [DG_AJ:DEMO-24:14-83#14-84:2-1] skipped [DEMO-24:analysis in state before change]
 13/08/26 13:26:51,678 INFO  [a5043640-a8e5-aed9-bd01-0ad8171d9389@tion-analyzer-4] [AnalyzerMonitor               ] [@] [DG_AJ:DEMO-24:14-83#14-84:2-1] started [DEMO-24:user mentions analysis]
 13/08/26 13:26:51,678 INFO  [a5043640-a8e5-aed9-bd01-0ad8171d9389@tion-analyzer-4] [AnalyzerMonitor               ] [@] [DG_AJ:DEMO-24:14-83#14-84:2-1] started [DEMO-24:user reaction analysis]
 13/08/26 13:26:51,679 INFO  [a5043640-a8e5-aed9-bd01-0ad8171d9389@tion-analyzer-4] [AbstractAnalyzerJob           ] [@] [DG_AJ:DEMO-24:14-83#14-84:2-1] didn't persist any notification job
 13/08/26 13:26:51,681 INFO  [a5043640-a8e5-aed9-bd01-0ad8171d9389@tion-analyzer-4] [AbstractAnalyzerJob           ] [@] [DG_AJ:DEMO-25:14-85#14-86:2-1] started
 13/08/26 13:26:51,681 INFO  [a5043640-a8e5-aed9-bd01-0ad8171d9389@tion-analyzer-4] [AnalyzerMonitor               ] [@] [DG_AJ:DEMO-25:14-85#14-86:2-1] started [DEMO-25:analysis in state after change]
 13/08/26 13:26:51,683 INFO  [a5043640-a8e5-aed9-bd01-0ad8171d9389@tion-analyzer-4] [AnalyzerMonitor               ] [@] [DG_AJ:DEMO-25:14-85#14-86:2-1] skipped [DEMO-25:analysis in state before change]
 13/08/26 13:26:51,684 INFO  [a5043640-a8e5-aed9-bd01-0ad8171d9389@tion-analyzer-4] [AnalyzerMonitor               ] [@] [DG_AJ:DEMO-25:14-85#14-86:2-1] started [DEMO-25:user mentions analysis]
 13/08/26 13:26:51,684 INFO  [a5043640-a8e5-aed9-bd01-0ad8171d9389@tion-analyzer-4] [AnalyzerMonitor               ] [@] [DG_AJ:DEMO-25:14-85#14-86:2-1] started [DEMO-25:user reaction analysis]
 13/08/26 13:26:51,685 INFO  [a5043640-a8e5-aed9-bd01-0ad8171d9389@tion-analyzer-4] [AbstractAnalyzerJob           ] [@] [DG_AJ:DEMO-25:14-85#14-86:2-1] didn't persist any notification job
 13/08/26 13:34:21,625 INFO  [1a73096b-cb1a-eafe-4d65-178c8e87e09e@sue-analysis-21] [AnalysisDurabilityJob         ] [@] [AD:1786628061624] started, processing PersistentEvent (14-86..14-90]
 13/08/26 13:35:51,614 INFO  [b5d3e053-33aa-b089-6968-b5f7258eb672@sue-analysis-22] [AnalysisDurabilityJob         ] [@] [AD:1786628151614] started, processing PersistentEvent (14-86..14-90]
 13/08/26 13:35:51,625 INFO  [b5d3e053-33aa-b089-6968-b5f7258eb672@tion-analyzer-5] [AbstractAnalyzerJob           ] [@] [DG_AJ:DEMO-26:14-87#14-88:2-1] started
 13/08/26 13:35:51,626 INFO  [b5d3e053-33aa-b089-6968-b5f7258eb672@tion-analyzer-5] [AnalyzerMonitor               ] [@] [DG_AJ:DEMO-26:14-87#14-88:2-1] started [DEMO-26:analysis in state after change]
 13/08/26 13:35:51,633 INFO  [b5d3e053-33aa-b089-6968-b5f7258eb672@tion-analyzer-5] [AnalyzerMonitor               ] [@] [DG_AJ:DEMO-26:14-87#14-88:2-1] skipped [DEMO-26:analysis in state before change]
 13/08/26 13:35:51,633 INFO  [b5d3e053-33aa-b089-6968-b5f7258eb672@tion-analyzer-5] [AnalyzerMonitor               ] [@] [DG_AJ:DEMO-26:14-87#14-88:2-1] started [DEMO-26:user mentions analysis]
 13/08/26 13:35:51,633 INFO  [b5d3e053-33aa-b089-6968-b5f7258eb672@tion-analyzer-5] [AnalyzerMonitor               ] [@] [DG_AJ:DEMO-26:14-87#14-88:2-1] started [DEMO-26:user reaction analysis]
 13/08/26 13:35:51,635 INFO  [b5d3e053-33aa-b089-6968-b5f7258eb672@tion-analyzer-5] [AbstractAnalyzerJob           ] [@] [DG_AJ:DEMO-26:14-87#14-88:2-1] didn't persist any notification job
 13/08/26 13:35:51,637 INFO  [b5d3e053-33aa-b089-6968-b5f7258eb672@tion-analyzer-5] [AbstractAnalyzerJob           ] [@] [DG_AJ:DEMO-27:14-89#14-90:2-1] started
 13/08/26 13:35:51,637 INFO  [b5d3e053-33aa-b089-6968-b5f7258eb672@tion-analyzer-5] [AnalyzerMonitor               ] [@] [DG_AJ:DEMO-27:14-89#14-90:2-1] started [DEMO-27:analysis in state after change]
 13/08/26 13:35:51,640 INFO  [b5d3e053-33aa-b089-6968-b5f7258eb672@tion-analyzer-5] [AnalyzerMonitor               ] [@] [DG_AJ:DEMO-27:14-89#14-90:2-1] skipped [DEMO-27:analysis in state before change]
 13/08/26 13:35:51,640 INFO  [b5d3e053-33aa-b089-6968-b5f7258eb672@tion-analyzer-5] [AnalyzerMonitor               ] [@] [DG_AJ:DEMO-27:14-89#14-90:2-1] started [DEMO-27:user mentions analysis]
 13/08/26 13:35:51,641 INFO  [b5d3e053-33aa-b089-6968-b5f7258eb672@tion-analyzer-5] [AnalyzerMonitor               ] [@] [DG_AJ:DEMO-27:14-89#14-90:2-1] started [DEMO-27:user reaction analysis]
 13/08/26 13:35:51,642 INFO  [b5d3e053-33aa-b089-6968-b5f7258eb672@tion-analyzer-5] [AbstractAnalyzerJob           ] [@] [DG_AJ:DEMO-27:14-89#14-90:2-1] didn't persist any notification job
 13/08/26 13:40:21,602 INFO  [efb63503-0a44-b060-0cd1-eed38d42abfb@sue-analysis-25] [AnalysisDurabilityJob         ] [@] [AD:1786628421601] started, processing PersistentEvent (14-90..14-94]
 13/08/26 13:41:51,594 INFO  [264976c9-1e36-0f28-dbe7-b5381d2fd058@sue-analysis-26] [AnalysisDurabilityJob         ] [@] [AD:1786628511593] started, processing PersistentEvent (14-90..14-98]
 13/08/26 13:41:51,599 INFO  [264976c9-1e36-0f28-dbe7-b5381d2fd058@tion-analyzer-6] [AbstractAnalyzerJob           ] [@] [DG_AJ:DEMO-28:14-91#14-92:2-1] started
 13/08/26 13:41:51,599 INFO  [264976c9-1e36-0f28-dbe7-b5381d2fd058@tion-analyzer-6] [AnalyzerMonitor               ] [@] [DG_AJ:DEMO-28:14-91#14-92:2-1] started [DEMO-28:analysis in state after change]
 13/08/26 13:41:51,605 INFO  [264976c9-1e36-0f28-dbe7-b5381d2fd058@tion-analyzer-6] [AnalyzerMonitor               ] [@] [DG_AJ:DEMO-28:14-91#14-92:2-1] skipped [DEMO-28:analysis in state before change]
 13/08/26 13:41:51,606 INFO  [264976c9-1e36-0f28-dbe7-b5381d2fd058@tion-analyzer-6] [AnalyzerMonitor               ] [@] [DG_AJ:DEMO-28:14-91#14-92:2-1] started [DEMO-28:user mentions analysis]
 13/08/26 13:41:51,606 INFO  [264976c9-1e36-0f28-dbe7-b5381d2fd058@tion-analyzer-6] [AnalyzerMonitor               ] [@] [DG_AJ:DEMO-28:14-91#14-92:2-1] started [DEMO-28:user reaction analysis]
 13/08/26 13:41:51,607 INFO  [264976c9-1e36-0f28-dbe7-b5381d2fd058@tion-analyzer-6] [AbstractAnalyzerJob           ] [@] [DG_AJ:DEMO-28:14-91#14-92:2-1] didn't persist any notification job
 13/08/26 13:41:51,608 INFO  [264976c9-1e36-0f28-dbe7-b5381d2fd058@tion-analyzer-6] [AbstractAnalyzerJob           ] [@] [DG_AJ:DEMO-29:14-93#14-94:2-1] started
 13/08/26 13:41:51,609 INFO  [264976c9-1e36-0f28-dbe7-b5381d2fd058@tion-analyzer-6] [AnalyzerMonitor               ] [@] [DG_AJ:DEMO-29:14-93#14-94:2-1] started [DEMO-29:analysis in state after change]
 13/08/26 13:41:51,611 INFO  [264976c9-1e36-0f28-dbe7-b5381d2fd058@tion-analyzer-6] [AnalyzerMonitor               ] [@] [DG_AJ:DEMO-29:14-93#14-94:2-1] skipped [DEMO-29:analysis in state before change]
 13/08/26 13:41:51,611 INFO  [264976c9-1e36-0f28-dbe7-b5381d2fd058@tion-analyzer-6] [AnalyzerMonitor               ] [@] [DG_AJ:DEMO-29:14-93#14-94:2-1] started [DEMO-29:user mentions analysis]
 13/08/26 13:41:51,612 INFO  [264976c9-1e36-0f28-dbe7-b5381d2fd058@tion-analyzer-6] [AnalyzerMonitor               ] [@] [DG_AJ:DEMO-29:14-93#14-94:2-1] started [DEMO-29:user reaction analysis]
 13/08/26 13:41:51,612 INFO  [264976c9-1e36-0f28-dbe7-b5381d2fd058@tion-analyzer-6] [AbstractAnalyzerJob           ] [@] [DG_AJ:DEMO-29:14-93#14-94:2-1] didn't persist any notification job
 13/08/26 13:41:51,613 INFO  [264976c9-1e36-0f28-dbe7-b5381d2fd058@tion-analyzer-6] [AbstractAnalyzerJob           ] [@] [DG_AJ:DEMO-30:14-95#14-96:2-1] started
 13/08/26 13:41:51,614 INFO  [264976c9-1e36-0f28-dbe7-b5381d2fd058@tion-analyzer-6] [AnalyzerMonitor               ] [@] [DG_AJ:DEMO-30:14-95#14-96:2-1] started [DEMO-30:analysis in state after change]
 13/08/26 13:41:51,616 INFO  [264976c9-1e36-0f28-dbe7-b5381d2fd058@tion-analyzer-6] [AnalyzerMonitor               ] [@] [DG_AJ:DEMO-30:14-95#14-96:2-1] skipped [DEMO-30:analysis in state before change]
 13/08/26 13:41:51,617 INFO  [264976c9-1e36-0f28-dbe7-b5381d2fd058@tion-analyzer-6] [AnalyzerMonitor               ] [@] [DG_AJ:DEMO-30:14-95#14-96:2-1] started [DEMO-30:user mentions analysis]
 13/08/26 13:41:51,617 INFO  [264976c9-1e36-0f28-dbe7-b5381d2fd058@tion-analyzer-6] [AnalyzerMonitor               ] [@] [DG_AJ:DEMO-30:14-95#14-96:2-1] started [DEMO-30:user reaction analysis]
 13/08/26 13:41:51,617 INFO  [264976c9-1e36-0f28-dbe7-b5381d2fd058@tion-analyzer-6] [AbstractAnalyzerJob           ] [@] [DG_AJ:DEMO-30:14-95#14-96:2-1] didn't persist any notification job
 13/08/26 13:41:51,618 INFO  [264976c9-1e36-0f28-dbe7-b5381d2fd058@tion-analyzer-6] [AbstractAnalyzerJob           ] [@] [DG_AJ:DEMO-31:14-97#14-98:2-1] started
 13/08/26 13:41:51,619 INFO  [264976c9-1e36-0f28-dbe7-b5381d2fd058@tion-analyzer-6] [AnalyzerMonitor               ] [@] [DG_AJ:DEMO-31:14-97#14-98:2-1] started [DEMO-31:analysis in state after change]
 13/08/26 13:41:51,620 INFO  [264976c9-1e36-0f28-dbe7-b5381d2fd058@tion-analyzer-6] [AnalyzerMonitor               ] [@] [DG_AJ:DEMO-31:14-97#14-98:2-1] skipped [DEMO-31:analysis in state before change]
 13/08/26 13:41:51,621 INFO  [264976c9-1e36-0f28-dbe7-b5381d2fd058@tion-analyzer-6] [AnalyzerMonitor               ] [@] [DG_AJ:DEMO-31:14-97#14-98:2-1] started [DEMO-31:user mentions analysis]
 13/08/26 13:41:51,621 INFO  [264976c9-1e36-0f28-dbe7-b5381d2fd058@tion-analyzer-6] [AnalyzerMonitor               ] [@] [DG_AJ:DEMO-31:14-97#14-98:2-1] started [DEMO-31:user reaction analysis]
 13/08/26 13:41:51,622 INFO  [264976c9-1e36-0f28-dbe7-b5381d2fd058@tion-analyzer-6] [AbstractAnalyzerJob           ] [@] [DG_AJ:DEMO-31:14-97#14-98:2-1] didn't persist any notification job
 13/08/26 13:43:21,592 INFO  [181b9455-ce3a-9397-b544-3a80517dabfc@sue-analysis-27] [AnalysisDurabilityJob         ] [@] [AD:1786628601588] started, processing PersistentEvent (14-98..14-102]
 13/08/26 13:44:51,583 INFO  [d914eb3a-a3f0-946e-3125-e2dc53ab4a3a@sue-analysis-28] [AnalysisDurabilityJob         ] [@] [AD:1786628691582] started, processing PersistentEvent (14-98..14-110]
 13/08/26 13:44:51,606 INFO  [d914eb3a-a3f0-946e-3125-e2dc53ab4a3a@tion-analyzer-7] [AbstractAnalyzerJob           ] [@] [DG_AJ:DEMO-32:14-99#14-100:2-1] started
 13/08/26 13:44:51,607 INFO  [d914eb3a-a3f0-946e-3125-e2dc53ab4a3a@tion-analyzer-7] [AnalyzerMonitor               ] [@] [DG_AJ:DEMO-32:14-99#14-100:2-1] started [DEMO-32:analysis in state after change]
 13/08/26 13:44:51,617 INFO  [d914eb3a-a3f0-946e-3125-e2dc53ab4a3a@tion-analyzer-7] [AnalyzerMonitor               ] [@] [DG_AJ:DEMO-32:14-99#14-100:2-1] skipped [DEMO-32:analysis in state before change]
 13/08/26 13:44:51,618 INFO  [d914eb3a-a3f0-946e-3125-e2dc53ab4a3a@tion-analyzer-7] [AnalyzerMonitor               ] [@] [DG_AJ:DEMO-32:14-99#14-100:2-1] started [DEMO-32:user mentions analysis]
 13/08/26 13:44:51,619 INFO  [d914eb3a-a3f0-946e-3125-e2dc53ab4a3a@tion-analyzer-7] [AnalyzerMonitor               ] [@] [DG_AJ:DEMO-32:14-99#14-100:2-1] started [DEMO-32:user reaction analysis]
 13/08/26 13:44:51,620 INFO  [d914eb3a-a3f0-946e-3125-e2dc53ab4a3a@tion-analyzer-7] [AbstractAnalyzerJob           ] [@] [DG_AJ:DEMO-32:14-99#14-100:2-1] didn't persist any notification job
 13/08/26 13:44:51,622 INFO  [d914eb3a-a3f0-946e-3125-e2dc53ab4a3a@tion-analyzer-7] [AbstractAnalyzerJob           ] [@] [DG_AJ:DEMO-33:14-101#14-102:2-1] started
 13/08/26 13:44:51,622 INFO  [d914eb3a-a3f0-946e-3125-e2dc53ab4a3a@tion-analyzer-7] [AnalyzerMonitor               ] [@] [DG_AJ:DEMO-33:14-101#14-102:2-1] started [DEMO-33:analysis in state after change]
 13/08/26 13:44:51,625 INFO  [d914eb3a-a3f0-946e-3125-e2dc53ab4a3a@tion-analyzer-7] [AnalyzerMonitor               ] [@] [DG_AJ:DEMO-33:14-101#14-102:2-1] skipped [DEMO-33:analysis in state before change]
 13/08/26 13:44:51,626 INFO  [d914eb3a-a3f0-946e-3125-e2dc53ab4a3a@tion-analyzer-7] [AnalyzerMonitor               ] [@] [DG_AJ:DEMO-33:14-101#14-102:2-1] started [DEMO-33:user mentions analysis]
 13/08/26 13:44:51,627 INFO  [d914eb3a-a3f0-946e-3125-e2dc53ab4a3a@tion-analyzer-7] [AnalyzerMonitor               ] [@] [DG_AJ:DEMO-33:14-101#14-102:2-1] started [DEMO-33:user reaction analysis]
 13/08/26 13:44:51,627 INFO  [d914eb3a-a3f0-946e-3125-e2dc53ab4a3a@tion-analyzer-7] [AbstractAnalyzerJob           ] [@] [DG_AJ:DEMO-33:14-101#14-102:2-1] didn't persist any notification job
 13/08/26 13:44:51,629 INFO  [d914eb3a-a3f0-946e-3125-e2dc53ab4a3a@tion-analyzer-7] [AbstractAnalyzerJob           ] [@] [DG_AJ:DEMO-34:14-103#14-104:2-1] started
 13/08/26 13:44:51,629 INFO  [d914eb3a-a3f0-946e-3125-e2dc53ab4a3a@tion-analyzer-7] [AnalyzerMonitor               ] [@] [DG_AJ:DEMO-34:14-103#14-104:2-1] started [DEMO-34:analysis in state after change]
 13/08/26 13:44:51,631 INFO  [d914eb3a-a3f0-946e-3125-e2dc53ab4a3a@tion-analyzer-7] [AnalyzerMonitor               ] [@] [DG_AJ:DEMO-34:14-103#14-104:2-1] skipped [DEMO-34:analysis in state before change]
 13/08/26 13:44:51,632 INFO  [d914eb3a-a3f0-946e-3125-e2dc53ab4a3a@tion-analyzer-7] [AnalyzerMonitor               ] [@] [DG_AJ:DEMO-34:14-103#14-104:2-1] started [DEMO-34:user mentions analysis]
 13/08/26 13:44:51,633 INFO  [d914eb3a-a3f0-946e-3125-e2dc53ab4a3a@tion-analyzer-7] [AnalyzerMonitor               ] [@] [DG_AJ:DEMO-34:14-103#14-104:2-1] started [DEMO-34:user reaction analysis]
 13/08/26 13:44:51,633 INFO  [d914eb3a-a3f0-946e-3125-e2dc53ab4a3a@tion-analyzer-7] [AbstractAnalyzerJob           ] [@] [DG_AJ:DEMO-34:14-103#14-104:2-1] didn't persist any notification job
 13/08/26 13:44:51,634 INFO  [d914eb3a-a3f0-946e-3125-e2dc53ab4a3a@tion-analyzer-7] [AbstractAnalyzerJob           ] [@] [DG_AJ:DEMO-35:14-105#14-106:2-1] started
 13/08/26 13:44:51,635 INFO  [d914eb3a-a3f0-946e-3125-e2dc53ab4a3a@tion-analyzer-7] [AnalyzerMonitor               ] [@] [DG_AJ:DEMO-35:14-105#14-106:2-1] started [DEMO-35:analysis in state after change]
 13/08/26 13:44:51,637 INFO  [d914eb3a-a3f0-946e-3125-e2dc53ab4a3a@tion-analyzer-7] [AnalyzerMonitor               ] [@] [DG_AJ:DEMO-35:14-105#14-106:2-1] skipped [DEMO-35:analysis in state before change]
 13/08/26 13:44:51,637 INFO  [d914eb3a-a3f0-946e-3125-e2dc53ab4a3a@tion-analyzer-7] [AnalyzerMonitor               ] [@] [DG_AJ:DEMO-35:14-105#14-106:2-1] started [DEMO-35:user mentions analysis]
 13/08/26 13:44:51,638 INFO  [d914eb3a-a3f0-946e-3125-e2dc53ab4a3a@tion-analyzer-7] [AnalyzerMonitor               ] [@] [DG_AJ:DEMO-35:14-105#14-106:2-1] started [DEMO-35:user reaction analysis]
 13/08/26 13:44:51,638 INFO  [d914eb3a-a3f0-946e-3125-e2dc53ab4a3a@tion-analyzer-7] [AbstractAnalyzerJob           ] [@] [DG_AJ:DEMO-35:14-105#14-106:2-1] didn't persist any notification job
 13/08/26 13:46:21,583 INFO  [ee448ef9-7e6b-d42c-1e45-4f9e80e4c591@sue-analysis-29] [AnalysisDurabilityJob         ] [@] [AD:1786628781582] started, processing PersistentEvent (14-106..14-110]
 13/08/26 13:46:21,603 INFO  [ee448ef9-7e6b-d42c-1e45-4f9e80e4c591@tion-analyzer-8] [AbstractAnalyzerJob           ] [@] [DG_AJ:DEMO-36:14-107#14-108:2-1] started
 13/08/26 13:46:21,605 INFO  [ee448ef9-7e6b-d42c-1e45-4f9e80e4c591@tion-analyzer-8] [AnalyzerMonitor               ] [@] [DG_AJ:DEMO-36:14-107#14-108:2-1] started [DEMO-36:analysis in state after change]
 13/08/26 13:46:21,630 INFO  [ee448ef9-7e6b-d42c-1e45-4f9e80e4c591@tion-analyzer-8] [AnalyzerMonitor               ] [@] [DG_AJ:DEMO-36:14-107#14-108:2-1] skipped [DEMO-36:analysis in state before change]
 13/08/26 13:46:21,635 INFO  [ee448ef9-7e6b-d42c-1e45-4f9e80e4c591@tion-analyzer-8] [AnalyzerMonitor               ] [@] [DG_AJ:DEMO-36:14-107#14-108:2-1] started [DEMO-36:user mentions analysis]
 13/08/26 13:46:21,639 INFO  [ee448ef9-7e6b-d42c-1e45-4f9e80e4c591@tion-analyzer-8] [AnalyzerMonitor               ] [@] [DG_AJ:DEMO-36:14-107#14-108:2-1] started [DEMO-36:user reaction analysis]
 13/08/26 13:46:21,641 INFO  [ee448ef9-7e6b-d42c-1e45-4f9e80e4c591@tion-analyzer-8] [AbstractAnalyzerJob           ] [@] [DG_AJ:DEMO-36:14-107#14-108:2-1] didn't persist any notification job
 13/08/26 13:46:21,652 INFO  [ee448ef9-7e6b-d42c-1e45-4f9e80e4c591@tion-analyzer-8] [AbstractAnalyzerJob           ] [@] [DG_AJ:DEMO-37:14-109#14-110:2-1] started
 13/08/26 13:46:21,655 INFO  [ee448ef9-7e6b-d42c-1e45-4f9e80e4c591@tion-analyzer-8] [AnalyzerMonitor               ] [@] [DG_AJ:DEMO-37:14-109#14-110:2-1] started [DEMO-37:analysis in state after change]
 13/08/26 13:46:21,668 INFO  [ee448ef9-7e6b-d42c-1e45-4f9e80e4c591@tion-analyzer-8] [AnalyzerMonitor               ] [@] [DG_AJ:DEMO-37:14-109#14-110:2-1] skipped [DEMO-37:analysis in state before change]
 13/08/26 13:46:21,669 INFO  [ee448ef9-7e6b-d42c-1e45-4f9e80e4c591@tion-analyzer-8] [AnalyzerMonitor               ] [@] [DG_AJ:DEMO-37:14-109#14-110:2-1] started [DEMO-37:user mentions analysis]
 13/08/26 13:46:21,670 INFO  [ee448ef9-7e6b-d42c-1e45-4f9e80e4c591@tion-analyzer-8] [AnalyzerMonitor               ] [@] [DG_AJ:DEMO-37:14-109#14-110:2-1] started [DEMO-37:user reaction analysis]
 13/08/26 13:46:21,672 INFO  [ee448ef9-7e6b-d42c-1e45-4f9e80e4c591@tion-analyzer-8] [AbstractAnalyzerJob           ] [@] [DG_AJ:DEMO-37:14-109#14-110:2-1] didn't persist any notification job
 13/08/26 13:49:21,570 INFO  [013cc743-c7ef-ee3d-d3a1-46cf3af6a467@sue-analysis-31] [AnalysisDurabilityJob         ] [@] [AD:1786628961570] started, processing PersistentEvent (14-110..14-114]
 13/08/26 13:50:51,568 INFO  [893a5ec1-caf4-2036-0841-d5edd6b009da@sue-analysis-32] [AnalysisDurabilityJob         ] [@] [AD:1786629051566] started, processing PersistentEvent (14-110..14-118]
 13/08/26 13:50:51,583 INFO  [893a5ec1-caf4-2036-0841-d5edd6b009da@tion-analyzer-9] [AbstractAnalyzerJob           ] [@] [DG_AJ:DEMO-38:14-111#14-112:2-1] started
 13/08/26 13:50:51,585 INFO  [893a5ec1-caf4-2036-0841-d5edd6b009da@tion-analyzer-9] [AnalyzerMonitor               ] [@] [DG_AJ:DEMO-38:14-111#14-112:2-1] started [DEMO-38:analysis in state after change]
 13/08/26 13:50:51,595 INFO  [893a5ec1-caf4-2036-0841-d5edd6b009da@tion-analyzer-9] [AnalyzerMonitor               ] [@] [DG_AJ:DEMO-38:14-111#14-112:2-1] skipped [DEMO-38:analysis in state before change]
 13/08/26 13:50:51,596 INFO  [893a5ec1-caf4-2036-0841-d5edd6b009da@tion-analyzer-9] [AnalyzerMonitor               ] [@] [DG_AJ:DEMO-38:14-111#14-112:2-1] started [DEMO-38:user mentions analysis]
 13/08/26 13:50:51,597 INFO  [893a5ec1-caf4-2036-0841-d5edd6b009da@tion-analyzer-9] [AnalyzerMonitor               ] [@] [DG_AJ:DEMO-38:14-111#14-112:2-1] started [DEMO-38:user reaction analysis]
 13/08/26 13:50:51,598 INFO  [893a5ec1-caf4-2036-0841-d5edd6b009da@tion-analyzer-9] [AbstractAnalyzerJob           ] [@] [DG_AJ:DEMO-38:14-111#14-112:2-1] didn't persist any notification job
 13/08/26 13:50:51,600 INFO  [893a5ec1-caf4-2036-0841-d5edd6b009da@tion-analyzer-9] [AbstractAnalyzerJob           ] [@] [DG_AJ:DEMO-39:14-113#14-114:2-1] started
 13/08/26 13:50:51,601 INFO  [893a5ec1-caf4-2036-0841-d5edd6b009da@tion-analyzer-9] [AnalyzerMonitor               ] [@] [DG_AJ:DEMO-39:14-113#14-114:2-1] started [DEMO-39:analysis in state after change]
 13/08/26 13:50:51,605 INFO  [893a5ec1-caf4-2036-0841-d5edd6b009da@tion-analyzer-9] [AnalyzerMonitor               ] [@] [DG_AJ:DEMO-39:14-113#14-114:2-1] skipped [DEMO-39:analysis in state before change]
 13/08/26 13:50:51,606 INFO  [893a5ec1-caf4-2036-0841-d5edd6b009da@tion-analyzer-9] [AnalyzerMonitor               ] [@] [DG_AJ:DEMO-39:14-113#14-114:2-1] started [DEMO-39:user mentions analysis]
 13/08/26 13:50:51,606 INFO  [893a5ec1-caf4-2036-0841-d5edd6b009da@tion-analyzer-9] [AnalyzerMonitor               ] [@] [DG_AJ:DEMO-39:14-113#14-114:2-1] started [DEMO-39:user reaction analysis]
 13/08/26 13:50:51,608 INFO  [893a5ec1-caf4-2036-0841-d5edd6b009da@tion-analyzer-9] [AbstractAnalyzerJob           ] [@] [DG_AJ:DEMO-39:14-113#14-114:2-1] didn't persist any notification job
 13/08/26 13:50:51,611 INFO  [893a5ec1-caf4-2036-0841-d5edd6b009da@tion-analyzer-9] [AbstractAnalyzerJob           ] [@] [DG_AJ:DEMO-40:14-115#14-116:2-1] started
 13/08/26 13:50:51,612 INFO  [893a5ec1-caf4-2036-0841-d5edd6b009da@tion-analyzer-9] [AnalyzerMonitor               ] [@] [DG_AJ:DEMO-40:14-115#14-116:2-1] started [DEMO-40:analysis in state after change]
 13/08/26 13:50:51,617 INFO  [893a5ec1-caf4-2036-0841-d5edd6b009da@tion-analyzer-9] [AnalyzerMonitor               ] [@] [DG_AJ:DEMO-40:14-115#14-116:2-1] skipped [DEMO-40:analysis in state before change]
 13/08/26 13:50:51,619 INFO  [893a5ec1-caf4-2036-0841-d5edd6b009da@tion-analyzer-9] [AnalyzerMonitor               ] [@] [DG_AJ:DEMO-40:14-115#14-116:2-1] started [DEMO-40:user mentions analysis]
 13/08/26 13:50:51,619 INFO  [893a5ec1-caf4-2036-0841-d5edd6b009da@tion-analyzer-9] [AnalyzerMonitor               ] [@] [DG_AJ:DEMO-40:14-115#14-116:2-1] started [DEMO-40:user reaction analysis]
 13/08/26 13:50:51,620 INFO  [893a5ec1-caf4-2036-0841-d5edd6b009da@tion-analyzer-9] [AbstractAnalyzerJob           ] [@] [DG_AJ:DEMO-40:14-115#14-116:2-1] didn't persist any notification job
 13/08/26 13:50:51,626 INFO  [893a5ec1-caf4-2036-0841-d5edd6b009da@tion-analyzer-9] [AbstractAnalyzerJob           ] [@] [DG_AJ:DEMO-41:14-117#14-118:2-1] started
 13/08/26 13:50:51,627 INFO  [893a5ec1-caf4-2036-0841-d5edd6b009da@tion-analyzer-9] [AnalyzerMonitor               ] [@] [DG_AJ:DEMO-41:14-117#14-118:2-1] started [DEMO-41:analysis in state after change]
 13/08/26 13:50:51,633 INFO  [893a5ec1-caf4-2036-0841-d5edd6b009da@tion-analyzer-9] [AnalyzerMonitor               ] [@] [DG_AJ:DEMO-41:14-117#14-118:2-1] skipped [DEMO-41:analysis in state before change]
 13/08/26 13:50:51,634 INFO  [893a5ec1-caf4-2036-0841-d5edd6b009da@tion-analyzer-9] [AnalyzerMonitor               ] [@] [DG_AJ:DEMO-41:14-117#14-118:2-1] started [DEMO-41:user mentions analysis]
 13/08/26 13:50:51,636 INFO  [893a5ec1-caf4-2036-0841-d5edd6b009da@tion-analyzer-9] [AnalyzerMonitor               ] [@] [DG_AJ:DEMO-41:14-117#14-118:2-1] started [DEMO-41:user reaction analysis]
 13/08/26 13:50:51,638 INFO  [893a5ec1-caf4-2036-0841-d5edd6b009da@tion-analyzer-9] [AbstractAnalyzerJob           ] [@] [DG_AJ:DEMO-41:14-117#14-118:2-1] didn't persist any notification job
 13/08/26 13:52:21,561 INFO  [cae916d5-c353-6d6b-135f-60048606dc89@sue-analysis-33] [AnalysisDurabilityJob         ] [@] [AD:1786629141560] started, processing PersistentEvent (14-118..14-122]
 13/08/26 13:53:51,553 INFO  [0fede44c-c55c-2e4b-2ad5-d6a94b4847ad@sue-analysis-34] [AnalysisDurabilityJob         ] [@] [AD:1786629231552] started, processing PersistentEvent (14-118..14-126]
 13/08/26 13:53:51,563 INFO  [0fede44c-c55c-2e4b-2ad5-d6a94b4847ad@ion-analyzer-10] [AbstractAnalyzerJob           ] [@] [DG_AJ:DEMO-42:14-119#14-120:2-1] started
 13/08/26 13:53:51,564 INFO  [0fede44c-c55c-2e4b-2ad5-d6a94b4847ad@ion-analyzer-10] [AnalyzerMonitor               ] [@] [DG_AJ:DEMO-42:14-119#14-120:2-1] started [DEMO-42:analysis in state after change]
 13/08/26 13:53:51,570 INFO  [0fede44c-c55c-2e4b-2ad5-d6a94b4847ad@ion-analyzer-10] [AnalyzerMonitor               ] [@] [DG_AJ:DEMO-42:14-119#14-120:2-1] skipped [DEMO-42:analysis in state before change]
 13/08/26 13:53:51,571 INFO  [0fede44c-c55c-2e4b-2ad5-d6a94b4847ad@ion-analyzer-10] [AnalyzerMonitor               ] [@] [DG_AJ:DEMO-42:14-119#14-120:2-1] started [DEMO-42:user mentions analysis]
 13/08/26 13:53:51,572 INFO  [0fede44c-c55c-2e4b-2ad5-d6a94b4847ad@ion-analyzer-10] [AnalyzerMonitor               ] [@] [DG_AJ:DEMO-42:14-119#14-120:2-1] started [DEMO-42:user reaction analysis]
 13/08/26 13:53:51,573 INFO  [0fede44c-c55c-2e4b-2ad5-d6a94b4847ad@ion-analyzer-10] [AbstractAnalyzerJob           ] [@] [DG_AJ:DEMO-42:14-119#14-120:2-1] didn't persist any notification job
 13/08/26 13:53:51,575 INFO  [0fede44c-c55c-2e4b-2ad5-d6a94b4847ad@ion-analyzer-10] [AbstractAnalyzerJob           ] [@] [DG_AJ:DEMO-43:14-121#14-122:2-1] started
 13/08/26 13:53:51,575 INFO  [0fede44c-c55c-2e4b-2ad5-d6a94b4847ad@ion-analyzer-10] [AnalyzerMonitor               ] [@] [DG_AJ:DEMO-43:14-121#14-122:2-1] started [DEMO-43:analysis in state after change]
 13/08/26 13:53:51,578 INFO  [0fede44c-c55c-2e4b-2ad5-d6a94b4847ad@ion-analyzer-10] [AnalyzerMonitor               ] [@] [DG_AJ:DEMO-43:14-121#14-122:2-1] skipped [DEMO-43:analysis in state before change]
 13/08/26 13:53:51,579 INFO  [0fede44c-c55c-2e4b-2ad5-d6a94b4847ad@ion-analyzer-10] [AnalyzerMonitor               ] [@] [DG_AJ:DEMO-43:14-121#14-122:2-1] started [DEMO-43:user mentions analysis]
 13/08/26 13:53:51,579 INFO  [0fede44c-c55c-2e4b-2ad5-d6a94b4847ad@ion-analyzer-10] [AnalyzerMonitor               ] [@] [DG_AJ:DEMO-43:14-121#14-122:2-1] started [DEMO-43:user reaction analysis]
 13/08/26 13:53:51,580 INFO  [0fede44c-c55c-2e4b-2ad5-d6a94b4847ad@ion-analyzer-10] [AbstractAnalyzerJob           ] [@] [DG_AJ:DEMO-43:14-121#14-122:2-1] didn't persist any notification job
 13/08/26 13:55:21,549 INFO  [31a32f2b-d8ca-ea2a-0a8f-6d156ce844d1@sue-analysis-35] [AnalysisDurabilityJob         ] [@] [AD:1786629321549] started, processing PersistentEvent (14-122..14-126]
 13/08/26 13:55:21,563 INFO  [31a32f2b-d8ca-ea2a-0a8f-6d156ce844d1@ion-analyzer-11] [AbstractAnalyzerJob           ] [@] [DG_AJ:DEMO-44:14-123#14-124:2-1] started
 13/08/26 13:55:21,563 INFO  [31a32f2b-d8ca-ea2a-0a8f-6d156ce844d1@ion-analyzer-11] [AnalyzerMonitor               ] [@] [DG_AJ:DEMO-44:14-123#14-124:2-1] started [DEMO-44:analysis in state after change]
 13/08/26 13:55:21,567 INFO  [31a32f2b-d8ca-ea2a-0a8f-6d156ce844d1@ion-analyzer-11] [AnalyzerMonitor               ] [@] [DG_AJ:DEMO-44:14-123#14-124:2-1] skipped [DEMO-44:analysis in state before change]
 13/08/26 13:55:21,567 INFO  [31a32f2b-d8ca-ea2a-0a8f-6d156ce844d1@ion-analyzer-11] [AnalyzerMonitor               ] [@] [DG_AJ:DEMO-44:14-123#14-124:2-1] started [DEMO-44:user mentions analysis]
 13/08/26 13:55:21,568 INFO  [31a32f2b-d8ca-ea2a-0a8f-6d156ce844d1@ion-analyzer-11] [AnalyzerMonitor               ] [@] [DG_AJ:DEMO-44:14-123#14-124:2-1] started [DEMO-44:user reaction analysis]
 13/08/26 13:55:21,568 INFO  [31a32f2b-d8ca-ea2a-0a8f-6d156ce844d1@ion-analyzer-11] [AbstractAnalyzerJob           ] [@] [DG_AJ:DEMO-44:14-123#14-124:2-1] didn't persist any notification job
 13/08/26 13:55:21,570 INFO  [31a32f2b-d8ca-ea2a-0a8f-6d156ce844d1@ion-analyzer-11] [AbstractAnalyzerJob           ] [@] [DG_AJ:DEMO-45:14-125#14-126:2-1] started
 13/08/26 13:55:21,570 INFO  [31a32f2b-d8ca-ea2a-0a8f-6d156ce844d1@ion-analyzer-11] [AnalyzerMonitor               ] [@] [DG_AJ:DEMO-45:14-125#14-126:2-1] started [DEMO-45:analysis in state after change]
 13/08/26 13:55:21,572 INFO  [31a32f2b-d8ca-ea2a-0a8f-6d156ce844d1@ion-analyzer-11] [AnalyzerMonitor               ] [@] [DG_AJ:DEMO-45:14-125#14-126:2-1] skipped [DEMO-45:analysis in state before change]
 13/08/26 13:55:21,572 INFO  [31a32f2b-d8ca-ea2a-0a8f-6d156ce844d1@ion-analyzer-11] [AnalyzerMonitor               ] [@] [DG_AJ:DEMO-45:14-125#14-126:2-1] started [DEMO-45:user mentions analysis]
 13/08/26 13:55:21,573 INFO  [31a32f2b-d8ca-ea2a-0a8f-6d156ce844d1@ion-analyzer-11] [AnalyzerMonitor               ] [@] [DG_AJ:DEMO-45:14-125#14-126:2-1] started [DEMO-45:user reaction analysis]
 13/08/26 13:55:21,573 INFO  [31a32f2b-d8ca-ea2a-0a8f-6d156ce844d1@ion-analyzer-11] [AbstractAnalyzerJob           ] [@] [DG_AJ:DEMO-45:14-125#14-126:2-1] didn't persist any notification job
 13/08/26 13:56:51,538 INFO  [0a1cf312-45f0-be7f-aad5-294f11e3677d@sue-analysis-36] [AnalysisDurabilityJob         ] [@] [AD:1786629411537] started, processing PersistentEvent (14-126..14-130]
 13/08/26 13:58:21,525 INFO  [7263e17c-4339-e2c2-cf95-e72598b17686@sue-analysis-37] [AnalysisDurabilityJob         ] [@] [AD:1786629501525] started, processing PersistentEvent (14-126..14-130]
 13/08/26 13:58:21,531 INFO  [7263e17c-4339-e2c2-cf95-e72598b17686@ion-analyzer-12] [AbstractAnalyzerJob           ] [@] [DG_AJ:DEMO-46:14-127#14-128:2-1] started
 13/08/26 13:58:21,535 INFO  [7263e17c-4339-e2c2-cf95-e72598b17686@ion-analyzer-12] [AnalyzerMonitor               ] [@] [DG_AJ:DEMO-46:14-127#14-128:2-1] started [DEMO-46:analysis in state after change]
 13/08/26 13:58:21,544 INFO  [7263e17c-4339-e2c2-cf95-e72598b17686@ion-analyzer-12] [AnalyzerMonitor               ] [@] [DG_AJ:DEMO-46:14-127#14-128:2-1] skipped [DEMO-46:analysis in state before change]
 13/08/26 13:58:21,544 INFO  [7263e17c-4339-e2c2-cf95-e72598b17686@ion-analyzer-12] [AnalyzerMonitor               ] [@] [DG_AJ:DEMO-46:14-127#14-128:2-1] started [DEMO-46:user mentions analysis]
 13/08/26 13:58:21,545 INFO  [7263e17c-4339-e2c2-cf95-e72598b17686@ion-analyzer-12] [AnalyzerMonitor               ] [@] [DG_AJ:DEMO-46:14-127#14-128:2-1] started [DEMO-46:user reaction analysis]
 13/08/26 13:58:21,546 INFO  [7263e17c-4339-e2c2-cf95-e72598b17686@ion-analyzer-12] [AbstractAnalyzerJob           ] [@] [DG_AJ:DEMO-46:14-127#14-128:2-1] didn't persist any notification job
 13/08/26 13:58:21,548 INFO  [7263e17c-4339-e2c2-cf95-e72598b17686@ion-analyzer-12] [AbstractAnalyzerJob           ] [@] [DG_AJ:DEMO-47:14-129#14-130:2-1] started
 13/08/26 13:58:21,548 INFO  [7263e17c-4339-e2c2-cf95-e72598b17686@ion-analyzer-12] [AnalyzerMonitor               ] [@] [DG_AJ:DEMO-47:14-129#14-130:2-1] started [DEMO-47:analysis in state after change]
 13/08/26 13:58:21,551 INFO  [7263e17c-4339-e2c2-cf95-e72598b17686@ion-analyzer-12] [AnalyzerMonitor               ] [@] [DG_AJ:DEMO-47:14-129#14-130:2-1] skipped [DEMO-47:analysis in state before change]
 13/08/26 13:58:21,551 INFO  [7263e17c-4339-e2c2-cf95-e72598b17686@ion-analyzer-12] [AnalyzerMonitor               ] [@] [DG_AJ:DEMO-47:14-129#14-130:2-1] started [DEMO-47:user mentions analysis]
 13/08/26 13:58:21,551 INFO  [7263e17c-4339-e2c2-cf95-e72598b17686@ion-analyzer-12] [AnalyzerMonitor               ] [@] [DG_AJ:DEMO-47:14-129#14-130:2-1] started [DEMO-47:user reaction analysis]
 13/08/26 13:58:21,552 INFO  [7263e17c-4339-e2c2-cf95-e72598b17686@ion-analyzer-12] [AbstractAnalyzerJob           ] [@] [DG_AJ:DEMO-47:14-129#14-130:2-1] didn't persist any notification job
 13/08/26 13:59:51,511 INFO  [601999f0-20c1-9f9a-4bfa-bc03bb9daa80@sue-analysis-38] [AnalysisDurabilityJob         ] [@] [AD:1786629591511] started, processing PersistentEvent (14-130..14-134]
 13/08/26 14:01:21,503 INFO  [90bb95d1-ccdd-8e19-70d5-da52b0f43f3c@sue-analysis-39] [AnalysisDurabilityJob         ] [@] [AD:1786629681502] started, processing PersistentEvent (14-130..14-134]
 13/08/26 14:01:21,510 INFO  [90bb95d1-ccdd-8e19-70d5-da52b0f43f3c@ion-analyzer-13] [AbstractAnalyzerJob           ] [@] [DG_AJ:DEMO-48:14-131#14-132:2-1] started
 13/08/26 14:01:21,513 INFO  [90bb95d1-ccdd-8e19-70d5-da52b0f43f3c@ion-analyzer-13] [AnalyzerMonitor               ] [@] [DG_AJ:DEMO-48:14-131#14-132:2-1] started [DEMO-48:analysis in state after change]
 13/08/26 14:01:21,519 INFO  [90bb95d1-ccdd-8e19-70d5-da52b0f43f3c@ion-analyzer-13] [AnalyzerMonitor               ] [@] [DG_AJ:DEMO-48:14-131#14-132:2-1] skipped [DEMO-48:analysis in state before change]
 13/08/26 14:01:21,520 INFO  [90bb95d1-ccdd-8e19-70d5-da52b0f43f3c@ion-analyzer-13] [AnalyzerMonitor               ] [@] [DG_AJ:DEMO-48:14-131#14-132:2-1] started [DEMO-48:user mentions analysis]
 13/08/26 14:01:21,521 INFO  [90bb95d1-ccdd-8e19-70d5-da52b0f43f3c@ion-analyzer-13] [AnalyzerMonitor               ] [@] [DG_AJ:DEMO-48:14-131#14-132:2-1] started [DEMO-48:user reaction analysis]
 13/08/26 14:01:21,521 INFO  [90bb95d1-ccdd-8e19-70d5-da52b0f43f3c@ion-analyzer-13] [AbstractAnalyzerJob           ] [@] [DG_AJ:DEMO-48:14-131#14-132:2-1] didn't persist any notification job
 13/08/26 14:01:21,523 INFO  [90bb95d1-ccdd-8e19-70d5-da52b0f43f3c@ion-analyzer-13] [AbstractAnalyzerJob           ] [@] [DG_AJ:DEMO-49:14-133#14-134:2-1] started
 13/08/26 14:01:21,523 INFO  [90bb95d1-ccdd-8e19-70d5-da52b0f43f3c@ion-analyzer-13] [AnalyzerMonitor               ] [@] [DG_AJ:DEMO-49:14-133#14-134:2-1] started [DEMO-49:analysis in state after change]
 13/08/26 14:01:21,525 INFO  [90bb95d1-ccdd-8e19-70d5-da52b0f43f3c@ion-analyzer-13] [AnalyzerMonitor               ] [@] [DG_AJ:DEMO-49:14-133#14-134:2-1] skipped [DEMO-49:analysis in state before change]
 13/08/26 14:01:21,526 INFO  [90bb95d1-ccdd-8e19-70d5-da52b0f43f3c@ion-analyzer-13] [AnalyzerMonitor               ] [@] [DG_AJ:DEMO-49:14-133#14-134:2-1] started [DEMO-49:user mentions analysis]
 13/08/26 14:01:21,526 INFO  [90bb95d1-ccdd-8e19-70d5-da52b0f43f3c@ion-analyzer-13] [AnalyzerMonitor               ] [@] [DG_AJ:DEMO-49:14-133#14-134:2-1] started [DEMO-49:user reaction analysis]
 13/08/26 14:01:21,526 INFO  [90bb95d1-ccdd-8e19-70d5-da52b0f43f3c@ion-analyzer-13] [AbstractAnalyzerJob           ] [@] [DG_AJ:DEMO-49:14-133#14-134:2-1] didn't persist any notification job
 13/08/26 14:34:21,401 INFO  [29791c57-4cb5-fc2b-ff4f-3d240bb88871@sue-analysis-61] [AnalysisDurabilityJob         ] [@] [AD:1786631661399] started, processing PersistentEvent (14-134..14-135]
 13/08/26 14:34:21,417 INFO  [29791c57-4cb5-fc2b-ff4f-3d240bb88871@ion-analyzer-14] [AbstractAnalyzerJob           ] [@] [DG_AJ:DEMO-49:14-135#14-135:2-1] started
 13/08/26 14:34:21,418 INFO  [29791c57-4cb5-fc2b-ff4f-3d240bb88871@ion-analyzer-14] [AnalyzerMonitor               ] [@] [DG_AJ:DEMO-49:14-135#14-135:2-1] started [DEMO-49:analysis in state after change]
 13/08/26 14:34:21,424 INFO  [29791c57-4cb5-fc2b-ff4f-3d240bb88871@ion-analyzer-14] [AnalyzerMonitor               ] [@] [DG_AJ:DEMO-49:14-135#14-135:2-1] started [DEMO-49:analysis in state before change]
 13/08/26 14:34:21,427 INFO  [29791c57-4cb5-fc2b-ff4f-3d240bb88871@ion-analyzer-14] [AnalyzerMonitor               ] [@] [DG_AJ:DEMO-49:14-135#14-135:2-1] started [DEMO-49:user mentions analysis]
 13/08/26 14:34:21,428 INFO  [29791c57-4cb5-fc2b-ff4f-3d240bb88871@ion-analyzer-14] [AnalyzerMonitor               ] [@] [DG_AJ:DEMO-49:14-135#14-135:2-1] started [DEMO-49:user reaction analysis]
 13/08/26 14:34:21,429 INFO  [29791c57-4cb5-fc2b-ff4f-3d240bb88871@ion-analyzer-14] [AbstractAnalyzerJob           ] [@] [DG_AJ:DEMO-49:14-135#14-135:2-1] didn't persist any notification job
 13/08/26 14:37:21,415 WARN  [84b22fb2-7382-e9be-b1f9-dfffc9ce8bb4@sue-analysis-63] [AnalysisDurabilityJob         ] [@] [AD:1786631841410] reset, non existing id of last processed event: 14-135
 13/08/26 14:37:21,421 INFO  [84b22fb2-7382-e9be-b1f9-dfffc9ce8bb4@sue-analysis-63] [XdDurability                  ] [@] [AID] was reset due to corrupted state during scheduled launch
 13/08/26 14:40:21,406 INFO  [eab64dc0-168f-81fe-5a74-361fb2e12911@sue-analysis-65] [AnalysisDurabilityJob         ] [@] [AD:1786632021404] started, processing PersistentEvent (14-134..14-137]
 13/08/26 14:41:51,399 INFO  [d1d5230a-dfde-d7ac-71ac-93967cdd1ed4@sue-analysis-66] [AnalysisDurabilityJob         ] [@] [AD:1786632111398] started, processing PersistentEvent (14-134..14-137]
 13/08/26 14:41:51,411 INFO  [d1d5230a-dfde-d7ac-71ac-93967cdd1ed4@ion-analyzer-15] [AbstractAnalyzerJob           ] [@] [DG_AJ:DEMO-49:14-137#14-137:2-1] started
 13/08/26 14:41:51,412 INFO  [d1d5230a-dfde-d7ac-71ac-93967cdd1ed4@ion-analyzer-15] [AnalyzerMonitor               ] [@] [DG_AJ:DEMO-49:14-137#14-137:2-1] started [DEMO-49:analysis in state after change]
 13/08/26 14:41:51,419 INFO  [d1d5230a-dfde-d7ac-71ac-93967cdd1ed4@ion-analyzer-15] [AnalyzerMonitor               ] [@] [DG_AJ:DEMO-49:14-137#14-137:2-1] started [DEMO-49:analysis in state before change]
 13/08/26 14:41:51,421 INFO  [d1d5230a-dfde-d7ac-71ac-93967cdd1ed4@ion-analyzer-15] [AnalyzerMonitor               ] [@] [DG_AJ:DEMO-49:14-137#14-137:2-1] started [DEMO-49:user mentions analysis]
 13/08/26 14:41:51,422 INFO  [d1d5230a-dfde-d7ac-71ac-93967cdd1ed4@ion-analyzer-15] [AnalyzerMonitor               ] [@] [DG_AJ:DEMO-49:14-137#14-137:2-1] started [DEMO-49:user reaction analysis]
 13/08/26 14:41:51,422 INFO  [d1d5230a-dfde-d7ac-71ac-93967cdd1ed4@ion-analyzer-15] [AbstractAnalyzerJob           ] [@] [DG_AJ:DEMO-49:14-137#14-137:2-1] didn't persist any notification job
 13/08/26 14:43:21,395 INFO  [fa7c883f-0cb1-953c-ead1-f8830e6f076a@sue-analysis-67] [AnalysisDurabilityJob         ] [@] [AD:1786632201392] started, processing PersistentEvent (14-137..14-139]
 13/08/26 14:43:21,411 INFO  [fa7c883f-0cb1-953c-ead1-f8830e6f076a@ion-analyzer-16] [AbstractAnalyzerJob           ] [@] [DG_AJ:DEMO-49:14-138#14-138:2-1] started
 13/08/26 14:43:21,413 INFO  [fa7c883f-0cb1-953c-ead1-f8830e6f076a@ion-analyzer-16] [AnalyzerMonitor               ] [@] [DG_AJ:DEMO-49:14-138#14-138:2-1] started [DEMO-49:analysis in state after change]
 13/08/26 14:43:21,420 INFO  [fa7c883f-0cb1-953c-ead1-f8830e6f076a@ion-analyzer-16] [AnalyzerMonitor               ] [@] [DG_AJ:DEMO-49:14-138#14-138:2-1] started [DEMO-49:analysis in state before change]
 13/08/26 14:43:21,421 INFO  [fa7c883f-0cb1-953c-ead1-f8830e6f076a@ion-analyzer-16] [AnalyzerMonitor               ] [@] [DG_AJ:DEMO-49:14-138#14-138:2-1] started [DEMO-49:user mentions analysis]
 13/08/26 14:43:21,422 INFO  [fa7c883f-0cb1-953c-ead1-f8830e6f076a@ion-analyzer-16] [AnalyzerMonitor               ] [@] [DG_AJ:DEMO-49:14-138#14-138:2-1] started [DEMO-49:user reaction analysis]
 13/08/26 14:43:21,423 INFO  [fa7c883f-0cb1-953c-ead1-f8830e6f076a@ion-analyzer-16] [AbstractAnalyzerJob           ] [@] [DG_AJ:DEMO-49:14-138#14-138:2-1] didn't persist any notification job
 13/08/26 14:43:21,426 INFO  [fa7c883f-0cb1-953c-ead1-f8830e6f076a@ion-analyzer-16] [AbstractAnalyzerJob           ] [@] [DG_AJ:DEMO-49:14-139#14-139:2-1] started
 13/08/26 14:43:21,440 INFO  [fa7c883f-0cb1-953c-ead1-f8830e6f076a@ion-analyzer-16] [AnalyzerMonitor               ] [@] [DG_AJ:DEMO-49:14-139#14-139:2-1] started [DEMO-49:analysis in state after change]
 13/08/26 14:43:21,442 INFO  [fa7c883f-0cb1-953c-ead1-f8830e6f076a@ion-analyzer-16] [AnalyzerMonitor               ] [@] [DG_AJ:DEMO-49:14-139#14-139:2-1] started [DEMO-49:analysis in state before change]
 13/08/26 14:43:21,444 INFO  [fa7c883f-0cb1-953c-ead1-f8830e6f076a@ion-analyzer-16] [AnalyzerMonitor               ] [@] [DG_AJ:DEMO-49:14-139#14-139:2-1] started [DEMO-49:user mentions analysis]
 13/08/26 14:43:21,446 INFO  [fa7c883f-0cb1-953c-ead1-f8830e6f076a@ion-analyzer-16] [AnalyzerMonitor               ] [@] [DG_AJ:DEMO-49:14-139#14-139:2-1] started [DEMO-49:user reaction analysis]
 13/08/26 14:43:21,447 INFO  [fa7c883f-0cb1-953c-ead1-f8830e6f076a@ion-analyzer-16] [AbstractAnalyzerJob           ] [@] [DG_AJ:DEMO-49:14-139#14-139:2-1] didn't persist any notification job
 13/08/26 14:44:51,385 INFO  [7f95beb0-4d93-7d5c-6c7d-50e9b4f04009@sue-analysis-68] [AnalysisDurabilityJob         ] [@] [AD:1786632291384] started, processing PersistentEvent (14-139..14-143]
 13/08/26 14:46:21,399 INFO  [1249cc04-92df-4a31-6431-cf1ecee39594@sue-analysis-69] [AnalysisDurabilityJob         ] [@] [AD:1786632381387] started, processing PersistentEvent (14-139..14-145]
 13/08/26 14:46:21,443 INFO  [1249cc04-92df-4a31-6431-cf1ecee39594@ion-analyzer-17] [AbstractAnalyzerJob           ] [@] [DG_AJ:DEMO-50:14-140#14-141:2-1] started
 13/08/26 14:46:21,448 INFO  [1249cc04-92df-4a31-6431-cf1ecee39594@ion-analyzer-17] [AnalyzerMonitor               ] [@] [DG_AJ:DEMO-50:14-140#14-141:2-1] started [DEMO-50:analysis in state after change]
 13/08/26 14:46:21,478 INFO  [1249cc04-92df-4a31-6431-cf1ecee39594@ion-analyzer-17] [AnalyzerMonitor               ] [@] [DG_AJ:DEMO-50:14-140#14-141:2-1] skipped [DEMO-50:analysis in state before change]
 13/08/26 14:46:21,481 INFO  [1249cc04-92df-4a31-6431-cf1ecee39594@ion-analyzer-17] [AnalyzerMonitor               ] [@] [DG_AJ:DEMO-50:14-140#14-141:2-1] started [DEMO-50:user mentions analysis]
 13/08/26 14:46:21,482 INFO  [1249cc04-92df-4a31-6431-cf1ecee39594@ion-analyzer-17] [AnalyzerMonitor               ] [@] [DG_AJ:DEMO-50:14-140#14-141:2-1] started [DEMO-50:user reaction analysis]
 13/08/26 14:46:21,485 INFO  [1249cc04-92df-4a31-6431-cf1ecee39594@ion-analyzer-17] [AbstractAnalyzerJob           ] [@] [DG_AJ:DEMO-50:14-140#14-141:2-1] didn't persist any notification job
 13/08/26 14:46:21,493 INFO  [1249cc04-92df-4a31-6431-cf1ecee39594@ion-analyzer-17] [AbstractAnalyzerJob           ] [@] [DG_AJ:DEMO-51:14-142#14-143:2-1] started
 13/08/26 14:46:21,494 INFO  [1249cc04-92df-4a31-6431-cf1ecee39594@ion-analyzer-17] [AnalyzerMonitor               ] [@] [DG_AJ:DEMO-51:14-142#14-143:2-1] started [DEMO-51:analysis in state after change]
 13/08/26 14:46:21,501 INFO  [1249cc04-92df-4a31-6431-cf1ecee39594@ion-analyzer-17] [AnalyzerMonitor               ] [@] [DG_AJ:DEMO-51:14-142#14-143:2-1] skipped [DEMO-51:analysis in state before change]
 13/08/26 14:46:21,502 INFO  [1249cc04-92df-4a31-6431-cf1ecee39594@ion-analyzer-17] [AnalyzerMonitor               ] [@] [DG_AJ:DEMO-51:14-142#14-143:2-1] started [DEMO-51:user mentions analysis]
 13/08/26 14:46:21,504 INFO  [1249cc04-92df-4a31-6431-cf1ecee39594@ion-analyzer-17] [AnalyzerMonitor               ] [@] [DG_AJ:DEMO-51:14-142#14-143:2-1] started [DEMO-51:user reaction analysis]
 13/08/26 14:46:21,506 INFO  [1249cc04-92df-4a31-6431-cf1ecee39594@ion-analyzer-17] [AbstractAnalyzerJob           ] [@] [DG_AJ:DEMO-51:14-142#14-143:2-1] didn't persist any notification job
 13/08/26 14:47:51,389 INFO  [b82c84bd-74ac-9a1c-9b42-422a066113c7@sue-analysis-70] [AnalysisDurabilityJob         ] [@] [AD:1786632471384] started, processing PersistentEvent (14-143..14-149]
 13/08/26 14:47:51,404 INFO  [b82c84bd-74ac-9a1c-9b42-422a066113c7@ion-analyzer-18] [AbstractAnalyzerJob           ] [@] [DG_AJ:DEMO-52:14-144#14-145:2-1] started
 13/08/26 14:47:51,405 INFO  [b82c84bd-74ac-9a1c-9b42-422a066113c7@ion-analyzer-18] [AnalyzerMonitor               ] [@] [DG_AJ:DEMO-52:14-144#14-145:2-1] started [DEMO-52:analysis in state after change]
 13/08/26 14:47:51,411 INFO  [b82c84bd-74ac-9a1c-9b42-422a066113c7@ion-analyzer-18] [AnalyzerMonitor               ] [@] [DG_AJ:DEMO-52:14-144#14-145:2-1] skipped [DEMO-52:analysis in state before change]
 13/08/26 14:47:51,411 INFO  [b82c84bd-74ac-9a1c-9b42-422a066113c7@ion-analyzer-18] [AnalyzerMonitor               ] [@] [DG_AJ:DEMO-52:14-144#14-145:2-1] started [DEMO-52:user mentions analysis]
 13/08/26 14:47:51,412 INFO  [b82c84bd-74ac-9a1c-9b42-422a066113c7@ion-analyzer-18] [AnalyzerMonitor               ] [@] [DG_AJ:DEMO-52:14-144#14-145:2-1] started [DEMO-52:user reaction analysis]
 13/08/26 14:47:51,413 INFO  [b82c84bd-74ac-9a1c-9b42-422a066113c7@ion-analyzer-18] [AbstractAnalyzerJob           ] [@] [DG_AJ:DEMO-52:14-144#14-145:2-1] didn't persist any notification job
 13/08/26 14:47:51,415 INFO  [b82c84bd-74ac-9a1c-9b42-422a066113c7@ion-analyzer-18] [AbstractAnalyzerJob           ] [@] [DG_AJ:DEMO-53:14-146#14-148:2-1] started
 13/08/26 14:47:51,415 INFO  [b82c84bd-74ac-9a1c-9b42-422a066113c7@ion-analyzer-18] [AnalyzerMonitor               ] [@] [DG_AJ:DEMO-53:14-146#14-148:2-1] started [DEMO-53:analysis in state after change]
 13/08/26 14:47:51,420 INFO  [b82c84bd-74ac-9a1c-9b42-422a066113c7@ion-analyzer-18] [AnalyzerMonitor               ] [@] [DG_AJ:DEMO-53:14-146#14-148:2-1] skipped [DEMO-53:analysis in state before change]
 13/08/26 14:47:51,421 INFO  [b82c84bd-74ac-9a1c-9b42-422a066113c7@ion-analyzer-18] [AnalyzerMonitor               ] [@] [DG_AJ:DEMO-53:14-146#14-148:2-1] started [DEMO-53:user mentions analysis]
 13/08/26 14:47:51,421 INFO  [b82c84bd-74ac-9a1c-9b42-422a066113c7@ion-analyzer-18] [AnalyzerMonitor               ] [@] [DG_AJ:DEMO-53:14-146#14-148:2-1] started [DEMO-53:user reaction analysis]
 13/08/26 14:47:51,422 INFO  [b82c84bd-74ac-9a1c-9b42-422a066113c7@ion-analyzer-18] [AbstractAnalyzerJob           ] [@] [DG_AJ:DEMO-53:14-146#14-148:2-1] didn't persist any notification job
 13/08/26 14:47:51,423 INFO  [b82c84bd-74ac-9a1c-9b42-422a066113c7@ion-analyzer-18] [AbstractAnalyzerJob           ] [@] [DG_AJ:DEMO-53:14-149#14-149:2-1] started
 13/08/26 14:47:51,424 INFO  [b82c84bd-74ac-9a1c-9b42-422a066113c7@ion-analyzer-18] [AnalyzerMonitor               ] [@] [DG_AJ:DEMO-53:14-149#14-149:2-1] started [DEMO-53:analysis in state after change]
 13/08/26 14:47:51,426 INFO  [b82c84bd-74ac-9a1c-9b42-422a066113c7@ion-analyzer-18] [AnalyzerMonitor               ] [@] [DG_AJ:DEMO-53:14-149#14-149:2-1] started [DEMO-53:analysis in state before change]
 13/08/26 14:47:51,428 INFO  [b82c84bd-74ac-9a1c-9b42-422a066113c7@ion-analyzer-18] [AnalyzerMonitor               ] [@] [DG_AJ:DEMO-53:14-149#14-149:2-1] started [DEMO-53:user mentions analysis]
 13/08/26 14:47:51,428 INFO  [b82c84bd-74ac-9a1c-9b42-422a066113c7@ion-analyzer-18] [AnalyzerMonitor               ] [@] [DG_AJ:DEMO-53:14-149#14-149:2-1] started [DEMO-53:user reaction analysis]
 13/08/26 14:47:51,429 INFO  [b82c84bd-74ac-9a1c-9b42-422a066113c7@ion-analyzer-18] [AbstractAnalyzerJob           ] [@] [DG_AJ:DEMO-53:14-149#14-149:2-1] didn't persist any notification job
 13/08/26 14:52:21,389 INFO  [67396fdf-1479-82f5-118d-bc40ceecc099@sue-analysis-73] [AnalysisDurabilityJob         ] [@] [AD:1786632741387] started, processing PersistentEvent (14-149..14-153]
 13/08/26 14:52:21,441 INFO  [67396fdf-1479-82f5-118d-bc40ceecc099@ion-analyzer-19] [AbstractAnalyzerJob           ] [@] [DG_AJ:DEMO-54:14-150#14-151:2-1] started
 13/08/26 14:52:21,443 INFO  [67396fdf-1479-82f5-118d-bc40ceecc099@ion-analyzer-19] [AnalyzerMonitor               ] [@] [DG_AJ:DEMO-54:14-150#14-151:2-1] started [DEMO-54:analysis in state after change]
 13/08/26 14:52:21,463 INFO  [67396fdf-1479-82f5-118d-bc40ceecc099@ion-analyzer-19] [AnalyzerMonitor               ] [@] [DG_AJ:DEMO-54:14-150#14-151:2-1] skipped [DEMO-54:analysis in state before change]
 13/08/26 14:52:21,464 INFO  [67396fdf-1479-82f5-118d-bc40ceecc099@ion-analyzer-19] [AnalyzerMonitor               ] [@] [DG_AJ:DEMO-54:14-150#14-151:2-1] started [DEMO-54:user mentions analysis]
 13/08/26 14:52:21,465 INFO  [67396fdf-1479-82f5-118d-bc40ceecc099@ion-analyzer-19] [AnalyzerMonitor               ] [@] [DG_AJ:DEMO-54:14-150#14-151:2-1] started [DEMO-54:user reaction analysis]
 13/08/26 14:52:21,466 INFO  [67396fdf-1479-82f5-118d-bc40ceecc099@ion-analyzer-19] [AbstractAnalyzerJob           ] [@] [DG_AJ:DEMO-54:14-150#14-151:2-1] didn't persist any notification job
 13/08/26 14:52:21,473 INFO  [67396fdf-1479-82f5-118d-bc40ceecc099@ion-analyzer-19] [AbstractAnalyzerJob           ] [@] [DG_AJ:DEMO-55:14-152#14-153:2-1] started
 13/08/26 14:52:21,474 INFO  [67396fdf-1479-82f5-118d-bc40ceecc099@ion-analyzer-19] [AnalyzerMonitor               ] [@] [DG_AJ:DEMO-55:14-152#14-153:2-1] started [DEMO-55:analysis in state after change]
 13/08/26 14:52:21,478 INFO  [67396fdf-1479-82f5-118d-bc40ceecc099@ion-analyzer-19] [AnalyzerMonitor               ] [@] [DG_AJ:DEMO-55:14-152#14-153:2-1] skipped [DEMO-55:analysis in state before change]
 13/08/26 14:52:21,480 INFO  [67396fdf-1479-82f5-118d-bc40ceecc099@ion-analyzer-19] [AnalyzerMonitor               ] [@] [DG_AJ:DEMO-55:14-152#14-153:2-1] started [DEMO-55:user mentions analysis]
 13/08/26 14:52:21,482 INFO  [67396fdf-1479-82f5-118d-bc40ceecc099@ion-analyzer-19] [AnalyzerMonitor               ] [@] [DG_AJ:DEMO-55:14-152#14-153:2-1] started [DEMO-55:user reaction analysis]
 13/08/26 14:52:21,485 INFO  [67396fdf-1479-82f5-118d-bc40ceecc099@ion-analyzer-19] [AbstractAnalyzerJob           ] [@] [DG_AJ:DEMO-55:14-152#14-153:2-1] didn't persist any notification job
 13/08/26 15:04:21,316 INFO  [0176a1b4-baf4-98f6-5289-3adff6592d5b@sue-analysis-81] [AnalysisDurabilityJob         ] [@] [AD:1786633461315] started, processing PersistentEvent (14-153..14-159]
 13/08/26 15:05:51,307 INFO  [14d2157f-9a09-a821-869f-fd4c2532c7dc@sue-analysis-82] [AnalysisDurabilityJob         ] [@] [AD:1786633551307] started, processing PersistentEvent (14-153..14-163]
 13/08/26 15:05:51,354 INFO  [14d2157f-9a09-a821-869f-fd4c2532c7dc@ion-analyzer-20] [AbstractAnalyzerJob           ] [@] [DG_AJ:DEMO-56:14-156#14-157:2-1] started
 13/08/26 15:05:51,356 INFO  [14d2157f-9a09-a821-869f-fd4c2532c7dc@ion-analyzer-20] [AnalyzerMonitor               ] [@] [DG_AJ:DEMO-56:14-156#14-157:2-1] started [DEMO-56:analysis in state after change]
 13/08/26 15:05:51,362 INFO  [14d2157f-9a09-a821-869f-fd4c2532c7dc@ion-analyzer-20] [AnalyzerMonitor               ] [@] [DG_AJ:DEMO-56:14-156#14-157:2-1] skipped [DEMO-56:analysis in state before change]
 13/08/26 15:05:51,362 INFO  [14d2157f-9a09-a821-869f-fd4c2532c7dc@ion-analyzer-20] [AnalyzerMonitor               ] [@] [DG_AJ:DEMO-56:14-156#14-157:2-1] started [DEMO-56:user mentions analysis]
 13/08/26 15:05:51,363 INFO  [14d2157f-9a09-a821-869f-fd4c2532c7dc@ion-analyzer-20] [AnalyzerMonitor               ] [@] [DG_AJ:DEMO-56:14-156#14-157:2-1] started [DEMO-56:user reaction analysis]
 13/08/26 15:05:51,363 INFO  [14d2157f-9a09-a821-869f-fd4c2532c7dc@ion-analyzer-20] [AbstractAnalyzerJob           ] [@] [DG_AJ:DEMO-56:14-156#14-157:2-1] didn't persist any notification job
 13/08/26 15:05:51,365 INFO  [14d2157f-9a09-a821-869f-fd4c2532c7dc@ion-analyzer-20] [AbstractAnalyzerJob           ] [@] [DG_AJ:DEMO-57:14-158#14-160:2-1] started
 13/08/26 15:05:51,366 INFO  [14d2157f-9a09-a821-869f-fd4c2532c7dc@ion-analyzer-20] [AnalyzerMonitor               ] [@] [DG_AJ:DEMO-57:14-158#14-160:2-1] started [DEMO-57:analysis in state after change]
 13/08/26 15:05:51,368 INFO  [14d2157f-9a09-a821-869f-fd4c2532c7dc@ion-analyzer-20] [AnalyzerMonitor               ] [@] [DG_AJ:DEMO-57:14-158#14-160:2-1] skipped [DEMO-57:analysis in state before change]
 13/08/26 15:05:51,369 INFO  [14d2157f-9a09-a821-869f-fd4c2532c7dc@ion-analyzer-20] [AnalyzerMonitor               ] [@] [DG_AJ:DEMO-57:14-158#14-160:2-1] started [DEMO-57:user mentions analysis]
 13/08/26 15:05:51,369 INFO  [14d2157f-9a09-a821-869f-fd4c2532c7dc@ion-analyzer-20] [AnalyzerMonitor               ] [@] [DG_AJ:DEMO-57:14-158#14-160:2-1] started [DEMO-57:user reaction analysis]
 13/08/26 15:05:51,369 INFO  [14d2157f-9a09-a821-869f-fd4c2532c7dc@ion-analyzer-20] [AbstractAnalyzerJob           ] [@] [DG_AJ:DEMO-57:14-158#14-160:2-1] didn't persist any notification job
 13/08/26 15:05:51,370 INFO  [14d2157f-9a09-a821-869f-fd4c2532c7dc@ion-analyzer-20] [AbstractAnalyzerJob           ] [@] [DG_AJ:DEMO-57:14-161#14-161:2-1] started
 13/08/26 15:05:51,370 INFO  [14d2157f-9a09-a821-869f-fd4c2532c7dc@ion-analyzer-20] [AnalyzerMonitor               ] [@] [DG_AJ:DEMO-57:14-161#14-161:2-1] started [DEMO-57:analysis in state after change]
 13/08/26 15:05:51,372 INFO  [14d2157f-9a09-a821-869f-fd4c2532c7dc@ion-analyzer-20] [AnalyzerMonitor               ] [@] [DG_AJ:DEMO-57:14-161#14-161:2-1] started [DEMO-57:analysis in state before change]
 13/08/26 15:05:51,373 INFO  [14d2157f-9a09-a821-869f-fd4c2532c7dc@ion-analyzer-20] [AnalyzerMonitor               ] [@] [DG_AJ:DEMO-57:14-161#14-161:2-1] started [DEMO-57:user mentions analysis]
 13/08/26 15:05:51,374 INFO  [14d2157f-9a09-a821-869f-fd4c2532c7dc@ion-analyzer-20] [AnalyzerMonitor               ] [@] [DG_AJ:DEMO-57:14-161#14-161:2-1] started [DEMO-57:user reaction analysis]
 13/08/26 15:05:51,375 INFO  [14d2157f-9a09-a821-869f-fd4c2532c7dc@ion-analyzer-20] [AbstractAnalyzerJob           ] [@] [DG_AJ:DEMO-57:14-161#14-161:2-1] didn't persist any notification job
 13/08/26 15:07:21,295 INFO  [d9dd7b90-a71f-090a-9f7e-60f3a736fd6e@sue-analysis-83] [AnalysisDurabilityJob         ] [@] [AD:1786633641294] started, processing PersistentEvent (14-161..14-163]
 13/08/26 15:07:21,299 INFO  [d9dd7b90-a71f-090a-9f7e-60f3a736fd6e@ion-analyzer-21] [AbstractAnalyzerJob           ] [@] [DG_AJ:DEMO-57:14-162#14-162:2-1] started
 13/08/26 15:07:21,299 INFO  [d9dd7b90-a71f-090a-9f7e-60f3a736fd6e@ion-analyzer-21] [AnalyzerMonitor               ] [@] [DG_AJ:DEMO-57:14-162#14-162:2-1] started [DEMO-57:analysis in state after change]
 13/08/26 15:07:21,301 INFO  [d9dd7b90-a71f-090a-9f7e-60f3a736fd6e@ion-analyzer-21] [AnalyzerMonitor               ] [@] [DG_AJ:DEMO-57:14-162#14-162:2-1] started [DEMO-57:analysis in state before change]
 13/08/26 15:07:21,302 INFO  [d9dd7b90-a71f-090a-9f7e-60f3a736fd6e@ion-analyzer-21] [AnalyzerMonitor               ] [@] [DG_AJ:DEMO-57:14-162#14-162:2-1] started [DEMO-57:user mentions analysis]
 13/08/26 15:07:21,303 INFO  [d9dd7b90-a71f-090a-9f7e-60f3a736fd6e@ion-analyzer-21] [AnalyzerMonitor               ] [@] [DG_AJ:DEMO-57:14-162#14-162:2-1] started [DEMO-57:user reaction analysis]
 13/08/26 15:07:21,303 INFO  [d9dd7b90-a71f-090a-9f7e-60f3a736fd6e@ion-analyzer-21] [AbstractAnalyzerJob           ] [@] [DG_AJ:DEMO-57:14-162#14-162:2-1] didn't persist any notification job
 13/08/26 15:07:21,304 INFO  [d9dd7b90-a71f-090a-9f7e-60f3a736fd6e@ion-analyzer-21] [AbstractAnalyzerJob           ] [@] [DG_AJ:DEMO-57:14-163#14-163:2-1] started
 13/08/26 15:07:21,304 INFO  [d9dd7b90-a71f-090a-9f7e-60f3a736fd6e@ion-analyzer-21] [AnalyzerMonitor               ] [@] [DG_AJ:DEMO-57:14-163#14-163:2-1] started [DEMO-57:analysis in state after change]
 13/08/26 15:07:21,305 INFO  [d9dd7b90-a71f-090a-9f7e-60f3a736fd6e@ion-analyzer-21] [AnalyzerMonitor               ] [@] [DG_AJ:DEMO-57:14-163#14-163:2-1] started [DEMO-57:analysis in state before change]
 13/08/26 15:07:21,306 INFO  [d9dd7b90-a71f-090a-9f7e-60f3a736fd6e@ion-analyzer-21] [AnalyzerMonitor               ] [@] [DG_AJ:DEMO-57:14-163#14-163:2-1] started [DEMO-57:user mentions analysis]
 13/08/26 15:07:21,307 INFO  [d9dd7b90-a71f-090a-9f7e-60f3a736fd6e@ion-analyzer-21] [AnalyzerMonitor               ] [@] [DG_AJ:DEMO-57:14-163#14-163:2-1] started [DEMO-57:user reaction analysis]
 13/08/26 15:07:21,307 INFO  [d9dd7b90-a71f-090a-9f7e-60f3a736fd6e@ion-analyzer-21] [AbstractAnalyzerJob           ] [@] [DG_AJ:DEMO-57:14-163#14-163:2-1] didn't persist any notification job
 13/08/26 15:10:21,277 INFO  [118d85ee-1690-70bf-5ad9-1f77100ced2f@sue-analysis-85] [AnalysisDurabilityJob         ] [@] [AD:1786633821277] started, processing PersistentEvent (14-163..14-164]
 13/08/26 15:10:21,280 INFO  [118d85ee-1690-70bf-5ad9-1f77100ced2f@ion-analyzer-22] [AbstractAnalyzerJob           ] [@] [DG_AJ:DEMO-55:14-164#14-164:2-1] started
 13/08/26 15:10:21,280 INFO  [118d85ee-1690-70bf-5ad9-1f77100ced2f@ion-analyzer-22] [AnalyzerMonitor               ] [@] [DG_AJ:DEMO-55:14-164#14-164:2-1] started [DEMO-55:analysis in state after change]
 13/08/26 15:10:21,282 INFO  [118d85ee-1690-70bf-5ad9-1f77100ced2f@ion-analyzer-22] [AnalyzerMonitor               ] [@] [DG_AJ:DEMO-55:14-164#14-164:2-1] started [DEMO-55:analysis in state before change]
 13/08/26 15:10:21,283 INFO  [118d85ee-1690-70bf-5ad9-1f77100ced2f@ion-analyzer-22] [AnalyzerMonitor               ] [@] [DG_AJ:DEMO-55:14-164#14-164:2-1] started [DEMO-55:user mentions analysis]
 13/08/26 15:10:21,283 INFO  [118d85ee-1690-70bf-5ad9-1f77100ced2f@ion-analyzer-22] [AnalyzerMonitor               ] [@] [DG_AJ:DEMO-55:14-164#14-164:2-1] started [DEMO-55:user reaction analysis]
 13/08/26 15:10:21,284 INFO  [118d85ee-1690-70bf-5ad9-1f77100ced2f@ion-analyzer-22] [AbstractAnalyzerJob           ] [@] [DG_AJ:DEMO-55:14-164#14-164:2-1] didn't persist any notification job
 13/08/26 15:13:21,267 WARN  [80fd3ef6-15fe-ddfb-ce50-d4d2c8418807@sue-analysis-87] [AnalysisDurabilityJob         ] [@] [AD:1786634001263] reset, non existing id of last processed event: 14-164
 13/08/26 15:13:21,289 INFO  [80fd3ef6-15fe-ddfb-ce50-d4d2c8418807@sue-analysis-87] [XdDurability                  ] [@] [AID] was reset due to corrupted state during scheduled launch
 13/08/26 15:14:51,258 INFO  [11b2a099-1aed-c496-e688-260f2f66668c@sue-analysis-88] [AnalysisDurabilityJob         ] [@] [AD:1786634091257] started, processing PersistentEvent (14-163..14-166]
 13/08/26 15:14:51,269 INFO  [11b2a099-1aed-c496-e688-260f2f66668c@ion-analyzer-23] [AbstractAnalyzerJob           ] [@] [DG_AJ:DEMO-55:14-166#14-166:2-1] started
 13/08/26 15:14:51,272 INFO  [11b2a099-1aed-c496-e688-260f2f66668c@ion-analyzer-23] [AnalyzerMonitor               ] [@] [DG_AJ:DEMO-55:14-166#14-166:2-1] started [DEMO-55:analysis in state after change]
 13/08/26 15:14:51,286 INFO  [11b2a099-1aed-c496-e688-260f2f66668c@ion-analyzer-23] [AnalyzerMonitor               ] [@] [DG_AJ:DEMO-55:14-166#14-166:2-1] started [DEMO-55:analysis in state before change]
 13/08/26 15:14:51,290 INFO  [11b2a099-1aed-c496-e688-260f2f66668c@ion-analyzer-23] [AnalyzerMonitor               ] [@] [DG_AJ:DEMO-55:14-166#14-166:2-1] started [DEMO-55:user mentions analysis]
 13/08/26 15:14:51,291 INFO  [11b2a099-1aed-c496-e688-260f2f66668c@ion-analyzer-23] [AnalyzerMonitor               ] [@] [DG_AJ:DEMO-55:14-166#14-166:2-1] started [DEMO-55:user reaction analysis]
 13/08/26 15:14:51,293 INFO  [11b2a099-1aed-c496-e688-260f2f66668c@ion-analyzer-23] [AbstractAnalyzerJob           ] [@] [DG_AJ:DEMO-55:14-166#14-166:2-1] didn't persist any notification job
 13/08/26 15:16:21,248 INFO  [0bc6dbd4-e439-f1d9-8282-1550cfb7aced@sue-analysis-89] [AnalysisDurabilityJob         ] [@] [AD:1786634181246] started, processing PersistentEvent (14-166..14-171]
 13/08/26 15:17:51,234 INFO  [88f5026f-f893-c171-b4a2-7f7df5104e9c@sue-analysis-90] [AnalysisDurabilityJob         ] [@] [AD:1786634271234] started, processing PersistentEvent (14-166..14-171]
 13/08/26 15:17:51,241 INFO  [88f5026f-f893-c171-b4a2-7f7df5104e9c@ion-analyzer-24] [AbstractAnalyzerJob           ] [@] [DG_AJ:DEMO-55:14-167#14-167:2-1] started
 13/08/26 15:17:51,241 INFO  [88f5026f-f893-c171-b4a2-7f7df5104e9c@ion-analyzer-24] [AnalyzerMonitor               ] [@] [DG_AJ:DEMO-55:14-167#14-167:2-1] started [DEMO-55:analysis in state after change]
 13/08/26 15:17:51,246 INFO  [88f5026f-f893-c171-b4a2-7f7df5104e9c@ion-analyzer-24] [AnalyzerMonitor               ] [@] [DG_AJ:DEMO-55:14-167#14-167:2-1] started [DEMO-55:analysis in state before change]
 13/08/26 15:17:51,248 INFO  [88f5026f-f893-c171-b4a2-7f7df5104e9c@ion-analyzer-24] [AnalyzerMonitor               ] [@] [DG_AJ:DEMO-55:14-167#14-167:2-1] started [DEMO-55:user mentions analysis]
 13/08/26 15:17:51,249 INFO  [88f5026f-f893-c171-b4a2-7f7df5104e9c@ion-analyzer-24] [AnalyzerMonitor               ] [@] [DG_AJ:DEMO-55:14-167#14-167:2-1] started [DEMO-55:user reaction analysis]
 13/08/26 15:17:51,249 INFO  [88f5026f-f893-c171-b4a2-7f7df5104e9c@ion-analyzer-24] [AbstractAnalyzerJob           ] [@] [DG_AJ:DEMO-55:14-167#14-167:2-1] didn't persist any notification job
 13/08/26 15:17:51,251 INFO  [88f5026f-f893-c171-b4a2-7f7df5104e9c@ion-analyzer-24] [AbstractAnalyzerJob           ] [@] [DG_AJ:DEMO-55:14-168#14-171:2-1] started
 13/08/26 15:17:51,251 INFO  [88f5026f-f893-c171-b4a2-7f7df5104e9c@ion-analyzer-24] [AnalyzerMonitor               ] [@] [DG_AJ:DEMO-55:14-168#14-171:2-1] started [DEMO-55:analysis in state after change]
 13/08/26 15:17:51,253 INFO  [88f5026f-f893-c171-b4a2-7f7df5104e9c@ion-analyzer-24] [AnalyzerMonitor               ] [@] [DG_AJ:DEMO-55:14-168#14-171:2-1] started [DEMO-55:analysis in state before change]
 13/08/26 15:17:51,255 INFO  [88f5026f-f893-c171-b4a2-7f7df5104e9c@ion-analyzer-24] [AnalyzerMonitor               ] [@] [DG_AJ:DEMO-55:14-168#14-171:2-1] started [DEMO-55:user mentions analysis]
 13/08/26 15:17:51,255 INFO  [88f5026f-f893-c171-b4a2-7f7df5104e9c@ion-analyzer-24] [AnalyzerMonitor               ] [@] [DG_AJ:DEMO-55:14-168#14-171:2-1] started [DEMO-55:user reaction analysis]
 13/08/26 15:17:51,256 INFO  [88f5026f-f893-c171-b4a2-7f7df5104e9c@ion-analyzer-24] [AbstractAnalyzerJob           ] [@] [DG_AJ:DEMO-55:14-168#14-171:2-1] didn't persist any notification job
 13/08/26 15:20:51,226 INFO  [548e97fc-c9af-fab9-f4fe-3ebb3847bdbb@sue-analysis-92] [AnalysisDurabilityJob         ] [@] [AD:1786634451221] started, processing PersistentEvent (14-171..14-177]
 13/08/26 15:20:51,269 INFO  [548e97fc-c9af-fab9-f4fe-3ebb3847bdbb@ion-analyzer-25] [AbstractAnalyzerJob           ] [@] [DG_AJ:DEMO-55:14-172#14-172:2-1] started
 13/08/26 15:20:51,273 INFO  [548e97fc-c9af-fab9-f4fe-3ebb3847bdbb@ion-analyzer-25] [AnalyzerMonitor               ] [@] [DG_AJ:DEMO-55:14-172#14-172:2-1] started [DEMO-55:analysis in state after change]
 13/08/26 15:20:51,287 INFO  [548e97fc-c9af-fab9-f4fe-3ebb3847bdbb@ion-analyzer-25] [AnalyzerMonitor               ] [@] [DG_AJ:DEMO-55:14-172#14-172:2-1] started [DEMO-55:analysis in state before change]
 13/08/26 15:20:51,291 INFO  [548e97fc-c9af-fab9-f4fe-3ebb3847bdbb@ion-analyzer-25] [AnalyzerMonitor               ] [@] [DG_AJ:DEMO-55:14-172#14-172:2-1] started [DEMO-55:user mentions analysis]
 13/08/26 15:20:51,292 INFO  [548e97fc-c9af-fab9-f4fe-3ebb3847bdbb@ion-analyzer-25] [AnalyzerMonitor               ] [@] [DG_AJ:DEMO-55:14-172#14-172:2-1] started [DEMO-55:user reaction analysis]
 13/08/26 15:20:51,293 INFO  [548e97fc-c9af-fab9-f4fe-3ebb3847bdbb@ion-analyzer-25] [AbstractAnalyzerJob           ] [@] [DG_AJ:DEMO-55:14-172#14-172:2-1] didn't persist any notification job
 13/08/26 15:20:51,299 INFO  [548e97fc-c9af-fab9-f4fe-3ebb3847bdbb@ion-analyzer-25] [AbstractAnalyzerJob           ] [@] [DG_AJ:DEMO-55:14-173#14-173:2-1] started
 13/08/26 15:20:51,300 INFO  [548e97fc-c9af-fab9-f4fe-3ebb3847bdbb@ion-analyzer-25] [AnalyzerMonitor               ] [@] [DG_AJ:DEMO-55:14-173#14-173:2-1] started [DEMO-55:analysis in state after change]
 13/08/26 15:20:51,303 INFO  [548e97fc-c9af-fab9-f4fe-3ebb3847bdbb@ion-analyzer-25] [AnalyzerMonitor               ] [@] [DG_AJ:DEMO-55:14-173#14-173:2-1] started [DEMO-55:analysis in state before change]
 13/08/26 15:20:51,306 INFO  [548e97fc-c9af-fab9-f4fe-3ebb3847bdbb@ion-analyzer-25] [AnalyzerMonitor               ] [@] [DG_AJ:DEMO-55:14-173#14-173:2-1] started [DEMO-55:user mentions analysis]
 13/08/26 15:20:51,306 INFO  [548e97fc-c9af-fab9-f4fe-3ebb3847bdbb@ion-analyzer-25] [AnalyzerMonitor               ] [@] [DG_AJ:DEMO-55:14-173#14-173:2-1] started [DEMO-55:user reaction analysis]
 13/08/26 15:20:51,307 INFO  [548e97fc-c9af-fab9-f4fe-3ebb3847bdbb@ion-analyzer-25] [AbstractAnalyzerJob           ] [@] [DG_AJ:DEMO-55:14-173#14-173:2-1] didn't persist any notification job
 13/08/26 15:22:21,217 INFO  [db64de82-63a5-0c28-6c13-e7766c0dcb7a@sue-analysis-93] [AnalysisDurabilityJob         ] [@] [AD:1786634541217] started, processing PersistentEvent (14-173..14-177]
 13/08/26 15:22:21,223 INFO  [db64de82-63a5-0c28-6c13-e7766c0dcb7a@ion-analyzer-26] [AbstractAnalyzerJob           ] [@] [DG_AJ:DEMO-58:14-174#14-176:2-1] started
 13/08/26 15:22:21,224 INFO  [db64de82-63a5-0c28-6c13-e7766c0dcb7a@ion-analyzer-26] [AnalyzerMonitor               ] [@] [DG_AJ:DEMO-58:14-174#14-176:2-1] started [DEMO-58:analysis in state after change]
 13/08/26 15:22:21,228 INFO  [db64de82-63a5-0c28-6c13-e7766c0dcb7a@ion-analyzer-26] [AnalyzerMonitor               ] [@] [DG_AJ:DEMO-58:14-174#14-176:2-1] skipped [DEMO-58:analysis in state before change]
 13/08/26 15:22:21,228 INFO  [db64de82-63a5-0c28-6c13-e7766c0dcb7a@ion-analyzer-26] [AnalyzerMonitor               ] [@] [DG_AJ:DEMO-58:14-174#14-176:2-1] started [DEMO-58:user mentions analysis]
 13/08/26 15:22:21,229 INFO  [db64de82-63a5-0c28-6c13-e7766c0dcb7a@ion-analyzer-26] [AnalyzerMonitor               ] [@] [DG_AJ:DEMO-58:14-174#14-176:2-1] started [DEMO-58:user reaction analysis]
 13/08/26 15:22:21,229 INFO  [db64de82-63a5-0c28-6c13-e7766c0dcb7a@ion-analyzer-26] [AbstractAnalyzerJob           ] [@] [DG_AJ:DEMO-58:14-174#14-176:2-1] didn't persist any notification job
 13/08/26 15:22:21,230 INFO  [db64de82-63a5-0c28-6c13-e7766c0dcb7a@ion-analyzer-26] [AbstractAnalyzerJob           ] [@] [DG_AJ:DEMO-58:14-177#14-177:2-1] started
 13/08/26 15:22:21,230 INFO  [db64de82-63a5-0c28-6c13-e7766c0dcb7a@ion-analyzer-26] [AnalyzerMonitor               ] [@] [DG_AJ:DEMO-58:14-177#14-177:2-1] started [DEMO-58:analysis in state after change]
 13/08/26 15:22:21,231 INFO  [db64de82-63a5-0c28-6c13-e7766c0dcb7a@ion-analyzer-26] [AnalyzerMonitor               ] [@] [DG_AJ:DEMO-58:14-177#14-177:2-1] started [DEMO-58:analysis in state before change]
 13/08/26 15:22:21,233 INFO  [db64de82-63a5-0c28-6c13-e7766c0dcb7a@ion-analyzer-26] [AnalyzerMonitor               ] [@] [DG_AJ:DEMO-58:14-177#14-177:2-1] started [DEMO-58:user mentions analysis]
 13/08/26 15:22:21,234 INFO  [db64de82-63a5-0c28-6c13-e7766c0dcb7a@ion-analyzer-26] [AnalyzerMonitor               ] [@] [DG_AJ:DEMO-58:14-177#14-177:2-1] started [DEMO-58:user reaction analysis]
 13/08/26 15:22:21,234 INFO  [db64de82-63a5-0c28-6c13-e7766c0dcb7a@ion-analyzer-26] [AbstractAnalyzerJob           ] [@] [DG_AJ:DEMO-58:14-177#14-177:2-1] didn't persist any notification job
 13/08/26 15:23:51,207 INFO  [19b9f959-c9b8-9fd8-3707-8310772e72c9@sue-analysis-94] [AnalysisDurabilityJob         ] [@] [AD:1786634631205] started, processing PersistentEvent (14-177..14-180]
 13/08/26 15:25:21,202 INFO  [9a85927e-f4d2-fe4a-8306-29c3a44592da@sue-analysis-95] [AnalysisDurabilityJob         ] [@] [AD:1786634721202] started, processing PersistentEvent (14-177..14-186]
 13/08/26 15:25:21,213 INFO  [9a85927e-f4d2-fe4a-8306-29c3a44592da@ion-analyzer-27] [AbstractAnalyzerJob           ] [@] [DG_AJ:DEMO-58:14-180#14-180:2-1] started
 13/08/26 15:25:21,213 INFO  [9a85927e-f4d2-fe4a-8306-29c3a44592da@ion-analyzer-27] [AnalyzerMonitor               ] [@] [DG_AJ:DEMO-58:14-180#14-180:2-1] started [DEMO-58:analysis in state after change]
 13/08/26 15:25:21,218 INFO  [9a85927e-f4d2-fe4a-8306-29c3a44592da@ion-analyzer-27] [AnalyzerMonitor               ] [@] [DG_AJ:DEMO-58:14-180#14-180:2-1] started [DEMO-58:analysis in state before change]
 13/08/26 15:25:21,220 INFO  [9a85927e-f4d2-fe4a-8306-29c3a44592da@ion-analyzer-27] [AnalyzerMonitor               ] [@] [DG_AJ:DEMO-58:14-180#14-180:2-1] started [DEMO-58:user mentions analysis]
 13/08/26 15:25:21,221 INFO  [9a85927e-f4d2-fe4a-8306-29c3a44592da@ion-analyzer-27] [AnalyzerMonitor               ] [@] [DG_AJ:DEMO-58:14-180#14-180:2-1] started [DEMO-58:user reaction analysis]
 13/08/26 15:25:21,222 INFO  [9a85927e-f4d2-fe4a-8306-29c3a44592da@ion-analyzer-27] [AbstractAnalyzerJob           ] [@] [DG_AJ:DEMO-58:14-180#14-180:2-1] didn't persist any notification job
 13/08/26 15:25:21,223 INFO  [9a85927e-f4d2-fe4a-8306-29c3a44592da@ion-analyzer-27] [AbstractAnalyzerJob           ] [@] [DG_AJ:DEMO-58:14-181#14-181:2-1] started
 13/08/26 15:25:21,224 INFO  [9a85927e-f4d2-fe4a-8306-29c3a44592da@ion-analyzer-27] [AnalyzerMonitor               ] [@] [DG_AJ:DEMO-58:14-181#14-181:2-1] started [DEMO-58:analysis in state after change]
 13/08/26 15:25:21,225 INFO  [9a85927e-f4d2-fe4a-8306-29c3a44592da@ion-analyzer-27] [AnalyzerMonitor               ] [@] [DG_AJ:DEMO-58:14-181#14-181:2-1] started [DEMO-58:analysis in state before change]
 13/08/26 15:25:21,228 INFO  [9a85927e-f4d2-fe4a-8306-29c3a44592da@ion-analyzer-27] [AnalyzerMonitor               ] [@] [DG_AJ:DEMO-58:14-181#14-181:2-1] started [DEMO-58:user mentions analysis]
 13/08/26 15:25:21,228 INFO  [9a85927e-f4d2-fe4a-8306-29c3a44592da@ion-analyzer-27] [AnalyzerMonitor               ] [@] [DG_AJ:DEMO-58:14-181#14-181:2-1] started [DEMO-58:user reaction analysis]
 13/08/26 15:25:21,229 INFO  [9a85927e-f4d2-fe4a-8306-29c3a44592da@ion-analyzer-27] [AbstractAnalyzerJob           ] [@] [DG_AJ:DEMO-58:14-181#14-181:2-1] didn't persist any notification job
 13/08/26 15:25:21,230 INFO  [9a85927e-f4d2-fe4a-8306-29c3a44592da@ion-analyzer-27] [AbstractAnalyzerJob           ] [@] [DG_AJ:DEMO-58:14-182#14-182:2-1] started
 13/08/26 15:25:21,231 INFO  [9a85927e-f4d2-fe4a-8306-29c3a44592da@ion-analyzer-27] [AnalyzerMonitor               ] [@] [DG_AJ:DEMO-58:14-182#14-182:2-1] started [DEMO-58:analysis in state after change]
 13/08/26 15:25:21,233 INFO  [9a85927e-f4d2-fe4a-8306-29c3a44592da@ion-analyzer-27] [AnalyzerMonitor               ] [@] [DG_AJ:DEMO-58:14-182#14-182:2-1] started [DEMO-58:analysis in state before change]
 13/08/26 15:25:21,235 INFO  [9a85927e-f4d2-fe4a-8306-29c3a44592da@ion-analyzer-27] [AnalyzerMonitor               ] [@] [DG_AJ:DEMO-58:14-182#14-182:2-1] started [DEMO-58:user mentions analysis]
 13/08/26 15:25:21,236 INFO  [9a85927e-f4d2-fe4a-8306-29c3a44592da@ion-analyzer-27] [AnalyzerMonitor               ] [@] [DG_AJ:DEMO-58:14-182#14-182:2-1] started [DEMO-58:user reaction analysis]
 13/08/26 15:25:21,236 INFO  [9a85927e-f4d2-fe4a-8306-29c3a44592da@ion-analyzer-27] [AbstractAnalyzerJob           ] [@] [DG_AJ:DEMO-58:14-182#14-182:2-1] didn't persist any notification job
 13/08/26 15:26:51,192 INFO  [dce79936-1060-7bb5-6351-9b71eb350de1@sue-analysis-96] [AnalysisDurabilityJob         ] [@] [AD:1786634811192] started, processing PersistentEvent (14-182..14-186]
 13/08/26 15:26:51,201 INFO  [dce79936-1060-7bb5-6351-9b71eb350de1@ion-analyzer-28] [AbstractAnalyzerJob           ] [@] [DG_AJ:DEMO-59:14-183#14-185:2-1] started
 13/08/26 15:26:51,201 INFO  [dce79936-1060-7bb5-6351-9b71eb350de1@ion-analyzer-28] [AnalyzerMonitor               ] [@] [DG_AJ:DEMO-59:14-183#14-185:2-1] started [DEMO-59:analysis in state after change]
 13/08/26 15:26:51,208 INFO  [dce79936-1060-7bb5-6351-9b71eb350de1@ion-analyzer-28] [AnalyzerMonitor               ] [@] [DG_AJ:DEMO-59:14-183#14-185:2-1] skipped [DEMO-59:analysis in state before change]
 13/08/26 15:26:51,208 INFO  [dce79936-1060-7bb5-6351-9b71eb350de1@ion-analyzer-28] [AnalyzerMonitor               ] [@] [DG_AJ:DEMO-59:14-183#14-185:2-1] started [DEMO-59:user mentions analysis]
 13/08/26 15:26:51,209 INFO  [dce79936-1060-7bb5-6351-9b71eb350de1@ion-analyzer-28] [AnalyzerMonitor               ] [@] [DG_AJ:DEMO-59:14-183#14-185:2-1] started [DEMO-59:user reaction analysis]
 13/08/26 15:26:51,209 INFO  [dce79936-1060-7bb5-6351-9b71eb350de1@ion-analyzer-28] [AbstractAnalyzerJob           ] [@] [DG_AJ:DEMO-59:14-183#14-185:2-1] didn't persist any notification job
 13/08/26 15:26:51,210 INFO  [dce79936-1060-7bb5-6351-9b71eb350de1@ion-analyzer-28] [AbstractAnalyzerJob           ] [@] [DG_AJ:DEMO-59:14-186#14-186:2-1] started
 13/08/26 15:26:51,210 INFO  [dce79936-1060-7bb5-6351-9b71eb350de1@ion-analyzer-28] [AnalyzerMonitor               ] [@] [DG_AJ:DEMO-59:14-186#14-186:2-1] started [DEMO-59:analysis in state after change]
 13/08/26 15:26:51,211 INFO  [dce79936-1060-7bb5-6351-9b71eb350de1@ion-analyzer-28] [AnalyzerMonitor               ] [@] [DG_AJ:DEMO-59:14-186#14-186:2-1] started [DEMO-59:analysis in state before change]
 13/08/26 15:26:51,213 INFO  [dce79936-1060-7bb5-6351-9b71eb350de1@ion-analyzer-28] [AnalyzerMonitor               ] [@] [DG_AJ:DEMO-59:14-186#14-186:2-1] started [DEMO-59:user mentions analysis]
 13/08/26 15:26:51,213 INFO  [dce79936-1060-7bb5-6351-9b71eb350de1@ion-analyzer-28] [AnalyzerMonitor               ] [@] [DG_AJ:DEMO-59:14-186#14-186:2-1] started [DEMO-59:user reaction analysis]
 13/08/26 15:26:51,213 INFO  [dce79936-1060-7bb5-6351-9b71eb350de1@ion-analyzer-28] [AbstractAnalyzerJob           ] [@] [DG_AJ:DEMO-59:14-186#14-186:2-1] didn't persist any notification job
 13/08/26 15:29:51,184 INFO  [9a989d3b-f2d3-aa09-0816-1c9c42a6ca9f@sue-analysis-98] [AnalysisDurabilityJob         ] [@] [AD:1786634991183] started, processing PersistentEvent (14-186..14-188]
 13/08/26 15:31:21,176 INFO  [45b3f874-1450-9d1b-f97f-52e277bc784f@sue-analysis-99] [AnalysisDurabilityJob         ] [@] [AD:1786635081175] started, processing PersistentEvent (14-186..14-188]
 13/08/26 15:31:21,181 INFO  [45b3f874-1450-9d1b-f97f-52e277bc784f@ion-analyzer-29] [AbstractAnalyzerJob           ] [@] [DG_AJ:DEMO-59:14-187#14-187:2-1] started
 13/08/26 15:31:21,181 INFO  [45b3f874-1450-9d1b-f97f-52e277bc784f@ion-analyzer-29] [AnalyzerMonitor               ] [@] [DG_AJ:DEMO-59:14-187#14-187:2-1] started [DEMO-59:analysis in state after change]
 13/08/26 15:31:21,192 INFO  [45b3f874-1450-9d1b-f97f-52e277bc784f@ion-analyzer-29] [AnalyzerMonitor               ] [@] [DG_AJ:DEMO-59:14-187#14-187:2-1] started [DEMO-59:analysis in state before change]
 13/08/26 15:31:21,198 INFO  [45b3f874-1450-9d1b-f97f-52e277bc784f@ion-analyzer-29] [AnalyzerMonitor               ] [@] [DG_AJ:DEMO-59:14-187#14-187:2-1] started [DEMO-59:user mentions analysis]
 13/08/26 15:31:21,200 INFO  [45b3f874-1450-9d1b-f97f-52e277bc784f@ion-analyzer-29] [AnalyzerMonitor               ] [@] [DG_AJ:DEMO-59:14-187#14-187:2-1] started [DEMO-59:user reaction analysis]
 13/08/26 15:31:21,202 INFO  [45b3f874-1450-9d1b-f97f-52e277bc784f@ion-analyzer-29] [AbstractAnalyzerJob           ] [@] [DG_AJ:DEMO-59:14-187#14-187:2-1] didn't persist any notification job
 13/08/26 15:31:21,209 INFO  [45b3f874-1450-9d1b-f97f-52e277bc784f@ion-analyzer-29] [AbstractAnalyzerJob           ] [@] [DG_AJ:DEMO-59:14-188#14-188:2-1] started
 13/08/26 15:31:21,211 INFO  [45b3f874-1450-9d1b-f97f-52e277bc784f@ion-analyzer-29] [AnalyzerMonitor               ] [@] [DG_AJ:DEMO-59:14-188#14-188:2-1] started [DEMO-59:analysis in state after change]
 13/08/26 15:31:21,216 INFO  [45b3f874-1450-9d1b-f97f-52e277bc784f@ion-analyzer-29] [AnalyzerMonitor               ] [@] [DG_AJ:DEMO-59:14-188#14-188:2-1] started [DEMO-59:analysis in state before change]
 13/08/26 15:31:21,222 INFO  [45b3f874-1450-9d1b-f97f-52e277bc784f@ion-analyzer-29] [AnalyzerMonitor               ] [@] [DG_AJ:DEMO-59:14-188#14-188:2-1] started [DEMO-59:user mentions analysis]
 13/08/26 15:31:21,224 INFO  [45b3f874-1450-9d1b-f97f-52e277bc784f@ion-analyzer-29] [AnalyzerMonitor               ] [@] [DG_AJ:DEMO-59:14-188#14-188:2-1] started [DEMO-59:user reaction analysis]
 13/08/26 15:31:21,225 INFO  [45b3f874-1450-9d1b-f97f-52e277bc784f@ion-analyzer-29] [AbstractAnalyzerJob           ] [@] [DG_AJ:DEMO-59:14-188#14-188:2-1] didn't persist any notification job
 13/08/26 16:05:50,924 INFO  [4dc7094c-9ab9-42bc-b952-1dea8e74cbbc@ue-analysis-122] [AnalysisDurabilityJob         ] [@] [AD:1786637150924] started, processing PersistentEvent (14-188..14-189]
 13/08/26 16:07:20,925 INFO  [85c17a22-ae28-ecce-c454-86c663452f2a@ue-analysis-123] [AnalysisDurabilityJob         ] [@] [AD:1786637240922] started, processing PersistentEvent (14-188..14-189]
 13/08/26 16:07:20,969 INFO  [85c17a22-ae28-ecce-c454-86c663452f2a@ion-analyzer-30] [AbstractAnalyzerJob           ] [@] [DG_AJ:DEMO-59:14-189#14-189:2-1] started
 13/08/26 16:07:20,975 INFO  [85c17a22-ae28-ecce-c454-86c663452f2a@ion-analyzer-30] [AnalyzerMonitor               ] [@] [DG_AJ:DEMO-59:14-189#14-189:2-1] started [DEMO-59:analysis in state after change]
 13/08/26 16:07:21,011 INFO  [85c17a22-ae28-ecce-c454-86c663452f2a@ion-analyzer-30] [AnalyzerMonitor               ] [@] [DG_AJ:DEMO-59:14-189#14-189:2-1] started [DEMO-59:analysis in state before change]
 13/08/26 16:07:21,019 INFO  [85c17a22-ae28-ecce-c454-86c663452f2a@ion-analyzer-30] [AnalyzerMonitor               ] [@] [DG_AJ:DEMO-59:14-189#14-189:2-1] started [DEMO-59:user mentions analysis]
 13/08/26 16:07:21,021 INFO  [85c17a22-ae28-ecce-c454-86c663452f2a@ion-analyzer-30] [AnalyzerMonitor               ] [@] [DG_AJ:DEMO-59:14-189#14-189:2-1] started [DEMO-59:user reaction analysis]
 13/08/26 16:07:21,023 INFO  [85c17a22-ae28-ecce-c454-86c663452f2a@ion-analyzer-30] [AbstractAnalyzerJob           ] [@] [DG_AJ:DEMO-59:14-189#14-189:2-1] didn't persist any notification job
 13/08/26 16:13:20,942 INFO  [d971583a-2bea-d4d6-fcc4-d22fd22007dd@ue-analysis-127] [AnalysisDurabilityJob         ] [@] [AD:1786637600942] started, processing PersistentEvent (14-189..14-191]
 13/08/26 16:14:50,935 INFO  [968a0485-f4e7-f145-5168-545195f46c2d@ue-analysis-128] [AnalysisDurabilityJob         ] [@] [AD:1786637690934] started, processing PersistentEvent (14-189..14-191]
 13/08/26 16:14:50,950 INFO  [968a0485-f4e7-f145-5168-545195f46c2d@ion-analyzer-31] [AbstractAnalyzerJob           ] [@] [DG_AJ:DEMO-59:14-190#14-190:2-1] started
 13/08/26 16:14:50,951 INFO  [968a0485-f4e7-f145-5168-545195f46c2d@ion-analyzer-31] [AnalyzerMonitor               ] [@] [DG_AJ:DEMO-59:14-190#14-190:2-1] started [DEMO-59:analysis in state after change]
 13/08/26 16:14:50,964 INFO  [968a0485-f4e7-f145-5168-545195f46c2d@ion-analyzer-31] [AnalyzerMonitor               ] [@] [DG_AJ:DEMO-59:14-190#14-190:2-1] started [DEMO-59:analysis in state before change]
 13/08/26 16:14:50,968 INFO  [968a0485-f4e7-f145-5168-545195f46c2d@ion-analyzer-31] [AnalyzerMonitor               ] [@] [DG_AJ:DEMO-59:14-190#14-190:2-1] started [DEMO-59:user mentions analysis]
 13/08/26 16:14:50,969 INFO  [968a0485-f4e7-f145-5168-545195f46c2d@ion-analyzer-31] [AnalyzerMonitor               ] [@] [DG_AJ:DEMO-59:14-190#14-190:2-1] started [DEMO-59:user reaction analysis]
 13/08/26 16:14:50,970 INFO  [968a0485-f4e7-f145-5168-545195f46c2d@ion-analyzer-31] [AbstractAnalyzerJob           ] [@] [DG_AJ:DEMO-59:14-190#14-190:2-1] didn't persist any notification job
 13/08/26 16:14:50,973 INFO  [968a0485-f4e7-f145-5168-545195f46c2d@ion-analyzer-31] [AbstractAnalyzerJob           ] [@] [DG_AJ:DEMO-59:14-191#14-191:2-1] started
 13/08/26 16:14:50,974 INFO  [968a0485-f4e7-f145-5168-545195f46c2d@ion-analyzer-31] [AnalyzerMonitor               ] [@] [DG_AJ:DEMO-59:14-191#14-191:2-1] started [DEMO-59:analysis in state after change]
 13/08/26 16:14:50,976 INFO  [968a0485-f4e7-f145-5168-545195f46c2d@ion-analyzer-31] [AnalyzerMonitor               ] [@] [DG_AJ:DEMO-59:14-191#14-191:2-1] started [DEMO-59:analysis in state before change]
 13/08/26 16:14:50,980 INFO  [968a0485-f4e7-f145-5168-545195f46c2d@ion-analyzer-31] [AnalyzerMonitor               ] [@] [DG_AJ:DEMO-59:14-191#14-191:2-1] started [DEMO-59:user mentions analysis]
 13/08/26 16:14:50,981 INFO  [968a0485-f4e7-f145-5168-545195f46c2d@ion-analyzer-31] [AnalyzerMonitor               ] [@] [DG_AJ:DEMO-59:14-191#14-191:2-1] started [DEMO-59:user reaction analysis]
 13/08/26 16:14:50,981 INFO  [968a0485-f4e7-f145-5168-545195f46c2d@ion-analyzer-31] [AbstractAnalyzerJob           ] [@] [DG_AJ:DEMO-59:14-191#14-191:2-1] didn't persist any notification job
 13/08/26 16:17:50,919 INFO  [6c85e53c-db94-0c2f-e5c8-3d846197de12@ue-analysis-130] [AnalysisDurabilityJob         ] [@] [AD:1786637870918] started, processing PersistentEvent (14-191..14-193]
 13/08/26 16:19:20,907 INFO  [7eb4975e-b4cc-26e0-7c29-aaab53fa5a8b@ue-analysis-131] [AnalysisDurabilityJob         ] [@] [AD:1786637960907] started, processing PersistentEvent (14-191..14-193]
 13/08/26 16:19:20,923 INFO  [7eb4975e-b4cc-26e0-7c29-aaab53fa5a8b@ion-analyzer-32] [AbstractAnalyzerJob           ] [@] [DG_AJ:DEMO-59:14-192#14-192:2-1] started
 13/08/26 16:19:20,925 INFO  [7eb4975e-b4cc-26e0-7c29-aaab53fa5a8b@ion-analyzer-32] [AnalyzerMonitor               ] [@] [DG_AJ:DEMO-59:14-192#14-192:2-1] started [DEMO-59:analysis in state after change]
 13/08/26 16:19:20,934 INFO  [7eb4975e-b4cc-26e0-7c29-aaab53fa5a8b@ion-analyzer-32] [AnalyzerMonitor               ] [@] [DG_AJ:DEMO-59:14-192#14-192:2-1] started [DEMO-59:analysis in state before change]
 13/08/26 16:19:20,936 INFO  [7eb4975e-b4cc-26e0-7c29-aaab53fa5a8b@ion-analyzer-32] [AnalyzerMonitor               ] [@] [DG_AJ:DEMO-59:14-192#14-192:2-1] started [DEMO-59:user mentions analysis]
 13/08/26 16:19:20,936 INFO  [7eb4975e-b4cc-26e0-7c29-aaab53fa5a8b@ion-analyzer-32] [AnalyzerMonitor               ] [@] [DG_AJ:DEMO-59:14-192#14-192:2-1] started [DEMO-59:user reaction analysis]
 13/08/26 16:19:20,937 INFO  [7eb4975e-b4cc-26e0-7c29-aaab53fa5a8b@ion-analyzer-32] [AbstractAnalyzerJob           ] [@] [DG_AJ:DEMO-59:14-192#14-192:2-1] didn't persist any notification job
 13/08/26 16:19:20,938 INFO  [7eb4975e-b4cc-26e0-7c29-aaab53fa5a8b@ion-analyzer-32] [AbstractAnalyzerJob           ] [@] [DG_AJ:DEMO-59:14-193#14-193:2-1] started
 13/08/26 16:19:20,938 INFO  [7eb4975e-b4cc-26e0-7c29-aaab53fa5a8b@ion-analyzer-32] [AnalyzerMonitor               ] [@] [DG_AJ:DEMO-59:14-193#14-193:2-1] started [DEMO-59:analysis in state after change]
 13/08/26 16:19:20,940 INFO  [7eb4975e-b4cc-26e0-7c29-aaab53fa5a8b@ion-analyzer-32] [AnalyzerMonitor               ] [@] [DG_AJ:DEMO-59:14-193#14-193:2-1] started [DEMO-59:analysis in state before change]
 13/08/26 16:19:20,941 INFO  [7eb4975e-b4cc-26e0-7c29-aaab53fa5a8b@ion-analyzer-32] [AnalyzerMonitor               ] [@] [DG_AJ:DEMO-59:14-193#14-193:2-1] started [DEMO-59:user mentions analysis]
 13/08/26 16:19:20,941 INFO  [7eb4975e-b4cc-26e0-7c29-aaab53fa5a8b@ion-analyzer-32] [AnalyzerMonitor               ] [@] [DG_AJ:DEMO-59:14-193#14-193:2-1] started [DEMO-59:user reaction analysis]
 13/08/26 16:19:20,942 INFO  [7eb4975e-b4cc-26e0-7c29-aaab53fa5a8b@ion-analyzer-32] [AbstractAnalyzerJob           ] [@] [DG_AJ:DEMO-59:14-193#14-193:2-1] didn't persist any notification job
 13/08/26 16:20:50,915 INFO  [ccc851f1-e8fd-18bf-3b6c-dee6dcaccfc2@ue-analysis-132] [AnalysisDurabilityJob         ] [@] [AD:1786638050906] started, processing PersistentEvent (14-193..14-194]
 13/08/26 16:22:20,898 INFO  [d0295aa4-d165-6b30-a451-0aa069a65169@ue-analysis-133] [AnalysisDurabilityJob         ] [@] [AD:1786638140897] started, processing PersistentEvent (14-193..14-194]
 13/08/26 16:22:20,917 INFO  [d0295aa4-d165-6b30-a451-0aa069a65169@ion-analyzer-33] [AbstractAnalyzerJob           ] [@] [DG_AJ:DEMO-59:14-194#14-194:2-1] started
 13/08/26 16:22:20,918 INFO  [d0295aa4-d165-6b30-a451-0aa069a65169@ion-analyzer-33] [AnalyzerMonitor               ] [@] [DG_AJ:DEMO-59:14-194#14-194:2-1] started [DEMO-59:analysis in state after change]
 13/08/26 16:22:20,924 INFO  [d0295aa4-d165-6b30-a451-0aa069a65169@ion-analyzer-33] [AnalyzerMonitor               ] [@] [DG_AJ:DEMO-59:14-194#14-194:2-1] started [DEMO-59:analysis in state before change]
 13/08/26 16:22:20,926 INFO  [d0295aa4-d165-6b30-a451-0aa069a65169@ion-analyzer-33] [AnalyzerMonitor               ] [@] [DG_AJ:DEMO-59:14-194#14-194:2-1] started [DEMO-59:user mentions analysis]
 13/08/26 16:22:20,927 INFO  [d0295aa4-d165-6b30-a451-0aa069a65169@ion-analyzer-33] [AnalyzerMonitor               ] [@] [DG_AJ:DEMO-59:14-194#14-194:2-1] started [DEMO-59:user reaction analysis]
 13/08/26 16:22:20,928 INFO  [d0295aa4-d165-6b30-a451-0aa069a65169@ion-analyzer-33] [AbstractAnalyzerJob           ] [@] [DG_AJ:DEMO-59:14-194#14-194:2-1] didn't persist any notification job
 13/08/26 16:26:50,870 INFO  [b3d7b7de-14cd-df17-be0e-ea704145939d@ue-analysis-136] [AnalysisDurabilityJob         ] [@] [AD:1786638410868] started, processing PersistentEvent (14-194..14-197]
 13/08/26 16:28:20,862 INFO  [d064fa1c-17aa-11a9-c25f-4061baa9cd94@ue-analysis-137] [AnalysisDurabilityJob         ] [@] [AD:1786638500861] started, processing PersistentEvent (14-194..14-197]
 13/08/26 16:28:20,883 INFO  [d064fa1c-17aa-11a9-c25f-4061baa9cd94@ion-analyzer-34] [AbstractAnalyzerJob           ] [@] [DG_AJ:DEMO-59:14-195#14-195:2-1] started
 13/08/26 16:28:20,887 INFO  [d064fa1c-17aa-11a9-c25f-4061baa9cd94@ion-analyzer-34] [AnalyzerMonitor               ] [@] [DG_AJ:DEMO-59:14-195#14-195:2-1] started [DEMO-59:analysis in state after change]
 13/08/26 16:28:20,908 INFO  [d064fa1c-17aa-11a9-c25f-4061baa9cd94@ion-analyzer-34] [AnalyzerMonitor               ] [@] [DG_AJ:DEMO-59:14-195#14-195:2-1] started [DEMO-59:analysis in state before change]
 13/08/26 16:28:20,920 INFO  [d064fa1c-17aa-11a9-c25f-4061baa9cd94@ion-analyzer-34] [AnalyzerMonitor               ] [@] [DG_AJ:DEMO-59:14-195#14-195:2-1] started [DEMO-59:user mentions analysis]
 13/08/26 16:28:20,922 INFO  [d064fa1c-17aa-11a9-c25f-4061baa9cd94@ion-analyzer-34] [AnalyzerMonitor               ] [@] [DG_AJ:DEMO-59:14-195#14-195:2-1] started [DEMO-59:user reaction analysis]
 13/08/26 16:28:20,924 INFO  [d064fa1c-17aa-11a9-c25f-4061baa9cd94@ion-analyzer-34] [AbstractAnalyzerJob           ] [@] [DG_AJ:DEMO-59:14-195#14-195:2-1] didn't persist any notification job
 13/08/26 16:28:20,926 INFO  [d064fa1c-17aa-11a9-c25f-4061baa9cd94@ion-analyzer-34] [AbstractAnalyzerJob           ] [@] [DG_AJ:DEMO-59:14-196#14-196:2-1] started
 13/08/26 16:28:20,927 INFO  [d064fa1c-17aa-11a9-c25f-4061baa9cd94@ion-analyzer-34] [AnalyzerMonitor               ] [@] [DG_AJ:DEMO-59:14-196#14-196:2-1] started [DEMO-59:analysis in state after change]
 13/08/26 16:28:20,929 INFO  [d064fa1c-17aa-11a9-c25f-4061baa9cd94@ion-analyzer-34] [AnalyzerMonitor               ] [@] [DG_AJ:DEMO-59:14-196#14-196:2-1] started [DEMO-59:analysis in state before change]
 13/08/26 16:28:20,932 INFO  [d064fa1c-17aa-11a9-c25f-4061baa9cd94@ion-analyzer-34] [AnalyzerMonitor               ] [@] [DG_AJ:DEMO-59:14-196#14-196:2-1] started [DEMO-59:user mentions analysis]
 13/08/26 16:28:20,933 INFO  [d064fa1c-17aa-11a9-c25f-4061baa9cd94@ion-analyzer-34] [AnalyzerMonitor               ] [@] [DG_AJ:DEMO-59:14-196#14-196:2-1] started [DEMO-59:user reaction analysis]
 13/08/26 16:28:20,933 INFO  [d064fa1c-17aa-11a9-c25f-4061baa9cd94@ion-analyzer-34] [AbstractAnalyzerJob           ] [@] [DG_AJ:DEMO-59:14-196#14-196:2-1] didn't persist any notification job
 13/08/26 16:28:20,935 INFO  [d064fa1c-17aa-11a9-c25f-4061baa9cd94@ion-analyzer-34] [AbstractAnalyzerJob           ] [@] [DG_AJ:DEMO-59:14-197#14-197:2-1] started
 13/08/26 16:28:20,935 INFO  [d064fa1c-17aa-11a9-c25f-4061baa9cd94@ion-analyzer-34] [AnalyzerMonitor               ] [@] [DG_AJ:DEMO-59:14-197#14-197:2-1] started [DEMO-59:analysis in state after change]
 13/08/26 16:28:20,937 INFO  [d064fa1c-17aa-11a9-c25f-4061baa9cd94@ion-analyzer-34] [AnalyzerMonitor               ] [@] [DG_AJ:DEMO-59:14-197#14-197:2-1] started [DEMO-59:analysis in state before change]
 13/08/26 16:28:20,940 INFO  [d064fa1c-17aa-11a9-c25f-4061baa9cd94@ion-analyzer-34] [AnalyzerMonitor               ] [@] [DG_AJ:DEMO-59:14-197#14-197:2-1] started [DEMO-59:user mentions analysis]
 13/08/26 16:28:20,940 INFO  [d064fa1c-17aa-11a9-c25f-4061baa9cd94@ion-analyzer-34] [AnalyzerMonitor               ] [@] [DG_AJ:DEMO-59:14-197#14-197:2-1] started [DEMO-59:user reaction analysis]
 13/08/26 16:28:20,940 INFO  [d064fa1c-17aa-11a9-c25f-4061baa9cd94@ion-analyzer-34] [AbstractAnalyzerJob           ] [@] [DG_AJ:DEMO-59:14-197#14-197:2-1] didn't persist any notification job
 13/08/26 16:29:50,855 INFO  [b3cc5c33-e753-469c-be1b-d9b523fe75a9@ue-analysis-138] [AnalysisDurabilityJob         ] [@] [AD:1786638590854] started, processing PersistentEvent (14-197..14-199]
 13/08/26 16:29:50,862 INFO  [b3cc5c33-e753-469c-be1b-d9b523fe75a9@ion-analyzer-35] [AbstractAnalyzerJob           ] [@] [DG_AJ:DEMO-59:14-198#14-198:2-1] started
 13/08/26 16:29:50,863 INFO  [b3cc5c33-e753-469c-be1b-d9b523fe75a9@ion-analyzer-35] [AnalyzerMonitor               ] [@] [DG_AJ:DEMO-59:14-198#14-198:2-1] started [DEMO-59:analysis in state after change]
 13/08/26 16:29:50,868 INFO  [b3cc5c33-e753-469c-be1b-d9b523fe75a9@ion-analyzer-35] [AnalyzerMonitor               ] [@] [DG_AJ:DEMO-59:14-198#14-198:2-1] started [DEMO-59:analysis in state before change]
 13/08/26 16:29:50,871 INFO  [b3cc5c33-e753-469c-be1b-d9b523fe75a9@ion-analyzer-35] [AnalyzerMonitor               ] [@] [DG_AJ:DEMO-59:14-198#14-198:2-1] started [DEMO-59:user mentions analysis]
 13/08/26 16:29:50,872 INFO  [b3cc5c33-e753-469c-be1b-d9b523fe75a9@ion-analyzer-35] [AnalyzerMonitor               ] [@] [DG_AJ:DEMO-59:14-198#14-198:2-1] started [DEMO-59:user reaction analysis]
 13/08/26 16:29:50,872 INFO  [b3cc5c33-e753-469c-be1b-d9b523fe75a9@ion-analyzer-35] [AbstractAnalyzerJob           ] [@] [DG_AJ:DEMO-59:14-198#14-198:2-1] didn't persist any notification job
 13/08/26 16:31:20,846 INFO  [b55dffde-4a2d-3d03-d4f7-8bfe68efc3ed@ue-analysis-139] [AnalysisDurabilityJob         ] [@] [AD:1786638680844] started, processing PersistentEvent (14-198..14-199]
 13/08/26 16:31:20,869 INFO  [b55dffde-4a2d-3d03-d4f7-8bfe68efc3ed@ion-analyzer-36] [AbstractAnalyzerJob           ] [@] [DG_AJ:DEMO-59:14-199#14-199:2-1] started
 13/08/26 16:31:20,872 INFO  [b55dffde-4a2d-3d03-d4f7-8bfe68efc3ed@ion-analyzer-36] [AnalyzerMonitor               ] [@] [DG_AJ:DEMO-59:14-199#14-199:2-1] started [DEMO-59:analysis in state after change]
 13/08/26 16:31:20,892 INFO  [b55dffde-4a2d-3d03-d4f7-8bfe68efc3ed@ion-analyzer-36] [AnalyzerMonitor               ] [@] [DG_AJ:DEMO-59:14-199#14-199:2-1] started [DEMO-59:analysis in state before change]
 13/08/26 16:31:20,904 INFO  [b55dffde-4a2d-3d03-d4f7-8bfe68efc3ed@ion-analyzer-36] [AnalyzerMonitor               ] [@] [DG_AJ:DEMO-59:14-199#14-199:2-1] started [DEMO-59:user mentions analysis]
 13/08/26 16:31:20,906 INFO  [b55dffde-4a2d-3d03-d4f7-8bfe68efc3ed@ion-analyzer-36] [AnalyzerMonitor               ] [@] [DG_AJ:DEMO-59:14-199#14-199:2-1] started [DEMO-59:user reaction analysis]
 13/08/26 16:31:20,912 INFO  [b55dffde-4a2d-3d03-d4f7-8bfe68efc3ed@ion-analyzer-36] [AbstractAnalyzerJob           ] [@] [DG_AJ:DEMO-59:14-199#14-199:2-1] didn't persist any notification job
 13/08/26 16:34:20,819 INFO  [5ea76578-0b9c-474e-3177-ab7d510df538@ue-analysis-141] [AnalysisDurabilityJob         ] [@] [AD:1786638860818] started, processing PersistentEvent (14-199..14-200]
 13/08/26 16:35:50,807 INFO  [3cf7c100-5fee-cebb-f0cf-849957616dc8@ue-analysis-142] [AnalysisDurabilityJob         ] [@] [AD:1786638950806] started, processing PersistentEvent (14-199..14-200]
 13/08/26 16:35:50,840 INFO  [3cf7c100-5fee-cebb-f0cf-849957616dc8@ion-analyzer-37] [AbstractAnalyzerJob           ] [@] [DG_AJ:DEMO-59:14-200#14-200:2-1] started
 13/08/26 16:35:50,848 INFO  [3cf7c100-5fee-cebb-f0cf-849957616dc8@ion-analyzer-37] [AnalyzerMonitor               ] [@] [DG_AJ:DEMO-59:14-200#14-200:2-1] started [DEMO-59:analysis in state after change]
 13/08/26 16:35:50,881 INFO  [3cf7c100-5fee-cebb-f0cf-849957616dc8@ion-analyzer-37] [AnalyzerMonitor               ] [@] [DG_AJ:DEMO-59:14-200#14-200:2-1] started [DEMO-59:analysis in state before change]
 13/08/26 16:35:50,891 INFO  [3cf7c100-5fee-cebb-f0cf-849957616dc8@ion-analyzer-37] [AnalyzerMonitor               ] [@] [DG_AJ:DEMO-59:14-200#14-200:2-1] started [DEMO-59:user mentions analysis]
 13/08/26 16:35:50,895 INFO  [3cf7c100-5fee-cebb-f0cf-849957616dc8@ion-analyzer-37] [AnalyzerMonitor               ] [@] [DG_AJ:DEMO-59:14-200#14-200:2-1] started [DEMO-59:user reaction analysis]
 13/08/26 16:35:50,899 INFO  [3cf7c100-5fee-cebb-f0cf-849957616dc8@ion-analyzer-37] [AbstractAnalyzerJob           ] [@] [DG_AJ:DEMO-59:14-200#14-200:2-1] didn't persist any notification job
 13/08/26 16:37:20,790 INFO  [2c25b7ab-4785-9fe1-0dc2-5ea7ffd9ce2a@ue-analysis-143] [AnalysisDurabilityJob         ] [@] [AD:1786639040790] started, processing PersistentEvent (14-200..14-202]
 13/08/26 16:38:50,778 INFO  [c49b6898-a4f2-3a73-4649-6f284b5b6f39@ue-analysis-144] [AnalysisDurabilityJob         ] [@] [AD:1786639130778] started, processing PersistentEvent (14-200..14-202]
 13/08/26 16:38:50,787 INFO  [c49b6898-a4f2-3a73-4649-6f284b5b6f39@ion-analyzer-38] [AbstractAnalyzerJob           ] [@] [DG_AJ:DEMO-59:14-201#14-201:2-1] started
 13/08/26 16:38:50,788 INFO  [c49b6898-a4f2-3a73-4649-6f284b5b6f39@ion-analyzer-38] [AnalyzerMonitor               ] [@] [DG_AJ:DEMO-59:14-201#14-201:2-1] started [DEMO-59:analysis in state after change]
 13/08/26 16:38:50,793 INFO  [c49b6898-a4f2-3a73-4649-6f284b5b6f39@ion-analyzer-38] [AnalyzerMonitor               ] [@] [DG_AJ:DEMO-59:14-201#14-201:2-1] started [DEMO-59:analysis in state before change]
 13/08/26 16:38:50,795 INFO  [c49b6898-a4f2-3a73-4649-6f284b5b6f39@ion-analyzer-38] [AnalyzerMonitor               ] [@] [DG_AJ:DEMO-59:14-201#14-201:2-1] started [DEMO-59:user mentions analysis]
 13/08/26 16:38:50,796 INFO  [c49b6898-a4f2-3a73-4649-6f284b5b6f39@ion-analyzer-38] [AnalyzerMonitor               ] [@] [DG_AJ:DEMO-59:14-201#14-201:2-1] started [DEMO-59:user reaction analysis]
 13/08/26 16:38:50,796 INFO  [c49b6898-a4f2-3a73-4649-6f284b5b6f39@ion-analyzer-38] [AbstractAnalyzerJob           ] [@] [DG_AJ:DEMO-59:14-201#14-201:2-1] didn't persist any notification job
 13/08/26 16:38:50,798 INFO  [c49b6898-a4f2-3a73-4649-6f284b5b6f39@ion-analyzer-38] [AbstractAnalyzerJob           ] [@] [DG_AJ:DEMO-59:14-202#14-202:2-1] started
 13/08/26 16:38:50,798 INFO  [c49b6898-a4f2-3a73-4649-6f284b5b6f39@ion-analyzer-38] [AnalyzerMonitor               ] [@] [DG_AJ:DEMO-59:14-202#14-202:2-1] started [DEMO-59:analysis in state after change]
 13/08/26 16:38:50,800 INFO  [c49b6898-a4f2-3a73-4649-6f284b5b6f39@ion-analyzer-38] [AnalyzerMonitor               ] [@] [DG_AJ:DEMO-59:14-202#14-202:2-1] started [DEMO-59:analysis in state before change]
 13/08/26 16:38:50,803 INFO  [c49b6898-a4f2-3a73-4649-6f284b5b6f39@ion-analyzer-38] [AnalyzerMonitor               ] [@] [DG_AJ:DEMO-59:14-202#14-202:2-1] started [DEMO-59:user mentions analysis]
 13/08/26 16:38:50,803 INFO  [c49b6898-a4f2-3a73-4649-6f284b5b6f39@ion-analyzer-38] [AnalyzerMonitor               ] [@] [DG_AJ:DEMO-59:14-202#14-202:2-1] started [DEMO-59:user reaction analysis]
 13/08/26 16:38:50,804 INFO  [c49b6898-a4f2-3a73-4649-6f284b5b6f39@ion-analyzer-38] [AbstractAnalyzerJob           ] [@] [DG_AJ:DEMO-59:14-202#14-202:2-1] didn't persist any notification job
 13/08/26 16:46:20,727 INFO  [89884c4c-8ad0-dc42-dafc-97c556e3b730@ue-analysis-149] [AnalysisDurabilityJob         ] [@] [AD:1786639580726] started, processing PersistentEvent (14-202..14-204]
 13/08/26 16:47:50,718 INFO  [5a9c7693-7aff-3c8c-4cc9-0b6e5db503f8@ue-analysis-150] [AnalysisDurabilityJob         ] [@] [AD:1786639670716] started, processing PersistentEvent (14-202..14-206]
 13/08/26 16:47:50,731 INFO  [5a9c7693-7aff-3c8c-4cc9-0b6e5db503f8@ion-analyzer-39] [AbstractAnalyzerJob           ] [@] [DG_AJ:DEMO-59:14-203#14-204:2-1] started
 13/08/26 16:47:50,732 INFO  [5a9c7693-7aff-3c8c-4cc9-0b6e5db503f8@ion-analyzer-39] [AnalyzerMonitor               ] [@] [DG_AJ:DEMO-59:14-203#14-204:2-1] started [DEMO-59:analysis in state after change]
 13/08/26 16:47:50,739 INFO  [5a9c7693-7aff-3c8c-4cc9-0b6e5db503f8@ion-analyzer-39] [AnalyzerMonitor               ] [@] [DG_AJ:DEMO-59:14-203#14-204:2-1] started [DEMO-59:analysis in state before change]
 13/08/26 16:47:50,744 INFO  [5a9c7693-7aff-3c8c-4cc9-0b6e5db503f8@ion-analyzer-39] [AnalyzerMonitor               ] [@] [DG_AJ:DEMO-59:14-203#14-204:2-1] started [DEMO-59:user mentions analysis]
 13/08/26 16:47:50,745 INFO  [5a9c7693-7aff-3c8c-4cc9-0b6e5db503f8@ion-analyzer-39] [AnalyzerMonitor               ] [@] [DG_AJ:DEMO-59:14-203#14-204:2-1] started [DEMO-59:user reaction analysis]
 13/08/26 16:47:50,745 INFO  [5a9c7693-7aff-3c8c-4cc9-0b6e5db503f8@ion-analyzer-39] [AbstractAnalyzerJob           ] [@] [DG_AJ:DEMO-59:14-203#14-204:2-1] didn't persist any notification job
 13/08/26 16:49:20,705 INFO  [42252de8-96b0-a369-791f-6eb3b2e7310a@ue-analysis-151] [AnalysisDurabilityJob         ] [@] [AD:1786639760704] started, processing PersistentEvent (14-204..14-208]
 13/08/26 16:49:20,718 INFO  [42252de8-96b0-a369-791f-6eb3b2e7310a@ion-analyzer-40] [AbstractAnalyzerJob           ] [@] [DG_AJ:DEMO-59:14-205#14-206:2-1] started
 13/08/26 16:49:20,719 INFO  [42252de8-96b0-a369-791f-6eb3b2e7310a@ion-analyzer-40] [AnalyzerMonitor               ] [@] [DG_AJ:DEMO-59:14-205#14-206:2-1] started [DEMO-59:analysis in state after change]
 13/08/26 16:49:20,723 INFO  [42252de8-96b0-a369-791f-6eb3b2e7310a@ion-analyzer-40] [AnalyzerMonitor               ] [@] [DG_AJ:DEMO-59:14-205#14-206:2-1] started [DEMO-59:analysis in state before change]
 13/08/26 16:49:20,725 INFO  [42252de8-96b0-a369-791f-6eb3b2e7310a@ion-analyzer-40] [AnalyzerMonitor               ] [@] [DG_AJ:DEMO-59:14-205#14-206:2-1] started [DEMO-59:user mentions analysis]
 13/08/26 16:49:20,725 INFO  [42252de8-96b0-a369-791f-6eb3b2e7310a@ion-analyzer-40] [AnalyzerMonitor               ] [@] [DG_AJ:DEMO-59:14-205#14-206:2-1] started [DEMO-59:user reaction analysis]
 13/08/26 16:49:20,726 INFO  [42252de8-96b0-a369-791f-6eb3b2e7310a@ion-analyzer-40] [AbstractAnalyzerJob           ] [@] [DG_AJ:DEMO-59:14-205#14-206:2-1] didn't persist any notification job
 14/08/26 07:15:11,422 INFO  [a16fb14f-df9d-795c-9c5f-9d941bee45fd@init servlet   ] [NotificationJobProcessorUtils ] [@] Applying notification send delay 60000 (using for cluster notification merge)
 14/08/26 07:15:21,434 INFO  [33027314-e9bd-cef5-0ddb-f001a81bf585@ssue-analysis-1] [AnalysisDurabilityJob         ] [@] [AD:1786691721421] started, processing PersistentEvent (14-206..14-209]
 14/08/26 07:15:21,518 INFO  [33027314-e9bd-cef5-0ddb-f001a81bf585@tion-analyzer-1] [AbstractAnalyzerJob           ] [@] [DG_AJ:DEMO-59:14-207#14-207:2-1] started
 14/08/26 07:15:21,526 INFO  [33027314-e9bd-cef5-0ddb-f001a81bf585@tion-analyzer-1] [AnalyzerMonitor               ] [@] [DG_AJ:DEMO-59:14-207#14-207:2-1] started [DEMO-59:analysis in state after change]
 14/08/26 07:15:21,625 INFO  [33027314-e9bd-cef5-0ddb-f001a81bf585@tion-analyzer-1] [AnalyzerMonitor               ] [@] [DG_AJ:DEMO-59:14-207#14-207:2-1] started [DEMO-59:analysis in state before change]
 14/08/26 07:15:21,629 INFO  [33027314-e9bd-cef5-0ddb-f001a81bf585@tion-analyzer-1] [AnalyzerMonitor               ] [@] [DG_AJ:DEMO-59:14-207#14-207:2-1] started [DEMO-59:user mentions analysis]
 14/08/26 07:15:21,633 INFO  [33027314-e9bd-cef5-0ddb-f001a81bf585@tion-analyzer-1] [AnalyzerMonitor               ] [@] [DG_AJ:DEMO-59:14-207#14-207:2-1] started [DEMO-59:user reaction analysis]
 14/08/26 07:15:21,639 INFO  [33027314-e9bd-cef5-0ddb-f001a81bf585@tion-analyzer-1] [AbstractAnalyzerJob           ] [@] [DG_AJ:DEMO-59:14-207#14-207:2-1] didn't persist any notification job
 14/08/26 07:15:21,645 INFO  [33027314-e9bd-cef5-0ddb-f001a81bf585@tion-analyzer-1] [AbstractAnalyzerJob           ] [@] [DG_AJ:DEMO-59:14-208#14-209:2-1] started
 14/08/26 07:15:21,645 INFO  [33027314-e9bd-cef5-0ddb-f001a81bf585@tion-analyzer-1] [AnalyzerMonitor               ] [@] [DG_AJ:DEMO-59:14-208#14-209:2-1] started [DEMO-59:analysis in state after change]
 14/08/26 07:15:21,648 INFO  [33027314-e9bd-cef5-0ddb-f001a81bf585@tion-analyzer-1] [AnalyzerMonitor               ] [@] [DG_AJ:DEMO-59:14-208#14-209:2-1] started [DEMO-59:analysis in state before change]
 14/08/26 07:15:21,650 INFO  [33027314-e9bd-cef5-0ddb-f001a81bf585@tion-analyzer-1] [AnalyzerMonitor               ] [@] [DG_AJ:DEMO-59:14-208#14-209:2-1] started [DEMO-59:user mentions analysis]
 14/08/26 07:15:21,651 INFO  [33027314-e9bd-cef5-0ddb-f001a81bf585@tion-analyzer-1] [AnalyzerMonitor               ] [@] [DG_AJ:DEMO-59:14-208#14-209:2-1] started [DEMO-59:user reaction analysis]
 14/08/26 07:15:21,651 INFO  [33027314-e9bd-cef5-0ddb-f001a81bf585@tion-analyzer-1] [AbstractAnalyzerJob           ] [@] [DG_AJ:DEMO-59:14-208#14-209:2-1] didn't persist any notification job
 14/08/26 07:30:21,355 INFO  [f8f1c527-f78d-d157-2290-03dbf2340eaf@sue-analysis-11] [AnalysisDurabilityJob         ] [@] [AD:1786692621354] started, processing PersistentEvent (14-209..14-288]
 14/08/26 07:31:51,349 INFO  [aad82da5-26bb-58af-7304-559c3fcd716e@sue-analysis-12] [AnalysisDurabilityJob         ] [@] [AD:1786692711348] started, processing PersistentEvent (14-209..14-315]
 14/08/26 07:31:51,394 INFO  [aad82da5-26bb-58af-7304-559c3fcd716e@tion-analyzer-2] [AbstractAnalyzerJob           ] [@] [DG_AJ:DEMO-59:14-210#14-210:2-1] started
 14/08/26 07:31:51,397 INFO  [aad82da5-26bb-58af-7304-559c3fcd716e@tion-analyzer-2] [AnalyzerMonitor               ] [@] [DG_AJ:DEMO-59:14-210#14-210:2-1] skipped [DEMO-59:analysis in state after change]
 14/08/26 07:31:51,398 INFO  [aad82da5-26bb-58af-7304-559c3fcd716e@tion-analyzer-2] [AnalyzerMonitor               ] [@] [DG_AJ:DEMO-59:14-210#14-210:2-1] started [DEMO-59:analysis in state before change]
 14/08/26 07:31:51,407 INFO  [aad82da5-26bb-58af-7304-559c3fcd716e@tion-analyzer-2] [AnalyzerMonitor               ] [@] [DG_AJ:DEMO-59:14-210#14-210:2-1] started [DEMO-59:user mentions analysis]
 14/08/26 07:31:51,409 INFO  [aad82da5-26bb-58af-7304-559c3fcd716e@tion-analyzer-2] [AnalyzerMonitor               ] [@] [DG_AJ:DEMO-59:14-210#14-210:2-1] started [DEMO-59:user reaction analysis]
 14/08/26 07:31:51,411 INFO  [aad82da5-26bb-58af-7304-559c3fcd716e@tion-analyzer-2] [AbstractAnalyzerJob           ] [@] [DG_AJ:DEMO-59:14-210#14-210:2-1] didn't persist any notification job
 14/08/26 07:31:51,413 INFO  [aad82da5-26bb-58af-7304-559c3fcd716e@tion-analyzer-2] [AbstractAnalyzerJob           ] [@] [DG_AJ:DEMO-58:14-211#14-211:2-1] started
 14/08/26 07:31:51,414 INFO  [aad82da5-26bb-58af-7304-559c3fcd716e@tion-analyzer-2] [AnalyzerMonitor               ] [@] [DG_AJ:DEMO-58:14-211#14-211:2-1] skipped [DEMO-58:analysis in state after change]
 14/08/26 07:31:51,415 INFO  [aad82da5-26bb-58af-7304-559c3fcd716e@tion-analyzer-2] [AnalyzerMonitor               ] [@] [DG_AJ:DEMO-58:14-211#14-211:2-1] started [DEMO-58:analysis in state before change]
 14/08/26 07:31:51,417 INFO  [aad82da5-26bb-58af-7304-559c3fcd716e@tion-analyzer-2] [AnalyzerMonitor               ] [@] [DG_AJ:DEMO-58:14-211#14-211:2-1] started [DEMO-58:user mentions analysis]
 14/08/26 07:31:51,418 INFO  [aad82da5-26bb-58af-7304-559c3fcd716e@tion-analyzer-2] [AnalyzerMonitor               ] [@] [DG_AJ:DEMO-58:14-211#14-211:2-1] started [DEMO-58:user reaction analysis]
 14/08/26 07:31:51,419 INFO  [aad82da5-26bb-58af-7304-559c3fcd716e@tion-analyzer-2] [AbstractAnalyzerJob           ] [@] [DG_AJ:DEMO-58:14-211#14-211:2-1] didn't persist any notification job
 14/08/26 07:31:51,421 INFO  [aad82da5-26bb-58af-7304-559c3fcd716e@tion-analyzer-2] [AbstractAnalyzerJob           ] [@] [DG_AJ:DEMO-55:14-212#14-212:2-1] started
 14/08/26 07:31:51,422 INFO  [aad82da5-26bb-58af-7304-559c3fcd716e@tion-analyzer-2] [AnalyzerMonitor               ] [@] [DG_AJ:DEMO-55:14-212#14-212:2-1] skipped [DEMO-55:analysis in state after change]
 14/08/26 07:31:51,423 INFO  [aad82da5-26bb-58af-7304-559c3fcd716e@tion-analyzer-2] [AnalyzerMonitor               ] [@] [DG_AJ:DEMO-55:14-212#14-212:2-1] started [DEMO-55:analysis in state before change]
 14/08/26 07:31:51,427 INFO  [aad82da5-26bb-58af-7304-559c3fcd716e@tion-analyzer-2] [AnalyzerMonitor               ] [@] [DG_AJ:DEMO-55:14-212#14-212:2-1] started [DEMO-55:user mentions analysis]
 14/08/26 07:31:51,427 INFO  [aad82da5-26bb-58af-7304-559c3fcd716e@tion-analyzer-2] [AnalyzerMonitor               ] [@] [DG_AJ:DEMO-55:14-212#14-212:2-1] started [DEMO-55:user reaction analysis]
 14/08/26 07:31:51,428 INFO  [aad82da5-26bb-58af-7304-559c3fcd716e@tion-analyzer-2] [AbstractAnalyzerJob           ] [@] [DG_AJ:DEMO-55:14-212#14-212:2-1] didn't persist any notification job
 14/08/26 07:31:51,431 INFO  [aad82da5-26bb-58af-7304-559c3fcd716e@tion-analyzer-2] [AbstractAnalyzerJob           ] [@] [DG_AJ:DEMO-57:14-213#14-213:2-1] started
 14/08/26 07:31:51,433 INFO  [aad82da5-26bb-58af-7304-559c3fcd716e@tion-analyzer-2] [AnalyzerMonitor               ] [@] [DG_AJ:DEMO-57:14-213#14-213:2-1] skipped [DEMO-57:analysis in state after change]
 14/08/26 07:31:51,434 INFO  [aad82da5-26bb-58af-7304-559c3fcd716e@tion-analyzer-2] [AnalyzerMonitor               ] [@] [DG_AJ:DEMO-57:14-213#14-213:2-1] started [DEMO-57:analysis in state before change]
 14/08/26 07:31:51,436 INFO  [aad82da5-26bb-58af-7304-559c3fcd716e@tion-analyzer-2] [AnalyzerMonitor               ] [@] [DG_AJ:DEMO-57:14-213#14-213:2-1] started [DEMO-57:user mentions analysis]
 14/08/26 07:31:51,437 INFO  [aad82da5-26bb-58af-7304-559c3fcd716e@tion-analyzer-2] [AnalyzerMonitor               ] [@] [DG_AJ:DEMO-57:14-213#14-213:2-1] started [DEMO-57:user reaction analysis]
 14/08/26 07:31:51,438 INFO  [aad82da5-26bb-58af-7304-559c3fcd716e@tion-analyzer-2] [AbstractAnalyzerJob           ] [@] [DG_AJ:DEMO-57:14-213#14-213:2-1] didn't persist any notification job
 14/08/26 07:31:51,440 INFO  [aad82da5-26bb-58af-7304-559c3fcd716e@tion-analyzer-2] [AbstractAnalyzerJob           ] [@] [DG_AJ:DEMO-56:14-214#14-214:2-1] started
 14/08/26 07:31:51,441 INFO  [aad82da5-26bb-58af-7304-559c3fcd716e@tion-analyzer-2] [AnalyzerMonitor               ] [@] [DG_AJ:DEMO-56:14-214#14-214:2-1] skipped [DEMO-56:analysis in state after change]
 14/08/26 07:31:51,441 INFO  [aad82da5-26bb-58af-7304-559c3fcd716e@tion-analyzer-2] [AnalyzerMonitor               ] [@] [DG_AJ:DEMO-56:14-214#14-214:2-1] started [DEMO-56:analysis in state before change]
 14/08/26 07:31:51,445 INFO  [aad82da5-26bb-58af-7304-559c3fcd716e@tion-analyzer-2] [AnalyzerMonitor               ] [@] [DG_AJ:DEMO-56:14-214#14-214:2-1] started [DEMO-56:user mentions analysis]
 14/08/26 07:31:51,445 INFO  [aad82da5-26bb-58af-7304-559c3fcd716e@tion-analyzer-2] [AnalyzerMonitor               ] [@] [DG_AJ:DEMO-56:14-214#14-214:2-1] started [DEMO-56:user reaction analysis]
 14/08/26 07:31:51,446 INFO  [aad82da5-26bb-58af-7304-559c3fcd716e@tion-analyzer-2] [AbstractAnalyzerJob           ] [@] [DG_AJ:DEMO-56:14-214#14-214:2-1] didn't persist any notification job
 14/08/26 07:31:51,448 INFO  [aad82da5-26bb-58af-7304-559c3fcd716e@tion-analyzer-2] [AbstractAnalyzerJob           ] [@] [DG_AJ:DEMO-53:14-215#14-215:2-1] started
 14/08/26 07:31:51,449 INFO  [aad82da5-26bb-58af-7304-559c3fcd716e@tion-analyzer-2] [AnalyzerMonitor               ] [@] [DG_AJ:DEMO-53:14-215#14-215:2-1] skipped [DEMO-53:analysis in state after change]
 14/08/26 07:31:51,450 INFO  [aad82da5-26bb-58af-7304-559c3fcd716e@tion-analyzer-2] [AnalyzerMonitor               ] [@] [DG_AJ:DEMO-53:14-215#14-215:2-1] started [DEMO-53:analysis in state before change]
 14/08/26 07:31:51,452 INFO  [aad82da5-26bb-58af-7304-559c3fcd716e@tion-analyzer-2] [AnalyzerMonitor               ] [@] [DG_AJ:DEMO-53:14-215#14-215:2-1] started [DEMO-53:user mentions analysis]
 14/08/26 07:31:51,452 INFO  [aad82da5-26bb-58af-7304-559c3fcd716e@tion-analyzer-2] [AnalyzerMonitor               ] [@] [DG_AJ:DEMO-53:14-215#14-215:2-1] started [DEMO-53:user reaction analysis]
 14/08/26 07:31:51,453 INFO  [aad82da5-26bb-58af-7304-559c3fcd716e@tion-analyzer-2] [AbstractAnalyzerJob           ] [@] [DG_AJ:DEMO-53:14-215#14-215:2-1] didn't persist any notification job
 14/08/26 07:31:51,454 INFO  [aad82da5-26bb-58af-7304-559c3fcd716e@tion-analyzer-2] [AbstractAnalyzerJob           ] [@] [DG_AJ:DEMO-54:14-216#14-216:2-1] started
 14/08/26 07:31:51,455 INFO  [aad82da5-26bb-58af-7304-559c3fcd716e@tion-analyzer-2] [AnalyzerMonitor               ] [@] [DG_AJ:DEMO-54:14-216#14-216:2-1] skipped [DEMO-54:analysis in state after change]
 14/08/26 07:31:51,455 INFO  [aad82da5-26bb-58af-7304-559c3fcd716e@tion-analyzer-2] [AnalyzerMonitor               ] [@] [DG_AJ:DEMO-54:14-216#14-216:2-1] started [DEMO-54:analysis in state before change]
 14/08/26 07:31:51,458 INFO  [aad82da5-26bb-58af-7304-559c3fcd716e@tion-analyzer-2] [AnalyzerMonitor               ] [@] [DG_AJ:DEMO-54:14-216#14-216:2-1] started [DEMO-54:user mentions analysis]
 14/08/26 07:31:51,459 INFO  [aad82da5-26bb-58af-7304-559c3fcd716e@tion-analyzer-2] [AnalyzerMonitor               ] [@] [DG_AJ:DEMO-54:14-216#14-216:2-1] started [DEMO-54:user reaction analysis]
 14/08/26 07:31:51,459 INFO  [aad82da5-26bb-58af-7304-559c3fcd716e@tion-analyzer-2] [AbstractAnalyzerJob           ] [@] [DG_AJ:DEMO-54:14-216#14-216:2-1] didn't persist any notification job
 14/08/26 07:31:51,461 INFO  [aad82da5-26bb-58af-7304-559c3fcd716e@tion-analyzer-2] [AbstractAnalyzerJob           ] [@] [DG_AJ:DEMO-52:14-217#14-217:2-1] started
 14/08/26 07:31:51,462 INFO  [aad82da5-26bb-58af-7304-559c3fcd716e@tion-analyzer-2] [AnalyzerMonitor               ] [@] [DG_AJ:DEMO-52:14-217#14-217:2-1] skipped [DEMO-52:analysis in state after change]
 14/08/26 07:31:51,462 INFO  [aad82da5-26bb-58af-7304-559c3fcd716e@tion-analyzer-2] [AnalyzerMonitor               ] [@] [DG_AJ:DEMO-52:14-217#14-217:2-1] started [DEMO-52:analysis in state before change]
 14/08/26 07:31:51,464 INFO  [aad82da5-26bb-58af-7304-559c3fcd716e@tion-analyzer-2] [AnalyzerMonitor               ] [@] [DG_AJ:DEMO-52:14-217#14-217:2-1] started [DEMO-52:user mentions analysis]
 14/08/26 07:31:51,465 INFO  [aad82da5-26bb-58af-7304-559c3fcd716e@tion-analyzer-2] [AnalyzerMonitor               ] [@] [DG_AJ:DEMO-52:14-217#14-217:2-1] started [DEMO-52:user reaction analysis]
 14/08/26 07:31:51,465 INFO  [aad82da5-26bb-58af-7304-559c3fcd716e@tion-analyzer-2] [AbstractAnalyzerJob           ] [@] [DG_AJ:DEMO-52:14-217#14-217:2-1] didn't persist any notification job
 14/08/26 07:31:51,467 INFO  [aad82da5-26bb-58af-7304-559c3fcd716e@tion-analyzer-2] [AbstractAnalyzerJob           ] [@] [DG_AJ:DEMO-51:14-218#14-218:2-1] started
 14/08/26 07:31:51,468 INFO  [aad82da5-26bb-58af-7304-559c3fcd716e@tion-analyzer-2] [AnalyzerMonitor               ] [@] [DG_AJ:DEMO-51:14-218#14-218:2-1] skipped [DEMO-51:analysis in state after change]
 14/08/26 07:31:51,468 INFO  [aad82da5-26bb-58af-7304-559c3fcd716e@tion-analyzer-2] [AnalyzerMonitor               ] [@] [DG_AJ:DEMO-51:14-218#14-218:2-1] started [DEMO-51:analysis in state before change]
 14/08/26 07:31:51,470 INFO  [aad82da5-26bb-58af-7304-559c3fcd716e@tion-analyzer-2] [AnalyzerMonitor               ] [@] [DG_AJ:DEMO-51:14-218#14-218:2-1] started [DEMO-51:user mentions analysis]
 14/08/26 07:31:51,471 INFO  [aad82da5-26bb-58af-7304-559c3fcd716e@tion-analyzer-2] [AnalyzerMonitor               ] [@] [DG_AJ:DEMO-51:14-218#14-218:2-1] started [DEMO-51:user reaction analysis]
 14/08/26 07:31:51,471 INFO  [aad82da5-26bb-58af-7304-559c3fcd716e@tion-analyzer-2] [AbstractAnalyzerJob           ] [@] [DG_AJ:DEMO-51:14-218#14-218:2-1] didn't persist any notification job
 14/08/26 07:31:51,473 INFO  [aad82da5-26bb-58af-7304-559c3fcd716e@tion-analyzer-2] [AbstractAnalyzerJob           ] [@] [DG_AJ:DEMO-50:14-219#14-219:2-1] started
 14/08/26 07:31:51,474 INFO  [aad82da5-26bb-58af-7304-559c3fcd716e@tion-analyzer-2] [AnalyzerMonitor               ] [@] [DG_AJ:DEMO-50:14-219#14-219:2-1] skipped [DEMO-50:analysis in state after change]
 14/08/26 07:31:51,474 INFO  [aad82da5-26bb-58af-7304-559c3fcd716e@tion-analyzer-2] [AnalyzerMonitor               ] [@] [DG_AJ:DEMO-50:14-219#14-219:2-1] started [DEMO-50:analysis in state before change]
 14/08/26 07:31:51,476 INFO  [aad82da5-26bb-58af-7304-559c3fcd716e@tion-analyzer-2] [AnalyzerMonitor               ] [@] [DG_AJ:DEMO-50:14-219#14-219:2-1] started [DEMO-50:user mentions analysis]
 14/08/26 07:31:51,477 INFO  [aad82da5-26bb-58af-7304-559c3fcd716e@tion-analyzer-2] [AnalyzerMonitor               ] [@] [DG_AJ:DEMO-50:14-219#14-219:2-1] started [DEMO-50:user reaction analysis]
 14/08/26 07:31:51,477 INFO  [aad82da5-26bb-58af-7304-559c3fcd716e@tion-analyzer-2] [AbstractAnalyzerJob           ] [@] [DG_AJ:DEMO-50:14-219#14-219:2-1] didn't persist any notification job
 14/08/26 07:31:51,479 INFO  [aad82da5-26bb-58af-7304-559c3fcd716e@tion-analyzer-2] [AbstractAnalyzerJob           ] [@] [DG_AJ:DEMO-49:14-220#14-220:2-1] started
 14/08/26 07:31:51,480 INFO  [aad82da5-26bb-58af-7304-559c3fcd716e@tion-analyzer-2] [AnalyzerMonitor               ] [@] [DG_AJ:DEMO-49:14-220#14-220:2-1] skipped [DEMO-49:analysis in state after change]
 14/08/26 07:31:51,480 INFO  [aad82da5-26bb-58af-7304-559c3fcd716e@tion-analyzer-2] [AnalyzerMonitor               ] [@] [DG_AJ:DEMO-49:14-220#14-220:2-1] started [DEMO-49:analysis in state before change]
 14/08/26 07:31:51,482 INFO  [aad82da5-26bb-58af-7304-559c3fcd716e@tion-analyzer-2] [AnalyzerMonitor               ] [@] [DG_AJ:DEMO-49:14-220#14-220:2-1] started [DEMO-49:user mentions analysis]
 14/08/26 07:31:51,483 INFO  [aad82da5-26bb-58af-7304-559c3fcd716e@tion-analyzer-2] [AnalyzerMonitor               ] [@] [DG_AJ:DEMO-49:14-220#14-220:2-1] started [DEMO-49:user reaction analysis]
 14/08/26 07:31:51,483 INFO  [aad82da5-26bb-58af-7304-559c3fcd716e@tion-analyzer-2] [AbstractAnalyzerJob           ] [@] [DG_AJ:DEMO-49:14-220#14-220:2-1] didn't persist any notification job
 14/08/26 07:31:51,485 INFO  [aad82da5-26bb-58af-7304-559c3fcd716e@tion-analyzer-2] [AbstractAnalyzerJob           ] [@] [DG_AJ:DEMO-48:14-221#14-221:2-1] started
 14/08/26 07:31:51,485 INFO  [aad82da5-26bb-58af-7304-559c3fcd716e@tion-analyzer-2] [AnalyzerMonitor               ] [@] [DG_AJ:DEMO-48:14-221#14-221:2-1] skipped [DEMO-48:analysis in state after change]
 14/08/26 07:31:51,485 INFO  [aad82da5-26bb-58af-7304-559c3fcd716e@tion-analyzer-2] [AnalyzerMonitor               ] [@] [DG_AJ:DEMO-48:14-221#14-221:2-1] started [DEMO-48:analysis in state before change]
 14/08/26 07:31:51,488 INFO  [aad82da5-26bb-58af-7304-559c3fcd716e@tion-analyzer-2] [AnalyzerMonitor               ] [@] [DG_AJ:DEMO-48:14-221#14-221:2-1] started [DEMO-48:user mentions analysis]
 14/08/26 07:31:51,488 INFO  [aad82da5-26bb-58af-7304-559c3fcd716e@tion-analyzer-2] [AnalyzerMonitor               ] [@] [DG_AJ:DEMO-48:14-221#14-221:2-1] started [DEMO-48:user reaction analysis]
 14/08/26 07:31:51,489 INFO  [aad82da5-26bb-58af-7304-559c3fcd716e@tion-analyzer-2] [AbstractAnalyzerJob           ] [@] [DG_AJ:DEMO-48:14-221#14-221:2-1] didn't persist any notification job
 14/08/26 07:31:51,490 INFO  [aad82da5-26bb-58af-7304-559c3fcd716e@tion-analyzer-2] [AbstractAnalyzerJob           ] [@] [DG_AJ:DEMO-47:14-222#14-222:2-1] started
 14/08/26 07:31:51,493 INFO  [aad82da5-26bb-58af-7304-559c3fcd716e@tion-analyzer-2] [AnalyzerMonitor               ] [@] [DG_AJ:DEMO-47:14-222#14-222:2-1] skipped [DEMO-47:analysis in state after change]
 14/08/26 07:31:51,493 INFO  [aad82da5-26bb-58af-7304-559c3fcd716e@tion-analyzer-2] [AnalyzerMonitor               ] [@] [DG_AJ:DEMO-47:14-222#14-222:2-1] started [DEMO-47:analysis in state before change]
 14/08/26 07:31:51,495 INFO  [aad82da5-26bb-58af-7304-559c3fcd716e@tion-analyzer-2] [AnalyzerMonitor               ] [@] [DG_AJ:DEMO-47:14-222#14-222:2-1] started [DEMO-47:user mentions analysis]
 14/08/26 07:31:51,496 INFO  [aad82da5-26bb-58af-7304-559c3fcd716e@tion-analyzer-2] [AnalyzerMonitor               ] [@] [DG_AJ:DEMO-47:14-222#14-222:2-1] started [DEMO-47:user reaction analysis]
 14/08/26 07:31:51,496 INFO  [aad82da5-26bb-58af-7304-559c3fcd716e@tion-analyzer-2] [AbstractAnalyzerJob           ] [@] [DG_AJ:DEMO-47:14-222#14-222:2-1] didn't persist any notification job
 14/08/26 07:31:51,498 INFO  [aad82da5-26bb-58af-7304-559c3fcd716e@tion-analyzer-2] [AbstractAnalyzerJob           ] [@] [DG_AJ:DEMO-46:14-223#14-223:2-1] started
 14/08/26 07:31:51,498 INFO  [aad82da5-26bb-58af-7304-559c3fcd716e@tion-analyzer-2] [AnalyzerMonitor               ] [@] [DG_AJ:DEMO-46:14-223#14-223:2-1] skipped [DEMO-46:analysis in state after change]
 14/08/26 07:31:51,499 INFO  [aad82da5-26bb-58af-7304-559c3fcd716e@tion-analyzer-2] [AnalyzerMonitor               ] [@] [DG_AJ:DEMO-46:14-223#14-223:2-1] started [DEMO-46:analysis in state before change]
 14/08/26 07:31:51,501 INFO  [aad82da5-26bb-58af-7304-559c3fcd716e@tion-analyzer-2] [AnalyzerMonitor               ] [@] [DG_AJ:DEMO-46:14-223#14-223:2-1] started [DEMO-46:user mentions analysis]
 14/08/26 07:31:51,501 INFO  [aad82da5-26bb-58af-7304-559c3fcd716e@tion-analyzer-2] [AnalyzerMonitor               ] [@] [DG_AJ:DEMO-46:14-223#14-223:2-1] started [DEMO-46:user reaction analysis]
 14/08/26 07:31:51,501 INFO  [aad82da5-26bb-58af-7304-559c3fcd716e@tion-analyzer-2] [AbstractAnalyzerJob           ] [@] [DG_AJ:DEMO-46:14-223#14-223:2-1] didn't persist any notification job
 14/08/26 07:31:51,503 INFO  [aad82da5-26bb-58af-7304-559c3fcd716e@tion-analyzer-2] [AbstractAnalyzerJob           ] [@] [DG_AJ:DEMO-45:14-224#14-224:2-1] started
 14/08/26 07:31:51,503 INFO  [aad82da5-26bb-58af-7304-559c3fcd716e@tion-analyzer-2] [AnalyzerMonitor               ] [@] [DG_AJ:DEMO-45:14-224#14-224:2-1] skipped [DEMO-45:analysis in state after change]
 14/08/26 07:31:51,503 INFO  [aad82da5-26bb-58af-7304-559c3fcd716e@tion-analyzer-2] [AnalyzerMonitor               ] [@] [DG_AJ:DEMO-45:14-224#14-224:2-1] started [DEMO-45:analysis in state before change]
 14/08/26 07:31:51,505 INFO  [aad82da5-26bb-58af-7304-559c3fcd716e@tion-analyzer-2] [AnalyzerMonitor               ] [@] [DG_AJ:DEMO-45:14-224#14-224:2-1] started [DEMO-45:user mentions analysis]
 14/08/26 07:31:51,505 INFO  [aad82da5-26bb-58af-7304-559c3fcd716e@tion-analyzer-2] [AnalyzerMonitor               ] [@] [DG_AJ:DEMO-45:14-224#14-224:2-1] started [DEMO-45:user reaction analysis]
 14/08/26 07:31:51,506 INFO  [aad82da5-26bb-58af-7304-559c3fcd716e@tion-analyzer-2] [AbstractAnalyzerJob           ] [@] [DG_AJ:DEMO-45:14-224#14-224:2-1] didn't persist any notification job
 14/08/26 07:31:51,508 INFO  [aad82da5-26bb-58af-7304-559c3fcd716e@tion-analyzer-2] [AbstractAnalyzerJob           ] [@] [DG_AJ:DEMO-44:14-225#14-225:2-1] started
 14/08/26 07:31:51,509 INFO  [aad82da5-26bb-58af-7304-559c3fcd716e@tion-analyzer-2] [AnalyzerMonitor               ] [@] [DG_AJ:DEMO-44:14-225#14-225:2-1] skipped [DEMO-44:analysis in state after change]
 14/08/26 07:31:51,509 INFO  [aad82da5-26bb-58af-7304-559c3fcd716e@tion-analyzer-2] [AnalyzerMonitor               ] [@] [DG_AJ:DEMO-44:14-225#14-225:2-1] started [DEMO-44:analysis in state before change]
 14/08/26 07:31:51,511 INFO  [aad82da5-26bb-58af-7304-559c3fcd716e@tion-analyzer-2] [AnalyzerMonitor               ] [@] [DG_AJ:DEMO-44:14-225#14-225:2-1] started [DEMO-44:user mentions analysis]
 14/08/26 07:31:51,511 INFO  [aad82da5-26bb-58af-7304-559c3fcd716e@tion-analyzer-2] [AnalyzerMonitor               ] [@] [DG_AJ:DEMO-44:14-225#14-225:2-1] started [DEMO-44:user reaction analysis]
 14/08/26 07:31:51,511 INFO  [aad82da5-26bb-58af-7304-559c3fcd716e@tion-analyzer-2] [AbstractAnalyzerJob           ] [@] [DG_AJ:DEMO-44:14-225#14-225:2-1] didn't persist any notification job
 14/08/26 07:31:51,513 INFO  [aad82da5-26bb-58af-7304-559c3fcd716e@tion-analyzer-2] [AbstractAnalyzerJob           ] [@] [DG_AJ:DEMO-43:14-226#14-226:2-1] started
 14/08/26 07:31:51,513 INFO  [aad82da5-26bb-58af-7304-559c3fcd716e@tion-analyzer-2] [AnalyzerMonitor               ] [@] [DG_AJ:DEMO-43:14-226#14-226:2-1] skipped [DEMO-43:analysis in state after change]
 14/08/26 07:31:51,514 INFO  [aad82da5-26bb-58af-7304-559c3fcd716e@tion-analyzer-2] [AnalyzerMonitor               ] [@] [DG_AJ:DEMO-43:14-226#14-226:2-1] started [DEMO-43:analysis in state before change]
 14/08/26 07:31:51,516 INFO  [aad82da5-26bb-58af-7304-559c3fcd716e@tion-analyzer-2] [AnalyzerMonitor               ] [@] [DG_AJ:DEMO-43:14-226#14-226:2-1] started [DEMO-43:user mentions analysis]
 14/08/26 07:31:51,517 INFO  [aad82da5-26bb-58af-7304-559c3fcd716e@tion-analyzer-2] [AnalyzerMonitor               ] [@] [DG_AJ:DEMO-43:14-226#14-226:2-1] started [DEMO-43:user reaction analysis]
 14/08/26 07:31:51,517 INFO  [aad82da5-26bb-58af-7304-559c3fcd716e@tion-analyzer-2] [AbstractAnalyzerJob           ] [@] [DG_AJ:DEMO-43:14-226#14-226:2-1] didn't persist any notification job
 14/08/26 07:31:51,519 INFO  [aad82da5-26bb-58af-7304-559c3fcd716e@tion-analyzer-2] [AbstractAnalyzerJob           ] [@] [DG_AJ:DEMO-42:14-227#14-227:2-1] started
 14/08/26 07:31:51,519 INFO  [aad82da5-26bb-58af-7304-559c3fcd716e@tion-analyzer-2] [AnalyzerMonitor               ] [@] [DG_AJ:DEMO-42:14-227#14-227:2-1] skipped [DEMO-42:analysis in state after change]
 14/08/26 07:31:51,520 INFO  [aad82da5-26bb-58af-7304-559c3fcd716e@tion-analyzer-2] [AnalyzerMonitor               ] [@] [DG_AJ:DEMO-42:14-227#14-227:2-1] started [DEMO-42:analysis in state before change]
 14/08/26 07:31:51,522 INFO  [aad82da5-26bb-58af-7304-559c3fcd716e@tion-analyzer-2] [AnalyzerMonitor               ] [@] [DG_AJ:DEMO-42:14-227#14-227:2-1] started [DEMO-42:user mentions analysis]
 14/08/26 07:31:51,523 INFO  [aad82da5-26bb-58af-7304-559c3fcd716e@tion-analyzer-2] [AnalyzerMonitor               ] [@] [DG_AJ:DEMO-42:14-227#14-227:2-1] started [DEMO-42:user reaction analysis]
 14/08/26 07:31:51,523 INFO  [aad82da5-26bb-58af-7304-559c3fcd716e@tion-analyzer-2] [AbstractAnalyzerJob           ] [@] [DG_AJ:DEMO-42:14-227#14-227:2-1] didn't persist any notification job
 14/08/26 07:31:51,525 INFO  [aad82da5-26bb-58af-7304-559c3fcd716e@tion-analyzer-2] [AbstractAnalyzerJob           ] [@] [DG_AJ:DEMO-41:14-228#14-228:2-1] started
 14/08/26 07:31:51,526 INFO  [aad82da5-26bb-58af-7304-559c3fcd716e@tion-analyzer-2] [AnalyzerMonitor               ] [@] [DG_AJ:DEMO-41:14-228#14-228:2-1] skipped [DEMO-41:analysis in state after change]
 14/08/26 07:31:51,526 INFO  [aad82da5-26bb-58af-7304-559c3fcd716e@tion-analyzer-2] [AnalyzerMonitor               ] [@] [DG_AJ:DEMO-41:14-228#14-228:2-1] started [DEMO-41:analysis in state before change]
 14/08/26 07:31:51,528 INFO  [aad82da5-26bb-58af-7304-559c3fcd716e@tion-analyzer-2] [AnalyzerMonitor               ] [@] [DG_AJ:DEMO-41:14-228#14-228:2-1] started [DEMO-41:user mentions analysis]
 14/08/26 07:31:51,529 INFO  [aad82da5-26bb-58af-7304-559c3fcd716e@tion-analyzer-2] [AnalyzerMonitor               ] [@] [DG_AJ:DEMO-41:14-228#14-228:2-1] started [DEMO-41:user reaction analysis]
 14/08/26 07:31:51,530 INFO  [aad82da5-26bb-58af-7304-559c3fcd716e@tion-analyzer-2] [AbstractAnalyzerJob           ] [@] [DG_AJ:DEMO-41:14-228#14-228:2-1] didn't persist any notification job
 14/08/26 07:31:51,531 INFO  [aad82da5-26bb-58af-7304-559c3fcd716e@tion-analyzer-2] [AbstractAnalyzerJob           ] [@] [DG_AJ:DEMO-40:14-229#14-229:2-1] started
 14/08/26 07:31:51,532 INFO  [aad82da5-26bb-58af-7304-559c3fcd716e@tion-analyzer-2] [AnalyzerMonitor               ] [@] [DG_AJ:DEMO-40:14-229#14-229:2-1] skipped [DEMO-40:analysis in state after change]
 14/08/26 07:31:51,532 INFO  [aad82da5-26bb-58af-7304-559c3fcd716e@tion-analyzer-2] [AnalyzerMonitor               ] [@] [DG_AJ:DEMO-40:14-229#14-229:2-1] started [DEMO-40:analysis in state before change]
 14/08/26 07:31:51,534 INFO  [aad82da5-26bb-58af-7304-559c3fcd716e@tion-analyzer-2] [AnalyzerMonitor               ] [@] [DG_AJ:DEMO-40:14-229#14-229:2-1] started [DEMO-40:user mentions analysis]
 14/08/26 07:31:51,535 INFO  [aad82da5-26bb-58af-7304-559c3fcd716e@tion-analyzer-2] [AnalyzerMonitor               ] [@] [DG_AJ:DEMO-40:14-229#14-229:2-1] started [DEMO-40:user reaction analysis]
 14/08/26 07:31:51,535 INFO  [aad82da5-26bb-58af-7304-559c3fcd716e@tion-analyzer-2] [AbstractAnalyzerJob           ] [@] [DG_AJ:DEMO-40:14-229#14-229:2-1] didn't persist any notification job
 14/08/26 07:31:51,537 INFO  [aad82da5-26bb-58af-7304-559c3fcd716e@tion-analyzer-2] [AbstractAnalyzerJob           ] [@] [DG_AJ:DEMO-39:14-230#14-230:2-1] started
 14/08/26 07:31:51,537 INFO  [aad82da5-26bb-58af-7304-559c3fcd716e@tion-analyzer-2] [AnalyzerMonitor               ] [@] [DG_AJ:DEMO-39:14-230#14-230:2-1] skipped [DEMO-39:analysis in state after change]
 14/08/26 07:31:51,538 INFO  [aad82da5-26bb-58af-7304-559c3fcd716e@tion-analyzer-2] [AnalyzerMonitor               ] [@] [DG_AJ:DEMO-39:14-230#14-230:2-1] started [DEMO-39:analysis in state before change]
 14/08/26 07:31:51,540 INFO  [aad82da5-26bb-58af-7304-559c3fcd716e@tion-analyzer-2] [AnalyzerMonitor               ] [@] [DG_AJ:DEMO-39:14-230#14-230:2-1] started [DEMO-39:user mentions analysis]
 14/08/26 07:31:51,541 INFO  [aad82da5-26bb-58af-7304-559c3fcd716e@tion-analyzer-2] [AnalyzerMonitor               ] [@] [DG_AJ:DEMO-39:14-230#14-230:2-1] started [DEMO-39:user reaction analysis]
 14/08/26 07:31:51,541 INFO  [aad82da5-26bb-58af-7304-559c3fcd716e@tion-analyzer-2] [AbstractAnalyzerJob           ] [@] [DG_AJ:DEMO-39:14-230#14-230:2-1] didn't persist any notification job
 14/08/26 07:31:51,542 INFO  [aad82da5-26bb-58af-7304-559c3fcd716e@tion-analyzer-2] [AbstractAnalyzerJob           ] [@] [DG_AJ:DEMO-38:14-231#14-231:2-1] started
 14/08/26 07:31:51,543 INFO  [aad82da5-26bb-58af-7304-559c3fcd716e@tion-analyzer-2] [AnalyzerMonitor               ] [@] [DG_AJ:DEMO-38:14-231#14-231:2-1] skipped [DEMO-38:analysis in state after change]
 14/08/26 07:31:51,544 INFO  [aad82da5-26bb-58af-7304-559c3fcd716e@tion-analyzer-2] [AnalyzerMonitor               ] [@] [DG_AJ:DEMO-38:14-231#14-231:2-1] started [DEMO-38:analysis in state before change]
 14/08/26 07:31:51,546 INFO  [aad82da5-26bb-58af-7304-559c3fcd716e@tion-analyzer-2] [AnalyzerMonitor               ] [@] [DG_AJ:DEMO-38:14-231#14-231:2-1] started [DEMO-38:user mentions analysis]
 14/08/26 07:31:51,546 INFO  [aad82da5-26bb-58af-7304-559c3fcd716e@tion-analyzer-2] [AnalyzerMonitor               ] [@] [DG_AJ:DEMO-38:14-231#14-231:2-1] started [DEMO-38:user reaction analysis]
 14/08/26 07:31:51,547 INFO  [aad82da5-26bb-58af-7304-559c3fcd716e@tion-analyzer-2] [AbstractAnalyzerJob           ] [@] [DG_AJ:DEMO-38:14-231#14-231:2-1] didn't persist any notification job
 14/08/26 07:31:51,548 INFO  [aad82da5-26bb-58af-7304-559c3fcd716e@tion-analyzer-2] [AbstractAnalyzerJob           ] [@] [DG_AJ:DEMO-37:14-232#14-232:2-1] started
 14/08/26 07:31:51,548 INFO  [aad82da5-26bb-58af-7304-559c3fcd716e@tion-analyzer-2] [AnalyzerMonitor               ] [@] [DG_AJ:DEMO-37:14-232#14-232:2-1] skipped [DEMO-37:analysis in state after change]
 14/08/26 07:31:51,549 INFO  [aad82da5-26bb-58af-7304-559c3fcd716e@tion-analyzer-2] [AnalyzerMonitor               ] [@] [DG_AJ:DEMO-37:14-232#14-232:2-1] started [DEMO-37:analysis in state before change]
 14/08/26 07:31:51,551 INFO  [aad82da5-26bb-58af-7304-559c3fcd716e@tion-analyzer-2] [AnalyzerMonitor               ] [@] [DG_AJ:DEMO-37:14-232#14-232:2-1] started [DEMO-37:user mentions analysis]
 14/08/26 07:31:51,551 INFO  [aad82da5-26bb-58af-7304-559c3fcd716e@tion-analyzer-2] [AnalyzerMonitor               ] [@] [DG_AJ:DEMO-37:14-232#14-232:2-1] started [DEMO-37:user reaction analysis]
 14/08/26 07:31:51,552 INFO  [aad82da5-26bb-58af-7304-559c3fcd716e@tion-analyzer-2] [AbstractAnalyzerJob           ] [@] [DG_AJ:DEMO-37:14-232#14-232:2-1] didn't persist any notification job
 14/08/26 07:31:51,553 INFO  [aad82da5-26bb-58af-7304-559c3fcd716e@tion-analyzer-2] [AbstractAnalyzerJob           ] [@] [DG_AJ:DEMO-36:14-233#14-233:2-1] started
 14/08/26 07:31:51,554 INFO  [aad82da5-26bb-58af-7304-559c3fcd716e@tion-analyzer-2] [AnalyzerMonitor               ] [@] [DG_AJ:DEMO-36:14-233#14-233:2-1] skipped [DEMO-36:analysis in state after change]
 14/08/26 07:31:51,554 INFO  [aad82da5-26bb-58af-7304-559c3fcd716e@tion-analyzer-2] [AnalyzerMonitor               ] [@] [DG_AJ:DEMO-36:14-233#14-233:2-1] started [DEMO-36:analysis in state before change]
 14/08/26 07:31:51,557 INFO  [aad82da5-26bb-58af-7304-559c3fcd716e@tion-analyzer-2] [AnalyzerMonitor               ] [@] [DG_AJ:DEMO-36:14-233#14-233:2-1] started [DEMO-36:user mentions analysis]
 14/08/26 07:31:51,557 INFO  [aad82da5-26bb-58af-7304-559c3fcd716e@tion-analyzer-2] [AnalyzerMonitor               ] [@] [DG_AJ:DEMO-36:14-233#14-233:2-1] started [DEMO-36:user reaction analysis]
 14/08/26 07:31:51,558 INFO  [aad82da5-26bb-58af-7304-559c3fcd716e@tion-analyzer-2] [AbstractAnalyzerJob           ] [@] [DG_AJ:DEMO-36:14-233#14-233:2-1] didn't persist any notification job
 14/08/26 07:31:51,560 INFO  [aad82da5-26bb-58af-7304-559c3fcd716e@tion-analyzer-2] [AbstractAnalyzerJob           ] [@] [DG_AJ:DEMO-35:14-234#14-234:2-1] started
 14/08/26 07:31:51,560 INFO  [aad82da5-26bb-58af-7304-559c3fcd716e@tion-analyzer-2] [AnalyzerMonitor               ] [@] [DG_AJ:DEMO-35:14-234#14-234:2-1] skipped [DEMO-35:analysis in state after change]
 14/08/26 07:31:51,560 INFO  [aad82da5-26bb-58af-7304-559c3fcd716e@tion-analyzer-2] [AnalyzerMonitor               ] [@] [DG_AJ:DEMO-35:14-234#14-234:2-1] started [DEMO-35:analysis in state before change]
 14/08/26 07:31:51,562 INFO  [aad82da5-26bb-58af-7304-559c3fcd716e@tion-analyzer-2] [AnalyzerMonitor               ] [@] [DG_AJ:DEMO-35:14-234#14-234:2-1] started [DEMO-35:user mentions analysis]
 14/08/26 07:31:51,563 INFO  [aad82da5-26bb-58af-7304-559c3fcd716e@tion-analyzer-2] [AnalyzerMonitor               ] [@] [DG_AJ:DEMO-35:14-234#14-234:2-1] started [DEMO-35:user reaction analysis]
 14/08/26 07:31:51,563 INFO  [aad82da5-26bb-58af-7304-559c3fcd716e@tion-analyzer-2] [AbstractAnalyzerJob           ] [@] [DG_AJ:DEMO-35:14-234#14-234:2-1] didn't persist any notification job
 14/08/26 07:31:51,565 INFO  [aad82da5-26bb-58af-7304-559c3fcd716e@tion-analyzer-2] [AbstractAnalyzerJob           ] [@] [DG_AJ:DEMO-34:14-235#14-235:2-1] started
 14/08/26 07:31:51,566 INFO  [aad82da5-26bb-58af-7304-559c3fcd716e@tion-analyzer-2] [AnalyzerMonitor               ] [@] [DG_AJ:DEMO-34:14-235#14-235:2-1] skipped [DEMO-34:analysis in state after change]
 14/08/26 07:31:51,566 INFO  [aad82da5-26bb-58af-7304-559c3fcd716e@tion-analyzer-2] [AnalyzerMonitor               ] [@] [DG_AJ:DEMO-34:14-235#14-235:2-1] started [DEMO-34:analysis in state before change]
 14/08/26 07:31:51,568 INFO  [aad82da5-26bb-58af-7304-559c3fcd716e@tion-analyzer-2] [AnalyzerMonitor               ] [@] [DG_AJ:DEMO-34:14-235#14-235:2-1] started [DEMO-34:user mentions analysis]
 14/08/26 07:31:51,569 INFO  [aad82da5-26bb-58af-7304-559c3fcd716e@tion-analyzer-2] [AnalyzerMonitor               ] [@] [DG_AJ:DEMO-34:14-235#14-235:2-1] started [DEMO-34:user reaction analysis]
 14/08/26 07:31:51,569 INFO  [aad82da5-26bb-58af-7304-559c3fcd716e@tion-analyzer-2] [AbstractAnalyzerJob           ] [@] [DG_AJ:DEMO-34:14-235#14-235:2-1] didn't persist any notification job
 14/08/26 07:31:51,571 INFO  [aad82da5-26bb-58af-7304-559c3fcd716e@tion-analyzer-2] [AbstractAnalyzerJob           ] [@] [DG_AJ:DEMO-33:14-236#14-236:2-1] started
 14/08/26 07:31:51,571 INFO  [aad82da5-26bb-58af-7304-559c3fcd716e@tion-analyzer-2] [AnalyzerMonitor               ] [@] [DG_AJ:DEMO-33:14-236#14-236:2-1] skipped [DEMO-33:analysis in state after change]
 14/08/26 07:31:51,572 INFO  [aad82da5-26bb-58af-7304-559c3fcd716e@tion-analyzer-2] [AnalyzerMonitor               ] [@] [DG_AJ:DEMO-33:14-236#14-236:2-1] started [DEMO-33:analysis in state before change]
 14/08/26 07:31:51,574 INFO  [aad82da5-26bb-58af-7304-559c3fcd716e@tion-analyzer-2] [AnalyzerMonitor               ] [@] [DG_AJ:DEMO-33:14-236#14-236:2-1] started [DEMO-33:user mentions analysis]
 14/08/26 07:31:51,574 INFO  [aad82da5-26bb-58af-7304-559c3fcd716e@tion-analyzer-2] [AnalyzerMonitor               ] [@] [DG_AJ:DEMO-33:14-236#14-236:2-1] started [DEMO-33:user reaction analysis]
 14/08/26 07:31:51,575 INFO  [aad82da5-26bb-58af-7304-559c3fcd716e@tion-analyzer-2] [AbstractAnalyzerJob           ] [@] [DG_AJ:DEMO-33:14-236#14-236:2-1] didn't persist any notification job
 14/08/26 07:31:51,577 INFO  [aad82da5-26bb-58af-7304-559c3fcd716e@tion-analyzer-2] [AbstractAnalyzerJob           ] [@] [DG_AJ:DEMO-32:14-237#14-237:2-1] started
 14/08/26 07:31:51,577 INFO  [aad82da5-26bb-58af-7304-559c3fcd716e@tion-analyzer-2] [AnalyzerMonitor               ] [@] [DG_AJ:DEMO-32:14-237#14-237:2-1] skipped [DEMO-32:analysis in state after change]
 14/08/26 07:31:51,578 INFO  [aad82da5-26bb-58af-7304-559c3fcd716e@tion-analyzer-2] [AnalyzerMonitor               ] [@] [DG_AJ:DEMO-32:14-237#14-237:2-1] started [DEMO-32:analysis in state before change]
 14/08/26 07:31:51,582 INFO  [aad82da5-26bb-58af-7304-559c3fcd716e@tion-analyzer-2] [AnalyzerMonitor               ] [@] [DG_AJ:DEMO-32:14-237#14-237:2-1] started [DEMO-32:user mentions analysis]
 14/08/26 07:31:51,583 INFO  [aad82da5-26bb-58af-7304-559c3fcd716e@tion-analyzer-2] [AnalyzerMonitor               ] [@] [DG_AJ:DEMO-32:14-237#14-237:2-1] started [DEMO-32:user reaction analysis]
 14/08/26 07:31:51,583 INFO  [aad82da5-26bb-58af-7304-559c3fcd716e@tion-analyzer-2] [AbstractAnalyzerJob           ] [@] [DG_AJ:DEMO-32:14-237#14-237:2-1] didn't persist any notification job
 14/08/26 07:31:51,585 INFO  [aad82da5-26bb-58af-7304-559c3fcd716e@tion-analyzer-2] [AbstractAnalyzerJob           ] [@] [DG_AJ:DEMO-31:14-238#14-238:2-1] started
 14/08/26 07:31:51,585 INFO  [aad82da5-26bb-58af-7304-559c3fcd716e@tion-analyzer-2] [AnalyzerMonitor               ] [@] [DG_AJ:DEMO-31:14-238#14-238:2-1] skipped [DEMO-31:analysis in state after change]
 14/08/26 07:31:51,586 INFO  [aad82da5-26bb-58af-7304-559c3fcd716e@tion-analyzer-2] [AnalyzerMonitor               ] [@] [DG_AJ:DEMO-31:14-238#14-238:2-1] started [DEMO-31:analysis in state before change]
 14/08/26 07:31:51,588 INFO  [aad82da5-26bb-58af-7304-559c3fcd716e@tion-analyzer-2] [AnalyzerMonitor               ] [@] [DG_AJ:DEMO-31:14-238#14-238:2-1] started [DEMO-31:user mentions analysis]
 14/08/26 07:31:51,588 INFO  [aad82da5-26bb-58af-7304-559c3fcd716e@tion-analyzer-2] [AnalyzerMonitor               ] [@] [DG_AJ:DEMO-31:14-238#14-238:2-1] started [DEMO-31:user reaction analysis]
 14/08/26 07:31:51,589 INFO  [aad82da5-26bb-58af-7304-559c3fcd716e@tion-analyzer-2] [AbstractAnalyzerJob           ] [@] [DG_AJ:DEMO-31:14-238#14-238:2-1] didn't persist any notification job
 14/08/26 07:31:51,590 INFO  [aad82da5-26bb-58af-7304-559c3fcd716e@tion-analyzer-2] [AbstractAnalyzerJob           ] [@] [DG_AJ:DEMO-30:14-239#14-239:2-1] started
 14/08/26 07:31:51,591 INFO  [aad82da5-26bb-58af-7304-559c3fcd716e@tion-analyzer-2] [AnalyzerMonitor               ] [@] [DG_AJ:DEMO-30:14-239#14-239:2-1] skipped [DEMO-30:analysis in state after change]
 14/08/26 07:31:51,591 INFO  [aad82da5-26bb-58af-7304-559c3fcd716e@tion-analyzer-2] [AnalyzerMonitor               ] [@] [DG_AJ:DEMO-30:14-239#14-239:2-1] started [DEMO-30:analysis in state before change]
 14/08/26 07:31:51,593 INFO  [aad82da5-26bb-58af-7304-559c3fcd716e@tion-analyzer-2] [AnalyzerMonitor               ] [@] [DG_AJ:DEMO-30:14-239#14-239:2-1] started [DEMO-30:user mentions analysis]
 14/08/26 07:31:51,594 INFO  [aad82da5-26bb-58af-7304-559c3fcd716e@tion-analyzer-2] [AnalyzerMonitor               ] [@] [DG_AJ:DEMO-30:14-239#14-239:2-1] started [DEMO-30:user reaction analysis]
 14/08/26 07:31:51,594 INFO  [aad82da5-26bb-58af-7304-559c3fcd716e@tion-analyzer-2] [AbstractAnalyzerJob           ] [@] [DG_AJ:DEMO-30:14-239#14-239:2-1] didn't persist any notification job
 14/08/26 07:31:51,597 INFO  [aad82da5-26bb-58af-7304-559c3fcd716e@tion-analyzer-2] [AbstractAnalyzerJob           ] [@] [DG_AJ:DEMO-29:14-240#14-240:2-1] started
 14/08/26 07:31:51,597 INFO  [aad82da5-26bb-58af-7304-559c3fcd716e@tion-analyzer-2] [AnalyzerMonitor               ] [@] [DG_AJ:DEMO-29:14-240#14-240:2-1] skipped [DEMO-29:analysis in state after change]
 14/08/26 07:31:51,598 INFO  [aad82da5-26bb-58af-7304-559c3fcd716e@tion-analyzer-2] [AnalyzerMonitor               ] [@] [DG_AJ:DEMO-29:14-240#14-240:2-1] started [DEMO-29:analysis in state before change]
 14/08/26 07:31:51,599 INFO  [aad82da5-26bb-58af-7304-559c3fcd716e@tion-analyzer-2] [AnalyzerMonitor               ] [@] [DG_AJ:DEMO-29:14-240#14-240:2-1] started [DEMO-29:user mentions analysis]
 14/08/26 07:31:51,600 INFO  [aad82da5-26bb-58af-7304-559c3fcd716e@tion-analyzer-2] [AnalyzerMonitor               ] [@] [DG_AJ:DEMO-29:14-240#14-240:2-1] started [DEMO-29:user reaction analysis]
 14/08/26 07:31:51,600 INFO  [aad82da5-26bb-58af-7304-559c3fcd716e@tion-analyzer-2] [AbstractAnalyzerJob           ] [@] [DG_AJ:DEMO-29:14-240#14-240:2-1] didn't persist any notification job
 14/08/26 07:31:51,603 INFO  [aad82da5-26bb-58af-7304-559c3fcd716e@tion-analyzer-2] [AbstractAnalyzerJob           ] [@] [DG_AJ:DEMO-28:14-241#14-241:2-1] started
 14/08/26 07:31:51,604 INFO  [aad82da5-26bb-58af-7304-559c3fcd716e@tion-analyzer-2] [AnalyzerMonitor               ] [@] [DG_AJ:DEMO-28:14-241#14-241:2-1] skipped [DEMO-28:analysis in state after change]
 14/08/26 07:31:51,604 INFO  [aad82da5-26bb-58af-7304-559c3fcd716e@tion-analyzer-2] [AnalyzerMonitor               ] [@] [DG_AJ:DEMO-28:14-241#14-241:2-1] started [DEMO-28:analysis in state before change]
 14/08/26 07:31:51,606 INFO  [aad82da5-26bb-58af-7304-559c3fcd716e@tion-analyzer-2] [AnalyzerMonitor               ] [@] [DG_AJ:DEMO-28:14-241#14-241:2-1] started [DEMO-28:user mentions analysis]
 14/08/26 07:31:51,607 INFO  [aad82da5-26bb-58af-7304-559c3fcd716e@tion-analyzer-2] [AnalyzerMonitor               ] [@] [DG_AJ:DEMO-28:14-241#14-241:2-1] started [DEMO-28:user reaction analysis]
 14/08/26 07:31:51,607 INFO  [aad82da5-26bb-58af-7304-559c3fcd716e@tion-analyzer-2] [AbstractAnalyzerJob           ] [@] [DG_AJ:DEMO-28:14-241#14-241:2-1] didn't persist any notification job
 14/08/26 07:31:51,608 INFO  [aad82da5-26bb-58af-7304-559c3fcd716e@tion-analyzer-2] [AbstractAnalyzerJob           ] [@] [DG_AJ:DEMO-27:14-242#14-242:2-1] started
 14/08/26 07:31:51,609 INFO  [aad82da5-26bb-58af-7304-559c3fcd716e@tion-analyzer-2] [AnalyzerMonitor               ] [@] [DG_AJ:DEMO-27:14-242#14-242:2-1] skipped [DEMO-27:analysis in state after change]
 14/08/26 07:31:51,609 INFO  [aad82da5-26bb-58af-7304-559c3fcd716e@tion-analyzer-2] [AnalyzerMonitor               ] [@] [DG_AJ:DEMO-27:14-242#14-242:2-1] started [DEMO-27:analysis in state before change]
 14/08/26 07:31:51,611 INFO  [aad82da5-26bb-58af-7304-559c3fcd716e@tion-analyzer-2] [AnalyzerMonitor               ] [@] [DG_AJ:DEMO-27:14-242#14-242:2-1] started [DEMO-27:user mentions analysis]
 14/08/26 07:31:51,612 INFO  [aad82da5-26bb-58af-7304-559c3fcd716e@tion-analyzer-2] [AnalyzerMonitor               ] [@] [DG_AJ:DEMO-27:14-242#14-242:2-1] started [DEMO-27:user reaction analysis]
 14/08/26 07:31:51,612 INFO  [aad82da5-26bb-58af-7304-559c3fcd716e@tion-analyzer-2] [AbstractAnalyzerJob           ] [@] [DG_AJ:DEMO-27:14-242#14-242:2-1] didn't persist any notification job
 14/08/26 07:31:51,614 INFO  [aad82da5-26bb-58af-7304-559c3fcd716e@tion-analyzer-2] [AbstractAnalyzerJob           ] [@] [DG_AJ:DEMO-26:14-243#14-243:2-1] started
 14/08/26 07:31:51,614 INFO  [aad82da5-26bb-58af-7304-559c3fcd716e@tion-analyzer-2] [AnalyzerMonitor               ] [@] [DG_AJ:DEMO-26:14-243#14-243:2-1] skipped [DEMO-26:analysis in state after change]
 14/08/26 07:31:51,614 INFO  [aad82da5-26bb-58af-7304-559c3fcd716e@tion-analyzer-2] [AnalyzerMonitor               ] [@] [DG_AJ:DEMO-26:14-243#14-243:2-1] started [DEMO-26:analysis in state before change]
 14/08/26 07:31:51,616 INFO  [aad82da5-26bb-58af-7304-559c3fcd716e@tion-analyzer-2] [AnalyzerMonitor               ] [@] [DG_AJ:DEMO-26:14-243#14-243:2-1] started [DEMO-26:user mentions analysis]
 14/08/26 07:31:51,616 INFO  [aad82da5-26bb-58af-7304-559c3fcd716e@tion-analyzer-2] [AnalyzerMonitor               ] [@] [DG_AJ:DEMO-26:14-243#14-243:2-1] started [DEMO-26:user reaction analysis]
 14/08/26 07:31:51,617 INFO  [aad82da5-26bb-58af-7304-559c3fcd716e@tion-analyzer-2] [AbstractAnalyzerJob           ] [@] [DG_AJ:DEMO-26:14-243#14-243:2-1] didn't persist any notification job
 14/08/26 07:31:51,618 INFO  [aad82da5-26bb-58af-7304-559c3fcd716e@tion-analyzer-2] [AbstractAnalyzerJob           ] [@] [DG_AJ:DEMO-25:14-244#14-244:2-1] started
 14/08/26 07:31:51,619 INFO  [aad82da5-26bb-58af-7304-559c3fcd716e@tion-analyzer-2] [AnalyzerMonitor               ] [@] [DG_AJ:DEMO-25:14-244#14-244:2-1] skipped [DEMO-25:analysis in state after change]
 14/08/26 07:31:51,619 INFO  [aad82da5-26bb-58af-7304-559c3fcd716e@tion-analyzer-2] [AnalyzerMonitor               ] [@] [DG_AJ:DEMO-25:14-244#14-244:2-1] started [DEMO-25:analysis in state before change]
 14/08/26 07:31:51,621 INFO  [aad82da5-26bb-58af-7304-559c3fcd716e@tion-analyzer-2] [AnalyzerMonitor               ] [@] [DG_AJ:DEMO-25:14-244#14-244:2-1] started [DEMO-25:user mentions analysis]
 14/08/26 07:31:51,622 INFO  [aad82da5-26bb-58af-7304-559c3fcd716e@tion-analyzer-2] [AnalyzerMonitor               ] [@] [DG_AJ:DEMO-25:14-244#14-244:2-1] started [DEMO-25:user reaction analysis]
 14/08/26 07:31:51,622 INFO  [aad82da5-26bb-58af-7304-559c3fcd716e@tion-analyzer-2] [AbstractAnalyzerJob           ] [@] [DG_AJ:DEMO-25:14-244#14-244:2-1] didn't persist any notification job
 14/08/26 07:31:51,623 INFO  [aad82da5-26bb-58af-7304-559c3fcd716e@tion-analyzer-2] [AbstractAnalyzerJob           ] [@] [DG_AJ:DEMO-24:14-245#14-245:2-1] started
 14/08/26 07:31:51,624 INFO  [aad82da5-26bb-58af-7304-559c3fcd716e@tion-analyzer-2] [AnalyzerMonitor               ] [@] [DG_AJ:DEMO-24:14-245#14-245:2-1] skipped [DEMO-24:analysis in state after change]
 14/08/26 07:31:51,624 INFO  [aad82da5-26bb-58af-7304-559c3fcd716e@tion-analyzer-2] [AnalyzerMonitor               ] [@] [DG_AJ:DEMO-24:14-245#14-245:2-1] started [DEMO-24:analysis in state before change]
 14/08/26 07:31:51,625 INFO  [aad82da5-26bb-58af-7304-559c3fcd716e@tion-analyzer-2] [AnalyzerMonitor               ] [@] [DG_AJ:DEMO-24:14-245#14-245:2-1] started [DEMO-24:user mentions analysis]
 14/08/26 07:31:51,626 INFO  [aad82da5-26bb-58af-7304-559c3fcd716e@tion-analyzer-2] [AnalyzerMonitor               ] [@] [DG_AJ:DEMO-24:14-245#14-245:2-1] started [DEMO-24:user reaction analysis]
 14/08/26 07:31:51,626 INFO  [aad82da5-26bb-58af-7304-559c3fcd716e@tion-analyzer-2] [AbstractAnalyzerJob           ] [@] [DG_AJ:DEMO-24:14-245#14-245:2-1] didn't persist any notification job
 14/08/26 07:31:51,628 INFO  [aad82da5-26bb-58af-7304-559c3fcd716e@tion-analyzer-2] [AbstractAnalyzerJob           ] [@] [DG_AJ:DEMO-23:14-246#14-246:2-1] started
 14/08/26 07:31:51,628 INFO  [aad82da5-26bb-58af-7304-559c3fcd716e@tion-analyzer-2] [AnalyzerMonitor               ] [@] [DG_AJ:DEMO-23:14-246#14-246:2-1] skipped [DEMO-23:analysis in state after change]
 14/08/26 07:31:51,628 INFO  [aad82da5-26bb-58af-7304-559c3fcd716e@tion-analyzer-2] [AnalyzerMonitor               ] [@] [DG_AJ:DEMO-23:14-246#14-246:2-1] started [DEMO-23:analysis in state before change]
 14/08/26 07:31:51,630 INFO  [aad82da5-26bb-58af-7304-559c3fcd716e@tion-analyzer-2] [AnalyzerMonitor               ] [@] [DG_AJ:DEMO-23:14-246#14-246:2-1] started [DEMO-23:user mentions analysis]
 14/08/26 07:31:51,631 INFO  [aad82da5-26bb-58af-7304-559c3fcd716e@tion-analyzer-2] [AnalyzerMonitor               ] [@] [DG_AJ:DEMO-23:14-246#14-246:2-1] started [DEMO-23:user reaction analysis]
 14/08/26 07:31:51,631 INFO  [aad82da5-26bb-58af-7304-559c3fcd716e@tion-analyzer-2] [AbstractAnalyzerJob           ] [@] [DG_AJ:DEMO-23:14-246#14-246:2-1] didn't persist any notification job
 14/08/26 07:31:51,633 INFO  [aad82da5-26bb-58af-7304-559c3fcd716e@tion-analyzer-2] [AbstractAnalyzerJob           ] [@] [DG_AJ:DEMO-22:14-247#14-247:2-1] started
 14/08/26 07:31:51,633 INFO  [aad82da5-26bb-58af-7304-559c3fcd716e@tion-analyzer-2] [AnalyzerMonitor               ] [@] [DG_AJ:DEMO-22:14-247#14-247:2-1] skipped [DEMO-22:analysis in state after change]
 14/08/26 07:31:51,633 INFO  [aad82da5-26bb-58af-7304-559c3fcd716e@tion-analyzer-2] [AnalyzerMonitor               ] [@] [DG_AJ:DEMO-22:14-247#14-247:2-1] started [DEMO-22:analysis in state before change]
 14/08/26 07:31:51,635 INFO  [aad82da5-26bb-58af-7304-559c3fcd716e@tion-analyzer-2] [AnalyzerMonitor               ] [@] [DG_AJ:DEMO-22:14-247#14-247:2-1] started [DEMO-22:user mentions analysis]
 14/08/26 07:31:51,635 INFO  [aad82da5-26bb-58af-7304-559c3fcd716e@tion-analyzer-2] [AnalyzerMonitor               ] [@] [DG_AJ:DEMO-22:14-247#14-247:2-1] started [DEMO-22:user reaction analysis]
 14/08/26 07:31:51,636 INFO  [aad82da5-26bb-58af-7304-559c3fcd716e@tion-analyzer-2] [AbstractAnalyzerJob           ] [@] [DG_AJ:DEMO-22:14-247#14-247:2-1] didn't persist any notification job
 14/08/26 07:31:51,637 INFO  [aad82da5-26bb-58af-7304-559c3fcd716e@tion-analyzer-2] [AbstractAnalyzerJob           ] [@] [DG_AJ:DEMO-21:14-248#14-248:2-1] started
 14/08/26 07:31:51,637 INFO  [aad82da5-26bb-58af-7304-559c3fcd716e@tion-analyzer-2] [AnalyzerMonitor               ] [@] [DG_AJ:DEMO-21:14-248#14-248:2-1] skipped [DEMO-21:analysis in state after change]
 14/08/26 07:31:51,638 INFO  [aad82da5-26bb-58af-7304-559c3fcd716e@tion-analyzer-2] [AnalyzerMonitor               ] [@] [DG_AJ:DEMO-21:14-248#14-248:2-1] started [DEMO-21:analysis in state before change]
 14/08/26 07:31:51,639 INFO  [aad82da5-26bb-58af-7304-559c3fcd716e@tion-analyzer-2] [AnalyzerMonitor               ] [@] [DG_AJ:DEMO-21:14-248#14-248:2-1] started [DEMO-21:user mentions analysis]
 14/08/26 07:31:51,640 INFO  [aad82da5-26bb-58af-7304-559c3fcd716e@tion-analyzer-2] [AnalyzerMonitor               ] [@] [DG_AJ:DEMO-21:14-248#14-248:2-1] started [DEMO-21:user reaction analysis]
 14/08/26 07:31:51,640 INFO  [aad82da5-26bb-58af-7304-559c3fcd716e@tion-analyzer-2] [AbstractAnalyzerJob           ] [@] [DG_AJ:DEMO-21:14-248#14-248:2-1] didn't persist any notification job
 14/08/26 07:31:51,641 INFO  [aad82da5-26bb-58af-7304-559c3fcd716e@tion-analyzer-2] [AbstractAnalyzerJob           ] [@] [DG_AJ:DEMO-20:14-249#14-249:2-1] started
 14/08/26 07:31:51,642 INFO  [aad82da5-26bb-58af-7304-559c3fcd716e@tion-analyzer-2] [AnalyzerMonitor               ] [@] [DG_AJ:DEMO-20:14-249#14-249:2-1] skipped [DEMO-20:analysis in state after change]
 14/08/26 07:31:51,642 INFO  [aad82da5-26bb-58af-7304-559c3fcd716e@tion-analyzer-2] [AnalyzerMonitor               ] [@] [DG_AJ:DEMO-20:14-249#14-249:2-1] started [DEMO-20:analysis in state before change]
 14/08/26 07:31:51,643 INFO  [aad82da5-26bb-58af-7304-559c3fcd716e@tion-analyzer-2] [AnalyzerMonitor               ] [@] [DG_AJ:DEMO-20:14-249#14-249:2-1] started [DEMO-20:user mentions analysis]
 14/08/26 07:31:51,644 INFO  [aad82da5-26bb-58af-7304-559c3fcd716e@tion-analyzer-2] [AnalyzerMonitor               ] [@] [DG_AJ:DEMO-20:14-249#14-249:2-1] started [DEMO-20:user reaction analysis]
 14/08/26 07:31:51,644 INFO  [aad82da5-26bb-58af-7304-559c3fcd716e@tion-analyzer-2] [AbstractAnalyzerJob           ] [@] [DG_AJ:DEMO-20:14-249#14-249:2-1] didn't persist any notification job
 14/08/26 07:31:51,645 INFO  [aad82da5-26bb-58af-7304-559c3fcd716e@tion-analyzer-2] [AbstractAnalyzerJob           ] [@] [DG_AJ:DEMO-1:14-250#14-251:2-1] started
 14/08/26 07:31:51,646 INFO  [aad82da5-26bb-58af-7304-559c3fcd716e@tion-analyzer-2] [AnalyzerMonitor               ] [@] [DG_AJ:DEMO-1:14-250#14-251:2-1] skipped [DEMO-1:analysis in state after change]
 14/08/26 07:31:51,646 INFO  [aad82da5-26bb-58af-7304-559c3fcd716e@tion-analyzer-2] [AnalyzerMonitor               ] [@] [DG_AJ:DEMO-1:14-250#14-251:2-1] started [DEMO-1:analysis in state before change]
 14/08/26 07:31:51,649 INFO  [aad82da5-26bb-58af-7304-559c3fcd716e@tion-analyzer-2] [AnalyzerMonitor               ] [@] [DG_AJ:DEMO-1:14-250#14-251:2-1] started [DEMO-1:user mentions analysis]
 14/08/26 07:31:51,649 INFO  [aad82da5-26bb-58af-7304-559c3fcd716e@tion-analyzer-2] [AnalyzerMonitor               ] [@] [DG_AJ:DEMO-1:14-250#14-251:2-1] started [DEMO-1:user reaction analysis]
 14/08/26 07:31:51,650 INFO  [aad82da5-26bb-58af-7304-559c3fcd716e@tion-analyzer-2] [AbstractAnalyzerJob           ] [@] [DG_AJ:DEMO-1:14-250#14-251:2-1] didn't persist any notification job
 14/08/26 07:31:51,651 INFO  [aad82da5-26bb-58af-7304-559c3fcd716e@tion-analyzer-2] [AbstractAnalyzerJob           ] [@] [DG_AJ:DEMO-4:14-252#14-254:2-1] started
 14/08/26 07:31:51,652 INFO  [aad82da5-26bb-58af-7304-559c3fcd716e@tion-analyzer-2] [AnalyzerMonitor               ] [@] [DG_AJ:DEMO-4:14-252#14-254:2-1] skipped [DEMO-4:analysis in state after change]
 14/08/26 07:31:51,652 INFO  [aad82da5-26bb-58af-7304-559c3fcd716e@tion-analyzer-2] [AnalyzerMonitor               ] [@] [DG_AJ:DEMO-4:14-252#14-254:2-1] started [DEMO-4:analysis in state before change]
 14/08/26 07:31:51,654 INFO  [aad82da5-26bb-58af-7304-559c3fcd716e@tion-analyzer-2] [AnalyzerMonitor               ] [@] [DG_AJ:DEMO-4:14-252#14-254:2-1] started [DEMO-4:user mentions analysis]
 14/08/26 07:31:51,655 INFO  [aad82da5-26bb-58af-7304-559c3fcd716e@tion-analyzer-2] [AnalyzerMonitor               ] [@] [DG_AJ:DEMO-4:14-252#14-254:2-1] started [DEMO-4:user reaction analysis]
 14/08/26 07:31:51,655 INFO  [aad82da5-26bb-58af-7304-559c3fcd716e@tion-analyzer-2] [AbstractAnalyzerJob           ] [@] [DG_AJ:DEMO-4:14-252#14-254:2-1] didn't persist any notification job
 14/08/26 07:31:51,657 INFO  [aad82da5-26bb-58af-7304-559c3fcd716e@tion-analyzer-2] [AbstractAnalyzerJob           ] [@] [DG_AJ:DEMO-3:14-255#14-256:2-1] started
 14/08/26 07:31:51,658 INFO  [aad82da5-26bb-58af-7304-559c3fcd716e@tion-analyzer-2] [AnalyzerMonitor               ] [@] [DG_AJ:DEMO-3:14-255#14-256:2-1] skipped [DEMO-3:analysis in state after change]
 14/08/26 07:31:51,658 INFO  [aad82da5-26bb-58af-7304-559c3fcd716e@tion-analyzer-2] [AnalyzerMonitor               ] [@] [DG_AJ:DEMO-3:14-255#14-256:2-1] started [DEMO-3:analysis in state before change]
 14/08/26 07:31:51,661 INFO  [aad82da5-26bb-58af-7304-559c3fcd716e@tion-analyzer-2] [AnalyzerMonitor               ] [@] [DG_AJ:DEMO-3:14-255#14-256:2-1] started [DEMO-3:user mentions analysis]
 14/08/26 07:31:51,661 INFO  [aad82da5-26bb-58af-7304-559c3fcd716e@tion-analyzer-2] [AnalyzerMonitor               ] [@] [DG_AJ:DEMO-3:14-255#14-256:2-1] started [DEMO-3:user reaction analysis]
 14/08/26 07:31:51,662 INFO  [aad82da5-26bb-58af-7304-559c3fcd716e@tion-analyzer-2] [AbstractAnalyzerJob           ] [@] [DG_AJ:DEMO-3:14-255#14-256:2-1] didn't persist any notification job
 14/08/26 07:31:51,663 INFO  [aad82da5-26bb-58af-7304-559c3fcd716e@tion-analyzer-2] [AbstractAnalyzerJob           ] [@] [DG_AJ:DEMO-11:14-257#14-260:2-1] started
 14/08/26 07:31:51,664 INFO  [aad82da5-26bb-58af-7304-559c3fcd716e@tion-analyzer-2] [AnalyzerMonitor               ] [@] [DG_AJ:DEMO-11:14-257#14-260:2-1] skipped [DEMO-11:analysis in state after change]
 14/08/26 07:31:51,664 INFO  [aad82da5-26bb-58af-7304-559c3fcd716e@tion-analyzer-2] [AnalyzerMonitor               ] [@] [DG_AJ:DEMO-11:14-257#14-260:2-1] started [DEMO-11:analysis in state before change]
 14/08/26 07:31:51,666 INFO  [aad82da5-26bb-58af-7304-559c3fcd716e@tion-analyzer-2] [AnalyzerMonitor               ] [@] [DG_AJ:DEMO-11:14-257#14-260:2-1] started [DEMO-11:user mentions analysis]
 14/08/26 07:31:51,667 INFO  [aad82da5-26bb-58af-7304-559c3fcd716e@tion-analyzer-2] [AnalyzerMonitor               ] [@] [DG_AJ:DEMO-11:14-257#14-260:2-1] started [DEMO-11:user reaction analysis]
 14/08/26 07:31:51,667 INFO  [aad82da5-26bb-58af-7304-559c3fcd716e@tion-analyzer-2] [AbstractAnalyzerJob           ] [@] [DG_AJ:DEMO-11:14-257#14-260:2-1] didn't persist any notification job
 14/08/26 07:31:51,669 INFO  [aad82da5-26bb-58af-7304-559c3fcd716e@tion-analyzer-2] [AbstractAnalyzerJob           ] [@] [DG_AJ:DEMO-18:14-261#14-264:2-1] started
 14/08/26 07:31:51,669 INFO  [aad82da5-26bb-58af-7304-559c3fcd716e@tion-analyzer-2] [AnalyzerMonitor               ] [@] [DG_AJ:DEMO-18:14-261#14-264:2-1] skipped [DEMO-18:analysis in state after change]
 14/08/26 07:31:51,669 INFO  [aad82da5-26bb-58af-7304-559c3fcd716e@tion-analyzer-2] [AnalyzerMonitor               ] [@] [DG_AJ:DEMO-18:14-261#14-264:2-1] started [DEMO-18:analysis in state before change]
 14/08/26 07:31:51,671 INFO  [aad82da5-26bb-58af-7304-559c3fcd716e@tion-analyzer-2] [AnalyzerMonitor               ] [@] [DG_AJ:DEMO-18:14-261#14-264:2-1] started [DEMO-18:user mentions analysis]
 14/08/26 07:31:51,672 INFO  [aad82da5-26bb-58af-7304-559c3fcd716e@tion-analyzer-2] [AnalyzerMonitor               ] [@] [DG_AJ:DEMO-18:14-261#14-264:2-1] started [DEMO-18:user reaction analysis]
 14/08/26 07:31:51,672 INFO  [aad82da5-26bb-58af-7304-559c3fcd716e@tion-analyzer-2] [AbstractAnalyzerJob           ] [@] [DG_AJ:DEMO-18:14-261#14-264:2-1] didn't persist any notification job
 14/08/26 07:31:51,673 INFO  [aad82da5-26bb-58af-7304-559c3fcd716e@tion-analyzer-2] [AbstractAnalyzerJob           ] [@] [DG_AJ:DEMO-19:14-265#14-267:2-1] started
 14/08/26 07:31:51,674 INFO  [aad82da5-26bb-58af-7304-559c3fcd716e@tion-analyzer-2] [AnalyzerMonitor               ] [@] [DG_AJ:DEMO-19:14-265#14-267:2-1] skipped [DEMO-19:analysis in state after change]
 14/08/26 07:31:51,674 INFO  [aad82da5-26bb-58af-7304-559c3fcd716e@tion-analyzer-2] [AnalyzerMonitor               ] [@] [DG_AJ:DEMO-19:14-265#14-267:2-1] started [DEMO-19:analysis in state before change]
 14/08/26 07:31:51,676 INFO  [aad82da5-26bb-58af-7304-559c3fcd716e@tion-analyzer-2] [AnalyzerMonitor               ] [@] [DG_AJ:DEMO-19:14-265#14-267:2-1] started [DEMO-19:user mentions analysis]
 14/08/26 07:31:51,677 INFO  [aad82da5-26bb-58af-7304-559c3fcd716e@tion-analyzer-2] [AnalyzerMonitor               ] [@] [DG_AJ:DEMO-19:14-265#14-267:2-1] started [DEMO-19:user reaction analysis]
 14/08/26 07:31:51,677 INFO  [aad82da5-26bb-58af-7304-559c3fcd716e@tion-analyzer-2] [AbstractAnalyzerJob           ] [@] [DG_AJ:DEMO-19:14-265#14-267:2-1] didn't persist any notification job
 14/08/26 07:31:51,679 INFO  [aad82da5-26bb-58af-7304-559c3fcd716e@tion-analyzer-2] [AbstractAnalyzerJob           ] [@] [DG_AJ:DEMO-10:14-268#14-271:2-1] started
 14/08/26 07:31:51,679 INFO  [aad82da5-26bb-58af-7304-559c3fcd716e@tion-analyzer-2] [AnalyzerMonitor               ] [@] [DG_AJ:DEMO-10:14-268#14-271:2-1] skipped [DEMO-10:analysis in state after change]
 14/08/26 07:31:51,680 INFO  [aad82da5-26bb-58af-7304-559c3fcd716e@tion-analyzer-2] [AnalyzerMonitor               ] [@] [DG_AJ:DEMO-10:14-268#14-271:2-1] started [DEMO-10:analysis in state before change]
 14/08/26 07:31:51,682 INFO  [aad82da5-26bb-58af-7304-559c3fcd716e@tion-analyzer-2] [AnalyzerMonitor               ] [@] [DG_AJ:DEMO-10:14-268#14-271:2-1] started [DEMO-10:user mentions analysis]
 14/08/26 07:31:51,683 INFO  [aad82da5-26bb-58af-7304-559c3fcd716e@tion-analyzer-2] [AnalyzerMonitor               ] [@] [DG_AJ:DEMO-10:14-268#14-271:2-1] started [DEMO-10:user reaction analysis]
 14/08/26 07:31:51,683 INFO  [aad82da5-26bb-58af-7304-559c3fcd716e@tion-analyzer-2] [AbstractAnalyzerJob           ] [@] [DG_AJ:DEMO-10:14-268#14-271:2-1] didn't persist any notification job
 14/08/26 07:31:51,685 INFO  [aad82da5-26bb-58af-7304-559c3fcd716e@tion-analyzer-2] [AbstractAnalyzerJob           ] [@] [DG_AJ:DEMO-5:14-272#14-273:2-1] started
 14/08/26 07:31:51,686 INFO  [aad82da5-26bb-58af-7304-559c3fcd716e@tion-analyzer-2] [AnalyzerMonitor               ] [@] [DG_AJ:DEMO-5:14-272#14-273:2-1] skipped [DEMO-5:analysis in state after change]
 14/08/26 07:31:51,686 INFO  [aad82da5-26bb-58af-7304-559c3fcd716e@tion-analyzer-2] [AnalyzerMonitor               ] [@] [DG_AJ:DEMO-5:14-272#14-273:2-1] started [DEMO-5:analysis in state before change]
 14/08/26 07:31:51,689 INFO  [aad82da5-26bb-58af-7304-559c3fcd716e@tion-analyzer-2] [AnalyzerMonitor               ] [@] [DG_AJ:DEMO-5:14-272#14-273:2-1] started [DEMO-5:user mentions analysis]
 14/08/26 07:31:51,690 INFO  [aad82da5-26bb-58af-7304-559c3fcd716e@tion-analyzer-2] [AnalyzerMonitor               ] [@] [DG_AJ:DEMO-5:14-272#14-273:2-1] started [DEMO-5:user reaction analysis]
 14/08/26 07:31:51,697 INFO  [aad82da5-26bb-58af-7304-559c3fcd716e@tion-analyzer-2] [AbstractAnalyzerJob           ] [@] [DG_AJ:DEMO-5:14-272#14-273:2-1] didn't persist any notification job
 14/08/26 07:31:51,699 INFO  [aad82da5-26bb-58af-7304-559c3fcd716e@tion-analyzer-2] [AbstractAnalyzerJob           ] [@] [DG_AJ:DEMO-8:14-274#14-277:2-1] started
 14/08/26 07:31:51,699 INFO  [aad82da5-26bb-58af-7304-559c3fcd716e@tion-analyzer-2] [AnalyzerMonitor               ] [@] [DG_AJ:DEMO-8:14-274#14-277:2-1] skipped [DEMO-8:analysis in state after change]
 14/08/26 07:31:51,700 INFO  [aad82da5-26bb-58af-7304-559c3fcd716e@tion-analyzer-2] [AnalyzerMonitor               ] [@] [DG_AJ:DEMO-8:14-274#14-277:2-1] started [DEMO-8:analysis in state before change]
 14/08/26 07:31:51,704 INFO  [aad82da5-26bb-58af-7304-559c3fcd716e@tion-analyzer-2] [AnalyzerMonitor               ] [@] [DG_AJ:DEMO-8:14-274#14-277:2-1] started [DEMO-8:user mentions analysis]
 14/08/26 07:31:51,704 INFO  [aad82da5-26bb-58af-7304-559c3fcd716e@tion-analyzer-2] [AnalyzerMonitor               ] [@] [DG_AJ:DEMO-8:14-274#14-277:2-1] started [DEMO-8:user reaction analysis]
 14/08/26 07:31:51,705 INFO  [aad82da5-26bb-58af-7304-559c3fcd716e@tion-analyzer-2] [AbstractAnalyzerJob           ] [@] [DG_AJ:DEMO-8:14-274#14-277:2-1] didn't persist any notification job
 14/08/26 07:31:51,706 INFO  [aad82da5-26bb-58af-7304-559c3fcd716e@tion-analyzer-2] [AbstractAnalyzerJob           ] [@] [DG_AJ:DEMO-6:14-278#14-280:2-1] started
 14/08/26 07:31:51,707 INFO  [aad82da5-26bb-58af-7304-559c3fcd716e@tion-analyzer-2] [AnalyzerMonitor               ] [@] [DG_AJ:DEMO-6:14-278#14-280:2-1] skipped [DEMO-6:analysis in state after change]
 14/08/26 07:31:51,707 INFO  [aad82da5-26bb-58af-7304-559c3fcd716e@tion-analyzer-2] [AnalyzerMonitor               ] [@] [DG_AJ:DEMO-6:14-278#14-280:2-1] started [DEMO-6:analysis in state before change]
 14/08/26 07:31:51,710 INFO  [aad82da5-26bb-58af-7304-559c3fcd716e@tion-analyzer-2] [AnalyzerMonitor               ] [@] [DG_AJ:DEMO-6:14-278#14-280:2-1] started [DEMO-6:user mentions analysis]
 14/08/26 07:31:51,711 INFO  [aad82da5-26bb-58af-7304-559c3fcd716e@tion-analyzer-2] [AnalyzerMonitor               ] [@] [DG_AJ:DEMO-6:14-278#14-280:2-1] started [DEMO-6:user reaction analysis]
 14/08/26 07:31:51,711 INFO  [aad82da5-26bb-58af-7304-559c3fcd716e@tion-analyzer-2] [AbstractAnalyzerJob           ] [@] [DG_AJ:DEMO-6:14-278#14-280:2-1] didn't persist any notification job
 14/08/26 07:31:51,713 INFO  [aad82da5-26bb-58af-7304-559c3fcd716e@tion-analyzer-2] [AbstractAnalyzerJob           ] [@] [DG_AJ:DEMO-7:14-281#14-292:2-1] started
 14/08/26 07:31:51,714 INFO  [aad82da5-26bb-58af-7304-559c3fcd716e@tion-analyzer-2] [AnalyzerMonitor               ] [@] [DG_AJ:DEMO-7:14-281#14-292:2-1] skipped [DEMO-7:analysis in state after change]
 14/08/26 07:31:51,714 INFO  [aad82da5-26bb-58af-7304-559c3fcd716e@tion-analyzer-2] [AnalyzerMonitor               ] [@] [DG_AJ:DEMO-7:14-281#14-292:2-1] started [DEMO-7:analysis in state before change]
 14/08/26 07:31:51,717 INFO  [aad82da5-26bb-58af-7304-559c3fcd716e@tion-analyzer-2] [AnalyzerMonitor               ] [@] [DG_AJ:DEMO-7:14-281#14-292:2-1] started [DEMO-7:user mentions analysis]
 14/08/26 07:31:51,717 INFO  [aad82da5-26bb-58af-7304-559c3fcd716e@tion-analyzer-2] [AnalyzerMonitor               ] [@] [DG_AJ:DEMO-7:14-281#14-292:2-1] started [DEMO-7:user reaction analysis]
 14/08/26 07:31:51,718 INFO  [aad82da5-26bb-58af-7304-559c3fcd716e@tion-analyzer-2] [AbstractAnalyzerJob           ] [@] [DG_AJ:DEMO-7:14-281#14-292:2-1] didn't persist any notification job
 14/08/26 07:31:51,720 INFO  [aad82da5-26bb-58af-7304-559c3fcd716e@tion-analyzer-2] [AbstractAnalyzerJob           ] [@] [DG_AJ:DEMO-16:14-284#14-301:2-1] started
 14/08/26 07:31:51,721 INFO  [aad82da5-26bb-58af-7304-559c3fcd716e@tion-analyzer-2] [AnalyzerMonitor               ] [@] [DG_AJ:DEMO-16:14-284#14-301:2-1] skipped [DEMO-16:analysis in state after change]
 14/08/26 07:31:51,721 INFO  [aad82da5-26bb-58af-7304-559c3fcd716e@tion-analyzer-2] [AnalyzerMonitor               ] [@] [DG_AJ:DEMO-16:14-284#14-301:2-1] started [DEMO-16:analysis in state before change]
 14/08/26 07:31:51,728 INFO  [aad82da5-26bb-58af-7304-559c3fcd716e@tion-analyzer-2] [AnalyzerMonitor               ] [@] [DG_AJ:DEMO-16:14-284#14-301:2-1] started [DEMO-16:user mentions analysis]
 14/08/26 07:31:51,729 INFO  [aad82da5-26bb-58af-7304-559c3fcd716e@tion-analyzer-2] [AnalyzerMonitor               ] [@] [DG_AJ:DEMO-16:14-284#14-301:2-1] started [DEMO-16:user reaction analysis]
 14/08/26 07:31:51,729 INFO  [aad82da5-26bb-58af-7304-559c3fcd716e@tion-analyzer-2] [AbstractAnalyzerJob           ] [@] [DG_AJ:DEMO-16:14-284#14-301:2-1] didn't persist any notification job
 14/08/26 07:31:51,731 INFO  [aad82da5-26bb-58af-7304-559c3fcd716e@tion-analyzer-2] [AbstractAnalyzerJob           ] [@] [DG_AJ:DEMO-15:14-285#14-315:2-1] started
 14/08/26 07:31:51,732 INFO  [aad82da5-26bb-58af-7304-559c3fcd716e@tion-analyzer-2] [AnalyzerMonitor               ] [@] [DG_AJ:DEMO-15:14-285#14-315:2-1] skipped [DEMO-15:analysis in state after change]
 14/08/26 07:31:51,732 INFO  [aad82da5-26bb-58af-7304-559c3fcd716e@tion-analyzer-2] [AnalyzerMonitor               ] [@] [DG_AJ:DEMO-15:14-285#14-315:2-1] started [DEMO-15:analysis in state before change]
 14/08/26 07:31:51,734 INFO  [aad82da5-26bb-58af-7304-559c3fcd716e@tion-analyzer-2] [AnalyzerMonitor               ] [@] [DG_AJ:DEMO-15:14-285#14-315:2-1] started [DEMO-15:user mentions analysis]
 14/08/26 07:31:51,735 INFO  [aad82da5-26bb-58af-7304-559c3fcd716e@tion-analyzer-2] [AnalyzerMonitor               ] [@] [DG_AJ:DEMO-15:14-285#14-315:2-1] started [DEMO-15:user reaction analysis]
 14/08/26 07:31:51,735 INFO  [aad82da5-26bb-58af-7304-559c3fcd716e@tion-analyzer-2] [AbstractAnalyzerJob           ] [@] [DG_AJ:DEMO-15:14-285#14-315:2-1] didn't persist any notification job
 14/08/26 07:31:51,737 INFO  [aad82da5-26bb-58af-7304-559c3fcd716e@tion-analyzer-2] [AbstractAnalyzerJob           ] [@] [DG_AJ:DEMO-13:14-286#14-308:2-1] started
 14/08/26 07:31:51,738 INFO  [aad82da5-26bb-58af-7304-559c3fcd716e@tion-analyzer-2] [AnalyzerMonitor               ] [@] [DG_AJ:DEMO-13:14-286#14-308:2-1] skipped [DEMO-13:analysis in state after change]
 14/08/26 07:31:51,738 INFO  [aad82da5-26bb-58af-7304-559c3fcd716e@tion-analyzer-2] [AnalyzerMonitor               ] [@] [DG_AJ:DEMO-13:14-286#14-308:2-1] started [DEMO-13:analysis in state before change]
 14/08/26 07:31:51,740 INFO  [aad82da5-26bb-58af-7304-559c3fcd716e@tion-analyzer-2] [AnalyzerMonitor               ] [@] [DG_AJ:DEMO-13:14-286#14-308:2-1] started [DEMO-13:user mentions analysis]
 14/08/26 07:31:51,741 INFO  [aad82da5-26bb-58af-7304-559c3fcd716e@tion-analyzer-2] [AnalyzerMonitor               ] [@] [DG_AJ:DEMO-13:14-286#14-308:2-1] started [DEMO-13:user reaction analysis]
 14/08/26 07:31:51,741 INFO  [aad82da5-26bb-58af-7304-559c3fcd716e@tion-analyzer-2] [AbstractAnalyzerJob           ] [@] [DG_AJ:DEMO-13:14-286#14-308:2-1] didn't persist any notification job
 14/08/26 07:31:51,743 INFO  [aad82da5-26bb-58af-7304-559c3fcd716e@tion-analyzer-2] [AbstractAnalyzerJob           ] [@] [DG_AJ:DEMO-9:14-287#14-290:2-1] started
 14/08/26 07:31:51,744 INFO  [aad82da5-26bb-58af-7304-559c3fcd716e@tion-analyzer-2] [AnalyzerMonitor               ] [@] [DG_AJ:DEMO-9:14-287#14-290:2-1] skipped [DEMO-9:analysis in state after change]
 14/08/26 07:31:51,744 INFO  [aad82da5-26bb-58af-7304-559c3fcd716e@tion-analyzer-2] [AnalyzerMonitor               ] [@] [DG_AJ:DEMO-9:14-287#14-290:2-1] started [DEMO-9:analysis in state before change]
 14/08/26 07:31:51,746 INFO  [aad82da5-26bb-58af-7304-559c3fcd716e@tion-analyzer-2] [AnalyzerMonitor               ] [@] [DG_AJ:DEMO-9:14-287#14-290:2-1] started [DEMO-9:user mentions analysis]
 14/08/26 07:31:51,746 INFO  [aad82da5-26bb-58af-7304-559c3fcd716e@tion-analyzer-2] [AnalyzerMonitor               ] [@] [DG_AJ:DEMO-9:14-287#14-290:2-1] started [DEMO-9:user reaction analysis]
 14/08/26 07:31:51,747 INFO  [aad82da5-26bb-58af-7304-559c3fcd716e@tion-analyzer-2] [AbstractAnalyzerJob           ] [@] [DG_AJ:DEMO-9:14-287#14-290:2-1] didn't persist any notification job
 14/08/26 07:31:51,749 INFO  [aad82da5-26bb-58af-7304-559c3fcd716e@tion-analyzer-2] [AbstractAnalyzerJob           ] [@] [DG_AJ:DEMO-2:14-293#14-294:2-1] started
 14/08/26 07:31:51,750 INFO  [aad82da5-26bb-58af-7304-559c3fcd716e@tion-analyzer-2] [AnalyzerMonitor               ] [@] [DG_AJ:DEMO-2:14-293#14-294:2-1] skipped [DEMO-2:analysis in state after change]
 14/08/26 07:31:51,750 INFO  [aad82da5-26bb-58af-7304-559c3fcd716e@tion-analyzer-2] [AnalyzerMonitor               ] [@] [DG_AJ:DEMO-2:14-293#14-294:2-1] started [DEMO-2:analysis in state before change]
 14/08/26 07:31:51,752 INFO  [aad82da5-26bb-58af-7304-559c3fcd716e@tion-analyzer-2] [AnalyzerMonitor               ] [@] [DG_AJ:DEMO-2:14-293#14-294:2-1] started [DEMO-2:user mentions analysis]
 14/08/26 07:31:51,753 INFO  [aad82da5-26bb-58af-7304-559c3fcd716e@tion-analyzer-2] [AnalyzerMonitor               ] [@] [DG_AJ:DEMO-2:14-293#14-294:2-1] started [DEMO-2:user reaction analysis]
 14/08/26 07:31:51,753 INFO  [aad82da5-26bb-58af-7304-559c3fcd716e@tion-analyzer-2] [AbstractAnalyzerJob           ] [@] [DG_AJ:DEMO-2:14-293#14-294:2-1] didn't persist any notification job
 14/08/26 07:31:51,755 INFO  [aad82da5-26bb-58af-7304-559c3fcd716e@tion-analyzer-2] [AbstractAnalyzerJob           ] [@] [DG_AJ:DEMO-17:14-295#14-297:2-1] started
 14/08/26 07:31:51,757 INFO  [aad82da5-26bb-58af-7304-559c3fcd716e@tion-analyzer-2] [AnalyzerMonitor               ] [@] [DG_AJ:DEMO-17:14-295#14-297:2-1] skipped [DEMO-17:analysis in state after change]
 14/08/26 07:31:51,758 INFO  [aad82da5-26bb-58af-7304-559c3fcd716e@tion-analyzer-2] [AnalyzerMonitor               ] [@] [DG_AJ:DEMO-17:14-295#14-297:2-1] started [DEMO-17:analysis in state before change]
 14/08/26 07:31:51,761 INFO  [aad82da5-26bb-58af-7304-559c3fcd716e@tion-analyzer-2] [AnalyzerMonitor               ] [@] [DG_AJ:DEMO-17:14-295#14-297:2-1] started [DEMO-17:user mentions analysis]
 14/08/26 07:31:51,761 INFO  [aad82da5-26bb-58af-7304-559c3fcd716e@tion-analyzer-2] [AnalyzerMonitor               ] [@] [DG_AJ:DEMO-17:14-295#14-297:2-1] started [DEMO-17:user reaction analysis]
 14/08/26 07:31:51,762 INFO  [aad82da5-26bb-58af-7304-559c3fcd716e@tion-analyzer-2] [AbstractAnalyzerJob           ] [@] [DG_AJ:DEMO-17:14-295#14-297:2-1] didn't persist any notification job
 14/08/26 07:31:51,764 INFO  [aad82da5-26bb-58af-7304-559c3fcd716e@tion-analyzer-2] [AbstractAnalyzerJob           ] [@] [DG_AJ:DEMO-12:14-302#14-305:2-1] started
 14/08/26 07:31:51,764 INFO  [aad82da5-26bb-58af-7304-559c3fcd716e@tion-analyzer-2] [AnalyzerMonitor               ] [@] [DG_AJ:DEMO-12:14-302#14-305:2-1] skipped [DEMO-12:analysis in state after change]
 14/08/26 07:31:51,765 INFO  [aad82da5-26bb-58af-7304-559c3fcd716e@tion-analyzer-2] [AnalyzerMonitor               ] [@] [DG_AJ:DEMO-12:14-302#14-305:2-1] started [DEMO-12:analysis in state before change]
 14/08/26 07:31:51,767 INFO  [aad82da5-26bb-58af-7304-559c3fcd716e@tion-analyzer-2] [AnalyzerMonitor               ] [@] [DG_AJ:DEMO-12:14-302#14-305:2-1] started [DEMO-12:user mentions analysis]
 14/08/26 07:31:51,768 INFO  [aad82da5-26bb-58af-7304-559c3fcd716e@tion-analyzer-2] [AnalyzerMonitor               ] [@] [DG_AJ:DEMO-12:14-302#14-305:2-1] started [DEMO-12:user reaction analysis]
 14/08/26 07:31:51,768 INFO  [aad82da5-26bb-58af-7304-559c3fcd716e@tion-analyzer-2] [AbstractAnalyzerJob           ] [@] [DG_AJ:DEMO-12:14-302#14-305:2-1] didn't persist any notification job
 14/08/26 07:31:51,770 INFO  [aad82da5-26bb-58af-7304-559c3fcd716e@tion-analyzer-2] [AbstractAnalyzerJob           ] [@] [DG_AJ:DEMO-14:14-309#14-311:2-1] started
 14/08/26 07:31:51,772 INFO  [aad82da5-26bb-58af-7304-559c3fcd716e@tion-analyzer-2] [AnalyzerMonitor               ] [@] [DG_AJ:DEMO-14:14-309#14-311:2-1] skipped [DEMO-14:analysis in state after change]
 14/08/26 07:31:51,772 INFO  [aad82da5-26bb-58af-7304-559c3fcd716e@tion-analyzer-2] [AnalyzerMonitor               ] [@] [DG_AJ:DEMO-14:14-309#14-311:2-1] started [DEMO-14:analysis in state before change]
 14/08/26 07:31:51,774 INFO  [aad82da5-26bb-58af-7304-559c3fcd716e@tion-analyzer-2] [AnalyzerMonitor               ] [@] [DG_AJ:DEMO-14:14-309#14-311:2-1] started [DEMO-14:user mentions analysis]
 14/08/26 07:31:51,775 INFO  [aad82da5-26bb-58af-7304-559c3fcd716e@tion-analyzer-2] [AnalyzerMonitor               ] [@] [DG_AJ:DEMO-14:14-309#14-311:2-1] started [DEMO-14:user reaction analysis]
 14/08/26 07:31:51,775 INFO  [aad82da5-26bb-58af-7304-559c3fcd716e@tion-analyzer-2] [AbstractAnalyzerJob           ] [@] [DG_AJ:DEMO-14:14-309#14-311:2-1] didn't persist any notification job
 14/08/26 07:43:51,266 INFO  [af6f942a-5ea7-b0b1-244f-30222cc803d0@sue-analysis-20] [AnalysisDurabilityJob         ] [@] [AD:1786693431264] started, processing PersistentEvent (14-315..14-319]
 14/08/26 07:45:21,258 INFO  [2ceec2c4-3ad3-8216-8229-186810669a38@sue-analysis-21] [AnalysisDurabilityJob         ] [@] [AD:1786693521257] started, processing PersistentEvent (14-315..14-319]
 14/08/26 07:45:21,267 INFO  [2ceec2c4-3ad3-8216-8229-186810669a38@tion-analyzer-3] [AbstractAnalyzerJob           ] [@] [DG_AJ:DEMO-60:14-316#14-317:2-1] started
 14/08/26 07:45:21,269 INFO  [2ceec2c4-3ad3-8216-8229-186810669a38@tion-analyzer-3] [AnalyzerMonitor               ] [@] [DG_AJ:DEMO-60:14-316#14-317:2-1] started [DEMO-60:analysis in state after change]
 14/08/26 07:45:21,312 INFO  [2ceec2c4-3ad3-8216-8229-186810669a38@tion-analyzer-3] [AnalyzerMonitor               ] [@] [DG_AJ:DEMO-60:14-316#14-317:2-1] skipped [DEMO-60:analysis in state before change]
 14/08/26 07:45:21,313 INFO  [2ceec2c4-3ad3-8216-8229-186810669a38@tion-analyzer-3] [AnalyzerMonitor               ] [@] [DG_AJ:DEMO-60:14-316#14-317:2-1] started [DEMO-60:user mentions analysis]
 14/08/26 07:45:21,316 INFO  [2ceec2c4-3ad3-8216-8229-186810669a38@tion-analyzer-3] [AnalyzerMonitor               ] [@] [DG_AJ:DEMO-60:14-316#14-317:2-1] started [DEMO-60:user reaction analysis]
 14/08/26 07:45:21,316 INFO  [2ceec2c4-3ad3-8216-8229-186810669a38@tion-analyzer-3] [AbstractAnalyzerJob           ] [@] [DG_AJ:DEMO-60:14-316#14-317:2-1] didn't persist any notification job
 14/08/26 07:45:21,319 INFO  [2ceec2c4-3ad3-8216-8229-186810669a38@tion-analyzer-3] [AbstractAnalyzerJob           ] [@] [DG_AJ:DEMO-61:14-318#14-319:2-1] started
 14/08/26 07:45:21,320 INFO  [2ceec2c4-3ad3-8216-8229-186810669a38@tion-analyzer-3] [AnalyzerMonitor               ] [@] [DG_AJ:DEMO-61:14-318#14-319:2-1] started [DEMO-61:analysis in state after change]
 14/08/26 07:45:21,329 INFO  [2ceec2c4-3ad3-8216-8229-186810669a38@tion-analyzer-3] [AnalyzerMonitor               ] [@] [DG_AJ:DEMO-61:14-318#14-319:2-1] skipped [DEMO-61:analysis in state before change]
 14/08/26 07:45:21,330 INFO  [2ceec2c4-3ad3-8216-8229-186810669a38@tion-analyzer-3] [AnalyzerMonitor               ] [@] [DG_AJ:DEMO-61:14-318#14-319:2-1] started [DEMO-61:user mentions analysis]
 14/08/26 07:45:21,331 INFO  [2ceec2c4-3ad3-8216-8229-186810669a38@tion-analyzer-3] [AnalyzerMonitor               ] [@] [DG_AJ:DEMO-61:14-318#14-319:2-1] started [DEMO-61:user reaction analysis]
 14/08/26 07:45:21,332 INFO  [2ceec2c4-3ad3-8216-8229-186810669a38@tion-analyzer-3] [AbstractAnalyzerJob           ] [@] [DG_AJ:DEMO-61:14-318#14-319:2-1] didn't persist any notification job
 14/08/26 07:49:51,237 INFO  [1a6f1c70-d092-50aa-ba36-7d13149bec23@sue-analysis-24] [AnalysisDurabilityJob         ] [@] [AD:1786693791236] started, processing PersistentEvent (14-319..14-323]
 14/08/26 07:51:21,240 INFO  [7d57dc21-fe88-0d42-5e3d-fec639618509@sue-analysis-25] [AnalysisDurabilityJob         ] [@] [AD:1786693881238] started, processing PersistentEvent (14-319..14-327]
 14/08/26 07:51:21,257 INFO  [7d57dc21-fe88-0d42-5e3d-fec639618509@tion-analyzer-4] [AbstractAnalyzerJob           ] [@] [DG_AJ:DEMO-62:14-320#14-321:2-1] started
 14/08/26 07:51:21,258 INFO  [7d57dc21-fe88-0d42-5e3d-fec639618509@tion-analyzer-4] [AnalyzerMonitor               ] [@] [DG_AJ:DEMO-62:14-320#14-321:2-1] started [DEMO-62:analysis in state after change]
 14/08/26 07:51:21,270 INFO  [7d57dc21-fe88-0d42-5e3d-fec639618509@tion-analyzer-4] [AnalyzerMonitor               ] [@] [DG_AJ:DEMO-62:14-320#14-321:2-1] skipped [DEMO-62:analysis in state before change]
 14/08/26 07:51:21,271 INFO  [7d57dc21-fe88-0d42-5e3d-fec639618509@tion-analyzer-4] [AnalyzerMonitor               ] [@] [DG_AJ:DEMO-62:14-320#14-321:2-1] started [DEMO-62:user mentions analysis]
 14/08/26 07:51:21,273 INFO  [7d57dc21-fe88-0d42-5e3d-fec639618509@tion-analyzer-4] [AnalyzerMonitor               ] [@] [DG_AJ:DEMO-62:14-320#14-321:2-1] started [DEMO-62:user reaction analysis]
 14/08/26 07:51:21,276 INFO  [7d57dc21-fe88-0d42-5e3d-fec639618509@tion-analyzer-4] [AbstractAnalyzerJob           ] [@] [DG_AJ:DEMO-62:14-320#14-321:2-1] didn't persist any notification job
 14/08/26 07:51:21,280 INFO  [7d57dc21-fe88-0d42-5e3d-fec639618509@tion-analyzer-4] [AbstractAnalyzerJob           ] [@] [DG_AJ:DEMO-63:14-322#14-323:2-1] started
 14/08/26 07:51:21,282 INFO  [7d57dc21-fe88-0d42-5e3d-fec639618509@tion-analyzer-4] [AnalyzerMonitor               ] [@] [DG_AJ:DEMO-63:14-322#14-323:2-1] started [DEMO-63:analysis in state after change]
 14/08/26 07:51:21,302 INFO  [7d57dc21-fe88-0d42-5e3d-fec639618509@tion-analyzer-4] [AnalyzerMonitor               ] [@] [DG_AJ:DEMO-63:14-322#14-323:2-1] skipped [DEMO-63:analysis in state before change]
 14/08/26 07:51:21,303 INFO  [7d57dc21-fe88-0d42-5e3d-fec639618509@tion-analyzer-4] [AnalyzerMonitor               ] [@] [DG_AJ:DEMO-63:14-322#14-323:2-1] started [DEMO-63:user mentions analysis]
 14/08/26 07:51:21,304 INFO  [7d57dc21-fe88-0d42-5e3d-fec639618509@tion-analyzer-4] [AnalyzerMonitor               ] [@] [DG_AJ:DEMO-63:14-322#14-323:2-1] started [DEMO-63:user reaction analysis]
 14/08/26 07:51:21,306 INFO  [7d57dc21-fe88-0d42-5e3d-fec639618509@tion-analyzer-4] [AbstractAnalyzerJob           ] [@] [DG_AJ:DEMO-63:14-322#14-323:2-1] didn't persist any notification job
 14/08/26 07:52:51,240 INFO  [b2047960-9ddc-ff34-92ee-b6ce32443324@sue-analysis-26] [AnalysisDurabilityJob         ] [@] [AD:1786693971239] started, processing PersistentEvent (14-323..14-327]
 14/08/26 07:52:51,268 INFO  [b2047960-9ddc-ff34-92ee-b6ce32443324@tion-analyzer-5] [AbstractAnalyzerJob           ] [@] [DG_AJ:DEMO-64:14-324#14-325:2-1] started
 14/08/26 07:52:51,274 INFO  [b2047960-9ddc-ff34-92ee-b6ce32443324@tion-analyzer-5] [AnalyzerMonitor               ] [@] [DG_AJ:DEMO-64:14-324#14-325:2-1] started [DEMO-64:analysis in state after change]
 14/08/26 07:52:51,357 INFO  [b2047960-9ddc-ff34-92ee-b6ce32443324@tion-analyzer-5] [AnalyzerMonitor               ] [@] [DG_AJ:DEMO-64:14-324#14-325:2-1] skipped [DEMO-64:analysis in state before change]
 14/08/26 07:52:51,358 INFO  [b2047960-9ddc-ff34-92ee-b6ce32443324@tion-analyzer-5] [AnalyzerMonitor               ] [@] [DG_AJ:DEMO-64:14-324#14-325:2-1] started [DEMO-64:user mentions analysis]
 14/08/26 07:52:51,359 INFO  [b2047960-9ddc-ff34-92ee-b6ce32443324@tion-analyzer-5] [AnalyzerMonitor               ] [@] [DG_AJ:DEMO-64:14-324#14-325:2-1] started [DEMO-64:user reaction analysis]
 14/08/26 07:52:51,360 INFO  [b2047960-9ddc-ff34-92ee-b6ce32443324@tion-analyzer-5] [AbstractAnalyzerJob           ] [@] [DG_AJ:DEMO-64:14-324#14-325:2-1] didn't persist any notification job
 14/08/26 07:52:51,366 INFO  [b2047960-9ddc-ff34-92ee-b6ce32443324@tion-analyzer-5] [AbstractAnalyzerJob           ] [@] [DG_AJ:DEMO-65:14-326#14-327:2-1] started
 14/08/26 07:52:51,367 INFO  [b2047960-9ddc-ff34-92ee-b6ce32443324@tion-analyzer-5] [AnalyzerMonitor               ] [@] [DG_AJ:DEMO-65:14-326#14-327:2-1] started [DEMO-65:analysis in state after change]
 14/08/26 07:52:51,390 INFO  [b2047960-9ddc-ff34-92ee-b6ce32443324@tion-analyzer-5] [AnalyzerMonitor               ] [@] [DG_AJ:DEMO-65:14-326#14-327:2-1] skipped [DEMO-65:analysis in state before change]
 14/08/26 07:52:51,391 INFO  [b2047960-9ddc-ff34-92ee-b6ce32443324@tion-analyzer-5] [AnalyzerMonitor               ] [@] [DG_AJ:DEMO-65:14-326#14-327:2-1] started [DEMO-65:user mentions analysis]
 14/08/26 07:52:51,393 INFO  [b2047960-9ddc-ff34-92ee-b6ce32443324@tion-analyzer-5] [AnalyzerMonitor               ] [@] [DG_AJ:DEMO-65:14-326#14-327:2-1] started [DEMO-65:user reaction analysis]
 14/08/26 07:52:51,395 INFO  [b2047960-9ddc-ff34-92ee-b6ce32443324@tion-analyzer-5] [AbstractAnalyzerJob           ] [@] [DG_AJ:DEMO-65:14-326#14-327:2-1] didn't persist any notification job
 14/08/26 08:09:21,167 INFO  [a0077991-2959-4914-b8c3-9c79ddb278f6@sue-analysis-37] [AnalysisDurabilityJob         ] [@] [AD:1786694961167] started, processing PersistentEvent (14-327..14-329]
 14/08/26 08:10:51,168 INFO  [e6ab27ba-2224-ef8e-a0c6-99cf8bead915@sue-analysis-38] [AnalysisDurabilityJob         ] [@] [AD:1786695051163] started, processing PersistentEvent (14-327..14-331]
 14/08/26 08:10:51,212 INFO  [e6ab27ba-2224-ef8e-a0c6-99cf8bead915@tion-analyzer-6] [AbstractAnalyzerJob           ] [@] [DG_AJ:DEMO-66:14-328#14-329:2-1] started
 14/08/26 08:10:51,215 INFO  [e6ab27ba-2224-ef8e-a0c6-99cf8bead915@tion-analyzer-6] [AnalyzerMonitor               ] [@] [DG_AJ:DEMO-66:14-328#14-329:2-1] started [DEMO-66:analysis in state after change]
 14/08/26 08:10:51,274 INFO  [e6ab27ba-2224-ef8e-a0c6-99cf8bead915@tion-analyzer-6] [AnalyzerMonitor               ] [@] [DG_AJ:DEMO-66:14-328#14-329:2-1] skipped [DEMO-66:analysis in state before change]
 14/08/26 08:10:51,276 INFO  [e6ab27ba-2224-ef8e-a0c6-99cf8bead915@tion-analyzer-6] [AnalyzerMonitor               ] [@] [DG_AJ:DEMO-66:14-328#14-329:2-1] started [DEMO-66:user mentions analysis]
 14/08/26 08:10:51,277 INFO  [e6ab27ba-2224-ef8e-a0c6-99cf8bead915@tion-analyzer-6] [AnalyzerMonitor               ] [@] [DG_AJ:DEMO-66:14-328#14-329:2-1] started [DEMO-66:user reaction analysis]
 14/08/26 08:10:51,279 INFO  [e6ab27ba-2224-ef8e-a0c6-99cf8bead915@tion-analyzer-6] [AbstractAnalyzerJob           ] [@] [DG_AJ:DEMO-66:14-328#14-329:2-1] didn't persist any notification job
 14/08/26 08:10:51,286 INFO  [e6ab27ba-2224-ef8e-a0c6-99cf8bead915@tion-analyzer-6] [AbstractAnalyzerJob           ] [@] [DG_AJ:DEMO-67:14-330#14-331:2-1] started
 14/08/26 08:10:51,287 INFO  [e6ab27ba-2224-ef8e-a0c6-99cf8bead915@tion-analyzer-6] [AnalyzerMonitor               ] [@] [DG_AJ:DEMO-67:14-330#14-331:2-1] started [DEMO-67:analysis in state after change]
 14/08/26 08:10:51,307 INFO  [e6ab27ba-2224-ef8e-a0c6-99cf8bead915@tion-analyzer-6] [AnalyzerMonitor               ] [@] [DG_AJ:DEMO-67:14-330#14-331:2-1] skipped [DEMO-67:analysis in state before change]
 14/08/26 08:10:51,308 INFO  [e6ab27ba-2224-ef8e-a0c6-99cf8bead915@tion-analyzer-6] [AnalyzerMonitor               ] [@] [DG_AJ:DEMO-67:14-330#14-331:2-1] started [DEMO-67:user mentions analysis]
 14/08/26 08:10:51,309 INFO  [e6ab27ba-2224-ef8e-a0c6-99cf8bead915@tion-analyzer-6] [AnalyzerMonitor               ] [@] [DG_AJ:DEMO-67:14-330#14-331:2-1] started [DEMO-67:user reaction analysis]
 14/08/26 08:10:51,310 INFO  [e6ab27ba-2224-ef8e-a0c6-99cf8bead915@tion-analyzer-6] [AbstractAnalyzerJob           ] [@] [DG_AJ:DEMO-67:14-330#14-331:2-1] didn't persist any notification job
 14/08/26 08:28:51,096 INFO  [154a5e36-7a72-ac47-dbce-8a948bbcf330@sue-analysis-50] [AnalysisDurabilityJob         ] [@] [AD:1786696131095] started, processing PersistentEvent (14-331..14-333]
 14/08/26 08:30:21,089 INFO  [a976bbaa-8bca-adc1-7830-d5bbb4fbd068@sue-analysis-51] [AnalysisDurabilityJob         ] [@] [AD:1786696221088] started, processing PersistentEvent (14-331..14-333]
 14/08/26 08:30:21,094 INFO  [a976bbaa-8bca-adc1-7830-d5bbb4fbd068@tion-analyzer-7] [AbstractAnalyzerJob           ] [@] [DG_AJ:DEMO-68:14-332#14-333:2-1] started
 14/08/26 08:30:21,095 INFO  [a976bbaa-8bca-adc1-7830-d5bbb4fbd068@tion-analyzer-7] [AnalyzerMonitor               ] [@] [DG_AJ:DEMO-68:14-332#14-333:2-1] started [DEMO-68:analysis in state after change]
 14/08/26 08:30:21,109 INFO  [a976bbaa-8bca-adc1-7830-d5bbb4fbd068@tion-analyzer-7] [AnalyzerMonitor               ] [@] [DG_AJ:DEMO-68:14-332#14-333:2-1] skipped [DEMO-68:analysis in state before change]
 14/08/26 08:30:21,110 INFO  [a976bbaa-8bca-adc1-7830-d5bbb4fbd068@tion-analyzer-7] [AnalyzerMonitor               ] [@] [DG_AJ:DEMO-68:14-332#14-333:2-1] started [DEMO-68:user mentions analysis]
 14/08/26 08:30:21,111 INFO  [a976bbaa-8bca-adc1-7830-d5bbb4fbd068@tion-analyzer-7] [AnalyzerMonitor               ] [@] [DG_AJ:DEMO-68:14-332#14-333:2-1] started [DEMO-68:user reaction analysis]
 14/08/26 08:30:21,111 INFO  [a976bbaa-8bca-adc1-7830-d5bbb4fbd068@tion-analyzer-7] [AbstractAnalyzerJob           ] [@] [DG_AJ:DEMO-68:14-332#14-333:2-1] didn't persist any notification job
 14/08/26 08:45:21,024 INFO  [10f4417d-8e43-b25c-901b-b38359758bb0@sue-analysis-61] [AnalysisDurabilityJob         ] [@] [AD:1786697121024] started, processing PersistentEvent (14-333..14-337]
 14/08/26 08:46:51,019 INFO  [1aeb6b7d-9670-2d33-3a63-9186fea521ba@sue-analysis-62] [AnalysisDurabilityJob         ] [@] [AD:1786697211019] started, processing PersistentEvent (14-333..14-337]
 14/08/26 08:46:51,027 INFO  [1aeb6b7d-9670-2d33-3a63-9186fea521ba@tion-analyzer-8] [AbstractAnalyzerJob           ] [@] [DG_AJ:DEMO-69:14-334#14-335:2-1] started
 14/08/26 08:46:51,028 INFO  [1aeb6b7d-9670-2d33-3a63-9186fea521ba@tion-analyzer-8] [AnalyzerMonitor               ] [@] [DG_AJ:DEMO-69:14-334#14-335:2-1] started [DEMO-69:analysis in state after change]
 14/08/26 08:46:51,054 INFO  [1aeb6b7d-9670-2d33-3a63-9186fea521ba@tion-analyzer-8] [AnalyzerMonitor               ] [@] [DG_AJ:DEMO-69:14-334#14-335:2-1] skipped [DEMO-69:analysis in state before change]
 14/08/26 08:46:51,054 INFO  [1aeb6b7d-9670-2d33-3a63-9186fea521ba@tion-analyzer-8] [AnalyzerMonitor               ] [@] [DG_AJ:DEMO-69:14-334#14-335:2-1] started [DEMO-69:user mentions analysis]
 14/08/26 08:46:51,055 INFO  [1aeb6b7d-9670-2d33-3a63-9186fea521ba@tion-analyzer-8] [AnalyzerMonitor               ] [@] [DG_AJ:DEMO-69:14-334#14-335:2-1] started [DEMO-69:user reaction analysis]
 14/08/26 08:46:51,056 INFO  [1aeb6b7d-9670-2d33-3a63-9186fea521ba@tion-analyzer-8] [AbstractAnalyzerJob           ] [@] [DG_AJ:DEMO-69:14-334#14-335:2-1] didn't persist any notification job
 14/08/26 08:46:51,058 INFO  [1aeb6b7d-9670-2d33-3a63-9186fea521ba@tion-analyzer-8] [AbstractAnalyzerJob           ] [@] [DG_AJ:DEMO-70:14-336#14-337:2-1] started
 14/08/26 08:46:51,059 INFO  [1aeb6b7d-9670-2d33-3a63-9186fea521ba@tion-analyzer-8] [AnalyzerMonitor               ] [@] [DG_AJ:DEMO-70:14-336#14-337:2-1] started [DEMO-70:analysis in state after change]
 14/08/26 08:46:51,070 INFO  [1aeb6b7d-9670-2d33-3a63-9186fea521ba@tion-analyzer-8] [AnalyzerMonitor               ] [@] [DG_AJ:DEMO-70:14-336#14-337:2-1] skipped [DEMO-70:analysis in state before change]
 14/08/26 08:46:51,071 INFO  [1aeb6b7d-9670-2d33-3a63-9186fea521ba@tion-analyzer-8] [AnalyzerMonitor               ] [@] [DG_AJ:DEMO-70:14-336#14-337:2-1] started [DEMO-70:user mentions analysis]
 14/08/26 08:46:51,072 INFO  [1aeb6b7d-9670-2d33-3a63-9186fea521ba@tion-analyzer-8] [AnalyzerMonitor               ] [@] [DG_AJ:DEMO-70:14-336#14-337:2-1] started [DEMO-70:user reaction analysis]
 14/08/26 08:46:51,073 INFO  [1aeb6b7d-9670-2d33-3a63-9186fea521ba@tion-analyzer-8] [AbstractAnalyzerJob           ] [@] [DG_AJ:DEMO-70:14-336#14-337:2-1] didn't persist any notification job
 14/08/26 08:51:21,004 INFO  [dada3742-1927-7bff-8540-84f53997b726@sue-analysis-65] [AnalysisDurabilityJob         ] [@] [AD:1786697481003] started, processing PersistentEvent (14-337..14-341]
 14/08/26 08:52:50,994 INFO  [9774ec40-4325-a90c-6898-67de6edcab7a@sue-analysis-66] [AnalysisDurabilityJob         ] [@] [AD:1786697570994] started, processing PersistentEvent (14-337..14-341]
 14/08/26 08:52:51,001 INFO  [9774ec40-4325-a90c-6898-67de6edcab7a@tion-analyzer-9] [AbstractAnalyzerJob           ] [@] [DG_AJ:DEMO-71:14-338#14-339:2-1] started
 14/08/26 08:52:51,003 INFO  [9774ec40-4325-a90c-6898-67de6edcab7a@tion-analyzer-9] [AnalyzerMonitor               ] [@] [DG_AJ:DEMO-71:14-338#14-339:2-1] started [DEMO-71:analysis in state after change]
 14/08/26 08:52:51,016 INFO  [9774ec40-4325-a90c-6898-67de6edcab7a@tion-analyzer-9] [AnalyzerMonitor               ] [@] [DG_AJ:DEMO-71:14-338#14-339:2-1] skipped [DEMO-71:analysis in state before change]
 14/08/26 08:52:51,017 INFO  [9774ec40-4325-a90c-6898-67de6edcab7a@tion-analyzer-9] [AnalyzerMonitor               ] [@] [DG_AJ:DEMO-71:14-338#14-339:2-1] started [DEMO-71:user mentions analysis]
 14/08/26 08:52:51,018 INFO  [9774ec40-4325-a90c-6898-67de6edcab7a@tion-analyzer-9] [AnalyzerMonitor               ] [@] [DG_AJ:DEMO-71:14-338#14-339:2-1] started [DEMO-71:user reaction analysis]
 14/08/26 08:52:51,018 INFO  [9774ec40-4325-a90c-6898-67de6edcab7a@tion-analyzer-9] [AbstractAnalyzerJob           ] [@] [DG_AJ:DEMO-71:14-338#14-339:2-1] didn't persist any notification job
 14/08/26 08:52:51,020 INFO  [9774ec40-4325-a90c-6898-67de6edcab7a@tion-analyzer-9] [AbstractAnalyzerJob           ] [@] [DG_AJ:DEMO-72:14-340#14-341:2-1] started
 14/08/26 08:52:51,021 INFO  [9774ec40-4325-a90c-6898-67de6edcab7a@tion-analyzer-9] [AnalyzerMonitor               ] [@] [DG_AJ:DEMO-72:14-340#14-341:2-1] started [DEMO-72:analysis in state after change]
 14/08/26 08:52:51,029 INFO  [9774ec40-4325-a90c-6898-67de6edcab7a@tion-analyzer-9] [AnalyzerMonitor               ] [@] [DG_AJ:DEMO-72:14-340#14-341:2-1] skipped [DEMO-72:analysis in state before change]
 14/08/26 08:52:51,029 INFO  [9774ec40-4325-a90c-6898-67de6edcab7a@tion-analyzer-9] [AnalyzerMonitor               ] [@] [DG_AJ:DEMO-72:14-340#14-341:2-1] started [DEMO-72:user mentions analysis]
 14/08/26 08:52:51,029 INFO  [9774ec40-4325-a90c-6898-67de6edcab7a@tion-analyzer-9] [AnalyzerMonitor               ] [@] [DG_AJ:DEMO-72:14-340#14-341:2-1] started [DEMO-72:user reaction analysis]
 14/08/26 08:52:51,030 INFO  [9774ec40-4325-a90c-6898-67de6edcab7a@tion-analyzer-9] [AbstractAnalyzerJob           ] [@] [DG_AJ:DEMO-72:14-340#14-341:2-1] didn't persist any notification job
 14/08/26 08:55:51,000 INFO  [9323d1e3-4aee-1295-ce4a-e4ab007b447f@sue-analysis-68] [AnalysisDurabilityJob         ] [@] [AD:1786697750994] started, processing PersistentEvent (14-341..14-345]
 14/08/26 08:55:51,029 INFO  [9323d1e3-4aee-1295-ce4a-e4ab007b447f@ion-analyzer-10] [AbstractAnalyzerJob           ] [@] [DG_AJ:DEMO-73:14-342#14-343:2-1] started
 14/08/26 08:55:51,030 INFO  [9323d1e3-4aee-1295-ce4a-e4ab007b447f@ion-analyzer-10] [AnalyzerMonitor               ] [@] [DG_AJ:DEMO-73:14-342#14-343:2-1] started [DEMO-73:analysis in state after change]
 14/08/26 08:55:51,063 INFO  [9323d1e3-4aee-1295-ce4a-e4ab007b447f@ion-analyzer-10] [AnalyzerMonitor               ] [@] [DG_AJ:DEMO-73:14-342#14-343:2-1] skipped [DEMO-73:analysis in state before change]
 14/08/26 08:55:51,064 INFO  [9323d1e3-4aee-1295-ce4a-e4ab007b447f@ion-analyzer-10] [AnalyzerMonitor               ] [@] [DG_AJ:DEMO-73:14-342#14-343:2-1] started [DEMO-73:user mentions analysis]
 14/08/26 08:55:51,065 INFO  [9323d1e3-4aee-1295-ce4a-e4ab007b447f@ion-analyzer-10] [AnalyzerMonitor               ] [@] [DG_AJ:DEMO-73:14-342#14-343:2-1] started [DEMO-73:user reaction analysis]
 14/08/26 08:55:51,066 INFO  [9323d1e3-4aee-1295-ce4a-e4ab007b447f@ion-analyzer-10] [AbstractAnalyzerJob           ] [@] [DG_AJ:DEMO-73:14-342#14-343:2-1] didn't persist any notification job
 14/08/26 08:55:51,071 INFO  [9323d1e3-4aee-1295-ce4a-e4ab007b447f@ion-analyzer-10] [AbstractAnalyzerJob           ] [@] [DG_AJ:DEMO-74:14-344#14-345:2-1] started
 14/08/26 08:55:51,071 INFO  [9323d1e3-4aee-1295-ce4a-e4ab007b447f@ion-analyzer-10] [AnalyzerMonitor               ] [@] [DG_AJ:DEMO-74:14-344#14-345:2-1] started [DEMO-74:analysis in state after change]
 14/08/26 08:55:51,090 INFO  [9323d1e3-4aee-1295-ce4a-e4ab007b447f@ion-analyzer-10] [AnalyzerMonitor               ] [@] [DG_AJ:DEMO-74:14-344#14-345:2-1] skipped [DEMO-74:analysis in state before change]
 14/08/26 08:55:51,091 INFO  [9323d1e3-4aee-1295-ce4a-e4ab007b447f@ion-analyzer-10] [AnalyzerMonitor               ] [@] [DG_AJ:DEMO-74:14-344#14-345:2-1] started [DEMO-74:user mentions analysis]
 14/08/26 08:55:51,092 INFO  [9323d1e3-4aee-1295-ce4a-e4ab007b447f@ion-analyzer-10] [AnalyzerMonitor               ] [@] [DG_AJ:DEMO-74:14-344#14-345:2-1] started [DEMO-74:user reaction analysis]
 14/08/26 08:55:51,093 INFO  [9323d1e3-4aee-1295-ce4a-e4ab007b447f@ion-analyzer-10] [AbstractAnalyzerJob           ] [@] [DG_AJ:DEMO-74:14-344#14-345:2-1] didn't persist any notification job
 14/08/26 09:03:20,984 INFO  [79672ffb-67f5-0bc1-97fe-4a51078663e6@sue-analysis-73] [AnalysisDurabilityJob         ] [@] [AD:1786698200977] started, processing PersistentEvent (14-345..14-353]
 14/08/26 09:03:20,995 INFO  [79672ffb-67f5-0bc1-97fe-4a51078663e6@ion-analyzer-11] [AbstractAnalyzerJob           ] [@] [DG_AJ:DEMO-75:14-346#14-347:2-1] started
 14/08/26 09:03:20,996 INFO  [79672ffb-67f5-0bc1-97fe-4a51078663e6@ion-analyzer-11] [AnalyzerMonitor               ] [@] [DG_AJ:DEMO-75:14-346#14-347:2-1] started [DEMO-75:analysis in state after change]
 14/08/26 09:03:21,014 INFO  [79672ffb-67f5-0bc1-97fe-4a51078663e6@ion-analyzer-11] [AnalyzerMonitor               ] [@] [DG_AJ:DEMO-75:14-346#14-347:2-1] skipped [DEMO-75:analysis in state before change]
 14/08/26 09:03:21,015 INFO  [79672ffb-67f5-0bc1-97fe-4a51078663e6@ion-analyzer-11] [AnalyzerMonitor               ] [@] [DG_AJ:DEMO-75:14-346#14-347:2-1] started [DEMO-75:user mentions analysis]
 14/08/26 09:03:21,016 INFO  [79672ffb-67f5-0bc1-97fe-4a51078663e6@ion-analyzer-11] [AnalyzerMonitor               ] [@] [DG_AJ:DEMO-75:14-346#14-347:2-1] started [DEMO-75:user reaction analysis]
 14/08/26 09:03:21,016 INFO  [79672ffb-67f5-0bc1-97fe-4a51078663e6@ion-analyzer-11] [AbstractAnalyzerJob           ] [@] [DG_AJ:DEMO-75:14-346#14-347:2-1] didn't persist any notification job
 14/08/26 09:03:21,020 INFO  [79672ffb-67f5-0bc1-97fe-4a51078663e6@ion-analyzer-11] [AbstractAnalyzerJob           ] [@] [DG_AJ:DEMO-76:14-348#14-349:2-1] started
 14/08/26 09:03:21,021 INFO  [79672ffb-67f5-0bc1-97fe-4a51078663e6@ion-analyzer-11] [AnalyzerMonitor               ] [@] [DG_AJ:DEMO-76:14-348#14-349:2-1] started [DEMO-76:analysis in state after change]
 14/08/26 09:03:21,039 INFO  [79672ffb-67f5-0bc1-97fe-4a51078663e6@ion-analyzer-11] [AnalyzerMonitor               ] [@] [DG_AJ:DEMO-76:14-348#14-349:2-1] skipped [DEMO-76:analysis in state before change]
 14/08/26 09:03:21,039 INFO  [79672ffb-67f5-0bc1-97fe-4a51078663e6@ion-analyzer-11] [AnalyzerMonitor               ] [@] [DG_AJ:DEMO-76:14-348#14-349:2-1] started [DEMO-76:user mentions analysis]
 14/08/26 09:03:21,040 INFO  [79672ffb-67f5-0bc1-97fe-4a51078663e6@ion-analyzer-11] [AnalyzerMonitor               ] [@] [DG_AJ:DEMO-76:14-348#14-349:2-1] started [DEMO-76:user reaction analysis]
 14/08/26 09:03:21,040 INFO  [79672ffb-67f5-0bc1-97fe-4a51078663e6@ion-analyzer-11] [AbstractAnalyzerJob           ] [@] [DG_AJ:DEMO-76:14-348#14-349:2-1] didn't persist any notification job
 14/08/26 09:04:50,966 INFO  [fd0dd7c7-b5c4-6275-bed9-baa1759bc9e8@sue-analysis-74] [AnalysisDurabilityJob         ] [@] [AD:1786698290965] started, processing PersistentEvent (14-349..14-353]
 14/08/26 09:04:50,972 INFO  [fd0dd7c7-b5c4-6275-bed9-baa1759bc9e8@ion-analyzer-12] [AbstractAnalyzerJob           ] [@] [DG_AJ:DEMO-77:14-350#14-351:2-1] started
 14/08/26 09:04:50,973 INFO  [fd0dd7c7-b5c4-6275-bed9-baa1759bc9e8@ion-analyzer-12] [AnalyzerMonitor               ] [@] [DG_AJ:DEMO-77:14-350#14-351:2-1] started [DEMO-77:analysis in state after change]
 14/08/26 09:04:50,983 INFO  [fd0dd7c7-b5c4-6275-bed9-baa1759bc9e8@ion-analyzer-12] [AnalyzerMonitor               ] [@] [DG_AJ:DEMO-77:14-350#14-351:2-1] skipped [DEMO-77:analysis in state before change]
 14/08/26 09:04:50,983 INFO  [fd0dd7c7-b5c4-6275-bed9-baa1759bc9e8@ion-analyzer-12] [AnalyzerMonitor               ] [@] [DG_AJ:DEMO-77:14-350#14-351:2-1] started [DEMO-77:user mentions analysis]
 14/08/26 09:04:50,984 INFO  [fd0dd7c7-b5c4-6275-bed9-baa1759bc9e8@ion-analyzer-12] [AnalyzerMonitor               ] [@] [DG_AJ:DEMO-77:14-350#14-351:2-1] started [DEMO-77:user reaction analysis]
 14/08/26 09:04:50,984 INFO  [fd0dd7c7-b5c4-6275-bed9-baa1759bc9e8@ion-analyzer-12] [AbstractAnalyzerJob           ] [@] [DG_AJ:DEMO-77:14-350#14-351:2-1] didn't persist any notification job
 14/08/26 09:04:50,986 INFO  [fd0dd7c7-b5c4-6275-bed9-baa1759bc9e8@ion-analyzer-12] [AbstractAnalyzerJob           ] [@] [DG_AJ:DEMO-78:14-352#14-353:2-1] started
 14/08/26 09:04:50,987 INFO  [fd0dd7c7-b5c4-6275-bed9-baa1759bc9e8@ion-analyzer-12] [AnalyzerMonitor               ] [@] [DG_AJ:DEMO-78:14-352#14-353:2-1] started [DEMO-78:analysis in state after change]
 14/08/26 09:04:51,001 INFO  [fd0dd7c7-b5c4-6275-bed9-baa1759bc9e8@ion-analyzer-12] [AnalyzerMonitor               ] [@] [DG_AJ:DEMO-78:14-352#14-353:2-1] skipped [DEMO-78:analysis in state before change]
 14/08/26 09:04:51,002 INFO  [fd0dd7c7-b5c4-6275-bed9-baa1759bc9e8@ion-analyzer-12] [AnalyzerMonitor               ] [@] [DG_AJ:DEMO-78:14-352#14-353:2-1] started [DEMO-78:user mentions analysis]
 14/08/26 09:04:51,003 INFO  [fd0dd7c7-b5c4-6275-bed9-baa1759bc9e8@ion-analyzer-12] [AnalyzerMonitor               ] [@] [DG_AJ:DEMO-78:14-352#14-353:2-1] started [DEMO-78:user reaction analysis]
 14/08/26 09:04:51,005 INFO  [fd0dd7c7-b5c4-6275-bed9-baa1759bc9e8@ion-analyzer-12] [AbstractAnalyzerJob           ] [@] [DG_AJ:DEMO-78:14-352#14-353:2-1] didn't persist any notification job
 18/08/26 09:06:11,536 INFO  [d0e63c5e-228a-6c1d-b547-24494c2180c5@init servlet   ] [NotificationJobProcessorUtils ] [@] Applying notification send delay 60000 (using for cluster notification merge)
 18/08/26 13:34:37,443 INFO  [659f829c-88ae-564f-fb4e-1fd30582aef1@sue-analysis-79] [AnalysisDurabilityJob         ] [@] [AD:1787060077441] started, processing PersistentEvent (14-353..14-355]
 18/08/26 13:34:37,485 INFO  [659f829c-88ae-564f-fb4e-1fd30582aef1@tion-analyzer-1] [AbstractAnalyzerJob           ] [@] [DG_AJ:DEMO-79:14-354#14-355:2-1] started
 18/08/26 13:34:37,489 INFO  [659f829c-88ae-564f-fb4e-1fd30582aef1@tion-analyzer-1] [AnalyzerMonitor               ] [@] [DG_AJ:DEMO-79:14-354#14-355:2-1] started [DEMO-79:analysis in state after change]
 18/08/26 13:34:37,554 INFO  [659f829c-88ae-564f-fb4e-1fd30582aef1@tion-analyzer-1] [AnalyzerMonitor               ] [@] [DG_AJ:DEMO-79:14-354#14-355:2-1] skipped [DEMO-79:analysis in state before change]
 18/08/26 13:34:37,555 INFO  [659f829c-88ae-564f-fb4e-1fd30582aef1@tion-analyzer-1] [AnalyzerMonitor               ] [@] [DG_AJ:DEMO-79:14-354#14-355:2-1] started [DEMO-79:user mentions analysis]
 18/08/26 13:34:37,559 INFO  [659f829c-88ae-564f-fb4e-1fd30582aef1@tion-analyzer-1] [AnalyzerMonitor               ] [@] [DG_AJ:DEMO-79:14-354#14-355:2-1] started [DEMO-79:user reaction analysis]
 18/08/26 13:34:37,562 INFO  [659f829c-88ae-564f-fb4e-1fd30582aef1@tion-analyzer-1] [AbstractAnalyzerJob           ] [@] [DG_AJ:DEMO-79:14-354#14-355:2-1] didn't persist any notification job
 20/08/26 07:58:41,606 INFO  [2fb041fb-e854-7258-2ad9-bc92e34c8685@init servlet   ] [NotificationJobProcessorUtils ] [@] Applying notification send delay 60000 (using for cluster notification merge)
 21/08/26 09:28:15,751 INFO  [9ac88591-a1e5-3143-1c6b-8f7ec0d3987d@init servlet   ] [NotificationJobProcessorUtils ] [@] Applying notification send delay 60000 (using for cluster notification merge)
 21/08/26 10:12:49,386 INFO  [5abb891a-83da-3d1f-6331-82bbb5c4b317@cle-analysis-27] [AnalysisDurabilityJob         ] [@] [AD:1787307169375] started, processing ArticleRealEvent (228-0..228-1]
 21/08/26 10:14:19,366 INFO  [cb048178-7b2d-cd81-1355-5fe86897db2b@cle-analysis-28] [AnalysisDurabilityJob         ] [@] [AD:1787307259365] started, processing ArticleRealEvent (228-0..228-2]
 21/08/26 10:14:19,391 INFO  [cb048178-7b2d-cd81-1355-5fe86897db2b@tion-analyzer-1] [AbstractAnalyzerJob           ] [@] [AAJ:183-1:228-1#228-1:2-1] started
 21/08/26 10:14:19,395 INFO  [cb048178-7b2d-cd81-1355-5fe86897db2b@tion-analyzer-1] [AnalyzerMonitor               ] [@] [AAJ:183-1:228-1#228-1:2-1] started article user mentions analysis
 21/08/26 10:14:19,399 INFO  [cb048178-7b2d-cd81-1355-5fe86897db2b@tion-analyzer-1] [AnalyzerMonitor               ] [@] [AAJ:183-1:228-1#228-1:2-1] started article user reaction analysis
 21/08/26 10:14:19,402 INFO  [cb048178-7b2d-cd81-1355-5fe86897db2b@tion-analyzer-1] [AnalyzerMonitor               ] [@] [AAJ:183-1:228-1#228-1:2-1] started analysis of article in state after change
 21/08/26 10:14:19,415 INFO  [cb048178-7b2d-cd81-1355-5fe86897db2b@tion-analyzer-1] [AnalyzerMonitor               ] [@] [AAJ:183-1:228-1#228-1:2-1] skipped analysis of article in state before change
 21/08/26 10:14:19,417 INFO  [cb048178-7b2d-cd81-1355-5fe86897db2b@tion-analyzer-1] [AbstractAnalyzerJob           ] [@] [AAJ:183-1:228-1#228-1:2-1] didn't persist any notification job
 21/08/26 10:15:49,359 INFO  [5d2a9da9-bbb0-a7da-262c-32229abf2ebd@cle-analysis-29] [AnalysisDurabilityJob         ] [@] [AD:1787307349357] started, processing ArticleRealEvent (228-1..228-2]
 21/08/26 10:15:49,375 INFO  [5d2a9da9-bbb0-a7da-262c-32229abf2ebd@tion-analyzer-2] [AbstractAnalyzerJob           ] [@] [AAJ:183-2:228-2#228-2:2-1] started
 21/08/26 10:15:49,377 INFO  [5d2a9da9-bbb0-a7da-262c-32229abf2ebd@tion-analyzer-2] [AnalyzerMonitor               ] [@] [AAJ:183-2:228-2#228-2:2-1] started article user mentions analysis
 21/08/26 10:15:49,378 INFO  [5d2a9da9-bbb0-a7da-262c-32229abf2ebd@tion-analyzer-2] [AnalyzerMonitor               ] [@] [AAJ:183-2:228-2#228-2:2-1] started article user reaction analysis
 21/08/26 10:15:49,378 INFO  [5d2a9da9-bbb0-a7da-262c-32229abf2ebd@tion-analyzer-2] [AnalyzerMonitor               ] [@] [AAJ:183-2:228-2#228-2:2-1] started analysis of article in state after change
 21/08/26 10:15:49,381 INFO  [5d2a9da9-bbb0-a7da-262c-32229abf2ebd@tion-analyzer-2] [AnalyzerMonitor               ] [@] [AAJ:183-2:228-2#228-2:2-1] skipped analysis of article in state before change
 21/08/26 10:15:49,383 INFO  [5d2a9da9-bbb0-a7da-262c-32229abf2ebd@tion-analyzer-2] [AbstractAnalyzerJob           ] [@] [AAJ:183-2:228-2#228-2:2-1] didn't persist any notification job
 21/08/26 10:29:19,269 INFO  [6008fea7-3a14-4108-8a62-82d26c571e51@cle-analysis-38] [AnalysisDurabilityJob         ] [@] [AD:1787308159268] started, processing ArticleRealEvent (228-2..228-3]
 21/08/26 10:30:49,260 INFO  [97e0ee52-a1d5-f046-35de-f7326566387d@cle-analysis-39] [AnalysisDurabilityJob         ] [@] [AD:1787308249259] started, processing ArticleRealEvent (228-2..228-3]
 21/08/26 10:30:49,266 INFO  [97e0ee52-a1d5-f046-35de-f7326566387d@tion-analyzer-3] [AbstractAnalyzerJob           ] [@] [AAJ:183-3:228-3#228-3:2-1] started
 21/08/26 10:30:49,268 INFO  [97e0ee52-a1d5-f046-35de-f7326566387d@tion-analyzer-3] [AnalyzerMonitor               ] [@] [AAJ:183-3:228-3#228-3:2-1] started article user mentions analysis
 21/08/26 10:30:49,269 INFO  [97e0ee52-a1d5-f046-35de-f7326566387d@tion-analyzer-3] [AnalyzerMonitor               ] [@] [AAJ:183-3:228-3#228-3:2-1] started article user reaction analysis
 21/08/26 10:30:49,270 INFO  [97e0ee52-a1d5-f046-35de-f7326566387d@tion-analyzer-3] [AnalyzerMonitor               ] [@] [AAJ:183-3:228-3#228-3:2-1] started analysis of article in state after change
 21/08/26 10:30:49,274 INFO  [97e0ee52-a1d5-f046-35de-f7326566387d@tion-analyzer-3] [AnalyzerMonitor               ] [@] [AAJ:183-3:228-3#228-3:2-1] skipped analysis of article in state before change
 21/08/26 10:30:49,275 INFO  [97e0ee52-a1d5-f046-35de-f7326566387d@tion-analyzer-3] [AbstractAnalyzerJob           ] [@] [AAJ:183-3:228-3#228-3:2-1] didn't persist any notification job
 21/08/26 10:45:49,163 INFO  [ce289e0b-dc18-b0a8-f209-2f5b72852e54@cle-analysis-49] [AnalysisDurabilityJob         ] [@] [AD:1787309149162] started, processing ArticleRealEvent (228-3..228-4]
 21/08/26 10:45:49,171 INFO  [ce289e0b-dc18-b0a8-f209-2f5b72852e54@tion-analyzer-4] [AbstractAnalyzerJob           ] [@] [AAJ:183-3:228-4#228-4:2-1] started
 21/08/26 10:45:49,171 INFO  [ce289e0b-dc18-b0a8-f209-2f5b72852e54@tion-analyzer-4] [AnalyzerMonitor               ] [@] [AAJ:183-3:228-4#228-4:2-1] started article user mentions analysis
 21/08/26 10:45:49,178 INFO  [ce289e0b-dc18-b0a8-f209-2f5b72852e54@tion-analyzer-4] [AnalyzerMonitor               ] [@] [AAJ:183-3:228-4#228-4:2-1] started article user reaction analysis
 21/08/26 10:45:49,179 INFO  [ce289e0b-dc18-b0a8-f209-2f5b72852e54@tion-analyzer-4] [AnalyzerMonitor               ] [@] [AAJ:183-3:228-4#228-4:2-1] skipped analysis of article in state after change
 21/08/26 10:45:49,179 INFO  [ce289e0b-dc18-b0a8-f209-2f5b72852e54@tion-analyzer-4] [AnalyzerMonitor               ] [@] [AAJ:183-3:228-4#228-4:2-1] started analysis of article in state before change
 21/08/26 10:45:49,185 INFO  [ce289e0b-dc18-b0a8-f209-2f5b72852e54@tion-analyzer-4] [AbstractAnalyzerJob           ] [@] [AAJ:183-3:228-4#228-4:2-1] didn't persist any notification job
 21/08/26 11:17:18,968 INFO  [7d104bc3-cf05-ccf1-1a27-86265802f6bb@cle-analysis-70] [AnalysisDurabilityJob         ] [@] [AD:1787311038967] started, processing ArticleRealEvent (228-4..228-6]
 21/08/26 11:18:48,963 INFO  [bb3aaceb-a4b3-834c-7f31-46656c9086f2@cle-analysis-71] [AnalysisDurabilityJob         ] [@] [AD:1787311128961] started, processing ArticleRealEvent (228-4..228-9]
 21/08/26 11:20:18,953 INFO  [66e27874-5575-8691-0b64-40675c5538c0@cle-analysis-72] [AnalysisDurabilityJob         ] [@] [AD:1787311218952] started, processing ArticleRealEvent (228-6..228-9]
 21/08/26 11:20:18,961 INFO  [66e27874-5575-8691-0b64-40675c5538c0@tion-analyzer-5] [AbstractAnalyzerJob           ] [@] [AAJ:183-7:228-7#228-7:2-1] started
 21/08/26 11:20:18,962 INFO  [66e27874-5575-8691-0b64-40675c5538c0@tion-analyzer-5] [AnalyzerMonitor               ] [@] [AAJ:183-7:228-7#228-7:2-1] started article user mentions analysis
 21/08/26 11:20:18,963 INFO  [66e27874-5575-8691-0b64-40675c5538c0@tion-analyzer-5] [AnalyzerMonitor               ] [@] [AAJ:183-7:228-7#228-7:2-1] started article user reaction analysis
 21/08/26 11:20:18,963 INFO  [66e27874-5575-8691-0b64-40675c5538c0@tion-analyzer-5] [AnalyzerMonitor               ] [@] [AAJ:183-7:228-7#228-7:2-1] started analysis of article in state after change
 21/08/26 11:20:18,964 INFO  [66e27874-5575-8691-0b64-40675c5538c0@tion-analyzer-5] [AnalyzerMonitor               ] [@] [AAJ:183-7:228-7#228-7:2-1] skipped analysis of article in state before change
 21/08/26 11:20:18,965 INFO  [66e27874-5575-8691-0b64-40675c5538c0@tion-analyzer-5] [AbstractAnalyzerJob           ] [@] [AAJ:183-7:228-7#228-7:2-1] didn't persist any notification job
 21/08/26 11:21:48,946 INFO  [8f8aa729-bc7a-976f-ef4d-9cf3f784a4f0@cle-analysis-73] [AnalysisDurabilityJob         ] [@] [AD:1787311308944] started, processing ArticleRealEvent (228-9..228-15]
 21/08/26 11:23:18,938 INFO  [3337a4e3-b871-a14b-9052-822941e5d328@cle-analysis-74] [AnalysisDurabilityJob         ] [@] [AD:1787311398936] started, processing ArticleRealEvent (228-9..228-15]
 21/08/26 11:33:48,874 INFO  [22468580-2d91-c835-6e6a-892aaf0b15b1@cle-analysis-81] [AnalysisDurabilityJob         ] [@] [AD:1787312028872] started, processing ArticleRealEvent (228-15..228-17]
 21/08/26 11:35:18,862 INFO  [fbd1a4bb-30a0-f42f-db69-c50d8434a647@cle-analysis-82] [AnalysisDurabilityJob         ] [@] [AD:1787312118861] started, processing ArticleRealEvent (228-15..228-17]
 21/08/26 11:38:18,843 INFO  [63cdc50c-4844-0a39-f83e-a5909d598431@cle-analysis-84] [AnalysisDurabilityJob         ] [@] [AD:1787312298842] started, processing ArticleRealEvent (228-17..228-19]
 21/08/26 11:39:48,830 INFO  [b66a4221-d204-2081-34b1-a1b61b9a2a8c@cle-analysis-85] [AnalysisDurabilityJob         ] [@] [AD:1787312388830] started, processing ArticleRealEvent (228-17..228-27]
 24/08/26 12:14:26,590 INFO  [41b228ff-69ef-b9e3-7f1f-ced14e4505d8@init servlet   ] [NotificationJobProcessorUtils ] [@] Applying notification send delay 60000 (using for cluster notification merge)
 24/08/26 12:15:21,591 INFO  [1b6ed70c-2395-cfad-e224-6a515a0cd540@icle-analysis-1] [AnalysisDurabilityJob         ] [@] [AD:1787573721583] started, processing ArticleRealEvent (228-21..228-27]
 24/08/26 12:39:21,470 INFO  [45019e38-be01-5e9f-839c-b1ec6e117145@cle-analysis-17] [AnalysisDurabilityJob         ] [@] [AD:1787575161468] started, processing ArticleRealEvent (228-27..228-29]
 01/09/26 07:41:07,810 INFO  [b0d8f1ea-d3fe-618c-257a-5841115f2e4e@init servlet   ] [NotificationJobProcessorUtils ] [@] Applying notification send delay 60000 (using for cluster notification merge)
 