13/08/26 13:03:35,011 INFO  [d65725be-ac99-38c2-3f14-c84d665f60f2@init servlet   ] [Reflections                   ] [init@] Reflections took 568 ms to scan 44 urls, producing 2190 keys and 51931 values
 13/08/26 13:03:38,522 INFO  [d65725be-ac99-38c2-3f14-c84d665f60f2@init servlet   ] [Reflections                   ] [init@] Reflections took 327 ms to scan 44 urls, producing 2190 keys and 51931 values
 13/08/26 13:03:39,556 INFO  [d65725be-ac99-38c2-3f14-c84d665f60f2@init servlet   ] [Reflections                   ] [init@] Reflections took 374 ms to scan 43 urls, producing 2163 keys and 51528 values
 13/08/26 13:03:41,887 INFO  [d65725be-ac99-38c2-3f14-c84d665f60f2@init servlet   ] [WebClasspathXmlServiceLocator ] [init@] Adding default placeholder resolver: PropertySourcesPlaceholderConfigurer
 13/08/26 13:03:49,247 INFO  [d65725be-ac99-38c2-3f14-c84d665f60f2@init servlet   ] [MessagesContainer             ] [init@] Default locale messages loaded
 13/08/26 13:03:50,004 INFO  [d65725be-ac99-38c2-3f14-c84d665f60f2@init servlet   ] [SystemTimeServiceConfiguration] [init@] SystemTimeService: using service with real start='2026-08-13T13:03:50.003Z
 13/08/26 13:03:50,619 INFO  [d65725be-ac99-38c2-3f14-c84d665f60f2@init servlet   ] [Reflections                   ] [init@] Reflections took 468 ms to scan 44 urls, producing 2263 keys and 89553 values
 13/08/26 13:03:51,653 INFO  [d65725be-ac99-38c2-3f14-c84d665f60f2@init servlet   ] [EnvironmentImpl               ] [@] Exodus environment created: /opt/youtrack/data/youtrack
 13/08/26 13:03:51,662 INFO  [d65725be-ac99-38c2-3f14-c84d665f60f2@init servlet   ] [EntityIterableCacheAdapter    ] [@] Using weighted eviction for entity iterable cache, maxWeight = 4473924
 13/08/26 13:03:52,090 INFO  [d65725be-ac99-38c2-3f14-c84d665f60f2@init servlet   ] [PersistentEntityStoreImpl     ] [@] Blob vault has been created at /opt/youtrack/data/youtrack/blobs
 13/08/26 13:03:52,773 INFO  [d65725be-ac99-38c2-3f14-c84d665f60f2@init servlet   ] [EnvironmentImpl               ] [@] Exodus environment created: /opt/youtrack/data/youtrack/textindex
 13/08/26 13:03:52,839 INFO  [d65725be-ac99-38c2-3f14-c84d665f60f2@init servlet   ] [TextIndexManager              ] [@] Initializing text index. Timestamp of last updated entry: 0
 13/08/26 13:03:52,997 INFO  [d65725be-ac99-38c2-3f14-c84d665f60f2@init servlet   ] [TextIndexManager              ] [@] Initializing text index. Last update timestamp: 0
 13/08/26 13:03:53,106 WARN  [d65725be-ac99-38c2-3f14-c84d665f60f2@user-action-1  ] [TransientSessionImpl          ] [@] Entity [KeyStorage: id = 141-0] was removed in database, can't create local copy
 13/08/26 13:03:53,107 WARN  [d65725be-ac99-38c2-3f14-c84d665f60f2@user-action-1  ] [UpdateRest                    ] [@] Cannot initialize ssl for updateChecker
 jetbrains.youtrack.core.LogicException: Error initializing a store
	at jetbrains.youtrack.core.ssl.XdStorage.loadStore(XdStorage.kt:53)
	at jetbrains.youtrack.core.ssl.XdStorage.getStore(XdStorage.kt:46)
	at jetbrains.youtrack.core.ssl.SSLContextFactoryKt.createSSLContext$getKeyManagers(SSLContextFactory.kt:16)
	at jetbrains.youtrack.core.ssl.SSLContextFactoryKt.createSSLContext(SSLContextFactory.kt:31)
	at jetbrains.youtrack.maintenance.updates.UpdateRest.initSslForClientBuilder$lambda$0(UpdateRest.kt:80)
	at com.jetbrains.teamsys.dnq.database.TransientEntityStoreExt.transactional(TransientEntityStoreExt.kt:51)
	at com.jetbrains.teamsys.dnq.database.TransientEntityStoreImpl.transactional(TransientEntityStoreImpl.kt:105)
	at jetbrains.exodus.database.TransientEntityStore.transactional$default(TransientEntityStore.kt:83)
	at jetbrains.youtrack.core.TransactionsKt.transactional(Transactions.kt:24)
	at jetbrains.youtrack.core.TransactionsKt.transactional$default(Transactions.kt:19)
	at jetbrains.youtrack.maintenance.updates.UpdateRest.initSslForClientBuilder(UpdateRest.kt:79)
	at jetbrains.youtrack.maintenance.updates.UpdateRest.client_delegate$lambda$0(UpdateRest.kt:31)
	at kotlin.SynchronizedLazyImpl.getValue(LazyJVM.kt:86)
	at jetbrains.youtrack.maintenance.updates.UpdateRest.getClient(UpdateRest.kt:26)
	at jetbrains.youtrack.maintenance.updates.UpdateRest.getProducts(UpdateRest.kt:36)
	at jetbrains.youtrack.maintenance.updates.UpdateRest.getProduct(UpdateRest.kt:44)
	at jetbrains.youtrack.maintenance.updates.UpdateRest.getChannel(UpdateRest.kt:49)
	at jetbrains.youtrack.maintenance.updates.UpdateRest.getNewerBuild(UpdateRest.kt:64)
	at jetbrains.youtrack.maintenance.updates.UpdateCheckerImpl.checkForUpdate$lambda$0(UpdateCheckerImpl.kt:56)
	at jetbrains.charisma.executor.UserActionJob.execute(UserActionJob.kt:11)
	at jetbrains.youtrack.core.job.AbstractJob.doExecute(AbstractJob.kt:114)
	at jetbrains.youtrack.core.job.AbstractJob.tryExecute$youtrack_core(AbstractJob.kt:102)
	at jetbrains.youtrack.core.job.AbstractJobProcessor$JobExecutionTask.executeJob(AbstractJobProcessor.kt:229)
	at jetbrains.youtrack.core.job.AbstractJobProcessor$JobExecutionTask.runInContext(AbstractJobProcessor.kt:213)
	at jetbrains.youtrack.core.job.AbstractJobProcessor$JobExecutionTask.run$lambda$0(AbstractJobProcessor.kt:201)
	at jetbrains.youtrack.core.job.context.BeanContainerContext.doApply(ExecutionContexts.kt:47)
	at jetbrains.youtrack.core.job.context.ChainedExecutionContext.apply(ChainedExecutionContext.kt:29)
	at jetbrains.youtrack.core.job.context.ChainedExecutionContext.apply$lambda$0(ChainedExecutionContext.kt:26)
	at jetbrains.youtrack.core.job.context.LogExecutionContext.doApply(ExecutionContexts.kt:24)
	at jetbrains.youtrack.core.job.context.ChainedExecutionContext.apply(ChainedExecutionContext.kt:25)
	at jetbrains.youtrack.core.job.AbstractJobProcessor$JobExecutionTask.run(AbstractJobProcessor.kt:201)
	at java.base/java.util.concurrent.Executors$RunnableAdapter.call(Executors.java:572)
	at java.base/java.util.concurrent.FutureTask.run(FutureTask.java:317)
	at java.base/java.util.concurrent.ThreadPoolExecutor.runWorker(ThreadPoolExecutor.java:1144)
	at java.base/java.util.concurrent.ThreadPoolExecutor$Worker.run(ThreadPoolExecutor.java:642)
	at java.base/java.lang.Thread.run(Thread.java:1583)
Caused by: jetbrains.exodus.entitystore.EntityRemovedInDatabaseException: KeyStorage[141-0] was removed.
	at jetbrains.exodus.entitystore.PersistentStoreTransaction.getEntity(PersistentStoreTransaction.java:297)
	at com.jetbrains.teamsys.dnq.database.TransientSessionImpl.newLocalCopy(TransientSessionImpl.kt:408)
	at com.jetbrains.teamsys.dnq.database.TransientEntityUtilKt.reattach(TransientEntityUtil.kt:31)
	at com.jetbrains.teamsys.dnq.database.TransientEntityUtilKt.reattachTransient(TransientEntityUtil.kt:37)
	at kotlinx.dnq.util.TransientEntityUtilKt.reattach(TransientEntityUtil.kt:29)
	at kotlinx.dnq.util.TransientEntityUtilKt.reattach$default(TransientEntityUtil.kt:29)
	at kotlinx.dnq.util.TransientEntityUtilKt.reattachAndGetBlob(TransientEntityUtil.kt:58)
	at kotlinx.dnq.simple.XdNullableBlobProperty.getValue(XdNullableBlobProperty.kt:33)
	at jetbrains.youtrack.core.ssl.XdStorage.getStorageBytes(XdStorage.kt:42)
	at jetbrains.youtrack.core.ssl.XdStorage.loadStore(XdStorage.kt:51)
	... 35 more
13/08/26 13:03:53,194 INFO  [d65725be-ac99-38c2-3f14-c84d665f60f2@init servlet   ] [security                      ] [@] Ticket CCs[XdTicketCcFolder wrapper for TicketCcFolder: id = 90-0] for user search_user_1937506383[108-0] created
 13/08/26 13:03:53,207 INFO  [d65725be-ac99-38c2-3f14-c84d665f60f2@init servlet   ] [security                      ] [@] Ticket Assignees[XdTicketAssigneeFolder wrapper for TicketAssigneeFolder: id = 97-0] for user search_user_1937506383[108-0] created
 13/08/26 13:03:53,237 INFO  [d65725be-ac99-38c2-3f14-c84d665f60f2@init servlet   ] [security                      ] [@] Ticket CC Groups[XdTicketCcGroupFolder wrapper for TicketCcGroupFolder: id = 109-0] for user search_user_1937506383[108-0] created
 13/08/26 13:03:53,243 INFO  [d65725be-ac99-38c2-3f14-c84d665f60f2@init servlet   ] [security                      ] [@] Ticket Author[XdTicketAuthorFolder wrapper for TicketAuthorFolder: id = 123-0] for user search_user_1937506383[108-0] created
 13/08/26 13:03:53,245 INFO  [d65725be-ac99-38c2-3f14-c84d665f60f2@init servlet   ] [security                      ] [@] Star[XdStarWatchFolder wrapper for StarWatchFolder: id = 128-0] for user default_watch_rule_user_1044231805[111-0] created
 13/08/26 13:03:53,285 INFO  [d65725be-ac99-38c2-3f14-c84d665f60f2@init servlet   ] [DnqUtils                      ] [@] Execute entities initializers
 13/08/26 13:03:53,291 INFO  [d65725be-ac99-38c2-3f14-c84d665f60f2@init servlet   ] [YouTrackInit                  ] [@] Initializing YouTrack 2026.2.18194
 13/08/26 13:03:53,291 INFO  [d65725be-ac99-38c2-3f14-c84d665f60f2@init servlet   ] [ApplicationStateHolderImpl    ] [@] Application state changed from SPRING_STARTING to SPRING_INITIALIZED
 13/08/26 13:03:53,301 WARN  [d65725be-ac99-38c2-3f14-c84d665f60f2@init servlet   ] [XdStorage                     ] [@] Auxiliary truststore /opt/youtrack/conf/internal/keystore.jks does not exist, skipping
 13/08/26 13:03:53,340 INFO  [d65725be-ac99-38c2-3f14-c84d665f60f2@init servlet   ] [ApplicationStateHolderImpl    ] [@] Application state changed from SPRING_INITIALIZED to LOCALIZATION_SERVICE_INITIALIZED
 13/08/26 13:03:53,384 INFO  [d65725be-ac99-38c2-3f14-c84d665f60f2@init servlet   ] [DefaultPermissionScheme       ] [@] Guest user created
 13/08/26 13:03:53,439 INFO  [d65725be-ac99-38c2-3f14-c84d665f60f2@init servlet   ] [DefaultSavedQueryProvider     ] [@] Creating localized default saved search "Assigned to me", query: for: me 
 13/08/26 13:03:53,441 INFO  [d65725be-ac99-38c2-3f14-c84d665f60f2@init servlet   ] [DefaultSavedQueryProvider     ] [@] Updating localized default saved search "Assigned to me", share groups:  -> All Users
 13/08/26 13:03:53,445 INFO  [d65725be-ac99-38c2-3f14-c84d665f60f2@init servlet   ] [DefaultSavedQueryProvider     ] [@] Creating localized default saved search "Commented by me", query: commenter: me 
 13/08/26 13:03:53,446 INFO  [d65725be-ac99-38c2-3f14-c84d665f60f2@init servlet   ] [DefaultSavedQueryProvider     ] [@] Updating localized default saved search "Commented by me", share groups:  -> All Users
 13/08/26 13:03:53,447 INFO  [d65725be-ac99-38c2-3f14-c84d665f60f2@init servlet   ] [DefaultSavedQueryProvider     ] [@] Creating localized default saved search "Reported by me", query: by: me 
 13/08/26 13:03:53,447 INFO  [d65725be-ac99-38c2-3f14-c84d665f60f2@init servlet   ] [DefaultSavedQueryProvider     ] [@] Updating localized default saved search "Reported by me", share groups:  -> All Users
 13/08/26 13:03:53,448 INFO  [d65725be-ac99-38c2-3f14-c84d665f60f2@init servlet   ] [DefaultSavedQueryProvider     ] [@] Creating localized default saved search "All issues", query: document type: Issue 
 13/08/26 13:03:53,449 INFO  [d65725be-ac99-38c2-3f14-c84d665f60f2@init servlet   ] [DefaultSavedQueryProvider     ] [@] Updating localized default saved search "All issues", share groups:  -> All Users
 13/08/26 13:03:53,451 INFO  [d65725be-ac99-38c2-3f14-c84d665f60f2@init servlet   ] [DefaultSavedQueryProvider     ] [@] Creating localized default saved search "All tickets", query: document type: Ticket 
 13/08/26 13:03:53,452 INFO  [d65725be-ac99-38c2-3f14-c84d665f60f2@init servlet   ] [DefaultSavedQueryProvider     ] [@] Updating localized default saved search "All tickets", share groups:  -> All Users
 13/08/26 13:03:53,454 INFO  [d65725be-ac99-38c2-3f14-c84d665f60f2@init servlet   ] [security                      ] [@] User admin (admin) is now root
 13/08/26 13:03:53,468 INFO  [d65725be-ac99-38c2-3f14-c84d665f60f2@init servlet   ] [security                      ] [@] Assigned to me[XdSavedQuery wrapper for SavedQuery: id = 11-0] for user search_user_1937506383[108-0] created
 13/08/26 13:03:53,469 INFO  [d65725be-ac99-38c2-3f14-c84d665f60f2@init servlet   ] [security                      ] [@] Commented by me[XdSavedQuery wrapper for SavedQuery: id = 11-1] for user search_user_1937506383[108-0] created
 13/08/26 13:03:53,470 INFO  [d65725be-ac99-38c2-3f14-c84d665f60f2@init servlet   ] [security                      ] [@] Reported by me[XdSavedQuery wrapper for SavedQuery: id = 11-2] for user search_user_1937506383[108-0] created
 13/08/26 13:03:53,471 INFO  [d65725be-ac99-38c2-3f14-c84d665f60f2@init servlet   ] [security                      ] [@] All issues[XdSavedQuery wrapper for SavedQuery: id = 11-3] for user search_user_1937506383[108-0] created
 13/08/26 13:03:53,472 INFO  [d65725be-ac99-38c2-3f14-c84d665f60f2@init servlet   ] [security                      ] [@] All tickets[XdSavedQuery wrapper for SavedQuery: id = 11-4] for user search_user_1937506383[108-0] created
 13/08/26 13:03:53,481 INFO  [d65725be-ac99-38c2-3f14-c84d665f60f2@init servlet   ] [DefaultPermissionScheme       ] [@] Default admin user created
 13/08/26 13:03:53,482 INFO  [d65725be-ac99-38c2-3f14-c84d665f60f2@init servlet   ] [ApplicationStateHolderImpl    ] [@] Application state changed from LOCALIZATION_SERVICE_INITIALIZED to USER_SERVICE_INITIALIZED
 13/08/26 13:03:53,531 INFO  [d65725be-ac99-38c2-3f14-c84d665f60f2@init servlet   ] [StandaloneLicenseUpdater      ] [@] License details. Name: `YouTrack Default`; expiration time: 292278994-08-17 07:12:55; generation time: 2015-05-12 12:55:16;  upgrade expiration time: 2099-12-31 12:55:16
 13/08/26 13:03:53,546 INFO  [d65725be-ac99-38c2-3f14-c84d665f60f2@init servlet   ] [ApplicationStateHolderImpl    ] [@] Application state changed from USER_SERVICE_INITIALIZED to LICENSE_AND_LIABILITY_CHECKED
 13/08/26 13:03:53,556 INFO  [d65725be-ac99-38c2-3f14-c84d665f60f2@init servlet   ] [ApplicationStateHolderImpl    ] [@] Application state changed from LICENSE_AND_LIABILITY_CHECKED to REFACTORINGS_STARTED
 13/08/26 13:03:53,558 INFO  [d65725be-ac99-38c2-3f14-c84d665f60f2@init servlet   ] [XdRefactoring                 ] [@] Starting youtrack-only refactorings...
 13/08/26 13:03:53,566 INFO  [d65725be-ac99-38c2-3f14-c84d665f60f2@init servlet   ] [XdRefactoring                 ] [@] Apply refactoring: jetbrains.youtrack.refactoring.RefactoringRenameUserGroupEntityType
 13/08/26 13:03:53,570 INFO  [d65725be-ac99-38c2-3f14-c84d665f60f2@init servlet   ] [XdRefactoring                 ] [@] Apply refactoring: jetbrains.youtrack.refactoring.RefactoringRemoveRoles
 13/08/26 13:03:53,573 INFO  [d65725be-ac99-38c2-3f14-c84d665f60f2@init servlet   ] [XdRefactoring                 ] [@] Apply refactoring: jetbrains.youtrack.refactoring.RefactoringSetupInstanceUUIDSalt
 13/08/26 13:03:53,576 INFO  [d65725be-ac99-38c2-3f14-c84d665f60f2@init servlet   ] [XdRefactoring                 ] [@] Apply refactoring: jetbrains.youtrack.refactoring.RefactoringSubscribeToDefaultSystemSearches
 13/08/26 13:03:53,579 INFO  [d65725be-ac99-38c2-3f14-c84d665f60f2@init servlet   ] [bscribeToDefaultSystemSearches] [@] Moving subscriptions for saved query "Assigned to me" owned by root to the one owned by system user
 13/08/26 13:03:53,582 INFO  [d65725be-ac99-38c2-3f14-c84d665f60f2@init servlet   ] [bscribeToDefaultSystemSearches] [@] Moving subscriptions for saved query "Commented by me" owned by root to the one owned by system user
 13/08/26 13:03:53,582 INFO  [d65725be-ac99-38c2-3f14-c84d665f60f2@init servlet   ] [bscribeToDefaultSystemSearches] [@] Moving subscriptions for saved query "Reported by me" owned by root to the one owned by system user
 13/08/26 13:03:53,583 INFO  [d65725be-ac99-38c2-3f14-c84d665f60f2@init servlet   ] [bscribeToDefaultSystemSearches] [@] Moving subscriptions for saved query "All issues" owned by root to the one owned by system user
 13/08/26 13:03:53,584 INFO  [d65725be-ac99-38c2-3f14-c84d665f60f2@init servlet   ] [bscribeToDefaultSystemSearches] [@] Moving subscriptions for saved query "All tickets" owned by root to the one owned by system user
 13/08/26 13:03:53,586 INFO  [d65725be-ac99-38c2-3f14-c84d665f60f2@init servlet   ] [XdRefactoring                 ] [@] Apply refactoring: jetbrains.youtrack.refactoring.RefactoringAddTagPermittedSettings
 13/08/26 13:03:53,592 INFO  [d65725be-ac99-38c2-3f14-c84d665f60f2@init servlet   ] [RefactoringUtil               ] [@] 0 tags processed
 13/08/26 13:03:53,594 INFO  [d65725be-ac99-38c2-3f14-c84d665f60f2@init servlet   ] [XdRefactoring                 ] [@] Apply refactoring: jetbrains.youtrack.refactoring.RefactoringConvertThanksReaction
 13/08/26 13:03:53,597 INFO  [d65725be-ac99-38c2-3f14-c84d665f60f2@init servlet   ] [XdRefactoring                 ] [@] Apply refactoring: jetbrains.youtrack.refactoring.RefactoringConvertSomeReactionLabels
 13/08/26 13:03:53,599 INFO  [d65725be-ac99-38c2-3f14-c84d665f60f2@init servlet   ] [XdRefactoring                 ] [@] Apply refactoring: jetbrains.youtrack.refactoring.RefactoringCleanUpUserProfileProperties
 13/08/26 13:03:53,602 INFO  [d65725be-ac99-38c2-3f14-c84d665f60f2@init servlet   ] [RefactoringUtil               ] [@] Removing XdUserProfile::feedSortAsc, XdUserProfile::vcsPromoSeen properties: 29 completed
 13/08/26 13:03:53,605 INFO  [d65725be-ac99-38c2-3f14-c84d665f60f2@init servlet   ] [XdRefactoring                 ] [@] Apply refactoring: jetbrains.youtrack.refactoring.RefactoringContributorToStandardUser
 13/08/26 13:03:53,608 INFO  [d65725be-ac99-38c2-3f14-c84d665f60f2@init servlet   ] [XdRefactoring                 ] [@] Apply refactoring: jetbrains.youtrack.refactoring.RefactoringCleanupUserDraftBrokenLinks
 13/08/26 13:03:53,610 INFO  [d65725be-ac99-38c2-3f14-c84d665f60f2@init servlet   ] [RefactoringUtil               ] [@] processed 0 users with drafts
 13/08/26 13:03:53,611 INFO  [d65725be-ac99-38c2-3f14-c84d665f60f2@init servlet   ] [XdRefactoring                 ] [@] Apply refactoring: jetbrains.youtrack.refactoring.RefactoringRestoreAllUndeletedProjects
 13/08/26 13:03:53,625 INFO  [d65725be-ac99-38c2-3f14-c84d665f60f2@init servlet   ] [XdRefactoring                 ] [@] Apply refactoring: jetbrains.youtrack.refactoring.RefactoringSetTypeToProjects
 13/08/26 13:03:53,629 INFO  [d65725be-ac99-38c2-3f14-c84d665f60f2@init servlet   ] [XdRefactoring                 ] [@] Apply refactoring: jetbrains.youtrack.refactoring.UserJobRefactoringRebuildLargeThumbnails
 13/08/26 13:03:53,650 INFO  [d65725be-ac99-38c2-3f14-c84d665f60f2@init servlet   ] [actoringRebuildLargeThumbnails] [@] RebuildLargeThumbnails: processed 0 thumbnails total, restored 0 in current run
 13/08/26 13:03:53,653 INFO  [d65725be-ac99-38c2-3f14-c84d665f60f2@init servlet   ] [XdRefactoring                 ] [@] Apply refactoring: jetbrains.youtrack.refactoring.UserJobRefactoringUpdateThumbnailsAndProcessRemovedAttachments
 13/08/26 13:03:53,656 INFO  [d65725be-ac99-38c2-3f14-c84d665f60f2@init servlet   ] [XdRefactoring                 ] [@] Apply refactoring: jetbrains.youtrack.refactoring.UserJobRefactoringDenormalizeAllMentions
 13/08/26 13:03:53,661 INFO  [d65725be-ac99-38c2-3f14-c84d665f60f2@init servlet   ] [XdRefactoring                 ] [@] Apply refactoring: jetbrains.youtrack.refactoring.RefactoringPinSearchesByDefault
 13/08/26 13:03:53,664 INFO  [d65725be-ac99-38c2-3f14-c84d665f60f2@init servlet   ] [XdRefactoring                 ] [@] Apply refactoring: jetbrains.youtrack.refactoring.RefactoringShortcutScheme
 13/08/26 13:03:53,666 INFO  [d65725be-ac99-38c2-3f14-c84d665f60f2@init servlet   ] [XdRefactoring                 ] [@] Apply refactoring: jetbrains.youtrack.refactoring.RefactoringAddFirstRunDateTime_1
 13/08/26 13:03:53,669 INFO  [d65725be-ac99-38c2-3f14-c84d665f60f2@init servlet   ] [XdRefactoring                 ] [@] Apply refactoring: jetbrains.youtrack.refactoring.RefactoringAddCompactModeToProfile_1
 13/08/26 13:03:53,702 INFO  [d65725be-ac99-38c2-3f14-c84d665f60f2@init servlet   ] [RefactoringUtil               ] [@] Compact mode set in 29 profiles
 13/08/26 13:03:53,706 INFO  [d65725be-ac99-38c2-3f14-c84d665f60f2@init servlet   ] [XdRefactoring                 ] [@] Apply refactoring: jetbrains.youtrack.refactoring.RefactoringAddAttachmentUuid
 13/08/26 13:03:53,709 INFO  [d65725be-ac99-38c2-3f14-c84d665f60f2@init servlet   ] [XdRefactoring                 ] [@] Apply refactoring: jetbrains.youtrack.refactoring.RefactoringSetNamesToProjectTypes
 13/08/26 13:03:53,712 INFO  [d65725be-ac99-38c2-3f14-c84d665f60f2@init servlet   ] [XdRefactoring                 ] [@] Apply refactoring: jetbrains.youtrack.refactoring.RefactoringCleanupInaccessibleWatchRules
 13/08/26 13:03:53,717 INFO  [d65725be-ac99-38c2-3f14-c84d665f60f2@init servlet   ] [XdRefactoring                 ] [@] Apply refactoring: jetbrains.youtrack.refactoring.RefactoringBidirectionalIssueMentions
 13/08/26 13:03:53,724 INFO  [d65725be-ac99-38c2-3f14-c84d665f60f2@init servlet   ] [XdRefactoring                 ] [@] Apply refactoring: jetbrains.youtrack.refactoring.RefactoringBidirectionalIssueCommentMentions
 13/08/26 13:03:53,728 INFO  [d65725be-ac99-38c2-3f14-c84d665f60f2@init servlet   ] [XdRefactoring                 ] [@] Apply refactoring: jetbrains.youtrack.refactoring.RefactoringDeleteWatchRules
 13/08/26 13:03:53,733 INFO  [d65725be-ac99-38c2-3f14-c84d665f60f2@init servlet   ] [XdRefactoring                 ] [@] Apply refactoring: jetbrains.youtrack.refactoring.RefactoringCleanUpWatchRules
 13/08/26 13:03:53,746 INFO  [d65725be-ac99-38c2-3f14-c84d665f60f2@init servlet   ] [RefactoringCleanUpWatchRules  ] [@] Extracted obsolete rule types for 3 out of 3 watch rules
 13/08/26 13:03:53,750 INFO  [d65725be-ac99-38c2-3f14-c84d665f60f2@init servlet   ] [RefactoringCleanUpWatchRules  ] [@] Removed 0 watch rules with empty mask
 13/08/26 13:03:53,753 INFO  [d65725be-ac99-38c2-3f14-c84d665f60f2@init servlet   ] [XdRefactoring                 ] [@] Apply refactoring: jetbrains.youtrack.refactoring.RefactoringDenormalizeComments
 13/08/26 13:03:53,757 INFO  [d65725be-ac99-38c2-3f14-c84d665f60f2@init servlet   ] [XdRefactoring                 ] [@] Apply refactoring: jetbrains.youtrack.refactoring.RefactoringAllUsersRegisteredUsers
 13/08/26 13:03:53,768 INFO  [d65725be-ac99-38c2-3f14-c84d665f60f2@init servlet   ] [XdRefactoring                 ] [@] Apply refactoring: jetbrains.youtrack.refactoring.RefactoringMigrateTeams
 13/08/26 13:03:53,771 INFO  [d65725be-ac99-38c2-3f14-c84d665f60f2@init servlet   ] [XdRefactoring                 ] [@] Apply refactoring: jetbrains.youtrack.refactoring.RefactoringSplitUserProfileFlags
 13/08/26 13:03:53,774 INFO  [d65725be-ac99-38c2-3f14-c84d665f60f2@init servlet   ] [factoringSplitUserProfileFlags] [@] Split appearance flags in 2 out of 2 user profiles
 13/08/26 13:03:53,776 INFO  [d65725be-ac99-38c2-3f14-c84d665f60f2@init servlet   ] [XdRefactoring                 ] [@] Apply refactoring: jetbrains.youtrack.refactoring.RefactoringAddOrdinalsToDefaultSearches
 13/08/26 13:03:53,781 INFO  [d65725be-ac99-38c2-3f14-c84d665f60f2@init servlet   ] [XdRefactoring                 ] [@] Apply refactoring: jetbrains.youtrack.refactoring.RefactoringReplaceReporterForProdTicket
 13/08/26 13:03:53,784 INFO  [d65725be-ac99-38c2-3f14-c84d665f60f2@init servlet   ] [XdRefactoring                 ] [@] Apply refactoring: jetbrains.youtrack.refactoring.RefactoringNewNavigationProfileFlags
 13/08/26 13:03:53,797 INFO  [d65725be-ac99-38c2-3f14-c84d665f60f2@init servlet   ] [RefactoringUtil               ] [@] Processed 29 profiles
 13/08/26 13:03:53,801 INFO  [d65725be-ac99-38c2-3f14-c84d665f60f2@init servlet   ] [XdRefactoring                 ] [@] Apply refactoring: jetbrains.youtrack.refactoring.RefactoringResetSurvey
 13/08/26 13:03:53,803 INFO  [d65725be-ac99-38c2-3f14-c84d665f60f2@init servlet   ] [RefactoringUtil               ] [@] Processed 29 profiles
 13/08/26 13:03:53,805 INFO  [d65725be-ac99-38c2-3f14-c84d665f60f2@init servlet   ] [XdRefactoring                 ] [@] Apply refactoring: jetbrains.youtrack.refactoring.RefactoringResetMainNavigationState
 13/08/26 13:03:53,807 INFO  [d65725be-ac99-38c2-3f14-c84d665f60f2@init servlet   ] [RefactoringUtil               ] [@] Processed 29 profiles
 13/08/26 13:03:53,810 INFO  [d65725be-ac99-38c2-3f14-c84d665f60f2@init servlet   ] [XdRefactoring                 ] [@] Apply refactoring: jetbrains.youtrack.refactoring.RefactoringCleanupLooseThumbnails
 13/08/26 13:03:53,821 INFO  [d65725be-ac99-38c2-3f14-c84d665f60f2@init servlet   ] [RefactoringUtil               ] [@] Removed 0 dangling attachment thumbnails
 13/08/26 13:03:53,824 INFO  [d65725be-ac99-38c2-3f14-c84d665f60f2@init servlet   ] [XdRefactoring                 ] [@] Apply refactoring: jetbrains.youtrack.refactoring.RefactoringFixDuplicateGroupNames
 13/08/26 13:03:53,827 INFO  [d65725be-ac99-38c2-3f14-c84d665f60f2@init servlet   ] [XdRefactoring                 ] [@] Apply refactoring: jetbrains.youtrack.refactoring.RefactoringRemoveEmptyDraftComments2
 13/08/26 13:03:53,831 INFO  [d65725be-ac99-38c2-3f14-c84d665f60f2@init servlet   ] [RefactoringUtil               ] [@] Deleted 0 empty comment drafts
 13/08/26 13:03:53,836 INFO  [d65725be-ac99-38c2-3f14-c84d665f60f2@init servlet   ] [XdRefactoring                 ] [@] Apply refactoring: jetbrains.youtrack.refactoring.RefactoringEnableRelevanceSearch
 13/08/26 13:03:53,838 INFO  [d65725be-ac99-38c2-3f14-c84d665f60f2@init servlet   ] [RefactoringUtil               ] [@] Set XdUserProfile::sortByRelevance to true: 29 completed
 13/08/26 13:03:53,840 INFO  [d65725be-ac99-38c2-3f14-c84d665f60f2@init servlet   ] [XdRefactoring                 ] [@] Apply refactoring: jetbrains.youtrack.refactoring.RefactoringDropDeleteIssuesConfigFromDB
 13/08/26 13:03:53,843 INFO  [d65725be-ac99-38c2-3f14-c84d665f60f2@init servlet   ] [XdRefactoring                 ] [@] Apply refactoring: jetbrains.youtrack.refactoring.RefactoringCleanUpUserProfileNewNavigationProperties
 13/08/26 13:03:53,844 INFO  [d65725be-ac99-38c2-3f14-c84d665f60f2@init servlet   ] [RefactoringUtil               ] [@] Removing XdUserProfile::oldNavigation, XdUserProfile::newNavigationOnly, XdUserProfile::newNavigationPromoShown, XdUserProfile::newNavigationAdminPopupShown properties: 29 completed
 13/08/26 13:03:53,847 INFO  [d65725be-ac99-38c2-3f14-c84d665f60f2@init servlet   ] [XdRefactoring                 ] [@] Apply refactoring: jetbrains.youtrack.refactoring.RefactoringAddTableViewColumns
 13/08/26 13:03:53,849 INFO  [d65725be-ac99-38c2-3f14-c84d665f60f2@init servlet   ] [RefactoringUtil               ] [@] TableView and TicketView columns set and old columns removed in 29 profiles
 13/08/26 13:03:53,853 INFO  [d65725be-ac99-38c2-3f14-c84d665f60f2@init servlet   ] [XdRefactoring                 ] [@] Apply refactoring: jetbrains.youtrack.refactoring.RefactoringRemoveLeftIssueSidebarProperty
 13/08/26 13:03:53,856 INFO  [d65725be-ac99-38c2-3f14-c84d665f60f2@init servlet   ] [RefactoringUtil               ] [@] Left issue sidebar prop is removed in 29 profiles
 13/08/26 13:03:53,859 INFO  [d65725be-ac99-38c2-3f14-c84d665f60f2@init servlet   ] [XdRefactoring                 ] [@] Apply refactoring: jetbrains.youtrack.refactoring.UserJobRefactoringUpdateIssueLargeTextMentionsIdsIteration
 13/08/26 13:03:53,874 INFO  [d65725be-ac99-38c2-3f14-c84d665f60f2@init servlet   ] [ctoringUpdateLargeTextMentions] [@] UserJobRefactoringUpdateIssueLargeTextMentions: 0 Issues corrected, scanned up to localId -1
 13/08/26 13:03:53,877 INFO  [d65725be-ac99-38c2-3f14-c84d665f60f2@init servlet   ] [XdRefactoring                 ] [@] Apply refactoring: jetbrains.youtrack.refactoring.UserJobRefactoringUpdateIssueCommentLargeTextMentionsIdsIteration
 13/08/26 13:03:53,878 INFO  [d65725be-ac99-38c2-3f14-c84d665f60f2@init servlet   ] [ctoringUpdateLargeTextMentions] [@] UserJobRefactoringUpdateIssueCommentLargeTextMentions: 0 BaseComments corrected, scanned up to localId -1
 13/08/26 13:03:53,880 INFO  [d65725be-ac99-38c2-3f14-c84d665f60f2@init servlet   ] [XdRefactoring                 ] [@] Apply refactoring: jetbrains.youtrack.refactoring.RefactoringGroupParentsDenormalization
 13/08/26 13:03:53,882 INFO  [d65725be-ac99-38c2-3f14-c84d665f60f2@init servlet   ] [RefactoringUtil               ] [@] Filled in transitive parents in 0 groups
 13/08/26 13:03:53,887 INFO  [d65725be-ac99-38c2-3f14-c84d665f60f2@init servlet   ] [XdRefactoring                 ] [@] Apply refactoring: jetbrains.youtrack.refactoring.RefactoringCleanupProjectExportSpec
 13/08/26 13:03:53,889 INFO  [d65725be-ac99-38c2-3f14-c84d665f60f2@init servlet   ] [XdRefactoring                 ] [@] Apply refactoring: jetbrains.youtrack.refactoring.RefactoringFixProjectTeamDenormalizedUsers
 13/08/26 13:03:53,893 INFO  [d65725be-ac99-38c2-3f14-c84d665f60f2@init servlet   ] [RefactoringUtil               ] [@] Verified denormalized users correctness in 0 teams
 13/08/26 13:03:53,895 INFO  [d65725be-ac99-38c2-3f14-c84d665f60f2@init servlet   ] [XdRefactoring                 ] [@] Apply refactoring: jetbrains.youtrack.refactoring.RefactoringCleanTextIndexMarksInUsersAndGroups
 13/08/26 13:03:53,902 INFO  [d65725be-ac99-38c2-3f14-c84d665f60f2@init servlet   ] [XdRefactoring                 ] [@] Apply refactoring: jetbrains.youtrack.refactoring.RefactoringAddAppContentPermissionsToProjectRoles
 13/08/26 13:03:53,904 INFO  [d65725be-ac99-38c2-3f14-c84d665f60f2@init servlet   ] [XdRefactoring                 ] [@] Apply refactoring: jetbrains.youtrack.refactoring.RefactoringAddAppContentPermissionsToProjectAdminRole
 13/08/26 13:03:53,908 INFO  [d65725be-ac99-38c2-3f14-c84d665f60f2@init servlet   ] [XdRefactoring                 ] [@] Apply refactoring: jetbrains.youtrack.imports.refactoring.RefactoringDeleteMinifyWhitespaceReplaceScript
 13/08/26 13:03:53,911 INFO  [d65725be-ac99-38c2-3f14-c84d665f60f2@init servlet   ] [XdRefactoring                 ] [@] Apply refactoring: jetbrains.youtrack.imports.refactoring.RefactoringAddImportUmbrellaConfigurations
 13/08/26 13:03:53,912 INFO  [d65725be-ac99-38c2-3f14-c84d665f60f2@init servlet   ] [XdRefactoring                 ] [@] Apply refactoring: jetbrains.youtrack.imports.refactoring.RefactoringMoveExternalReferencesToUmbrella
 13/08/26 13:03:53,914 INFO  [d65725be-ac99-38c2-3f14-c84d665f60f2@init servlet   ] [XdRefactoring                 ] [@] Apply refactoring: jetbrains.youtrack.imports.refactoring.RefactoringMoveUserDataToUmbrella
 13/08/26 13:03:53,917 INFO  [d65725be-ac99-38c2-3f14-c84d665f60f2@init servlet   ] [XdRefactoring                 ] [@] Apply refactoring: jetbrains.youtrack.imports.refactoring.RefactoringRestoreDeletedPredefinedImports
 13/08/26 13:03:53,921 INFO  [d65725be-ac99-38c2-3f14-c84d665f60f2@init servlet   ] [XdRefactoring                 ] [@] Apply refactoring: jetbrains.youtrack.imports.refactoring.RefactoringMoveAllConnectionParametersToUmbrella
 13/08/26 13:03:53,924 INFO  [d65725be-ac99-38c2-3f14-c84d665f60f2@init servlet   ] [XdRefactoring                 ] [@] Apply refactoring: jetbrains.youtrack.imports.refactoring.RefactoringRebindImportParametersDeclarations
 13/08/26 13:03:53,929 INFO  [d65725be-ac99-38c2-3f14-c84d665f60f2@init servlet   ] [XdRefactoring                 ] [@] Apply refactoring: jetbrains.youtrack.imports.refactoring.RefactoringPasswordParameterToSecretAgain
 13/08/26 13:03:53,935 INFO  [d65725be-ac99-38c2-3f14-c84d665f60f2@init servlet   ] [XdRefactoring                 ] [@] Apply refactoring: jetbrains.youtrack.imports.refactoring.RefactoringPasswordAttributeToSecretAgain
 13/08/26 13:03:53,937 INFO  [d65725be-ac99-38c2-3f14-c84d665f60f2@init servlet   ] [XdRefactoring                 ] [@] Apply refactoring: jetbrains.youtrack.imports.refactoring.RefactoringSplitGithubGitlabUmbrellaConfigurations
 13/08/26 13:03:53,943 INFO  [d65725be-ac99-38c2-3f14-c84d665f60f2@init servlet   ] [XdRefactoring                 ] [@] Apply refactoring: jetbrains.youtrack.imports.refactoring.RefactoringRestoreImportClientEntry
 13/08/26 13:03:53,944 INFO  [d65725be-ac99-38c2-3f14-c84d665f60f2@init servlet   ] [RefactoringUtil               ] [@] RefactoringRestoreImportClientEntry: processed 0 corrupted import configurations
 13/08/26 13:03:53,946 INFO  [d65725be-ac99-38c2-3f14-c84d665f60f2@init servlet   ] [XdRefactoring                 ] [@] Apply refactoring: jetbrains.youtrack.grazie.refactoring.RefactoringPmxDuplicatesBsFiltering
 13/08/26 13:03:53,949 INFO  [d65725be-ac99-38c2-3f14-c84d665f60f2@init servlet   ] [XdRefactoring                 ] [@] Apply refactoring: jetbrains.youtrack.grazie.refactoring.RefactoringDropAiCommentSuggestionDurability
 13/08/26 13:03:53,952 INFO  [d65725be-ac99-38c2-3f14-c84d665f60f2@init servlet   ] [XdRefactoring                 ] [@] Apply refactoring: jetbrains.youtrack.grazie.refactoring.RefactoringEnableGrammarCorrectionForAllCloudInstances
 13/08/26 13:03:53,955 INFO  [d65725be-ac99-38c2-3f14-c84d665f60f2@init servlet   ] [XdRefactoring                 ] [@] Apply refactoring: jetbrains.youtrack.grazie.refactoring.RefactoringEnableTextCompletionForAllCloudInstances
 13/08/26 13:03:53,957 INFO  [d65725be-ac99-38c2-3f14-c84d665f60f2@init servlet   ] [XdRefactoring                 ] [@] Apply refactoring: jetbrains.youtrack.grazie.refactoring.RefactoringResetLastProcessingTimeForDuplicates
 13/08/26 13:03:53,959 INFO  [d65725be-ac99-38c2-3f14-c84d665f60f2@init servlet   ] [XdRefactoring                 ] [@] Apply refactoring: jetbrains.youtrack.grazie.refactoring.RefactoringResetLastProcessingTimeForLinkSuggestions
 13/08/26 13:03:53,962 INFO  [d65725be-ac99-38c2-3f14-c84d665f60f2@init servlet   ] [XdRefactoring                 ] [@] Apply refactoring: jetbrains.youtrack.scripts.refactoring.RefactoringRemoveObsoleteUnusedScriptPackages
 13/08/26 13:03:53,965 INFO  [d65725be-ac99-38c2-3f14-c84d665f60f2@init servlet   ] [XdRefactoring                 ] [@] Apply refactoring: Add backward link from data container
 13/08/26 13:03:54,163 INFO  [d65725be-ac99-38c2-3f14-c84d665f60f2@init servlet   ] [XdRefactoring                 ] [@] Apply refactoring: jetbrains.youtrack.scripts.refactoring.RefactoringAddWidgetName
 13/08/26 13:03:54,165 INFO  [d65725be-ac99-38c2-3f14-c84d665f60f2@init servlet   ] [XdRefactoring                 ] [@] Apply refactoring: jetbrains.youtrack.scripts.refactoring.RefactoringAddWidgetConfigurations
 13/08/26 13:03:54,165 INFO  [d65725be-ac99-38c2-3f14-c84d665f60f2@init servlet   ] [XdRefactoring                 ] [@] Apply refactoring: jetbrains.youtrack.scripts.refactoring.RefactoringWidgetResourcesPath
 13/08/26 13:03:54,166 INFO  [d65725be-ac99-38c2-3f14-c84d665f60f2@init servlet   ] [XdRefactoring                 ] [@] Apply refactoring: jetbrains.youtrack.scripts.refactoring.RefactoringAddPluginGlobalConfigurations
 13/08/26 13:03:54,168 INFO  [d65725be-ac99-38c2-3f14-c84d665f60f2@init servlet   ] [XdRefactoring                 ] [@] Apply refactoring: jetbrains.youtrack.scripts.refactoring.RefactoringAddConfigurationScopes
 13/08/26 13:03:54,170 INFO  [d65725be-ac99-38c2-3f14-c84d665f60f2@init servlet   ] [XdRefactoring                 ] [@] Apply refactoring: jetbrains.youtrack.scripts.refactoring.RefactoringAddWidgetKeyAndScope
 13/08/26 13:03:54,177 INFO  [d65725be-ac99-38c2-3f14-c84d665f60f2@init servlet   ] [XdRefactoring                 ] [@] Apply refactoring: jetbrains.youtrack.scripts.refactoring.RefactoringResourcePathLowercase
 13/08/26 13:03:54,179 INFO  [d65725be-ac99-38c2-3f14-c84d665f60f2@init servlet   ] [XdRefactoring                 ] [@] Apply refactoring: jetbrains.youtrack.scripts.refactoring.RefactoringSetNameInsteadEmptyTitle
 13/08/26 13:03:54,181 INFO  [d65725be-ac99-38c2-3f14-c84d665f60f2@init servlet   ] [XdRefactoring                 ] [@] Apply refactoring: jetbrains.youtrack.scripts.refactoring.RefactoringMoveConfigsToConfigFiles
 13/08/26 13:03:54,183 INFO  [d65725be-ac99-38c2-3f14-c84d665f60f2@init servlet   ] [XdRefactoring                 ] [@] Apply refactoring: jetbrains.youtrack.scripts.refactoring.RefactoringWorkflowAppCollisions
 13/08/26 13:03:54,188 INFO  [d65725be-ac99-38c2-3f14-c84d665f60f2@init servlet   ] [XdRefactoring                 ] [@] Apply refactoring: jetbrains.youtrack.scripts.refactoring.RefactoringRemoveSearchAiTools
 13/08/26 13:03:54,190 INFO  [d65725be-ac99-38c2-3f14-c84d665f60f2@init servlet   ] [XdRefactoring                 ] [@] Apply refactoring: jetbrains.youtrack.scripts.refactoring.RefactoringDeleteMpsWorkflows
 13/08/26 13:03:54,192 INFO  [d65725be-ac99-38c2-3f14-c84d665f60f2@init servlet   ] [XdRefactoring                 ] [@] Apply refactoring: jetbrains.youtrack.agile.refactorings.RefactoringAddOrdinalToSprint
 13/08/26 13:03:54,194 INFO  [d65725be-ac99-38c2-3f14-c84d665f60f2@init servlet   ] [XdRefactoring                 ] [@] Apply refactoring: jetbrains.youtrack.agile.refactorings.RefactoringAgileColorizeCustomFields
 13/08/26 13:03:54,195 INFO  [d65725be-ac99-38c2-3f14-c84d665f60f2@init servlet   ] [XdRefactoring                 ] [@] Apply refactoring: jetbrains.youtrack.agile.refactorings.RefactoringUpdateSprintsOrdinal
 13/08/26 13:03:54,197 INFO  [d65725be-ac99-38c2-3f14-c84d665f60f2@init servlet   ] [XdRefactoring                 ] [@] Apply refactoring: jetbrains.charisma.teamcity.refactoring.RefactoringIntroduceChangesProcessingOption
 13/08/26 13:03:54,198 INFO  [d65725be-ac99-38c2-3f14-c84d665f60f2@init servlet   ] [RefactoringUtil               ] [@] Migrated 0 XdTeamcityChangeProcessor
 13/08/26 13:03:54,202 INFO  [d65725be-ac99-38c2-3f14-c84d665f60f2@init servlet   ] [XdRefactoring                 ] [@] Apply refactoring: jetbrains.youtrack.integration.teamcity.refactoring.RefactoringSplitSinceBuildAndLastBuild
 13/08/26 13:03:54,205 INFO  [d65725be-ac99-38c2-3f14-c84d665f60f2@init servlet   ] [XdRefactoring                 ] [@] Apply refactoring: jetbrains.youtrack.integration.vcs.refactoring.RefactoringMoveSpaceIntegrationToApplicationWebHooks
 13/08/26 13:03:54,221 INFO  [d65725be-ac99-38c2-3f14-c84d665f60f2@init servlet   ] [XdRefactoring                 ] [@] Apply refactoring: jetbrains.youtrack.integration.vcs.refactoring.RefactoringRemoveAllSimpleVcsServer
 13/08/26 13:03:54,224 INFO  [d65725be-ac99-38c2-3f14-c84d665f60f2@init servlet   ] [XdRefactoring                 ] [@] Apply refactoring: jetbrains.youtrack.integration.vcs.refactoring.RefactoringToggleSpaceIntegration
 13/08/26 13:03:54,228 INFO  [d65725be-ac99-38c2-3f14-c84d665f60f2@init servlet   ] [XdRefactoring                 ] [@] Apply refactoring: jetbrains.youtrack.integration.vcs.refactoring.RefactoringBitbucketCloudAddSecretForHmac
 13/08/26 13:03:54,230 INFO  [d65725be-ac99-38c2-3f14-c84d665f60f2@init servlet   ] [XdRefactoring                 ] [@] Apply refactoring: jetbrains.youtrack.integration.vcs.refactoring.RefactoringAzureReposIntegration
 13/08/26 13:03:54,236 INFO  [d65725be-ac99-38c2-3f14-c84d665f60f2@init servlet   ] [XdRefactoring                 ] [@] Apply refactoring: jetbrains.youtrack.integration.vcs.refactoring.RefactoringAddGitHubActionsIntegration
 13/08/26 13:03:54,240 INFO  [d65725be-ac99-38c2-3f14-c84d665f60f2@init servlet   ] [XdRefactoring                 ] [@] Apply refactoring: jetbrains.charisma.customfields.refactoring.RemoveGuestFromUserBundles
 13/08/26 13:03:54,245 INFO  [d65725be-ac99-38c2-3f14-c84d665f60f2@init servlet   ] [XdRefactoring                 ] [@] Apply refactoring: jetbrains.charisma.customfields.refactoring.RefactoringReplaceObsoleteXdEnumField
 13/08/26 13:03:54,250 INFO  [d65725be-ac99-38c2-3f14-c84d665f60f2@init servlet   ] [XdRefactoring                 ] [@] Apply refactoring: jetbrains.youtrack.refactoring.RefactoringMigrateStar
 13/08/26 13:03:54,251 INFO  [d65725be-ac99-38c2-3f14-c84d665f60f2@init servlet   ] [RefactoringMigrateStar        ] [@] StarMigration START
 13/08/26 13:03:54,253 INFO  [d65725be-ac99-38c2-3f14-c84d665f60f2@init servlet   ] [PrepareStarFoldersFromStarTags] [@] StarMigration Stage [PrepareIssueStars] START
 13/08/26 13:03:54,254 INFO  [d65725be-ac99-38c2-3f14-c84d665f60f2@init servlet   ] [PrepareStarFoldersFromStarTags] [@] Stage [PrepareIssueStars]: 0 users with legacy star tags
 13/08/26 13:03:54,262 INFO  [d65725be-ac99-38c2-3f14-c84d665f60f2@init servlet   ] [PrepareStarFoldersFromStarTags] [@] Stage [PrepareIssueStars] progress: 0/0 users
 13/08/26 13:03:54,263 INFO  [d65725be-ac99-38c2-3f14-c84d665f60f2@init servlet   ] [PrepareStarFoldersFromStarTags] [@] Stage [PrepareIssueStars]: set up Star folders for 0 users
 13/08/26 13:03:54,263 INFO  [d65725be-ac99-38c2-3f14-c84d665f60f2@init servlet   ] [PrepareStarFoldersFromStarTags] [@] StarMigration Stage [PrepareIssueStars] FINISH
 13/08/26 13:03:54,263 INFO  [d65725be-ac99-38c2-3f14-c84d665f60f2@init servlet   ] [oldersFromArticleSubscriptions] [@] StarMigration Stage [PrepareArticleStars] START
 13/08/26 13:03:54,264 INFO  [d65725be-ac99-38c2-3f14-c84d665f60f2@init servlet   ] [oldersFromArticleSubscriptions] [@] Stage [PrepareArticleStars]: no legacy article subscriptions found, nothing to prepare
 13/08/26 13:03:54,264 INFO  [d65725be-ac99-38c2-3f14-c84d665f60f2@init servlet   ] [oldersFromArticleSubscriptions] [@] StarMigration Stage [PrepareArticleStars] FINISH
 13/08/26 13:03:54,264 INFO  [d65725be-ac99-38c2-3f14-c84d665f60f2@init servlet   ] [rateIssueStarTagsToStarFolders] [@] StarMigration Stage [MigrateStarIssues] START
 13/08/26 13:03:54,265 INFO  [d65725be-ac99-38c2-3f14-c84d665f60f2@init servlet   ] [rateIssueStarTagsToStarFolders] [@] Stage [MigrateStarIssues]: 0 users to process
 13/08/26 13:03:54,268 INFO  [d65725be-ac99-38c2-3f14-c84d665f60f2@init servlet   ] [rateIssueStarTagsToStarFolders] [@] Stage [MigrateStarIssues] progress: 0/0 users
 13/08/26 13:03:54,268 INFO  [d65725be-ac99-38c2-3f14-c84d665f60f2@init servlet   ] [rateIssueStarTagsToStarFolders] [@] Stage [MigrateStarIssues]: processed 0 users
 13/08/26 13:03:54,268 INFO  [d65725be-ac99-38c2-3f14-c84d665f60f2@init servlet   ] [rateIssueStarTagsToStarFolders] [@] StarMigration Stage [MigrateStarIssues] FINISH
 13/08/26 13:03:54,269 INFO  [d65725be-ac99-38c2-3f14-c84d665f60f2@init servlet   ] [icleSubscriptionsToStarFolders] [@] StarMigration Stage [MigrateStarArticles] START
 13/08/26 13:03:54,269 INFO  [d65725be-ac99-38c2-3f14-c84d665f60f2@init servlet   ] [icleSubscriptionsToStarFolders] [@] Stage [MigrateStarArticles]: no legacy article subscriptions found, nothing to migrate
 13/08/26 13:03:54,269 INFO  [d65725be-ac99-38c2-3f14-c84d665f60f2@init servlet   ] [icleSubscriptionsToStarFolders] [@] StarMigration Stage [MigrateStarArticles] FINISH
 13/08/26 13:03:54,270 INFO  [d65725be-ac99-38c2-3f14-c84d665f60f2@init servlet   ] [ageMigrateStarEventsAddFolders] [@] StarMigration Stage [MigrateStarEventsAddFolders] START
 13/08/26 13:03:54,278 INFO  [d65725be-ac99-38c2-3f14-c84d665f60f2@init servlet   ] [ageMigrateStarEventsAddFolders] [@] StarMigration Step [MigrateStarEventsAddFolders.collectLinks.starsAdded.Real] START
 13/08/26 13:03:54,278 INFO  [d65725be-ac99-38c2-3f14-c84d665f60f2@init servlet   ] [ageMigrateStarEventsAddFolders] [@] Step [MigrateStarEventsAddFolders.collectLinks.starsAdded.Real]: 0 stars to process
 13/08/26 13:03:54,280 INFO  [d65725be-ac99-38c2-3f14-c84d665f60f2@init servlet   ] [ageMigrateStarEventsAddFolders] [@] Step [MigrateStarEventsAddFolders.collectLinks.starsAdded.Real] progress: 0/0 stars
 13/08/26 13:03:54,280 INFO  [d65725be-ac99-38c2-3f14-c84d665f60f2@init servlet   ] [ageMigrateStarEventsAddFolders] [@] Step [MigrateStarEventsAddFolders.collectLinks.starsAdded.Real]: collected 0 links
 13/08/26 13:03:54,281 INFO  [d65725be-ac99-38c2-3f14-c84d665f60f2@init servlet   ] [ageMigrateStarEventsAddFolders] [@] StarMigration Step [MigrateStarEventsAddFolders.collectLinks.starsAdded.Real] FINISH
 13/08/26 13:03:54,281 INFO  [d65725be-ac99-38c2-3f14-c84d665f60f2@init servlet   ] [ageMigrateStarEventsAddFolders] [@] StarMigration Step [MigrateStarEventsAddFolders.collectLinks.starsRemoved.Real] START
 13/08/26 13:03:54,281 INFO  [d65725be-ac99-38c2-3f14-c84d665f60f2@init servlet   ] [ageMigrateStarEventsAddFolders] [@] Step [MigrateStarEventsAddFolders.collectLinks.starsRemoved.Real]: 0 stars to process
 13/08/26 13:03:54,281 INFO  [d65725be-ac99-38c2-3f14-c84d665f60f2@init servlet   ] [ageMigrateStarEventsAddFolders] [@] Step [MigrateStarEventsAddFolders.collectLinks.starsRemoved.Real] progress: 0/0 stars
 13/08/26 13:03:54,281 INFO  [d65725be-ac99-38c2-3f14-c84d665f60f2@init servlet   ] [ageMigrateStarEventsAddFolders] [@] Step [MigrateStarEventsAddFolders.collectLinks.starsRemoved.Real]: collected 0 links
 13/08/26 13:03:54,281 INFO  [d65725be-ac99-38c2-3f14-c84d665f60f2@init servlet   ] [ageMigrateStarEventsAddFolders] [@] StarMigration Step [MigrateStarEventsAddFolders.collectLinks.starsRemoved.Real] FINISH
 13/08/26 13:03:54,281 INFO  [d65725be-ac99-38c2-3f14-c84d665f60f2@init servlet   ] [ageMigrateStarEventsAddFolders] [@] StarMigration Step [MigrateStarEventsAddFolders.addLinks.starsAdded.Real] START
 13/08/26 13:03:54,282 INFO  [d65725be-ac99-38c2-3f14-c84d665f60f2@init servlet   ] [ageMigrateStarEventsAddFolders] [@] Step [MigrateStarEventsAddFolders.addLinks.starsAdded.Real]: 0 links to add
 13/08/26 13:03:54,284 INFO  [d65725be-ac99-38c2-3f14-c84d665f60f2@init servlet   ] [ageMigrateStarEventsAddFolders] [@] Step [MigrateStarEventsAddFolders.addLinks.starsAdded.Real] progress: 0/0 links
 13/08/26 13:03:54,284 INFO  [d65725be-ac99-38c2-3f14-c84d665f60f2@init servlet   ] [ageMigrateStarEventsAddFolders] [@] Step [MigrateStarEventsAddFolders.addLinks.starsAdded.Real]: added 0 folder links
 13/08/26 13:03:54,284 INFO  [d65725be-ac99-38c2-3f14-c84d665f60f2@init servlet   ] [ageMigrateStarEventsAddFolders] [@] StarMigration Step [MigrateStarEventsAddFolders.addLinks.starsAdded.Real] FINISH
 13/08/26 13:03:54,284 INFO  [d65725be-ac99-38c2-3f14-c84d665f60f2@init servlet   ] [ageMigrateStarEventsAddFolders] [@] StarMigration Step [MigrateStarEventsAddFolders.addLinks.starsRemoved.Real] START
 13/08/26 13:03:54,284 INFO  [d65725be-ac99-38c2-3f14-c84d665f60f2@init servlet   ] [ageMigrateStarEventsAddFolders] [@] Step [MigrateStarEventsAddFolders.addLinks.starsRemoved.Real]: 0 links to add
 13/08/26 13:03:54,285 INFO  [d65725be-ac99-38c2-3f14-c84d665f60f2@init servlet   ] [ageMigrateStarEventsAddFolders] [@] Step [MigrateStarEventsAddFolders.addLinks.starsRemoved.Real] progress: 0/0 links
 13/08/26 13:03:54,285 INFO  [d65725be-ac99-38c2-3f14-c84d665f60f2@init servlet   ] [ageMigrateStarEventsAddFolders] [@] Step [MigrateStarEventsAddFolders.addLinks.starsRemoved.Real]: added 0 folder links
 13/08/26 13:03:54,285 INFO  [d65725be-ac99-38c2-3f14-c84d665f60f2@init servlet   ] [ageMigrateStarEventsAddFolders] [@] StarMigration Step [MigrateStarEventsAddFolders.addLinks.starsRemoved.Real] FINISH
 13/08/26 13:03:54,285 INFO  [d65725be-ac99-38c2-3f14-c84d665f60f2@init servlet   ] [ageMigrateStarEventsAddFolders] [@] StarMigration Step [MigrateStarEventsAddFolders.updateMemberNames.Real] START
 13/08/26 13:03:54,287 INFO  [d65725be-ac99-38c2-3f14-c84d665f60f2@init servlet   ] [ageMigrateStarEventsAddFolders] [@] Step [MigrateStarEventsAddFolders.updateMemberNames.Real]: 0 unique events
 13/08/26 13:03:54,288 INFO  [d65725be-ac99-38c2-3f14-c84d665f60f2@init servlet   ] [ageMigrateStarEventsAddFolders] [@] Step [MigrateStarEventsAddFolders.updateMemberNames.Real] progress: 0/0 events
 13/08/26 13:03:54,289 INFO  [d65725be-ac99-38c2-3f14-c84d665f60f2@init servlet   ] [ageMigrateStarEventsAddFolders] [@] Step [MigrateStarEventsAddFolders.updateMemberNames.Real]: updated memberName for 0 events
 13/08/26 13:03:54,289 INFO  [d65725be-ac99-38c2-3f14-c84d665f60f2@init servlet   ] [ageMigrateStarEventsAddFolders] [@] StarMigration Step [MigrateStarEventsAddFolders.updateMemberNames.Real] FINISH
 13/08/26 13:03:54,289 INFO  [d65725be-ac99-38c2-3f14-c84d665f60f2@init servlet   ] [ageMigrateStarEventsAddFolders] [@] StarMigration Step [MigrateStarEventsAddFolders.collectLinks.starsAdded.Imported] START
 13/08/26 13:03:54,289 INFO  [d65725be-ac99-38c2-3f14-c84d665f60f2@init servlet   ] [ageMigrateStarEventsAddFolders] [@] Step [MigrateStarEventsAddFolders.collectLinks.starsAdded.Imported]: 0 stars to process
 13/08/26 13:03:54,289 INFO  [d65725be-ac99-38c2-3f14-c84d665f60f2@init servlet   ] [ageMigrateStarEventsAddFolders] [@] Step [MigrateStarEventsAddFolders.collectLinks.starsAdded.Imported] progress: 0/0 stars
 13/08/26 13:03:54,289 INFO  [d65725be-ac99-38c2-3f14-c84d665f60f2@init servlet   ] [ageMigrateStarEventsAddFolders] [@] Step [MigrateStarEventsAddFolders.collectLinks.starsAdded.Imported]: collected 0 links
 13/08/26 13:03:54,289 INFO  [d65725be-ac99-38c2-3f14-c84d665f60f2@init servlet   ] [ageMigrateStarEventsAddFolders] [@] StarMigration Step [MigrateStarEventsAddFolders.collectLinks.starsAdded.Imported] FINISH
 13/08/26 13:03:54,289 INFO  [d65725be-ac99-38c2-3f14-c84d665f60f2@init servlet   ] [ageMigrateStarEventsAddFolders] [@] StarMigration Step [MigrateStarEventsAddFolders.collectLinks.starsRemoved.Imported] START
 13/08/26 13:03:54,289 INFO  [d65725be-ac99-38c2-3f14-c84d665f60f2@init servlet   ] [ageMigrateStarEventsAddFolders] [@] Step [MigrateStarEventsAddFolders.collectLinks.starsRemoved.Imported]: 0 stars to process
 13/08/26 13:03:54,289 INFO  [d65725be-ac99-38c2-3f14-c84d665f60f2@init servlet   ] [ageMigrateStarEventsAddFolders] [@] Step [MigrateStarEventsAddFolders.collectLinks.starsRemoved.Imported] progress: 0/0 stars
 13/08/26 13:03:54,289 INFO  [d65725be-ac99-38c2-3f14-c84d665f60f2@init servlet   ] [ageMigrateStarEventsAddFolders] [@] Step [MigrateStarEventsAddFolders.collectLinks.starsRemoved.Imported]: collected 0 links
 13/08/26 13:03:54,289 INFO  [d65725be-ac99-38c2-3f14-c84d665f60f2@init servlet   ] [ageMigrateStarEventsAddFolders] [@] StarMigration Step [MigrateStarEventsAddFolders.collectLinks.starsRemoved.Imported] FINISH
 13/08/26 13:03:54,289 INFO  [d65725be-ac99-38c2-3f14-c84d665f60f2@init servlet   ] [ageMigrateStarEventsAddFolders] [@] StarMigration Step [MigrateStarEventsAddFolders.addLinks.starsAdded.Imported] START
 13/08/26 13:03:54,290 INFO  [d65725be-ac99-38c2-3f14-c84d665f60f2@init servlet   ] [ageMigrateStarEventsAddFolders] [@] Step [MigrateStarEventsAddFolders.addLinks.starsAdded.Imported]: 0 links to add
 13/08/26 13:03:54,290 INFO  [d65725be-ac99-38c2-3f14-c84d665f60f2@init servlet   ] [ageMigrateStarEventsAddFolders] [@] Step [MigrateStarEventsAddFolders.addLinks.starsAdded.Imported] progress: 0/0 links
 13/08/26 13:03:54,290 INFO  [d65725be-ac99-38c2-3f14-c84d665f60f2@init servlet   ] [ageMigrateStarEventsAddFolders] [@] Step [MigrateStarEventsAddFolders.addLinks.starsAdded.Imported]: added 0 folder links
 13/08/26 13:03:54,290 INFO  [d65725be-ac99-38c2-3f14-c84d665f60f2@init servlet   ] [ageMigrateStarEventsAddFolders] [@] StarMigration Step [MigrateStarEventsAddFolders.addLinks.starsAdded.Imported] FINISH
 13/08/26 13:03:54,290 INFO  [d65725be-ac99-38c2-3f14-c84d665f60f2@init servlet   ] [ageMigrateStarEventsAddFolders] [@] StarMigration Step [MigrateStarEventsAddFolders.addLinks.starsRemoved.Imported] START
 13/08/26 13:03:54,290 INFO  [d65725be-ac99-38c2-3f14-c84d665f60f2@init servlet   ] [ageMigrateStarEventsAddFolders] [@] Step [MigrateStarEventsAddFolders.addLinks.starsRemoved.Imported]: 0 links to add
 13/08/26 13:03:54,290 INFO  [d65725be-ac99-38c2-3f14-c84d665f60f2@init servlet   ] [ageMigrateStarEventsAddFolders] [@] Step [MigrateStarEventsAddFolders.addLinks.starsRemoved.Imported] progress: 0/0 links
 13/08/26 13:03:54,290 INFO  [d65725be-ac99-38c2-3f14-c84d665f60f2@init servlet   ] [ageMigrateStarEventsAddFolders] [@] Step [MigrateStarEventsAddFolders.addLinks.starsRemoved.Imported]: added 0 folder links
 13/08/26 13:03:54,290 INFO  [d65725be-ac99-38c2-3f14-c84d665f60f2@init servlet   ] [ageMigrateStarEventsAddFolders] [@] StarMigration Step [MigrateStarEventsAddFolders.addLinks.starsRemoved.Imported] FINISH
 13/08/26 13:03:54,290 INFO  [d65725be-ac99-38c2-3f14-c84d665f60f2@init servlet   ] [ageMigrateStarEventsAddFolders] [@] StarMigration Step [MigrateStarEventsAddFolders.updateMemberNames.Imported] START
 13/08/26 13:03:54,290 INFO  [d65725be-ac99-38c2-3f14-c84d665f60f2@init servlet   ] [ageMigrateStarEventsAddFolders] [@] Step [MigrateStarEventsAddFolders.updateMemberNames.Imported]: 0 unique events
 13/08/26 13:03:54,291 INFO  [d65725be-ac99-38c2-3f14-c84d665f60f2@init servlet   ] [ageMigrateStarEventsAddFolders] [@] Step [MigrateStarEventsAddFolders.updateMemberNames.Imported] progress: 0/0 events
 13/08/26 13:03:54,291 INFO  [d65725be-ac99-38c2-3f14-c84d665f60f2@init servlet   ] [ageMigrateStarEventsAddFolders] [@] Step [MigrateStarEventsAddFolders.updateMemberNames.Imported]: updated memberName for 0 events
 13/08/26 13:03:54,291 INFO  [d65725be-ac99-38c2-3f14-c84d665f60f2@init servlet   ] [ageMigrateStarEventsAddFolders] [@] StarMigration Step [MigrateStarEventsAddFolders.updateMemberNames.Imported] FINISH
 13/08/26 13:03:54,305 INFO  [d65725be-ac99-38c2-3f14-c84d665f60f2@init servlet   ] [ageMigrateStarEventsAddFolders] [@] Stage [MigrateStarEventsAddFolders]: added 0 starsAdded links, 0 starsRemoved links, updated 0 member names
 13/08/26 13:03:54,305 INFO  [d65725be-ac99-38c2-3f14-c84d665f60f2@init servlet   ] [ageMigrateStarEventsAddFolders] [@] StarMigration Stage [MigrateStarEventsAddFolders] FINISH
 13/08/26 13:03:54,307 INFO  [d65725be-ac99-38c2-3f14-c84d665f60f2@init servlet   ] [RefactoringMigrateStar        ] [@] StarMigration FINISH
 13/08/26 13:03:54,308 INFO  [d65725be-ac99-38c2-3f14-c84d665f60f2@init servlet   ] [XdRefactoring                 ] [@] Apply refactoring: jetbrains.youtrack.refactoring.UserJobRefactoringDeleteLegacyStar
 13/08/26 13:03:54,311 INFO  [d65725be-ac99-38c2-3f14-c84d665f60f2@init servlet   ] [tageDeleteEventLinksToStarTags] [@] DeleteEventLinksToStarTags: processing events in group [realAdded], batch: 500000, remaining: 0
 13/08/26 13:03:54,312 INFO  [d65725be-ac99-38c2-3f14-c84d665f60f2@init servlet   ] [tageDeleteEventLinksToStarTags] [@] DeleteEventLinksToStarTags: processing events in group [realRemoved], batch: 500000, remaining: 0
 13/08/26 13:03:54,312 INFO  [d65725be-ac99-38c2-3f14-c84d665f60f2@init servlet   ] [tageDeleteEventLinksToStarTags] [@] DeleteEventLinksToStarTags: processing events in group [importedAdded], batch: 500000, remaining: 0
 13/08/26 13:03:54,312 INFO  [d65725be-ac99-38c2-3f14-c84d665f60f2@init servlet   ] [tageDeleteEventLinksToStarTags] [@] DeleteEventLinksToStarTags: processing events in group [importedRemoved], batch: 500000, remaining: 0
 13/08/26 13:03:54,312 INFO  [d65725be-ac99-38c2-3f14-c84d665f60f2@init servlet   ] [tageDeleteEventLinksToStarTags] [@] DeleteEventLinksToStarTags: all groups exhausted, processed 0 events total, stage complete
 13/08/26 13:03:54,313 INFO  [d65725be-ac99-38c2-3f14-c84d665f60f2@init servlet   ] [JobRefactoringDeleteLegacyStar] [@] UserJobRefactoringDeleteLegacyStar: stage 0 completed, advancing to stage 1
 13/08/26 13:03:54,315 INFO  [d65725be-ac99-38c2-3f14-c84d665f60f2@init servlet   ] [JobRefactoringDeleteLegacyStar] [@] UserJobRefactoringDeleteLegacyStar: stage 1 completed, advancing to stage 2
 13/08/26 13:03:54,319 INFO  [d65725be-ac99-38c2-3f14-c84d665f60f2@init servlet   ] [XdRefactoring                 ] [@] Apply refactoring: jetbrains.youtrack.event.refactoring.recursive.UserJobRefactoringAddProjectToEvents
 13/08/26 13:03:54,324 INFO  [d65725be-ac99-38c2-3f14-c84d665f60f2@init servlet   ] [XdRefactoring                 ] [@] Apply refactoring: jetbrains.youtrack.event.refactoring.recursive.UserJobRefactoringChangeDiff
 13/08/26 13:03:54,325 INFO  [d65725be-ac99-38c2-3f14-c84d665f60f2@init servlet   ] [UserJobRecursiveRefactoring   ] [@] UserJobRefactoringChangeDiff refactoring is disabled
 13/08/26 13:03:54,325 INFO  [d65725be-ac99-38c2-3f14-c84d665f60f2@init servlet   ] [XdRefactoring                 ] [@] Apply refactoring: jetbrains.youtrack.event.refactoring.RefactoringReplaceSpecialGroupsInEvents
 13/08/26 13:03:54,332 INFO  [d65725be-ac99-38c2-3f14-c84d665f60f2@init servlet   ] [XdRefactoring                 ] [@] Apply refactoring: jetbrains.youtrack.event.refactoring.RefactoringRemoveIssueUsesMarkdownEvents
 13/08/26 13:03:54,334 INFO  [d65725be-ac99-38c2-3f14-c84d665f60f2@init servlet   ] [RefactoringUtil               ] [@] Removed 0 PersistentEvent usesMarkdown events
 13/08/26 13:03:54,334 INFO  [d65725be-ac99-38c2-3f14-c84d665f60f2@init servlet   ] [RefactoringUtil               ] [@] Removed 0 ImportedPersistentEvent usesMarkdown events
 13/08/26 13:03:54,337 INFO  [d65725be-ac99-38c2-3f14-c84d665f60f2@init servlet   ] [XdRefactoring                 ] [@] Apply refactoring: jetbrains.youtrack.gantt.refactoring.RefactoringDeleteGuestGantts
 13/08/26 13:03:54,339 INFO  [d65725be-ac99-38c2-3f14-c84d665f60f2@init servlet   ] [XdRefactoring                 ] [@] Apply refactoring: jetbrains.youtrack.gantt.refactoring.RefactoringPinOwnedGantts
 13/08/26 13:03:54,340 INFO  [d65725be-ac99-38c2-3f14-c84d665f60f2@init servlet   ] [RefactoringUtil               ] [@] Pinned 0 Gantt charts for their owners
 13/08/26 13:03:54,342 INFO  [d65725be-ac99-38c2-3f14-c84d665f60f2@init servlet   ] [XdRefactoring                 ] [@] Apply refactoring: jetbrains.youtrack.helpdesk.refactoring.RefactoringSetupHelpDeskProjectSettings
 13/08/26 13:03:54,343 INFO  [d65725be-ac99-38c2-3f14-c84d665f60f2@init servlet   ] [XdRefactoring                 ] [@] Apply refactoring: jetbrains.youtrack.helpdesk.refactoring.CalculateTicketRelatedUsersForHelpdesk
 13/08/26 13:03:54,345 INFO  [d65725be-ac99-38c2-3f14-c84d665f60f2@init servlet   ] [eTicketRelatedUsersForHelpdesk] [@] De-normalizing ticket related users 0 -> 5000
 13/08/26 13:03:54,354 INFO  [d65725be-ac99-38c2-3f14-c84d665f60f2@init servlet   ] [XdRefactoring                 ] [@] Apply refactoring: jetbrains.youtrack.helpdesk.refactoring.RefactoringCreateActorSubscriptions
 13/08/26 13:03:54,376 INFO  [d65725be-ac99-38c2-3f14-c84d665f60f2@init servlet   ] [XdRefactoring                 ] [@] [RefactoringCreateActorSubscriptions] processed 28/29 non-reporter users
 13/08/26 13:03:54,378 INFO  [d65725be-ac99-38c2-3f14-c84d665f60f2@init servlet   ] [XdRefactoring                 ] [@] Apply refactoring: jetbrains.youtrack.helpdesk.refactoring.RefactoringReattachHelpdeskWorkflow
 13/08/26 13:03:54,379 INFO  [d65725be-ac99-38c2-3f14-c84d665f60f2@init servlet   ] [XdRefactoring                 ] [@] Apply refactoring: jetbrains.youtrack.helpdesk.refactoring.RefactoringCreateActorTicketAuthorSubscriptions
 13/08/26 13:03:54,386 INFO  [d65725be-ac99-38c2-3f14-c84d665f60f2@init servlet   ] [XdRefactoring                 ] [@] [RefactoringCreateActorTicketAuthorSubscriptions] processed 0/1 users
 13/08/26 13:03:54,388 INFO  [d65725be-ac99-38c2-3f14-c84d665f60f2@init servlet   ] [XdRefactoring                 ] [@] Apply refactoring: jetbrains.youtrack.mailbox.refactoring.RefactoringAddMailboxLinkToMessages
 13/08/26 13:03:54,390 INFO  [d65725be-ac99-38c2-3f14-c84d665f60f2@init servlet   ] [XdRefactoring                 ] [@] Apply refactoring: jetbrains.youtrack.mailbox.refactoring.RefactoringExtractSubjectFromSeenMessages
 13/08/26 13:03:54,410 INFO  [d65725be-ac99-38c2-3f14-c84d665f60f2@init servlet   ] [XdRefactoring                 ] [@] Apply refactoring: jetbrains.youtrack.mailbox.refactoring.RefactoringTransformRelatedIdsToSet
 13/08/26 13:03:54,411 INFO  [d65725be-ac99-38c2-3f14-c84d665f60f2@init servlet   ] [XdRefactoring                 ] [@] Apply refactoring: jetbrains.youtrack.mailbox.refactoring.RefactoringAdjustDefaultFetchInterval
 13/08/26 13:03:54,413 INFO  [d65725be-ac99-38c2-3f14-c84d665f60f2@init servlet   ] [XdRefactoring                 ] [@] Apply refactoring: jetbrains.youtrack.mailbox.refactoring.RefactoringMigrateMailRulesToFilters2
 13/08/26 13:03:54,414 INFO  [d65725be-ac99-38c2-3f14-c84d665f60f2@init servlet   ] [XdRefactoring                 ] [@] Apply refactoring: jetbrains.youtrack.mailbox.refactoring.MarkEmailsFinalized
 13/08/26 13:03:54,415 INFO  [d65725be-ac99-38c2-3f14-c84d665f60f2@init servlet   ] [RefactoringUtil               ] [@] Processed 0 seen emails
 13/08/26 13:03:54,416 INFO  [d65725be-ac99-38c2-3f14-c84d665f60f2@init servlet   ] [XdRefactoring                 ] [@] Apply refactoring: jetbrains.youtrack.markup.refactoring.ParseOldIssuesEmbeddedAttachmentsRefactoring
 13/08/26 13:03:54,428 INFO  [d65725be-ac99-38c2-3f14-c84d665f60f2@init servlet   ] [RefactoringUtil               ] [admin@] processed 0 issues
 13/08/26 13:03:54,430 INFO  [d65725be-ac99-38c2-3f14-c84d665f60f2@init servlet   ] [XdRefactoring                 ] [@] Apply refactoring: jetbrains.youtrack.refactorings.RefactoringMoveSortByRelevanceFlagToProfile
 13/08/26 13:03:54,433 INFO  [d65725be-ac99-38c2-3f14-c84d665f60f2@init servlet   ] [XdRefactoring                 ] [@] Apply refactoring: jetbrains.youtrack.refactorings.RefactoringDefaultLanguages
 13/08/26 13:03:54,440 INFO  [d65725be-ac99-38c2-3f14-c84d665f60f2@init servlet   ] [XdRefactoring                 ] [@] Apply refactoring: jetbrains.youtrack.zendesk.persistence.refactorings.RefactoringRemoveNotActiveAgreements
 13/08/26 13:03:54,441 INFO  [d65725be-ac99-38c2-3f14-c84d665f60f2@init servlet   ] [XdRefactoring                 ] [@] Apply refactoring: RefactoringSetupNewPersistenceScheme2
 13/08/26 13:03:54,442 INFO  [d65725be-ac99-38c2-3f14-c84d665f60f2@init servlet   ] [XdRefactoring                 ] [@] Apply refactoring: jetbrains.youtrack.zendesk.persistence.refactorings.RefactoringRemoveNotMigratedAgreements
 13/08/26 13:03:54,443 INFO  [d65725be-ac99-38c2-3f14-c84d665f60f2@init servlet   ] [XdRefactoring                 ] [@] Apply refactoring: jetbrains.youtrack.zendesk.persistence.refactorings.RefactoringDisableZendeskOriginNotificationsByDefault
 13/08/26 13:03:54,447 INFO  [d65725be-ac99-38c2-3f14-c84d665f60f2@init servlet   ] [XdRefactoring                 ] [@] Apply refactoring: jetbrains.youtrack.maintenance.backup.listeners.RefactoringSetupDefaultDatabaseBackupCron
 13/08/26 13:03:54,453 INFO  [d65725be-ac99-38c2-3f14-c84d665f60f2@init servlet   ] [XdRefactoring                 ] [@] Apply refactoring: jetbrains.youtrack.maintenance.questionarie.RefactoringSetDemoEligibilityForExistingAnswers
 13/08/26 13:03:54,455 INFO  [d65725be-ac99-38c2-3f14-c84d665f60f2@init servlet   ] [XdRefactoring                 ] [@] Apply refactoring: jetbrains.youtrack.integration.refactoring.RefactoringProcessVCSEntityMentions
 13/08/26 13:03:54,459 INFO  [d65725be-ac99-38c2-3f14-c84d665f60f2@init servlet   ] [XdRefactoring                 ] [@] Apply refactoring: jetbrains.youtrack.integration.refactoring.RefactoringReplaceNullsInVcsChangeDate
 13/08/26 13:03:54,460 INFO  [d65725be-ac99-38c2-3f14-c84d665f60f2@init servlet   ] [RefactoringUtil               ] [@] Replacing null with current time for xdVcsChange 0
 13/08/26 13:03:54,462 INFO  [d65725be-ac99-38c2-3f14-c84d665f60f2@init servlet   ] [RefactoringUtil               ] [@] Replacing null with current time for xdPullRequest 0
 13/08/26 13:03:54,463 INFO  [d65725be-ac99-38c2-3f14-c84d665f60f2@init servlet   ] [RefactoringUtil               ] [@] Replacing null with current time for xdPullRequestChange 0
 13/08/26 13:03:54,465 INFO  [d65725be-ac99-38c2-3f14-c84d665f60f2@init servlet   ] [XdRefactoring                 ] [@] Apply refactoring: jetbrains.youtrack.integration.refactoring.RefactoringFixDatesInSeconds
 13/08/26 13:03:54,467 INFO  [d65725be-ac99-38c2-3f14-c84d665f60f2@init servlet   ] [RefactoringUtil               ] [@] Replacing dates in seconds to dates in millis  0
 13/08/26 13:03:54,469 INFO  [d65725be-ac99-38c2-3f14-c84d665f60f2@init servlet   ] [XdRefactoring                 ] [@] Apply refactoring: jetbrains.youtrack.integration.refactoring.RefactoringCleanUpUpsourcePersistence
 13/08/26 13:03:54,470 INFO  [d65725be-ac99-38c2-3f14-c84d665f60f2@init servlet   ] [XdRefactoring                 ] [@] Removing all upsource changes processors. There are 0 of them
 13/08/26 13:03:54,474 INFO  [d65725be-ac99-38c2-3f14-c84d665f60f2@init servlet   ] [XdRefactoring                 ] [@] Apply refactoring: jetbrains.youtrack.integration.refactoring.RefactoringBidirectionalArticleMentions
 13/08/26 13:03:54,477 INFO  [d65725be-ac99-38c2-3f14-c84d665f60f2@init servlet   ] [XdRefactoring                 ] [@] Apply refactoring: jetbrains.youtrack.article.refactorings.RefactoringFixArticleCycles
 13/08/26 13:03:54,479 INFO  [d65725be-ac99-38c2-3f14-c84d665f60f2@init servlet   ] [XdRefactoring                 ] [@] Apply refactoring: jetbrains.youtrack.article.refactorings.RefactoringCreatedUpdatedArticleDraft
 13/08/26 13:03:54,480 INFO  [d65725be-ac99-38c2-3f14-c84d665f60f2@init servlet   ] [RefactoringUtil               ] [@] RefactoringCreatedUpdatedArticleDraft: 0 article draft processed
 13/08/26 13:03:54,482 INFO  [d65725be-ac99-38c2-3f14-c84d665f60f2@init servlet   ] [XdRefactoring                 ] [@] Apply refactoring: jetbrains.youtrack.article.refactorings.RefactoringSetArticleNumberInProject
 13/08/26 13:03:54,485 INFO  [d65725be-ac99-38c2-3f14-c84d665f60f2@init servlet   ] [RefactoringUtil               ] [@] Set number in project for 0 articles
 13/08/26 13:03:54,488 INFO  [d65725be-ac99-38c2-3f14-c84d665f60f2@init servlet   ] [XdRefactoring                 ] [@] Apply refactoring: jetbrains.youtrack.article.refactorings.RefactoringAddCommentsCount
 13/08/26 13:03:54,490 INFO  [d65725be-ac99-38c2-3f14-c84d665f60f2@init servlet   ] [XdRefactoring                 ] [@] Apply refactoring: jetbrains.youtrack.article.refactorings.RefactoringAddAttachmentsSize
 13/08/26 13:03:54,493 INFO  [d65725be-ac99-38c2-3f14-c84d665f60f2@init servlet   ] [XdRefactoring                 ] [@] Apply refactoring: jetbrains.youtrack.article.refactorings.RefactoringFixArticleCommentProjects
 13/08/26 13:03:54,495 INFO  [d65725be-ac99-38c2-3f14-c84d665f60f2@init servlet   ] [XdRefactoring                 ] [@] Apply refactoring: jetbrains.youtrack.article.refactorings.RefactoringAddContentUpdated
 13/08/26 13:03:54,496 INFO  [d65725be-ac99-38c2-3f14-c84d665f60f2@init servlet   ] [XdRefactoring                 ] [@] Apply refactoring: jetbrains.youtrack.article.refactorings.ParseOldArticleEmbeddedAttachmentsRefactoring
 13/08/26 13:03:54,499 INFO  [d65725be-ac99-38c2-3f14-c84d665f60f2@init servlet   ] [RefactoringUtil               ] [admin@] processed 0 articles
 13/08/26 13:03:54,503 INFO  [d65725be-ac99-38c2-3f14-c84d665f60f2@init servlet   ] [XdRefactoring                 ] [@] Apply refactoring: jetbrains.youtrack.article.refactorings.RefactoringBidirectionalArticleMentions
 13/08/26 13:03:54,506 INFO  [d65725be-ac99-38c2-3f14-c84d665f60f2@init servlet   ] [XdRefactoring                 ] [@] Apply refactoring: jetbrains.youtrack.article.refactorings.RefactoringBidirectionalArticleCommentMentions
 13/08/26 13:03:54,509 INFO  [d65725be-ac99-38c2-3f14-c84d665f60f2@init servlet   ] [XdRefactoring                 ] [@] Apply refactoring: jetbrains.youtrack.article.refactorings.RefactoringRemoveArticleUsesMarkdownEvents
 13/08/26 13:03:54,511 INFO  [d65725be-ac99-38c2-3f14-c84d665f60f2@init servlet   ] [RefactoringUtil               ] [@] Removed 0 ArticleRealEvent usesMarkdown events
 13/08/26 13:03:54,512 INFO  [d65725be-ac99-38c2-3f14-c84d665f60f2@init servlet   ] [RefactoringUtil               ] [@] Removed 0 ArticleImportedEvent usesMarkdown events
 13/08/26 13:03:54,513 INFO  [d65725be-ac99-38c2-3f14-c84d665f60f2@init servlet   ] [XdRefactoring                 ] [@] Apply refactoring: jetbrains.youtrack.article.refactorings.RefactoringNormalizeArticleCommentTextSize
 13/08/26 13:03:54,515 INFO  [d65725be-ac99-38c2-3f14-c84d665f60f2@init servlet   ] [RefactoringUtil               ] [admin@] RefactoringNormalizeArticleCommentTextSize didn't find any article comments to process
 13/08/26 13:03:54,517 INFO  [d65725be-ac99-38c2-3f14-c84d665f60f2@init servlet   ] [XdRefactoring                 ] [@] Apply refactoring: jetbrains.youtrack.article.refactorings.UserJobRefactoringUpdateArticleLargeTextMentionsIdsIteration
 13/08/26 13:03:54,517 INFO  [d65725be-ac99-38c2-3f14-c84d665f60f2@init servlet   ] [ctoringUpdateLargeTextMentions] [@] UserJobRefactoringUpdateArticleLargeTextMentions: 0 BaseArticles corrected, scanned up to localId -1
 13/08/26 13:03:54,519 INFO  [d65725be-ac99-38c2-3f14-c84d665f60f2@init servlet   ] [XdRefactoring                 ] [@] Apply refactoring: jetbrains.youtrack.article.refactorings.UserJobRefactoringUpdateArticleCommentLargeTextMentionsIdsIteration
 13/08/26 13:03:54,519 INFO  [d65725be-ac99-38c2-3f14-c84d665f60f2@init servlet   ] [ctoringUpdateLargeTextMentions] [@] UserJobRefactoringUpdateArticleCommentLargeTextMentions: 0 ArticleComments corrected, scanned up to localId -1
 13/08/26 13:03:54,520 INFO  [d65725be-ac99-38c2-3f14-c84d665f60f2@init servlet   ] [XdRefactoring                 ] [@] Apply refactoring: jetbrains.youtrack.notifications.refactoring.RefactoringDisableInboxFolders
 13/08/26 13:03:54,521 INFO  [d65725be-ac99-38c2-3f14-c84d665f60f2@init servlet   ] [RefactoringUtil               ] [@] Processed 0 user profile with disabled inbox
 13/08/26 13:03:54,526 INFO  [d65725be-ac99-38c2-3f14-c84d665f60f2@init servlet   ] [XdRefactoring                 ] [@] Apply refactoring: jetbrains.youtrack.notifications.refactoring.RefactoringNotifyM365Migration
 13/08/26 13:03:54,527 INFO  [d65725be-ac99-38c2-3f14-c84d665f60f2@init servlet   ] [XdRefactoring                 ] [@] Apply refactoring: jetbrains.youtrack.notifications.refactoring.RefactoringNotifyNewPricing
 13/08/26 13:03:54,528 INFO  [d65725be-ac99-38c2-3f14-c84d665f60f2@init servlet   ] [XdRefactoring                 ] [@] Apply refactoring: jetbrains.youtrack.notifications.refactoring.RefactoringCheckNotificationTemplatesRCE
 13/08/26 13:03:54,534 INFO  [d65725be-ac99-38c2-3f14-c84d665f60f2@init servlet   ] [RefactoringUtil               ] [@] Checking custom global templates: processed 0/0
 13/08/26 13:03:54,534 INFO  [d65725be-ac99-38c2-3f14-c84d665f60f2@init servlet   ] [RefactoringUtil               ] [@] Checking custom project templates: processed 0/0
 13/08/26 13:03:54,536 INFO  [d65725be-ac99-38c2-3f14-c84d665f60f2@init servlet   ] [XdRefactoring                 ] [@] Apply refactoring: RefactoringDeleteIncorrectAgileReports v1
 13/08/26 13:03:54,537 INFO  [d65725be-ac99-38c2-3f14-c84d665f60f2@init servlet   ] [ingDeleteIncorrectAgileReports] [@] No agile reports without link to the proper sprint was found
 13/08/26 13:03:54,539 INFO  [d65725be-ac99-38c2-3f14-c84d665f60f2@init servlet   ] [XdRefactoring                 ] [@] Apply refactoring: jetbrains.youtrack.reports.refactorings.RefactoringResetCalculatingReportsStatus
 13/08/26 13:03:54,541 INFO  [d65725be-ac99-38c2-3f14-c84d665f60f2@init servlet   ] [XdRefactoring                 ] [@] Apply refactoring: jetbrains.youtrack.reports.refactorings.RefactoringAddConfigScope
 13/08/26 13:03:54,543 INFO  [d65725be-ac99-38c2-3f14-c84d665f60f2@init servlet   ] [XdRefactoring                 ] [@] Apply refactoring: jetbrains.charisma.refactoring.RefactoringSetDefaultWorkWeekDays
 13/08/26 13:03:54,547 INFO  [d65725be-ac99-38c2-3f14-c84d665f60f2@init servlet   ] [XdRefactoring                 ] [@] Apply refactoring: jetbrains.youtrack.timetracking.refactorings.RefactoringTimezonesCompatibility3
 13/08/26 13:03:54,548 INFO  [d65725be-ac99-38c2-3f14-c84d665f60f2@init servlet   ] [RefactoringUtil               ] [@] processed 0 user profiles
 13/08/26 13:03:54,549 INFO  [d65725be-ac99-38c2-3f14-c84d665f60f2@init servlet   ] [XdRefactoring                 ] [@] Apply refactoring: jetbrains.youtrack.timetracking.refactorings.RefactoringTimeTrackingBidirectionalMentions
 13/08/26 13:03:54,552 INFO  [d65725be-ac99-38c2-3f14-c84d665f60f2@init servlet   ] [XdRefactoring                 ] [@] Apply refactoring: Detach import project duplicates
 13/08/26 13:03:54,554 INFO  [d65725be-ac99-38c2-3f14-c84d665f60f2@init servlet   ] [XdRefactoring                 ] [@] Completed youtrack-only refactorings in 0 min 1 sec
 13/08/26 13:03:54,554 INFO  [d65725be-ac99-38c2-3f14-c84d665f60f2@init servlet   ] [ApplicationStateHolderImpl    ] [@] Application state changed from REFACTORINGS_STARTED to REFACTORINGS_FINISHED
 13/08/26 13:03:54,773 INFO  [d65725be-ac99-38c2-3f14-c84d665f60f2@init servlet   ] [KLogging                      ] [@] New script package [@jetbrains/youtrack-scripting-api] created
 13/08/26 13:03:54,773 INFO  [d65725be-ac99-38c2-3f14-c84d665f60f2@init servlet   ] [KLogging                      ] [@] Script [cache] created.
 13/08/26 13:03:54,773 INFO  [d65725be-ac99-38c2-3f14-c84d665f60f2@init servlet   ] [KLogging                      ] [@] Script [context-utils] created.
 13/08/26 13:03:54,773 INFO  [d65725be-ac99-38c2-3f14-c84d665f60f2@init servlet   ] [KLogging                      ] [@] Script [date-time] created.
 13/08/26 13:03:54,773 INFO  [d65725be-ac99-38c2-3f14-c84d665f60f2@init servlet   ] [KLogging                      ] [@] Script [debug-utils] created.
 13/08/26 13:03:54,773 INFO  [d65725be-ac99-38c2-3f14-c84d665f60f2@init servlet   ] [KLogging                      ] [@] Script [entities] created.
 13/08/26 13:03:54,773 INFO  [d65725be-ac99-38c2-3f14-c84d665f60f2@init servlet   ] [KLogging                      ] [@] Script [environment] created.
 13/08/26 13:03:54,773 INFO  [d65725be-ac99-38c2-3f14-c84d665f60f2@init servlet   ] [KLogging                      ] [@] Script [http] created.
 13/08/26 13:03:54,773 INFO  [d65725be-ac99-38c2-3f14-c84d665f60f2@init servlet   ] [KLogging                      ] [@] Script [legacy-star-shim] created.
 13/08/26 13:03:54,773 INFO  [d65725be-ac99-38c2-3f14-c84d665f60f2@init servlet   ] [KLogging                      ] [@] Script [license] created.
 13/08/26 13:03:54,773 INFO  [d65725be-ac99-38c2-3f14-c84d665f60f2@init servlet   ] [KLogging                      ] [@] Script [notifications] created.
 13/08/26 13:03:54,773 INFO  [d65725be-ac99-38c2-3f14-c84d665f60f2@init servlet   ] [KLogging                      ] [@] Script [search] created.
 13/08/26 13:03:54,773 INFO  [d65725be-ac99-38c2-3f14-c84d665f60f2@init servlet   ] [KLogging                      ] [@] Script [strings] created.
 13/08/26 13:03:54,797 WARN  [d65725be-ac99-38c2-3f14-c84d665f60f2@init servlet   ] [XdPlugin                      ] [@] Reset version for script package @jetbrains/youtrack-scripting-api from null to 2026.2.18194
 13/08/26 13:03:54,806 INFO  [d65725be-ac99-38c2-3f14-c84d665f60f2@init servlet   ] [KLogging                      ] [@] Script [workflow] created.
 13/08/26 13:03:54,992 INFO  [d65725be-ac99-38c2-3f14-c84d665f60f2@init servlet   ] [KLogging                      ] [@] New script package [@jetbrains/youtrack-asana-import-aux] created
 13/08/26 13:03:54,992 INFO  [d65725be-ac99-38c2-3f14-c84d665f60f2@init servlet   ] [KLogging                      ] [@] Script [html-to-markdown] created.
 13/08/26 13:03:54,992 INFO  [d65725be-ac99-38c2-3f14-c84d665f60f2@init servlet   ] [KLogging                      ] [@] Script [third-party-dependencies] created.
 13/08/26 13:03:55,172 INFO  [d65725be-ac99-38c2-3f14-c84d665f60f2@init servlet   ] [KLogging                      ] [@] New script package [@jetbrains/youtrack-confluence-import-aux] created
 13/08/26 13:03:55,172 INFO  [d65725be-ac99-38c2-3f14-c84d665f60f2@init servlet   ] [KLogging                      ] [@] Script [macro-handlers] created.
 13/08/26 13:03:55,172 INFO  [d65725be-ac99-38c2-3f14-c84d665f60f2@init servlet   ] [KLogging                      ] [@] Script [stringify-handlers] created.
 13/08/26 13:03:55,172 INFO  [d65725be-ac99-38c2-3f14-c84d665f60f2@init servlet   ] [KLogging                      ] [@] Script [table-handlers] created.
 13/08/26 13:03:55,172 INFO  [d65725be-ac99-38c2-3f14-c84d665f60f2@init servlet   ] [KLogging                      ] [@] Script [tag-merge-processor] created.
 13/08/26 13:03:55,172 INFO  [d65725be-ac99-38c2-3f14-c84d665f60f2@init servlet   ] [KLogging                      ] [@] Script [third-party-dependencies] created.
 13/08/26 13:03:55,172 INFO  [d65725be-ac99-38c2-3f14-c84d665f60f2@init servlet   ] [KLogging                      ] [@] Script [to-markdown] created.
 13/08/26 13:03:55,352 INFO  [d65725be-ac99-38c2-3f14-c84d665f60f2@init servlet   ] [KLogging                      ] [@] New script package [@jetbrains/youtrack-asana-client] created
 13/08/26 13:03:55,353 INFO  [d65725be-ac99-38c2-3f14-c84d665f60f2@init servlet   ] [KLogging                      ] [@] Script [asana-api] created.
 13/08/26 13:03:55,353 INFO  [d65725be-ac99-38c2-3f14-c84d665f60f2@init servlet   ] [KLogging                      ] [@] Script [asana-article] created.
 13/08/26 13:03:55,353 INFO  [d65725be-ac99-38c2-3f14-c84d665f60f2@init servlet   ] [KLogging                      ] [@] Script [asana-attachments] created.
 13/08/26 13:03:55,353 INFO  [d65725be-ac99-38c2-3f14-c84d665f60f2@init servlet   ] [KLogging                      ] [@] Script [asana-comments] created.
 13/08/26 13:03:55,353 INFO  [d65725be-ac99-38c2-3f14-c84d665f60f2@init servlet   ] [KLogging                      ] [@] Script [asana-field] created.
 13/08/26 13:03:55,353 INFO  [d65725be-ac99-38c2-3f14-c84d665f60f2@init servlet   ] [KLogging                      ] [@] Script [asana-history] created.
 13/08/26 13:03:55,353 INFO  [d65725be-ac99-38c2-3f14-c84d665f60f2@init servlet   ] [KLogging                      ] [@] Script [asana-issue] created.
 13/08/26 13:03:55,353 INFO  [d65725be-ac99-38c2-3f14-c84d665f60f2@init servlet   ] [KLogging                      ] [@] Script [asana-key-generator] created.
 13/08/26 13:03:55,353 INFO  [d65725be-ac99-38c2-3f14-c84d665f60f2@init servlet   ] [KLogging                      ] [@] Script [asana-mentions] created.
 13/08/26 13:03:55,353 INFO  [d65725be-ac99-38c2-3f14-c84d665f60f2@init servlet   ] [KLogging                      ] [@] Script [asana-paginator] created.
 13/08/26 13:03:55,353 INFO  [d65725be-ac99-38c2-3f14-c84d665f60f2@init servlet   ] [KLogging                      ] [@] Script [asana-project] created.
 13/08/26 13:03:55,353 INFO  [d65725be-ac99-38c2-3f14-c84d665f60f2@init servlet   ] [KLogging                      ] [@] Script [asana-stories] created.
 13/08/26 13:03:55,353 INFO  [d65725be-ac99-38c2-3f14-c84d665f60f2@init servlet   ] [KLogging                      ] [@] Script [asana-user] created.
 13/08/26 13:03:55,353 INFO  [d65725be-ac99-38c2-3f14-c84d665f60f2@init servlet   ] [KLogging                      ] [@] Script [client] created.
 13/08/26 13:03:55,353 INFO  [d65725be-ac99-38c2-3f14-c84d665f60f2@init servlet   ] [KLogging                      ] [@] Script [common-utils] created.
 13/08/26 13:03:55,353 INFO  [d65725be-ac99-38c2-3f14-c84d665f60f2@init servlet   ] [KLogging                      ] [@] Script [connector] created.
 13/08/26 13:03:55,353 INFO  [d65725be-ac99-38c2-3f14-c84d665f60f2@init servlet   ] [KLogging                      ] [@] Script [consts] created.
 13/08/26 13:03:55,353 INFO  [d65725be-ac99-38c2-3f14-c84d665f60f2@init servlet   ] [KLogging                      ] [@] Script [container] created.
 13/08/26 13:03:55,353 INFO  [d65725be-ac99-38c2-3f14-c84d665f60f2@init servlet   ] [KLogging                      ] [@] Script [field-relation] created.
 13/08/26 13:03:55,353 INFO  [d65725be-ac99-38c2-3f14-c84d665f60f2@init servlet   ] [KLogging                      ] [@] Script [file-utils] created.
 13/08/26 13:03:55,354 INFO  [d65725be-ac99-38c2-3f14-c84d665f60f2@init servlet   ] [KLogging                      ] [@] Script [issue-utils] created.
 13/08/26 13:03:55,379 INFO  [d65725be-ac99-38c2-3f14-c84d665f60f2@init servlet   ] [KLogging                      ] [@] New script package [@jetbrains/youtrack-atlassian-utils] created
 13/08/26 13:03:55,379 INFO  [d65725be-ac99-38c2-3f14-c84d665f60f2@init servlet   ] [KLogging                      ] [@] Script [users-directory] created.
 13/08/26 13:03:55,478 INFO  [d65725be-ac99-38c2-3f14-c84d665f60f2@init servlet   ] [KLogging                      ] [@] New script package [@jetbrains/youtrack-bugzilla-client] created
 13/08/26 13:03:55,478 INFO  [d65725be-ac99-38c2-3f14-c84d665f60f2@init servlet   ] [KLogging                      ] [@] Script [bugzilla-connection] created.
 13/08/26 13:03:55,478 INFO  [d65725be-ac99-38c2-3f14-c84d665f60f2@init servlet   ] [KLogging                      ] [@] Script [bugzilla-fields] created.
 13/08/26 13:03:55,478 INFO  [d65725be-ac99-38c2-3f14-c84d665f60f2@init servlet   ] [KLogging                      ] [@] Script [bugzilla-history] created.
 13/08/26 13:03:55,478 INFO  [d65725be-ac99-38c2-3f14-c84d665f60f2@init servlet   ] [KLogging                      ] [@] Script [bugzilla-issue-converter] created.
 13/08/26 13:03:55,478 INFO  [d65725be-ac99-38c2-3f14-c84d665f60f2@init servlet   ] [KLogging                      ] [@] Script [bugzilla-issues-client] created.
 13/08/26 13:03:55,478 INFO  [d65725be-ac99-38c2-3f14-c84d665f60f2@init servlet   ] [KLogging                      ] [@] Script [bugzilla-utils] created.
 13/08/26 13:03:55,535 INFO  [d65725be-ac99-38c2-3f14-c84d665f60f2@init servlet   ] [KLogging                      ] [@] New script package [@jetbrains/youtrack-clickup-client] created
 13/08/26 13:03:55,535 INFO  [d65725be-ac99-38c2-3f14-c84d665f60f2@init servlet   ] [KLogging                      ] [@] Script [clickup-api] created.
 13/08/26 13:03:55,536 INFO  [d65725be-ac99-38c2-3f14-c84d665f60f2@init servlet   ] [KLogging                      ] [@] Script [clickup-attachments] created.
 13/08/26 13:03:55,536 INFO  [d65725be-ac99-38c2-3f14-c84d665f60f2@init servlet   ] [KLogging                      ] [@] Script [clickup-comments] created.
 13/08/26 13:03:55,536 INFO  [d65725be-ac99-38c2-3f14-c84d665f60f2@init servlet   ] [KLogging                      ] [@] Script [clickup-docs] created.
 13/08/26 13:03:55,536 INFO  [d65725be-ac99-38c2-3f14-c84d665f60f2@init servlet   ] [KLogging                      ] [@] Script [clickup-fields] created.
 13/08/26 13:03:55,536 INFO  [d65725be-ac99-38c2-3f14-c84d665f60f2@init servlet   ] [KLogging                      ] [@] Script [clickup-hierarchy] created.
 13/08/26 13:03:55,536 INFO  [d65725be-ac99-38c2-3f14-c84d665f60f2@init servlet   ] [KLogging                      ] [@] Script [clickup-issue] created.
 13/08/26 13:03:55,536 INFO  [d65725be-ac99-38c2-3f14-c84d665f60f2@init servlet   ] [KLogging                      ] [@] Script [clickup-key-generator] created.
 13/08/26 13:03:55,536 INFO  [d65725be-ac99-38c2-3f14-c84d665f60f2@init servlet   ] [KLogging                      ] [@] Script [clickup-mentions] created.
 13/08/26 13:03:55,536 INFO  [d65725be-ac99-38c2-3f14-c84d665f60f2@init servlet   ] [KLogging                      ] [@] Script [clickup-space] created.
 13/08/26 13:03:55,536 INFO  [d65725be-ac99-38c2-3f14-c84d665f60f2@init servlet   ] [KLogging                      ] [@] Script [clickup-task-type] created.
 13/08/26 13:03:55,536 INFO  [d65725be-ac99-38c2-3f14-c84d665f60f2@init servlet   ] [KLogging                      ] [@] Script [clickup-user] created.
 13/08/26 13:03:55,536 INFO  [d65725be-ac99-38c2-3f14-c84d665f60f2@init servlet   ] [KLogging                      ] [@] Script [client] created.
 13/08/26 13:03:55,536 INFO  [d65725be-ac99-38c2-3f14-c84d665f60f2@init servlet   ] [KLogging                      ] [@] Script [common-utils] created.
 13/08/26 13:03:55,536 INFO  [d65725be-ac99-38c2-3f14-c84d665f60f2@init servlet   ] [KLogging                      ] [@] Script [connector] created.
 13/08/26 13:03:55,536 INFO  [d65725be-ac99-38c2-3f14-c84d665f60f2@init servlet   ] [KLogging                      ] [@] Script [consts] created.
 13/08/26 13:03:55,536 INFO  [d65725be-ac99-38c2-3f14-c84d665f60f2@init servlet   ] [KLogging                      ] [@] Script [container] created.
 13/08/26 13:03:55,536 INFO  [d65725be-ac99-38c2-3f14-c84d665f60f2@init servlet   ] [KLogging                      ] [@] Script [doc-utils] created.
 13/08/26 13:03:55,536 INFO  [d65725be-ac99-38c2-3f14-c84d665f60f2@init servlet   ] [KLogging                      ] [@] Script [field-relation] created.
 13/08/26 13:03:55,536 INFO  [d65725be-ac99-38c2-3f14-c84d665f60f2@init servlet   ] [KLogging                      ] [@] Script [field-utils] created.
 13/08/26 13:03:55,536 INFO  [d65725be-ac99-38c2-3f14-c84d665f60f2@init servlet   ] [KLogging                      ] [@] Script [file-utils] created.
 13/08/26 13:03:55,536 INFO  [d65725be-ac99-38c2-3f14-c84d665f60f2@init servlet   ] [KLogging                      ] [@] Script [issue-utils] created.
 13/08/26 13:03:55,671 INFO  [d65725be-ac99-38c2-3f14-c84d665f60f2@init servlet   ] [KLogging                      ] [@] New script package [@jetbrains/youtrack-confluence-client] created
 13/08/26 13:03:55,672 INFO  [d65725be-ac99-38c2-3f14-c84d665f60f2@init servlet   ] [KLogging                      ] [@] Script [confluence-article] created.
 13/08/26 13:03:55,672 INFO  [d65725be-ac99-38c2-3f14-c84d665f60f2@init servlet   ] [KLogging                      ] [@] Script [confluence-attachment] created.
 13/08/26 13:03:55,672 INFO  [d65725be-ac99-38c2-3f14-c84d665f60f2@init servlet   ] [KLogging                      ] [@] Script [confluence-client] created.
 13/08/26 13:03:55,672 INFO  [d65725be-ac99-38c2-3f14-c84d665f60f2@init servlet   ] [KLogging                      ] [@] Script [confluence-comment] created.
 13/08/26 13:03:55,672 INFO  [d65725be-ac99-38c2-3f14-c84d665f60f2@init servlet   ] [KLogging                      ] [@] Script [confluence-connection] created.
 13/08/26 13:03:55,672 INFO  [d65725be-ac99-38c2-3f14-c84d665f60f2@init servlet   ] [KLogging                      ] [@] Script [confluence-content] created.
 13/08/26 13:03:55,672 INFO  [d65725be-ac99-38c2-3f14-c84d665f60f2@init servlet   ] [KLogging                      ] [@] Script [confluence-context] created.
 13/08/26 13:03:55,672 INFO  [d65725be-ac99-38c2-3f14-c84d665f60f2@init servlet   ] [KLogging                      ] [@] Script [confluence-group] created.
 13/08/26 13:03:55,672 INFO  [d65725be-ac99-38c2-3f14-c84d665f60f2@init servlet   ] [KLogging                      ] [@] Script [confluence-new-client] created.
 13/08/26 13:03:55,672 INFO  [d65725be-ac99-38c2-3f14-c84d665f60f2@init servlet   ] [KLogging                      ] [@] Script [confluence-old-client] created.
 13/08/26 13:03:55,672 INFO  [d65725be-ac99-38c2-3f14-c84d665f60f2@init servlet   ] [KLogging                      ] [@] Script [confluence-page-cache] created.
 13/08/26 13:03:55,672 INFO  [d65725be-ac99-38c2-3f14-c84d665f60f2@init servlet   ] [KLogging                      ] [@] Script [confluence-project] created.
 13/08/26 13:03:55,672 INFO  [d65725be-ac99-38c2-3f14-c84d665f60f2@init servlet   ] [KLogging                      ] [@] Script [confluence-user] created.
 13/08/26 13:03:55,672 INFO  [d65725be-ac99-38c2-3f14-c84d665f60f2@init servlet   ] [KLogging                      ] [@] Script [confluence-utils] created.
 13/08/26 13:03:55,672 INFO  [d65725be-ac99-38c2-3f14-c84d665f60f2@init servlet   ] [KLogging                      ] [@] Script [extractor-articles] created.
 13/08/26 13:03:55,672 INFO  [d65725be-ac99-38c2-3f14-c84d665f60f2@init servlet   ] [KLogging                      ] [@] Script [extractor-spaces] created.
 13/08/26 13:03:55,672 INFO  [d65725be-ac99-38c2-3f14-c84d665f60f2@init servlet   ] [KLogging                      ] [@] Script [extractor-users] created.
 13/08/26 13:03:55,672 INFO  [d65725be-ac99-38c2-3f14-c84d665f60f2@init servlet   ] [KLogging                      ] [@] Script [page-cache] created.
 13/08/26 13:03:55,757 INFO  [d65725be-ac99-38c2-3f14-c84d665f60f2@init servlet   ] [KLogging                      ] [@] New script package [@jetbrains/youtrack-demo-client] created
 13/08/26 13:03:55,758 INFO  [d65725be-ac99-38c2-3f14-c84d665f60f2@init servlet   ] [KLogging                      ] [@] Script [client] created.
 13/08/26 13:03:55,758 INFO  [d65725be-ac99-38c2-3f14-c84d665f60f2@init servlet   ] [KLogging                      ] [@] Script [demo-agent-user] created.
 13/08/26 13:03:55,758 INFO  [d65725be-ac99-38c2-3f14-c84d665f60f2@init servlet   ] [KLogging                      ] [@] Script [demo-article] created.
 13/08/26 13:03:55,758 INFO  [d65725be-ac99-38c2-3f14-c84d665f60f2@init servlet   ] [KLogging                      ] [@] Script [demo-helpdesk-issue] created.
 13/08/26 13:03:55,758 INFO  [d65725be-ac99-38c2-3f14-c84d665f60f2@init servlet   ] [KLogging                      ] [@] Script [demo-helpdesk-project] created.
 13/08/26 13:03:55,758 INFO  [d65725be-ac99-38c2-3f14-c84d665f60f2@init servlet   ] [KLogging                      ] [@] Script [demo-issue] created.
 13/08/26 13:03:55,758 INFO  [d65725be-ac99-38c2-3f14-c84d665f60f2@init servlet   ] [KLogging                      ] [@] Script [demo-project] created.
 13/08/26 13:03:55,758 INFO  [d65725be-ac99-38c2-3f14-c84d665f60f2@init servlet   ] [KLogging                      ] [@] Script [demo-reporter-user] created.
 13/08/26 13:03:55,758 INFO  [d65725be-ac99-38c2-3f14-c84d665f60f2@init servlet   ] [KLogging                      ] [@] Script [demo-user] created.
 13/08/26 13:03:55,816 INFO  [d65725be-ac99-38c2-3f14-c84d665f60f2@init servlet   ] [KLogging                      ] [@] New script package [@jetbrains/youtrack-github-issues-client] created
 13/08/26 13:03:55,816 INFO  [d65725be-ac99-38c2-3f14-c84d665f60f2@init servlet   ] [KLogging                      ] [@] Script [github-content-converter] created.
 13/08/26 13:03:55,816 INFO  [d65725be-ac99-38c2-3f14-c84d665f60f2@init servlet   ] [KLogging                      ] [@] Script [github-content-loader] created.
 13/08/26 13:03:55,816 INFO  [d65725be-ac99-38c2-3f14-c84d665f60f2@init servlet   ] [KLogging                      ] [@] Script [github-history-converter] created.
 13/08/26 13:03:55,816 INFO  [d65725be-ac99-38c2-3f14-c84d665f60f2@init servlet   ] [KLogging                      ] [@] Script [github-issue-converter] created.
 13/08/26 13:03:55,816 INFO  [d65725be-ac99-38c2-3f14-c84d665f60f2@init servlet   ] [KLogging                      ] [@] Script [github-issues-client] created.
 13/08/26 13:03:55,816 INFO  [d65725be-ac99-38c2-3f14-c84d665f60f2@init servlet   ] [KLogging                      ] [@] Script [github-utils] created.
 13/08/26 13:03:55,864 INFO  [d65725be-ac99-38c2-3f14-c84d665f60f2@init servlet   ] [KLogging                      ] [@] New script package [@jetbrains/youtrack-gitlab-client] created
 13/08/26 13:03:55,864 INFO  [d65725be-ac99-38c2-3f14-c84d665f60f2@init servlet   ] [KLogging                      ] [@] Script [gitlab-client] created.
 13/08/26 13:03:55,864 INFO  [d65725be-ac99-38c2-3f14-c84d665f60f2@init servlet   ] [KLogging                      ] [@] Script [gitlab-connection] created.
 13/08/26 13:03:55,864 INFO  [d65725be-ac99-38c2-3f14-c84d665f60f2@init servlet   ] [KLogging                      ] [@] Script [gitlab-issue-converter] created.
 13/08/26 13:03:55,864 INFO  [d65725be-ac99-38c2-3f14-c84d665f60f2@init servlet   ] [KLogging                      ] [@] Script [gitlab-utils] created.
 13/08/26 13:03:55,912 INFO  [d65725be-ac99-38c2-3f14-c84d665f60f2@init servlet   ] [KLogging                      ] [@] New script package [@jetbrains/youtrack-wiki-to-markdown-converter] created
 13/08/26 13:03:55,913 INFO  [d65725be-ac99-38c2-3f14-c84d665f60f2@init servlet   ] [KLogging                      ] [@] Script [converter] created.
 13/08/26 13:03:56,025 INFO  [d65725be-ac99-38c2-3f14-c84d665f60f2@init servlet   ] [KLogging                      ] [@] New script package [@jetbrains/youtrack-jira-client] created
 13/08/26 13:03:56,025 INFO  [d65725be-ac99-38c2-3f14-c84d665f60f2@init servlet   ] [KLogging                      ] [@] Script [client] created.
 13/08/26 13:03:56,026 INFO  [d65725be-ac99-38c2-3f14-c84d665f60f2@init servlet   ] [KLogging                      ] [@] Script [events] created.
 13/08/26 13:03:56,026 INFO  [d65725be-ac99-38c2-3f14-c84d665f60f2@init servlet   ] [KLogging                      ] [@] Script [fields] created.
 13/08/26 13:03:56,026 INFO  [d65725be-ac99-38c2-3f14-c84d665f60f2@init servlet   ] [KLogging                      ] [@] Script [issue-handler] created.
 13/08/26 13:03:56,026 INFO  [d65725be-ac99-38c2-3f14-c84d665f60f2@init servlet   ] [KLogging                      ] [@] Script [links] created.
 13/08/26 13:03:56,026 INFO  [d65725be-ac99-38c2-3f14-c84d665f60f2@init servlet   ] [KLogging                      ] [@] Script [security] created.
 13/08/26 13:03:56,026 INFO  [d65725be-ac99-38c2-3f14-c84d665f60f2@init servlet   ] [KLogging                      ] [@] Script [utils] created.
 13/08/26 13:03:56,041 INFO  [d65725be-ac99-38c2-3f14-c84d665f60f2@init servlet   ] [KLogging                      ] [@] New script package [@jetbrains/youtrack-json-client] created
 13/08/26 13:03:56,041 INFO  [d65725be-ac99-38c2-3f14-c84d665f60f2@init servlet   ] [KLogging                      ] [@] Script [issues] created.
 13/08/26 13:03:56,042 INFO  [d65725be-ac99-38c2-3f14-c84d665f60f2@init servlet   ] [KLogging                      ] [@] Script [json-client] created.
 13/08/26 13:03:56,042 INFO  [d65725be-ac99-38c2-3f14-c84d665f60f2@init servlet   ] [KLogging                      ] [@] Script [projects] created.
 13/08/26 13:03:56,106 INFO  [d65725be-ac99-38c2-3f14-c84d665f60f2@init servlet   ] [KLogging                      ] [@] New script package [@jetbrains/youtrack-mantis-issues-client] created
 13/08/26 13:03:56,106 INFO  [d65725be-ac99-38c2-3f14-c84d665f60f2@init servlet   ] [KLogging                      ] [@] Script [mantis-issues-client] created.
 13/08/26 13:03:56,106 INFO  [d65725be-ac99-38c2-3f14-c84d665f60f2@init servlet   ] [KLogging                      ] [@] Script [utils] created.
 13/08/26 13:03:56,135 INFO  [d65725be-ac99-38c2-3f14-c84d665f60f2@init servlet   ] [KLogging                      ] [@] New script package [@jetbrains/youtrack-monday-client] created
 13/08/26 13:03:56,135 INFO  [d65725be-ac99-38c2-3f14-c84d665f60f2@init servlet   ] [KLogging                      ] [@] Script [attach] created.
 13/08/26 13:03:56,135 INFO  [d65725be-ac99-38c2-3f14-c84d665f60f2@init servlet   ] [KLogging                      ] [@] Script [attach_converter] created.
 13/08/26 13:03:56,135 INFO  [d65725be-ac99-38c2-3f14-c84d665f60f2@init servlet   ] [KLogging                      ] [@] Script [client] created.
 13/08/26 13:03:56,135 INFO  [d65725be-ac99-38c2-3f14-c84d665f60f2@init servlet   ] [KLogging                      ] [@] Script [comment] created.
 13/08/26 13:03:56,135 INFO  [d65725be-ac99-38c2-3f14-c84d665f60f2@init servlet   ] [KLogging                      ] [@] Script [field] created.
 13/08/26 13:03:56,135 INFO  [d65725be-ac99-38c2-3f14-c84d665f60f2@init servlet   ] [KLogging                      ] [@] Script [field_converter] created.
 13/08/26 13:03:56,135 INFO  [d65725be-ac99-38c2-3f14-c84d665f60f2@init servlet   ] [KLogging                      ] [@] Script [field_relation] created.
 13/08/26 13:03:56,135 INFO  [d65725be-ac99-38c2-3f14-c84d665f60f2@init servlet   ] [KLogging                      ] [@] Script [group] created.
 13/08/26 13:03:56,135 INFO  [d65725be-ac99-38c2-3f14-c84d665f60f2@init servlet   ] [KLogging                      ] [@] Script [history] created.
 13/08/26 13:03:56,135 INFO  [d65725be-ac99-38c2-3f14-c84d665f60f2@init servlet   ] [KLogging                      ] [@] Script [issue] created.
 13/08/26 13:03:56,135 INFO  [d65725be-ac99-38c2-3f14-c84d665f60f2@init servlet   ] [KLogging                      ] [@] Script [project] created.
 13/08/26 13:03:56,135 INFO  [d65725be-ac99-38c2-3f14-c84d665f60f2@init servlet   ] [KLogging                      ] [@] Script [project_field_converter] created.
 13/08/26 13:03:56,135 INFO  [d65725be-ac99-38c2-3f14-c84d665f60f2@init servlet   ] [KLogging                      ] [@] Script [query] created.
 13/08/26 13:03:56,135 INFO  [d65725be-ac99-38c2-3f14-c84d665f60f2@init servlet   ] [KLogging                      ] [@] Script [tag] created.
 13/08/26 13:03:56,135 INFO  [d65725be-ac99-38c2-3f14-c84d665f60f2@init servlet   ] [KLogging                      ] [@] Script [user] created.
 13/08/26 13:03:56,135 INFO  [d65725be-ac99-38c2-3f14-c84d665f60f2@init servlet   ] [KLogging                      ] [@] Script [util] created.
 13/08/26 13:03:56,135 INFO  [d65725be-ac99-38c2-3f14-c84d665f60f2@init servlet   ] [KLogging                      ] [@] Script [vote] created.
 13/08/26 13:03:56,210 INFO  [d65725be-ac99-38c2-3f14-c84d665f60f2@init servlet   ] [KLogging                      ] [@] New script package [@jetbrains/youtrack-redmine-client] created
 13/08/26 13:03:56,210 INFO  [d65725be-ac99-38c2-3f14-c84d665f60f2@init servlet   ] [KLogging                      ] [@] Script [connection] created.
 13/08/26 13:03:56,210 INFO  [d65725be-ac99-38c2-3f14-c84d665f60f2@init servlet   ] [KLogging                      ] [@] Script [redmine-client] created.
 13/08/26 13:03:56,210 INFO  [d65725be-ac99-38c2-3f14-c84d665f60f2@init servlet   ] [KLogging                      ] [@] Script [utils] created.
 13/08/26 13:03:56,287 INFO  [d65725be-ac99-38c2-3f14-c84d665f60f2@init servlet   ] [KLogging                      ] [@] New script package [@jetbrains/youtrack-space-client] created
 13/08/26 13:03:56,287 INFO  [d65725be-ac99-38c2-3f14-c84d665f60f2@init servlet   ] [KLogging                      ] [@] Script [space-article-converter] created.
 13/08/26 13:03:56,287 INFO  [d65725be-ac99-38c2-3f14-c84d665f60f2@init servlet   ] [KLogging                      ] [@] Script [space-artilce-cache] created.
 13/08/26 13:03:56,287 INFO  [d65725be-ac99-38c2-3f14-c84d665f60f2@init servlet   ] [KLogging                      ] [@] Script [space-client] created.
 13/08/26 13:03:56,287 INFO  [d65725be-ac99-38c2-3f14-c84d665f60f2@init servlet   ] [KLogging                      ] [@] Script [space-connection] created.
 13/08/26 13:03:56,287 INFO  [d65725be-ac99-38c2-3f14-c84d665f60f2@init servlet   ] [KLogging                      ] [@] Script [space-context] created.
 13/08/26 13:03:56,287 INFO  [d65725be-ac99-38c2-3f14-c84d665f60f2@init servlet   ] [KLogging                      ] [@] Script [space-issue-converter] created.
 13/08/26 13:03:56,287 INFO  [d65725be-ac99-38c2-3f14-c84d665f60f2@init servlet   ] [KLogging                      ] [@] Script [space-markdown-converter] created.
 13/08/26 13:03:56,287 INFO  [d65725be-ac99-38c2-3f14-c84d665f60f2@init servlet   ] [KLogging                      ] [@] Script [space-users] created.
 13/08/26 13:03:56,287 INFO  [d65725be-ac99-38c2-3f14-c84d665f60f2@init servlet   ] [KLogging                      ] [@] Script [space-utils] created.
 13/08/26 13:03:56,311 INFO  [d65725be-ac99-38c2-3f14-c84d665f60f2@init servlet   ] [KLogging                      ] [@] New script package [@jetbrains/youtrack-spreadsheets-client] created
 13/08/26 13:03:56,311 INFO  [d65725be-ac99-38c2-3f14-c84d665f60f2@init servlet   ] [KLogging                      ] [@] Script [attachment] created.
 13/08/26 13:03:56,311 INFO  [d65725be-ac99-38c2-3f14-c84d665f60f2@init servlet   ] [KLogging                      ] [@] Script [client] created.
 13/08/26 13:03:56,311 INFO  [d65725be-ac99-38c2-3f14-c84d665f60f2@init servlet   ] [KLogging                      ] [@] Script [comment] created.
 13/08/26 13:03:56,311 INFO  [d65725be-ac99-38c2-3f14-c84d665f60f2@init servlet   ] [KLogging                      ] [@] Script [field-converter] created.
 13/08/26 13:03:56,311 INFO  [d65725be-ac99-38c2-3f14-c84d665f60f2@init servlet   ] [KLogging                      ] [@] Script [field-recognizer] created.
 13/08/26 13:03:56,311 INFO  [d65725be-ac99-38c2-3f14-c84d665f60f2@init servlet   ] [KLogging                      ] [@] Script [field] created.
 13/08/26 13:03:56,311 INFO  [d65725be-ac99-38c2-3f14-c84d665f60f2@init servlet   ] [KLogging                      ] [@] Script [issue] created.
 13/08/26 13:03:56,312 INFO  [d65725be-ac99-38c2-3f14-c84d665f60f2@init servlet   ] [KLogging                      ] [@] Script [link] created.
 13/08/26 13:03:56,312 INFO  [d65725be-ac99-38c2-3f14-c84d665f60f2@init servlet   ] [KLogging                      ] [@] Script [old-issue] created.
 13/08/26 13:03:56,312 INFO  [d65725be-ac99-38c2-3f14-c84d665f60f2@init servlet   ] [KLogging                      ] [@] Script [project-field-converter] created.
 13/08/26 13:03:56,312 INFO  [d65725be-ac99-38c2-3f14-c84d665f60f2@init servlet   ] [KLogging                      ] [@] Script [project] created.
 13/08/26 13:03:56,312 INFO  [d65725be-ac99-38c2-3f14-c84d665f60f2@init servlet   ] [KLogging                      ] [@] Script [type-conversation] created.
 13/08/26 13:03:56,312 INFO  [d65725be-ac99-38c2-3f14-c84d665f60f2@init servlet   ] [KLogging                      ] [@] Script [user] created.
 13/08/26 13:03:56,312 INFO  [d65725be-ac99-38c2-3f14-c84d665f60f2@init servlet   ] [KLogging                      ] [@] Script [util] created.
 13/08/26 13:03:56,343 INFO  [d65725be-ac99-38c2-3f14-c84d665f60f2@init servlet   ] [KLogging                      ] [@] New script package [@jetbrains/youtrack-youtrack-client] created
 13/08/26 13:03:56,344 INFO  [d65725be-ac99-38c2-3f14-c84d665f60f2@init servlet   ] [KLogging                      ] [@] Script [youtrack-articles-history] created.
 13/08/26 13:03:56,344 INFO  [d65725be-ac99-38c2-3f14-c84d665f60f2@init servlet   ] [KLogging                      ] [@] Script [youtrack-articles] created.
 13/08/26 13:03:56,344 INFO  [d65725be-ac99-38c2-3f14-c84d665f60f2@init servlet   ] [KLogging                      ] [@] Script [youtrack-client] created.
 13/08/26 13:03:56,344 INFO  [d65725be-ac99-38c2-3f14-c84d665f60f2@init servlet   ] [KLogging                      ] [@] Script [youtrack-common-objects] created.
 13/08/26 13:03:56,344 INFO  [d65725be-ac99-38c2-3f14-c84d665f60f2@init servlet   ] [KLogging                      ] [@] Script [youtrack-connection] created.
 13/08/26 13:03:56,344 INFO  [d65725be-ac99-38c2-3f14-c84d665f60f2@init servlet   ] [KLogging                      ] [@] Script [youtrack-issues-fields] created.
 13/08/26 13:03:56,344 INFO  [d65725be-ac99-38c2-3f14-c84d665f60f2@init servlet   ] [KLogging                      ] [@] Script [youtrack-issues-history] created.
 13/08/26 13:03:56,344 INFO  [d65725be-ac99-38c2-3f14-c84d665f60f2@init servlet   ] [KLogging                      ] [@] Script [youtrack-issues] created.
 13/08/26 13:03:56,344 INFO  [d65725be-ac99-38c2-3f14-c84d665f60f2@init servlet   ] [KLogging                      ] [@] Script [youtrack-project] created.
 13/08/26 13:03:56,344 INFO  [d65725be-ac99-38c2-3f14-c84d665f60f2@init servlet   ] [KLogging                      ] [@] Script [youtrack-uri-creator] created.
 13/08/26 13:03:56,344 INFO  [d65725be-ac99-38c2-3f14-c84d665f60f2@init servlet   ] [KLogging                      ] [@] Script [youtrack-utils] created.
 13/08/26 13:03:56,445 INFO  [d65725be-ac99-38c2-3f14-c84d665f60f2@init servlet   ] [KLogging                      ] [@] New script package [@jetbrains/youtrack-zendesk-client] created
 13/08/26 13:03:56,445 INFO  [d65725be-ac99-38c2-3f14-c84d665f60f2@init servlet   ] [KLogging                      ] [@] Script [agreement] created.
 13/08/26 13:03:56,445 INFO  [d65725be-ac99-38c2-3f14-c84d665f60f2@init servlet   ] [KLogging                      ] [@] Script [connection] created.
 13/08/26 13:03:56,445 INFO  [d65725be-ac99-38c2-3f14-c84d665f60f2@init servlet   ] [KLogging                      ] [@] Script [on-imported-issue-update] created.
 13/08/26 13:03:56,445 INFO  [d65725be-ac99-38c2-3f14-c84d665f60f2@init servlet   ] [KLogging                      ] [@] Script [time-utils] created.
 13/08/26 13:03:56,445 INFO  [d65725be-ac99-38c2-3f14-c84d665f60f2@init servlet   ] [KLogging                      ] [@] Script [zendesk-cache-in-memory] created.
 13/08/26 13:03:56,445 INFO  [d65725be-ac99-38c2-3f14-c84d665f60f2@init servlet   ] [KLogging                      ] [@] Script [zendesk-cache] created.
 13/08/26 13:03:56,445 INFO  [d65725be-ac99-38c2-3f14-c84d665f60f2@init servlet   ] [KLogging                      ] [@] Script [zendesk-client-common] created.
 13/08/26 13:03:56,445 INFO  [d65725be-ac99-38c2-3f14-c84d665f60f2@init servlet   ] [KLogging                      ] [@] Script [zendesk-client] created.
 13/08/26 13:03:56,445 INFO  [d65725be-ac99-38c2-3f14-c84d665f60f2@init servlet   ] [KLogging                      ] [@] Script [zendesk-integration-client] created.
 13/08/26 13:03:56,445 INFO  [d65725be-ac99-38c2-3f14-c84d665f60f2@init servlet   ] [KLogging                      ] [@] Script [zendesk-integration-common] created.
 13/08/26 13:03:56,445 INFO  [d65725be-ac99-38c2-3f14-c84d665f60f2@init servlet   ] [KLogging                      ] [@] Script [zendesk-integration-historical-client] created.
 13/08/26 13:03:56,445 INFO  [d65725be-ac99-38c2-3f14-c84d665f60f2@init servlet   ] [KLogging                      ] [@] Script [zendesk-integration-incremental-client] created.
 13/08/26 13:03:56,446 INFO  [d65725be-ac99-38c2-3f14-c84d665f60f2@init servlet   ] [KLogging                      ] [@] Script [zendesk-integration-initial-client] created.
 13/08/26 13:03:56,446 INFO  [d65725be-ac99-38c2-3f14-c84d665f60f2@init servlet   ] [KLogging                      ] [@] Script [zendesk-user-cache] created.
 13/08/26 13:03:56,446 INFO  [d65725be-ac99-38c2-3f14-c84d665f60f2@init servlet   ] [KLogging                      ] [@] Script [zendesk-utils] created.
 13/08/26 13:03:56,469 INFO  [d65725be-ac99-38c2-3f14-c84d665f60f2@init servlet   ] [KLogging                      ] [@] New autoAttached script package [@jetbrains/youtrack-workflow-assignee-visibility-group] created
 13/08/26 13:03:56,469 INFO  [d65725be-ac99-38c2-3f14-c84d665f60f2@init servlet   ] [KLogging                      ] [@] Script [assignee-not-in-group] created.
 13/08/26 13:03:58,421 INFO  [d65725be-ac99-38c2-3f14-c84d665f60f2@init servlet   ] [KLogging                      ] [@] New script package [@jetbrains/youtrack-workflow-auto-raise-priority] created
 13/08/26 13:03:58,421 INFO  [d65725be-ac99-38c2-3f14-c84d665f60f2@init servlet   ] [KLogging                      ] [@] Script [from-normal-to-major-in-7-days] created.
 13/08/26 13:03:58,421 INFO  [d65725be-ac99-38c2-3f14-c84d665f60f2@init servlet   ] [KLogging                      ] [@] Script [from-major-to-critical-in-10-days] created.
 13/08/26 13:03:58,421 INFO  [d65725be-ac99-38c2-3f14-c84d665f60f2@init servlet   ] [KLogging                      ] [@] Script [from-critical-to-show-stopper-in-12-days] created.
 13/08/26 13:03:58,522 INFO  [d65725be-ac99-38c2-3f14-c84d665f60f2@init servlet   ] [KLogging                      ] [@] New script package [@jetbrains/youtrack-workflow-clear-fix-versions] created
 13/08/26 13:03:58,522 INFO  [d65725be-ac99-38c2-3f14-c84d665f60f2@init servlet   ] [KLogging                      ] [@] Script [clear-fix-versions] created.
 13/08/26 13:03:58,528 INFO  [d65725be-ac99-38c2-3f14-c84d665f60f2@init servlet   ] [KLogging                      ] [@] New autoAttached script package [@jetbrains/youtrack-workflow-clone-article] created
 13/08/26 13:03:58,528 INFO  [d65725be-ac99-38c2-3f14-c84d665f60f2@init servlet   ] [KLogging                      ] [@] Script [clone-to-draft] created.
 13/08/26 13:03:58,535 INFO  [d65725be-ac99-38c2-3f14-c84d665f60f2@init servlet   ] [KLogging                      ] [@] New autoAttached script package [@jetbrains/youtrack-workflow-clone-issue] created
 13/08/26 13:03:58,536 INFO  [d65725be-ac99-38c2-3f14-c84d665f60f2@init servlet   ] [KLogging                      ] [@] Script [clone-to-draft] created.
 13/08/26 13:03:58,536 INFO  [d65725be-ac99-38c2-3f14-c84d665f60f2@init servlet   ] [KLogging                      ] [@] Script [clone] created.
 13/08/26 13:03:58,587 INFO  [d65725be-ac99-38c2-3f14-c84d665f60f2@init servlet   ] [KLogging                      ] [@] New script package [@jetbrains/youtrack-workflow-comments] created
 13/08/26 13:03:58,587 INFO  [d65725be-ac99-38c2-3f14-c84d665f60f2@init servlet   ] [KLogging                      ] [@] Script [no-comments-for-verified] created.
 13/08/26 13:03:58,592 INFO  [d65725be-ac99-38c2-3f14-c84d665f60f2@init servlet   ] [KLogging                      ] [@] New script package [@jetbrains/youtrack-workflow-default-description] created
 13/08/26 13:03:58,592 INFO  [d65725be-ac99-38c2-3f14-c84d665f60f2@init servlet   ] [KLogging                      ] [@] Script [default-description] created.
 13/08/26 13:03:58,596 INFO  [d65725be-ac99-38c2-3f14-c84d665f60f2@init servlet   ] [KLogging                      ] [@] New script package [@jetbrains/youtrack-workflow-dependencies] created
 13/08/26 13:03:58,597 INFO  [d65725be-ac99-38c2-3f14-c84d665f60f2@init servlet   ] [KLogging                      ] [@] Script [fix-with-unresolved-links] created.
 13/08/26 13:03:58,603 INFO  [d65725be-ac99-38c2-3f14-c84d665f60f2@init servlet   ] [KLogging                      ] [@] New script package [@jetbrains/youtrack-workflow-due-date] created
 13/08/26 13:03:58,603 INFO  [d65725be-ac99-38c2-3f14-c84d665f60f2@init servlet   ] [KLogging                      ] [@] Script [notify-assignee-on-overdue] created.
 13/08/26 13:03:58,603 INFO  [d65725be-ac99-38c2-3f14-c84d665f60f2@init servlet   ] [KLogging                      ] [@] Script [require-due-date] created.
 13/08/26 13:03:58,609 INFO  [d65725be-ac99-38c2-3f14-c84d665f60f2@init servlet   ] [KLogging                      ] [@] New autoAttached script package [@jetbrains/youtrack-workflow-duplicates] created
 13/08/26 13:03:58,609 INFO  [d65725be-ac99-38c2-3f14-c84d665f60f2@init servlet   ] [KLogging                      ] [@] Script [flatten-duplicates-structure] created.
 13/08/26 13:03:58,609 INFO  [d65725be-ac99-38c2-3f14-c84d665f60f2@init servlet   ] [KLogging                      ] [@] Script [issue-in-duplicate-state-must-have-duplicates-link] created.
 13/08/26 13:03:58,609 INFO  [d65725be-ac99-38c2-3f14-c84d665f60f2@init servlet   ] [KLogging                      ] [@] Script [raise-priority-when-duplicate-added] created.
 13/08/26 13:03:58,609 INFO  [d65725be-ac99-38c2-3f14-c84d665f60f2@init servlet   ] [KLogging                      ] [@] Script [reopen-issue-when-last-duplicate-removed] created.
 13/08/26 13:03:58,609 INFO  [d65725be-ac99-38c2-3f14-c84d665f60f2@init servlet   ] [KLogging                      ] [@] Script [set-to-duplicate-when-have-duplicates-link] created.
 13/08/26 13:03:58,619 INFO  [d65725be-ac99-38c2-3f14-c84d665f60f2@init servlet   ] [KLogging                      ] [@] New script package [@jetbrains/youtrack-workflow-forgotten-attachment] created
 13/08/26 13:03:58,619 INFO  [d65725be-ac99-38c2-3f14-c84d665f60f2@init servlet   ] [KLogging                      ] [@] Script [attach-file-comment] created.
 13/08/26 13:03:58,619 INFO  [d65725be-ac99-38c2-3f14-c84d665f60f2@init servlet   ] [KLogging                      ] [@] Script [attach-file-description] created.
 13/08/26 13:03:58,619 INFO  [d65725be-ac99-38c2-3f14-c84d665f60f2@init servlet   ] [KLogging                      ] [@] Script [attach-file-utils] created.
 13/08/26 13:03:58,627 INFO  [d65725be-ac99-38c2-3f14-c84d665f60f2@init servlet   ] [KLogging                      ] [@] New script package [@jetbrains/youtrack-workflow-helpdesk] created
 13/08/26 13:03:58,627 INFO  [d65725be-ac99-38c2-3f14-c84d665f60f2@init servlet   ] [KLogging                      ] [@] Script [copy-to-issue-tracker] created.
 13/08/26 13:03:58,627 INFO  [d65725be-ac99-38c2-3f14-c84d665f60f2@init servlet   ] [KLogging                      ] [@] Script [duplicate] created.
 13/08/26 13:03:58,627 INFO  [d65725be-ac99-38c2-3f14-c84d665f60f2@init servlet   ] [KLogging                      ] [@] Script [merge-tickets] created.
 13/08/26 13:03:58,627 INFO  [d65725be-ac99-38c2-3f14-c84d665f60f2@init servlet   ] [KLogging                      ] [@] Script [pending-ticket-retention] created.
 13/08/26 13:03:58,627 INFO  [d65725be-ac99-38c2-3f14-c84d665f60f2@init servlet   ] [KLogging                      ] [@] Script [reopen-on-reporter-reply] created.
 13/08/26 13:03:58,627 INFO  [d65725be-ac99-38c2-3f14-c84d665f60f2@init servlet   ] [KLogging                      ] [@] Script [set-assignee-on-first-reply] created.
 13/08/26 13:03:58,627 INFO  [d65725be-ac99-38c2-3f14-c84d665f60f2@init servlet   ] [KLogging                      ] [@] Script [ticket-from-comment] created.
 13/08/26 13:03:58,683 INFO  [d65725be-ac99-38c2-3f14-c84d665f60f2@init servlet   ] [KLogging                      ] [@] New script package [@jetbrains/youtrack-workflow-issue-properties-combinations] created
 13/08/26 13:03:58,683 INFO  [d65725be-ac99-38c2-3f14-c84d665f60f2@init servlet   ] [KLogging                      ] [@] Script [denied-combinations] created.
 13/08/26 13:03:58,688 INFO  [d65725be-ac99-38c2-3f14-c84d665f60f2@init servlet   ] [KLogging                      ] [@] New script package [@jetbrains/youtrack-workflow-kanban] created
 13/08/26 13:03:58,688 INFO  [d65725be-ac99-38c2-3f14-c84d665f60f2@init servlet   ] [KLogging                      ] [@] Script [allow-moving-ready-to-pull-only] created.
 13/08/26 13:03:58,688 INFO  [d65725be-ac99-38c2-3f14-c84d665f60f2@init servlet   ] [KLogging                      ] [@] Script [assign-on-move] created.
 13/08/26 13:03:58,697 INFO  [d65725be-ac99-38c2-3f14-c84d665f60f2@init servlet   ] [KLogging                      ] [@] New script package [@jetbrains/youtrack-workflow-notify-reporter-to-approve-fix] created
 13/08/26 13:03:58,697 INFO  [d65725be-ac99-38c2-3f14-c84d665f60f2@init servlet   ] [KLogging                      ] [@] Script [notify-reporter-to-approve-fix] created.
 13/08/26 13:03:58,697 INFO  [d65725be-ac99-38c2-3f14-c84d665f60f2@init servlet   ] [KLogging                      ] [@] Script [state-lifecycle-with-verification-by-reporter] created.
 13/08/26 13:03:58,703 INFO  [d65725be-ac99-38c2-3f14-c84d665f60f2@init servlet   ] [KLogging                      ] [@] New script package [@jetbrains/youtrack-workflow-notify-when-dependency-resolved] created
 13/08/26 13:03:58,703 INFO  [d65725be-ac99-38c2-3f14-c84d665f60f2@init servlet   ] [KLogging                      ] [@] Script [notify-when-dependency-resolved] created.
 13/08/26 13:03:58,711 INFO  [d65725be-ac99-38c2-3f14-c84d665f60f2@init servlet   ] [KLogging                      ] [@] New autoAttached script package [@jetbrains/youtrack-workflow-one-vote-comment] created
 13/08/26 13:03:58,711 INFO  [d65725be-ac99-38c2-3f14-c84d665f60f2@init servlet   ] [KLogging                      ] [@] Script [vote-for-issue] created.
 13/08/26 13:03:58,719 INFO  [d65725be-ac99-38c2-3f14-c84d665f60f2@init servlet   ] [KLogging                      ] [@] New script package [@jetbrains/youtrack-workflow-pomodoro-timer] created
 13/08/26 13:03:58,719 INFO  [d65725be-ac99-38c2-3f14-c84d665f60f2@init servlet   ] [KLogging                      ] [@] Script [dont-change-reason-manually] created.
 13/08/26 13:03:58,719 INFO  [d65725be-ac99-38c2-3f14-c84d665f60f2@init servlet   ] [KLogging                      ] [@] Script [pomodoro-countdown] created.
 13/08/26 13:03:58,719 INFO  [d65725be-ac99-38c2-3f14-c84d665f60f2@init servlet   ] [KLogging                      ] [@] Script [pomodoro-states] created.
 13/08/26 13:03:58,727 INFO  [d65725be-ac99-38c2-3f14-c84d665f60f2@init servlet   ] [KLogging                      ] [@] New script package [@jetbrains/youtrack-workflow-profanity-blocker] created
 13/08/26 13:03:58,727 INFO  [d65725be-ac99-38c2-3f14-c84d665f60f2@init servlet   ] [KLogging                      ] [@] Script [profanity-blocker] created.
 13/08/26 13:03:58,727 INFO  [d65725be-ac99-38c2-3f14-c84d665f60f2@init servlet   ] [KLogging                      ] [@] Script [profanity-common] created.
 13/08/26 13:03:58,734 INFO  [d65725be-ac99-38c2-3f14-c84d665f60f2@init servlet   ] [KLogging                      ] [@] New script package [@jetbrains/youtrack-workflow-referred-issues] created
 13/08/26 13:03:58,734 INFO  [d65725be-ac99-38c2-3f14-c84d665f60f2@init servlet   ] [KLogging                      ] [@] Script [add-refers-link-to-mentioned-issues] created.
 13/08/26 13:03:58,740 INFO  [d65725be-ac99-38c2-3f14-c84d665f60f2@init servlet   ] [KLogging                      ] [@] New script package [@jetbrains/youtrack-workflow-replace-links] created
 13/08/26 13:03:58,740 INFO  [d65725be-ac99-38c2-3f14-c84d665f60f2@init servlet   ] [KLogging                      ] [@] Script [replace-links] created.
 13/08/26 13:03:58,745 INFO  [d65725be-ac99-38c2-3f14-c84d665f60f2@init servlet   ] [KLogging                      ] [@] New script package [@jetbrains/youtrack-workflow-resolved-votes] created
 13/08/26 13:03:58,745 INFO  [d65725be-ac99-38c2-3f14-c84d665f60f2@init servlet   ] [KLogging                      ] [@] Script [no-votes-for-resolved] created.
 13/08/26 13:03:58,755 INFO  [d65725be-ac99-38c2-3f14-c84d665f60f2@init servlet   ] [KLogging                      ] [@] New script package [@jetbrains/youtrack-workflow-scrum] created
 13/08/26 13:03:58,755 INFO  [d65725be-ac99-38c2-3f14-c84d665f60f2@init servlet   ] [KLogging                      ] [@] Script [assign-on-move] created.
 13/08/26 13:03:58,755 INFO  [d65725be-ac99-38c2-3f14-c84d665f60f2@init servlet   ] [KLogging                      ] [@] Script [fix-parent-on-subtasks-resolve] created.
 13/08/26 13:03:58,755 INFO  [d65725be-ac99-38c2-3f14-c84d665f60f2@init servlet   ] [KLogging                      ] [@] Script [no-ideal-days-for-epics] created.
 13/08/26 13:03:58,755 INFO  [d65725be-ac99-38c2-3f14-c84d665f60f2@init servlet   ] [KLogging                      ] [@] Script [no-story-points-for-tasks] created.
 13/08/26 13:03:58,755 INFO  [d65725be-ac99-38c2-3f14-c84d665f60f2@init servlet   ] [KLogging                      ] [@] Script [open-parent-on-subtask-open] created.
 13/08/26 13:03:58,765 INFO  [d65725be-ac99-38c2-3f14-c84d665f60f2@init servlet   ] [KLogging                      ] [@] New script package [@jetbrains/youtrack-workflow-scrum-2] created
 13/08/26 13:03:58,765 INFO  [d65725be-ac99-38c2-3f14-c84d665f60f2@init servlet   ] [KLogging                      ] [@] Script [assign-on-move] created.
 13/08/26 13:03:58,765 INFO  [d65725be-ac99-38c2-3f14-c84d665f60f2@init servlet   ] [KLogging                      ] [@] Script [fix-parent-on-subtasks-resolve] created.
 13/08/26 13:03:58,765 INFO  [d65725be-ac99-38c2-3f14-c84d665f60f2@init servlet   ] [KLogging                      ] [@] Script [open-parent-on-subtask-open] created.
 13/08/26 13:03:58,770 INFO  [d65725be-ac99-38c2-3f14-c84d665f60f2@init servlet   ] [KLogging                      ] [@] New script package [@jetbrains/youtrack-workflow-set-fix-versions] created
 13/08/26 13:03:58,771 INFO  [d65725be-ac99-38c2-3f14-c84d665f60f2@init servlet   ] [KLogging                      ] [@] Script [assert-fix-versions] created.
 13/08/26 13:03:58,776 INFO  [d65725be-ac99-38c2-3f14-c84d665f60f2@init servlet   ] [KLogging                      ] [@] New script package [@jetbrains/youtrack-workflow-slack-notifications-simple] created
 13/08/26 13:03:58,776 INFO  [d65725be-ac99-38c2-3f14-c84d665f60f2@init servlet   ] [KLogging                      ] [@] Script [send-to-slack] created.
 13/08/26 13:03:58,783 INFO  [d65725be-ac99-38c2-3f14-c84d665f60f2@init servlet   ] [KLogging                      ] [@] New script package [@jetbrains/youtrack-workflow-spam] created
 13/08/26 13:03:58,783 INFO  [d65725be-ac99-38c2-3f14-c84d665f60f2@init servlet   ] [KLogging                      ] [@] Script [close-spam-ticket] created.
 13/08/26 13:03:58,783 INFO  [d65725be-ac99-38c2-3f14-c84d665f60f2@init servlet   ] [KLogging                      ] [@] Script [delete-spam-after-month] created.
 13/08/26 13:03:58,790 INFO  [d65725be-ac99-38c2-3f14-c84d665f60f2@init servlet   ] [KLogging                      ] [@] New script package [@jetbrains/youtrack-workflow-standalone-work-timer] created
 13/08/26 13:03:58,791 INFO  [d65725be-ac99-38c2-3f14-c84d665f60f2@init servlet   ] [KLogging                      ] [@] Script [start-timer] created.
 13/08/26 13:03:58,791 INFO  [d65725be-ac99-38c2-3f14-c84d665f60f2@init servlet   ] [KLogging                      ] [@] Script [stop-timer] created.
 13/08/26 13:03:58,796 INFO  [d65725be-ac99-38c2-3f14-c84d665f60f2@init servlet   ] [KLogging                      ] [@] New autoAttached script package [@jetbrains/youtrack-workflow-subsystem-assignee] created
 13/08/26 13:03:58,796 INFO  [d65725be-ac99-38c2-3f14-c84d665f60f2@init servlet   ] [KLogging                      ] [@] Script [set-assignee] created.
 13/08/26 13:03:58,805 INFO  [d65725be-ac99-38c2-3f14-c84d665f60f2@init servlet   ] [KLogging                      ] [@] New script package [@jetbrains/youtrack-workflow-subtask-inherit-assignee] created
 13/08/26 13:03:58,805 INFO  [d65725be-ac99-38c2-3f14-c84d665f60f2@init servlet   ] [KLogging                      ] [@] Script [inherit-assignee] created.
 13/08/26 13:03:58,805 INFO  [d65725be-ac99-38c2-3f14-c84d665f60f2@init servlet   ] [KLogging                      ] [@] Script [update-assignee] created.
 13/08/26 13:03:58,812 INFO  [d65725be-ac99-38c2-3f14-c84d665f60f2@init servlet   ] [KLogging                      ] [@] New script package [@jetbrains/youtrack-workflow-subtask-inherit-fix-versions] created
 13/08/26 13:03:58,812 INFO  [d65725be-ac99-38c2-3f14-c84d665f60f2@init servlet   ] [KLogging                      ] [@] Script [copy-values] created.
 13/08/26 13:03:58,812 INFO  [d65725be-ac99-38c2-3f14-c84d665f60f2@init servlet   ] [KLogging                      ] [@] Script [inherit-fix-versions] created.
 13/08/26 13:03:58,812 INFO  [d65725be-ac99-38c2-3f14-c84d665f60f2@init servlet   ] [KLogging                      ] [@] Script [update-fix-versions] created.
 13/08/26 13:03:58,822 INFO  [d65725be-ac99-38c2-3f14-c84d665f60f2@init servlet   ] [KLogging                      ] [@] New script package [@jetbrains/youtrack-workflow-subtask-inherit-subsystem] created
 13/08/26 13:03:58,822 INFO  [d65725be-ac99-38c2-3f14-c84d665f60f2@init servlet   ] [KLogging                      ] [@] Script [inherit-subsystem] created.
 13/08/26 13:03:58,822 INFO  [d65725be-ac99-38c2-3f14-c84d665f60f2@init servlet   ] [KLogging                      ] [@] Script [update-subsystem] created.
 13/08/26 13:03:58,829 INFO  [d65725be-ac99-38c2-3f14-c84d665f60f2@init servlet   ] [KLogging                      ] [@] New autoAttached script package [@jetbrains/youtrack-workflow-subtasks] created
 13/08/26 13:03:58,829 INFO  [d65725be-ac99-38c2-3f14-c84d665f60f2@init servlet   ] [KLogging                      ] [@] Script [fix-parent-on-subtasks-resolve] created.
 13/08/26 13:03:58,829 INFO  [d65725be-ac99-38c2-3f14-c84d665f60f2@init servlet   ] [KLogging                      ] [@] Script [open-parent-on-subtask-open] created.
 13/08/26 13:03:58,836 INFO  [d65725be-ac99-38c2-3f14-c84d665f60f2@init servlet   ] [KLogging                      ] [@] New script package [@jetbrains/youtrack-workflow-task-assignee] created
 13/08/26 13:03:58,836 INFO  [d65725be-ac99-38c2-3f14-c84d665f60f2@init servlet   ] [KLogging                      ] [@] Script [task-assignee] created.
 13/08/26 13:03:58,844 INFO  [d65725be-ac99-38c2-3f14-c84d665f60f2@init servlet   ] [KLogging                      ] [@] New script package [@jetbrains/youtrack-workflow-time-management] created
 13/08/26 13:03:58,844 INFO  [d65725be-ac99-38c2-3f14-c84d665f60f2@init servlet   ] [KLogging                      ] [@] Script [time-management] created.
 13/08/26 13:03:58,850 INFO  [d65725be-ac99-38c2-3f14-c84d665f60f2@init servlet   ] [KLogging                      ] [@] New script package [@jetbrains/youtrack-workflow-untag-on-reopen] created
 13/08/26 13:03:58,850 INFO  [d65725be-ac99-38c2-3f14-c84d665f60f2@init servlet   ] [KLogging                      ] [@] Script [untag-on-reopen] created.
 13/08/26 13:03:58,858 INFO  [d65725be-ac99-38c2-3f14-c84d665f60f2@init servlet   ] [KLogging                      ] [@] New autoAttached script package [@jetbrains/youtrack-workflow-update-fix-build] created
 13/08/26 13:03:58,858 INFO  [d65725be-ac99-38c2-3f14-c84d665f60f2@init servlet   ] [KLogging                      ] [@] Script [clear-on-unresolve] created.
 13/08/26 13:03:58,858 INFO  [d65725be-ac99-38c2-3f14-c84d665f60f2@init servlet   ] [KLogging                      ] [@] Script [copy-from-duplicated-issue] created.
 13/08/26 13:03:58,858 INFO  [d65725be-ac99-38c2-3f14-c84d665f60f2@init servlet   ] [KLogging                      ] [@] Script [set-to-duplicate] created.
 13/08/26 13:03:58,870 INFO  [d65725be-ac99-38c2-3f14-c84d665f60f2@init servlet   ] [KLogging                      ] [@] New script package [@jetbrains/youtrack-workflow-watcher-by-votes] created
 13/08/26 13:03:58,871 INFO  [d65725be-ac99-38c2-3f14-c84d665f60f2@init servlet   ] [KLogging                      ] [@] Script [add-project-leader] created.
 13/08/26 13:03:58,910 INFO  [d65725be-ac99-38c2-3f14-c84d665f60f2@init servlet   ] [KLogging                      ] [@] New script package [@jetbrains/youtrack-workflow-wont-fix-build] created
 13/08/26 13:03:58,910 INFO  [d65725be-ac99-38c2-3f14-c84d665f60f2@init servlet   ] [KLogging                      ] [@] Script [set-build-to-never] created.
 13/08/26 13:03:58,918 INFO  [d65725be-ac99-38c2-3f14-c84d665f60f2@init servlet   ] [KLogging                      ] [@] New script package [@jetbrains/youtrack-workflow-work-timer] created
 13/08/26 13:03:58,918 INFO  [d65725be-ac99-38c2-3f14-c84d665f60f2@init servlet   ] [KLogging                      ] [@] Script [start-timer] created.
 13/08/26 13:03:58,918 INFO  [d65725be-ac99-38c2-3f14-c84d665f60f2@init servlet   ] [KLogging                      ] [@] Script [stop-timer] created.
 13/08/26 13:03:58,983 INFO  [d65725be-ac99-38c2-3f14-c84d665f60f2@init servlet   ] [KLogging                      ] [@] New script package [@jetbrains/youtrack-ai-tools] created
 13/08/26 13:03:58,983 INFO  [d65725be-ac99-38c2-3f14-c84d665f60f2@init servlet   ] [KLogging                      ] [@] Script [add_issue_comment] created.
 13/08/26 13:03:58,983 INFO  [d65725be-ac99-38c2-3f14-c84d665f60f2@init servlet   ] [KLogging                      ] [@] Script [change_issue_assignee] created.
 13/08/26 13:03:58,983 INFO  [d65725be-ac99-38c2-3f14-c84d665f60f2@init servlet   ] [KLogging                      ] [@] Script [create_article] created.
 13/08/26 13:03:58,983 INFO  [d65725be-ac99-38c2-3f14-c84d665f60f2@init servlet   ] [KLogging                      ] [@] Script [create_draft_issue] created.
 13/08/26 13:03:58,983 INFO  [d65725be-ac99-38c2-3f14-c84d665f60f2@init servlet   ] [KLogging                      ] [@] Script [create_issue] created.
 13/08/26 13:03:58,983 INFO  [d65725be-ac99-38c2-3f14-c84d665f60f2@init servlet   ] [KLogging                      ] [@] Script [fields_util] created.
 13/08/26 13:03:58,983 INFO  [d65725be-ac99-38c2-3f14-c84d665f60f2@init servlet   ] [KLogging                      ] [@] Script [find_projects] created.
 13/08/26 13:03:58,983 INFO  [d65725be-ac99-38c2-3f14-c84d665f60f2@init servlet   ] [KLogging                      ] [@] Script [find_user] created.
 13/08/26 13:03:58,984 INFO  [d65725be-ac99-38c2-3f14-c84d665f60f2@init servlet   ] [KLogging                      ] [@] Script [find_user_groups] created.
 13/08/26 13:03:58,984 INFO  [d65725be-ac99-38c2-3f14-c84d665f60f2@init servlet   ] [KLogging                      ] [@] Script [get_article] created.
 13/08/26 13:03:58,984 INFO  [d65725be-ac99-38c2-3f14-c84d665f60f2@init servlet   ] [KLogging                      ] [@] Script [get_current_user] created.
 13/08/26 13:03:58,984 INFO  [d65725be-ac99-38c2-3f14-c84d665f60f2@init servlet   ] [KLogging                      ] [@] Script [get_issue] created.
 13/08/26 13:03:58,984 INFO  [d65725be-ac99-38c2-3f14-c84d665f60f2@init servlet   ] [KLogging                      ] [@] Script [get_issue_comments] created.
 13/08/26 13:03:58,984 INFO  [d65725be-ac99-38c2-3f14-c84d665f60f2@init servlet   ] [KLogging                      ] [@] Script [get_issue_fields_schema] created.
 13/08/26 13:03:58,984 INFO  [d65725be-ac99-38c2-3f14-c84d665f60f2@init servlet   ] [KLogging                      ] [@] Script [get_project] created.
 13/08/26 13:03:58,984 INFO  [d65725be-ac99-38c2-3f14-c84d665f60f2@init servlet   ] [KLogging                      ] [@] Script [get_saved_issue_searches] created.
 13/08/26 13:03:58,984 INFO  [d65725be-ac99-38c2-3f14-c84d665f60f2@init servlet   ] [KLogging                      ] [@] Script [get_user_group_members] created.
 13/08/26 13:03:58,984 INFO  [d65725be-ac99-38c2-3f14-c84d665f60f2@init servlet   ] [KLogging                      ] [@] Script [link_issues] created.
 13/08/26 13:03:58,984 INFO  [d65725be-ac99-38c2-3f14-c84d665f60f2@init servlet   ] [KLogging                      ] [@] Script [log_work] created.
 13/08/26 13:03:58,984 INFO  [d65725be-ac99-38c2-3f14-c84d665f60f2@init servlet   ] [KLogging                      ] [@] Script [manage_issue_tags] created.
 13/08/26 13:03:58,984 INFO  [d65725be-ac99-38c2-3f14-c84d665f60f2@init servlet   ] [KLogging                      ] [@] Script [search_articles] created.
 13/08/26 13:03:58,984 INFO  [d65725be-ac99-38c2-3f14-c84d665f60f2@init servlet   ] [KLogging                      ] [@] Script [search_issues] created.
 13/08/26 13:03:58,984 INFO  [d65725be-ac99-38c2-3f14-c84d665f60f2@init servlet   ] [KLogging                      ] [@] Script [update_article] created.
 13/08/26 13:03:58,984 INFO  [d65725be-ac99-38c2-3f14-c84d665f60f2@init servlet   ] [KLogging                      ] [@] Script [update_issue] created.
 13/08/26 13:03:58,984 INFO  [d65725be-ac99-38c2-3f14-c84d665f60f2@init servlet   ] [KLogging                      ] [@] Script [util] created.
 13/08/26 13:03:59,098 INFO  [d65725be-ac99-38c2-3f14-c84d665f60f2@init servlet   ] [security                      ] [@] field Priority[__CUSTOM_FIELD__Priority_0] created
 13/08/26 13:03:59,102 INFO  [d65725be-ac99-38c2-3f14-c84d665f60f2@init servlet   ] [security                      ] [@] Bundle with name: Priorities created with fields [Show-stopper,Critical,Major,Normal,Minor]
 13/08/26 13:03:59,108 INFO  [d65725be-ac99-38c2-3f14-c84d665f60f2@init servlet   ] [security                      ] [@] for field Priority Default bundle is set to Priorities.
 13/08/26 13:03:59,110 INFO  [d65725be-ac99-38c2-3f14-c84d665f60f2@init servlet   ] [security                      ] [@] for field Priority default values are set to [Normal].
 13/08/26 13:03:59,110 INFO  [d65725be-ac99-38c2-3f14-c84d665f60f2@init servlet   ] [security                      ] [@] for field Priority default empty field text is set to No Priority.
 13/08/26 13:03:59,111 INFO  [d65725be-ac99-38c2-3f14-c84d665f60f2@init servlet   ] [security                      ] [@] field Type[__CUSTOM_FIELD__Type_1] created
 13/08/26 13:03:59,113 INFO  [d65725be-ac99-38c2-3f14-c84d665f60f2@init servlet   ] [security                      ] [@] Bundle with name: Types created with fields [Bug,Cosmetics,Exception,Feature,Task,Usability Problem,Performance Problem,Epic]
 13/08/26 13:03:59,116 INFO  [d65725be-ac99-38c2-3f14-c84d665f60f2@init servlet   ] [security                      ] [@] for field Type Default bundle is set to Types.
 13/08/26 13:03:59,117 INFO  [d65725be-ac99-38c2-3f14-c84d665f60f2@init servlet   ] [security                      ] [@] for field Type default values are set to [Bug].
 13/08/26 13:03:59,118 INFO  [d65725be-ac99-38c2-3f14-c84d665f60f2@init servlet   ] [security                      ] [@] for field Type default empty field text is set to No Type.
 13/08/26 13:03:59,118 INFO  [d65725be-ac99-38c2-3f14-c84d665f60f2@init servlet   ] [security                      ] [@] field State[__CUSTOM_FIELD__State_2] created
 13/08/26 13:03:59,121 INFO  [d65725be-ac99-38c2-3f14-c84d665f60f2@init servlet   ] [security                      ] [@] Bundle with name: States created with fields [Submitted,Open,In Progress,To be discussed,Reopened,Can't Reproduce,Duplicate,Fixed,Won't fix,Incomplete,Obsolete,Verified]
 13/08/26 13:03:59,124 INFO  [d65725be-ac99-38c2-3f14-c84d665f60f2@init servlet   ] [security                      ] [@] for field State Default bundle is set to States.
 13/08/26 13:03:59,125 INFO  [d65725be-ac99-38c2-3f14-c84d665f60f2@init servlet   ] [security                      ] [@] for field State default values are set to [Submitted].
 13/08/26 13:03:59,126 INFO  [d65725be-ac99-38c2-3f14-c84d665f60f2@init servlet   ] [security                      ] [@] for field State default empty field text is set to No State.
 13/08/26 13:03:59,126 INFO  [d65725be-ac99-38c2-3f14-c84d665f60f2@init servlet   ] [security                      ] [@] field Assignee[__CUSTOM_FIELD__Assignee_3] created
 13/08/26 13:03:59,127 INFO  [d65725be-ac99-38c2-3f14-c84d665f60f2@init servlet   ] [security                      ] [@] for field Assignee Default bundle is set to <empty>.
 13/08/26 13:03:59,128 INFO  [d65725be-ac99-38c2-3f14-c84d665f60f2@init servlet   ] [security                      ] [@] for field Assignee default values are set to [].
 13/08/26 13:03:59,129 INFO  [d65725be-ac99-38c2-3f14-c84d665f60f2@init servlet   ] [security                      ] [@] for field Assignee default empty field text is set to Unassigned.
 13/08/26 13:03:59,130 INFO  [d65725be-ac99-38c2-3f14-c84d665f60f2@init servlet   ] [security                      ] [@] field Subsystem[__CUSTOM_FIELD__Subsystem_4] created
 13/08/26 13:03:59,130 INFO  [d65725be-ac99-38c2-3f14-c84d665f60f2@init servlet   ] [security                      ] [@] for field Subsystem Default bundle is set to <empty>.
 13/08/26 13:03:59,131 INFO  [d65725be-ac99-38c2-3f14-c84d665f60f2@init servlet   ] [security                      ] [@] for field Subsystem default values are set to [].
 13/08/26 13:03:59,131 INFO  [d65725be-ac99-38c2-3f14-c84d665f60f2@init servlet   ] [security                      ] [@] for field Subsystem default empty field text is set to No Subsystem.
 13/08/26 13:03:59,131 INFO  [d65725be-ac99-38c2-3f14-c84d665f60f2@init servlet   ] [security                      ] [@] field Fix versions[__CUSTOM_FIELD__Fix versions_5] created
 13/08/26 13:03:59,133 INFO  [d65725be-ac99-38c2-3f14-c84d665f60f2@init servlet   ] [security                      ] [@] Bundle with name: Versions created with fields []
 13/08/26 13:03:59,134 INFO  [d65725be-ac99-38c2-3f14-c84d665f60f2@init servlet   ] [security                      ] [@] for field Fix versions Default bundle is set to Versions.
 13/08/26 13:03:59,135 INFO  [d65725be-ac99-38c2-3f14-c84d665f60f2@init servlet   ] [security                      ] [@] for field Fix versions default values are set to [].
 13/08/26 13:03:59,135 INFO  [d65725be-ac99-38c2-3f14-c84d665f60f2@init servlet   ] [security                      ] [@] for field Fix versions default empty field text is set to Unscheduled.
 13/08/26 13:03:59,136 INFO  [d65725be-ac99-38c2-3f14-c84d665f60f2@init servlet   ] [security                      ] [@] field Affected versions[__CUSTOM_FIELD__Affected versions_6] created
 13/08/26 13:03:59,137 INFO  [d65725be-ac99-38c2-3f14-c84d665f60f2@init servlet   ] [security                      ] [@] for field Affected versions Default bundle is set to Versions.
 13/08/26 13:03:59,138 INFO  [d65725be-ac99-38c2-3f14-c84d665f60f2@init servlet   ] [security                      ] [@] for field Affected versions default values are set to [].
 13/08/26 13:03:59,140 INFO  [d65725be-ac99-38c2-3f14-c84d665f60f2@init servlet   ] [security                      ] [@] for field Affected versions default empty field text is set to Unknown.
 13/08/26 13:03:59,142 INFO  [d65725be-ac99-38c2-3f14-c84d665f60f2@init servlet   ] [security                      ] [@] field Fixed in build[__CUSTOM_FIELD__Fixed in build_7] created
 13/08/26 13:03:59,143 INFO  [d65725be-ac99-38c2-3f14-c84d665f60f2@init servlet   ] [security                      ] [@] for field Fixed in build Default bundle is set to <empty>.
 13/08/26 13:03:59,144 INFO  [d65725be-ac99-38c2-3f14-c84d665f60f2@init servlet   ] [security                      ] [@] for field Fixed in build default values are set to [].
 13/08/26 13:03:59,144 INFO  [d65725be-ac99-38c2-3f14-c84d665f60f2@init servlet   ] [security                      ] [@] for field Fixed in build default empty field text is set to Next Build.
 13/08/26 13:03:59,145 INFO  [d65725be-ac99-38c2-3f14-c84d665f60f2@init servlet   ] [security                      ] [@] field Due Date[__CUSTOM_FIELD__Due Date_8] created
 13/08/26 13:03:59,146 INFO  [d65725be-ac99-38c2-3f14-c84d665f60f2@init servlet   ] [PermissionCacheImpl           ] [@] Start recalculating permissions cache
 13/08/26 13:03:59,186 INFO  [d65725be-ac99-38c2-3f14-c84d665f60f2@init servlet   ] [PermissionCacheImpl           ] [@] Finish recalculating permissions cache in: 0.039274476s, total user clusters: 2
 13/08/26 13:03:59,186 INFO  [d65725be-ac99-38c2-3f14-c84d665f60f2@init servlet   ] [DnqUtils                      ] [@] Init indexes for unique properties and composite keys
 13/08/26 13:03:59,214 INFO  [d65725be-ac99-38c2-3f14-c84d665f60f2@init servlet   ] [YouTrackWarmUp                ] [@] EntityIterableCache warm-up started
 13/08/26 13:03:59,243 INFO  [d65725be-ac99-38c2-3f14-c84d665f60f2@init servlet   ] [YouTrackWarmUp                ] [@] EntityIterableCache warm-up took 27 ms.
 13/08/26 13:03:59,243 INFO  [d65725be-ac99-38c2-3f14-c84d665f60f2@init servlet   ] [ApplicationStateHolderImpl    ] [@] Application state changed from REFACTORINGS_FINISHED to UNIQUE_INDEXES_INITIALIZED
 13/08/26 13:03:59,247 INFO  [d65725be-ac99-38c2-3f14-c84d665f60f2@init servlet   ] [ApplicationStateHolderImpl    ] [@] Application state changed from UNIQUE_INDEXES_INITIALIZED to BACKUP_AND_TEXT_INDEX_INITIALIZED
 13/08/26 13:03:59,484 INFO  [d65725be-ac99-38c2-3f14-c84d665f60f2@init servlet   ] [PrefixTrees                   ] [@] Finish creating keyword index in [84 ms]
 13/08/26 13:03:59,484 INFO  [d65725be-ac99-38c2-3f14-c84d665f60f2@init servlet   ] [ApplicationStateHolderImpl    ] [@] Application state changed from BACKUP_AND_TEXT_INDEX_INITIALIZED to PREFIX_TREES_INITIALIZED
 13/08/26 13:03:59,507 INFO  [d65725be-ac99-38c2-3f14-c84d665f60f2@init servlet   ] [security                      ] [@] issue link prototype Relates[0]:relates to<-> created
 13/08/26 13:03:59,509 INFO  [d65725be-ac99-38c2-3f14-c84d665f60f2@init servlet   ] [security                      ] [@] issue link prototype Depend[1]:is required for->depends on created
 13/08/26 13:03:59,515 INFO  [d65725be-ac99-38c2-3f14-c84d665f60f2@init servlet   ] [security                      ] [@] issue link prototype Duplicate[2]:is duplicated by<>->duplicates created
 13/08/26 13:03:59,519 INFO  [d65725be-ac99-38c2-3f14-c84d665f60f2@init servlet   ] [security                      ] [@] issue link prototype Subtask[3]:parent for<>->subtask of created
 13/08/26 13:03:59,521 INFO  [d65725be-ac99-38c2-3f14-c84d665f60f2@init servlet   ] [ApplicationStateHolderImpl    ] [@] Application state changed from PREFIX_TREES_INITIALIZED to HUB_INTEGRATION_STARTING
 13/08/26 13:04:01,933 WARN  [d65725be-ac99-38c2-3f14-c84d665f60f2@init servlet   ] [LoggingRequestsFilter         ] [@] POST http://127.0.0.1:8080/hub/api/rest/users 409 Conflict
 13/08/26 13:04:02,359 INFO  [d65725be-ac99-38c2-3f14-c84d665f60f2@init servlet   ] [XdRefactoring                 ] [@] Starting Hub context aware refactorings...
 13/08/26 13:04:02,360 INFO  [d65725be-ac99-38c2-3f14-c84d665f60f2@init servlet   ] [XdRefactoring                 ] [@] Apply refactoring: jetbrains.youtrack.ring.refactoring.RefactoringSyncEmailIsVerified
 13/08/26 13:04:02,383 INFO  [d65725be-ac99-38c2-3f14-c84d665f60f2@init servlet   ] [XdRefactoring                 ] [@] Apply refactoring: jetbrains.youtrack.ring.refactoring.RefactoringMergeReportersWithSameEmails
 13/08/26 13:04:02,390 INFO  [d65725be-ac99-38c2-3f14-c84d665f60f2@init servlet   ] [XdRefactoring                 ] [@] Apply refactoring: jetbrains.youtrack.ring.refactoring.RefactoringImportRolesFromHub
 13/08/26 13:04:02,425 INFO  [d65725be-ac99-38c2-3f14-c84d665f60f2@init servlet   ] [XdRefactoring                 ] [@] Apply refactoring: jetbrains.youtrack.ring.refactoring.RefactoringExport2FAUsersData
 13/08/26 13:04:02,445 INFO  [d65725be-ac99-38c2-3f14-c84d665f60f2@init servlet   ] [XdRefactoring                 ] [@] Apply refactoring: jetbrains.youtrack.ring.refactoring.RefactoringSyncSMTPDefaults
 13/08/26 13:04:02,460 INFO  [d65725be-ac99-38c2-3f14-c84d665f60f2@init servlet   ] [XdRefactoring                 ] [@] Apply refactoring: jetbrains.youtrack.ring.refactoring.RefactoringImportGroupsHierarchy
 13/08/26 13:04:02,477 INFO  [d65725be-ac99-38c2-3f14-c84d665f60f2@init servlet   ] [XdRefactoring                 ] [@] Apply refactoring: jetbrains.youtrack.ring.refactoring.RefactoringFixKonnectorService
 13/08/26 13:04:02,478 INFO  [d65725be-ac99-38c2-3f14-c84d665f60f2@init servlet   ] [XdRefactoring                 ] [@] Apply refactoring: jetbrains.youtrack.ring.refactoring.RefactoringSyncDefaultRoleKey
 13/08/26 13:04:02,488 INFO  [d65725be-ac99-38c2-3f14-c84d665f60f2@init servlet   ] [XdRefactoring                 ] [@] Apply refactoring: jetbrains.youtrack.ring.refactoring.RefactoringPullVcsUserNames3
 13/08/26 13:04:02,497 INFO  [d65725be-ac99-38c2-3f14-c84d665f60f2@init servlet   ] [XdRefactoring                 ] [@] Apply refactoring: jetbrains.youtrack.ring.refactoring.RefactoringSyncGroup2FA
 13/08/26 13:04:02,513 INFO  [d65725be-ac99-38c2-3f14-c84d665f60f2@init servlet   ] [XdRefactoring                 ] [@] Apply refactoring: jetbrains.youtrack.ring.refactoring.RefactoringSyncGroupNewProperties_26_1
 13/08/26 13:04:02,533 INFO  [d65725be-ac99-38c2-3f14-c84d665f60f2@init servlet   ] [XdRefactoring                 ] [@] Apply refactoring: jetbrains.youtrack.ring.refactoring.RefactoringLoadProjectAndOrgIcons
 13/08/26 13:04:02,555 INFO  [d65725be-ac99-38c2-3f14-c84d665f60f2@init servlet   ] [XdRefactoring                 ] [@] Apply refactoring: jetbrains.youtrack.ring.refactoring.RefactoringCleanGroupViewersUpdatersOnProd
 13/08/26 13:04:02,557 INFO  [d65725be-ac99-38c2-3f14-c84d665f60f2@init servlet   ] [XdRefactoring                 ] [@] Apply refactoring: jetbrains.youtrack.ring.refactoring.migratepermissions.RefactoringMigrateAccessReportPermissions
 13/08/26 13:04:02,558 INFO  [d65725be-ac99-38c2-3f14-c84d665f60f2@init servlet   ] [XdRefactoring                 ] [@] Apply refactoring: jetbrains.youtrack.ring.refactoring.migratepermissions.RefactoringMigrateGroupPermissions
 13/08/26 13:04:02,559 INFO  [d65725be-ac99-38c2-3f14-c84d665f60f2@init servlet   ] [RefactoringUtil               ] [@] Synced 2 groups
 13/08/26 13:04:02,578 INFO  [d65725be-ac99-38c2-3f14-c84d665f60f2@init servlet   ] [RefactoringUtil               ] [@] Processed 0 groups
 13/08/26 13:04:02,580 INFO  [d65725be-ac99-38c2-3f14-c84d665f60f2@init servlet   ] [XdRefactoring                 ] [@] Apply refactoring: jetbrains.youtrack.ring.refactoring.migratepermissions.RefactoringReadUser
 13/08/26 13:04:02,589 INFO  [d65725be-ac99-38c2-3f14-c84d665f60f2@init servlet   ] [XdRefactoring                 ] [@] Apply refactoring: jetbrains.youtrack.ring.refactoring.migratepermissions.RefactoringMigrateCreateProjectPermission
 13/08/26 13:04:02,597 INFO  [d65725be-ac99-38c2-3f14-c84d665f60f2@init servlet   ] [XdRefactoring                 ] [@] Apply refactoring: jetbrains.youtrack.ring.refactoring.migratepermissions.RefactoringMigrateUserManagerPermissions
 13/08/26 13:04:02,604 INFO  [d65725be-ac99-38c2-3f14-c84d665f60f2@init servlet   ] [XdRefactoring                 ] [@] Apply refactoring: jetbrains.youtrack.ring.refactoring.migratepermissions.RefactoringMigrateReadOrganizationPermission
 13/08/26 13:04:02,606 INFO  [d65725be-ac99-38c2-3f14-c84d665f60f2@init servlet   ] [XdRefactoring                 ] [@] Apply refactoring: jetbrains.youtrack.ring.refactoring.migratepermissions.RefactoringMigrateOtherGlobalPermissions
 13/08/26 13:04:02,611 INFO  [d65725be-ac99-38c2-3f14-c84d665f60f2@init servlet   ] [XdRefactoring                 ] [@] Apply refactoring: jetbrains.youtrack.ring.refactoring.migratepermissions.RefactoringDeleteUnusedDefaultRoles
 13/08/26 13:04:02,616 INFO  [d65725be-ac99-38c2-3f14-c84d665f60f2@init servlet   ] [XdRefactoring                 ] [@] Apply refactoring: jetbrains.youtrack.ring.refactoring.migratepermissions.RefactoringRemoveObsoletePermissionsFromRoles
 13/08/26 13:04:02,617 INFO  [d65725be-ac99-38c2-3f14-c84d665f60f2@init servlet   ] [XdRefactoring                 ] [@] Apply refactoring: jetbrains.youtrack.ring.refactoring.migratepermissions.RefactoringImmutableRoles
 13/08/26 13:04:02,623 INFO  [d65725be-ac99-38c2-3f14-c84d665f60f2@init servlet   ] [XdRefactoring                 ] [@] Apply refactoring: jetbrains.youtrack.ring.refactoring.migratepermissions.notification.RefactoringNotifyAdminsOfMigratedPermissions
 13/08/26 13:04:02,632 INFO  [d65725be-ac99-38c2-3f14-c84d665f60f2@init servlet   ] [XdRefactoring                 ] [@] Apply refactoring: jetbrains.youtrack.ring.refactoring.migratepermissions.RefactoringMakeNonDefaultRolesMutable
 13/08/26 13:04:02,636 INFO  [d65725be-ac99-38c2-3f14-c84d665f60f2@init servlet   ] [XdRefactoring                 ] [@] Apply refactoring: jetbrains.youtrack.ring.refactoring.migratepermissions.RefactoringDeleteRoleIsReporterProperty
 13/08/26 13:04:02,639 INFO  [d65725be-ac99-38c2-3f14-c84d665f60f2@init servlet   ] [XdRefactoring                 ] [@] Apply refactoring: jetbrains.youtrack.ring.refactoring.migratepermissions.RefactoringUpdateRolesInHub
 13/08/26 13:04:02,735 INFO  [d65725be-ac99-38c2-3f14-c84d665f60f2@init servlet   ] [XdRefactoring                 ] [@] Apply refactoring: jetbrains.youtrack.ring.refactoring.RefactoringSyncUserRegisteredDate
 13/08/26 13:04:02,751 INFO  [d65725be-ac99-38c2-3f14-c84d665f60f2@init servlet   ] [XdRefactoring                 ] [@] Apply refactoring: jetbrains.youtrack.ring.refactoring.RefactoringCleanProjectTeamHubUuids
 13/08/26 13:04:02,752 INFO  [d65725be-ac99-38c2-3f14-c84d665f60f2@init servlet   ] [RefactoringUtil               ] [@] Clean hubUuid in 0 teams.
 13/08/26 13:04:02,753 INFO  [d65725be-ac99-38c2-3f14-c84d665f60f2@init servlet   ] [XdRefactoring                 ] [@] Apply refactoring: jetbrains.youtrack.ring.refactoring.RefactoringRenameUserManagerToCreator
 13/08/26 13:04:02,754 WARN  [d65725be-ac99-38c2-3f14-c84d665f60f2@init servlet   ] [ringRenameUserManagerToCreator] [@] User Manager role not found by key, skip renaming
 13/08/26 13:04:02,756 INFO  [d65725be-ac99-38c2-3f14-c84d665f60f2@init servlet   ] [XdRefactoring                 ] [@] Apply refactoring: jetbrains.youtrack.ring.refactoring.RefactoringFixUserManagerKeyInHubOnProd
 13/08/26 13:04:02,757 INFO  [d65725be-ac99-38c2-3f14-c84d665f60f2@init servlet   ] [XdRefactoring                 ] [@] Apply refactoring: jetbrains.youtrack.event.refactoring.recursive.UserJobRefactoringReplaceTeams1
 13/08/26 13:04:02,765 INFO  [d65725be-ac99-38c2-3f14-c84d665f60f2@he-calculator-1] [PermissionCacheImpl           ] [@] Start recalculating permissions cache
 13/08/26 13:04:02,766 INFO  [d65725be-ac99-38c2-3f14-c84d665f60f2@init servlet   ] [XdRefactoring                 ] [@] Apply refactoring: jetbrains.youtrack.scripts.refactoring.RefactoringReplaceAllExistingDashboards
 13/08/26 13:04:02,767 INFO  [d65725be-ac99-38c2-3f14-c84d665f60f2@init servlet   ] [XdRefactoring                 ] [@] Apply refactoring: jetbrains.youtrack.scripts.refactoring.RefactoringNormalizeCommentTextSize
 13/08/26 13:04:02,767 INFO  [d65725be-ac99-38c2-3f14-c84d665f60f2@he-calculator-1] [PermissionCacheImpl           ] [@] Finish recalculating permissions cache in: 0.00155751s, total user clusters: 2
 13/08/26 13:04:02,767 INFO  [d65725be-ac99-38c2-3f14-c84d665f60f2@init servlet   ] [RefactoringUtil               ] [admin@] RefactoringNormalizeCommentTextSize didn't find any issue comments to process
 13/08/26 13:04:02,769 INFO  [d65725be-ac99-38c2-3f14-c84d665f60f2@init servlet   ] [XdRefactoring                 ] [@] Apply refactoring: jetbrains.youtrack.scripts.refactoring.RefactoringProjectTeamWidgetUseDbId
 13/08/26 13:04:02,770 INFO  [d65725be-ac99-38c2-3f14-c84d665f60f2@init servlet   ] [XdRefactoring                 ] [@] Apply refactoring: jetbrains.youtrack.search.refactoring.RefactoringComputeTotalIssueAttachmentSize
 13/08/26 13:04:02,771 INFO  [d65725be-ac99-38c2-3f14-c84d665f60f2@init servlet   ] [XdRefactoring                 ] [@] jetbrains.youtrack.search.refactoring.RefactoringComputeTotalIssueAttachmentSize: 0 attachments processed
 13/08/26 13:04:02,772 INFO  [d65725be-ac99-38c2-3f14-c84d665f60f2@init servlet   ] [RefactoringUtil               ] [@] 0 issues processed
 13/08/26 13:04:02,775 INFO  [d65725be-ac99-38c2-3f14-c84d665f60f2@init servlet   ] [XdRefactoring                 ] [@] Apply refactoring: jetbrains.youtrack.search.refactoring.RefactoringAddExtraSpaces
 13/08/26 13:04:02,781 INFO  [d65725be-ac99-38c2-3f14-c84d665f60f2@init servlet   ] [XdRefactoring                 ] [@] Apply refactoring: jetbrains.youtrack.search.refactoring.RefactoringFixFieldsWithParenthesis
 13/08/26 13:04:02,783 INFO  [d65725be-ac99-38c2-3f14-c84d665f60f2@init servlet   ] [XdRefactoring                 ] [@] Apply refactoring: jetbrains.youtrack.search.refactoring.RefactoringRenameLinksInChezh
 13/08/26 13:04:02,785 INFO  [d65725be-ac99-38c2-3f14-c84d665f60f2@init servlet   ] [XdRefactoring                 ] [@] Apply refactoring: jetbrains.youtrack.search.refactoring.RefactoringRenameSubtaskOfInRussian
 13/08/26 13:04:02,786 INFO  [d65725be-ac99-38c2-3f14-c84d665f60f2@init servlet   ] [XdRefactoring                 ] [@] Apply refactoring: jetbrains.youtrack.search.refactoring.RefactoringAddExtraSpacesToRanges
 13/08/26 13:04:02,790 INFO  [d65725be-ac99-38c2-3f14-c84d665f60f2@init servlet   ] [XdRefactoring                 ] [@] Apply refactoring: jetbrains.youtrack.search.refactoring.RefactoringRenameStoryPointInSpanish
 13/08/26 13:04:02,791 INFO  [d65725be-ac99-38c2-3f14-c84d665f60f2@init servlet   ] [XdRefactoring                 ] [@] Apply refactoring: jetbrains.youtrack.search.refactoring.RefactoringComputeIssueLastCommented
 13/08/26 13:04:02,791 INFO  [d65725be-ac99-38c2-3f14-c84d665f60f2@init servlet   ] [RefactoringUtil               ] [@] 0 issues processed
 13/08/26 13:04:02,792 INFO  [d65725be-ac99-38c2-3f14-c84d665f60f2@init servlet   ] [XdRefactoring                 ] [@] Apply refactoring: jetbrains.youtrack.search.refactoring.RefactoringRenameOpenAndDuplicateInJapanese
 13/08/26 13:04:02,793 INFO  [d65725be-ac99-38c2-3f14-c84d665f60f2@init servlet   ] [XdRefactoring                 ] [@] Apply refactoring: jetbrains.youtrack.search.refactoring.RefactoringRenameDocumentTypeInPolish
 13/08/26 13:04:02,793 INFO  [d65725be-ac99-38c2-3f14-c84d665f60f2@init servlet   ] [XdRefactoring                 ] [@] Completed Hub context aware refactorings in 0 min 0 sec
 13/08/26 13:04:02,807 INFO  [d65725be-ac99-38c2-3f14-c84d665f60f2@init servlet   ] [ApplicationStateHolderImpl    ] [@] Application state changed from HUB_INTEGRATION_STARTING to HUB_INTEGRATION_STARTED
 13/08/26 13:04:02,823 INFO  [d65725be-ac99-38c2-3f14-c84d665f60f2@init servlet   ] [stemPropertyLocaleConfigurator] [@] Applying locale from system property: ru-RU
 13/08/26 13:04:02,824 INFO  [d65725be-ac99-38c2-3f14-c84d665f60f2@init servlet   ] [LocalizationService           ] [system_user@iRkS@] Starting translation form en_US to ru_RU
 13/08/26 13:04:02,828 INFO  [d65725be-ac99-38c2-3f14-c84d665f60f2@init servlet   ] [ReportsTranslator             ] [system_user@iRkS@] Translate report queries
 13/08/26 13:04:02,829 INFO  [d65725be-ac99-38c2-3f14-c84d665f60f2@init servlet   ] [ReportsTranslator             ] [system_user@iRkS@] Translate report axises
 13/08/26 13:04:02,903 INFO  [d65725be-ac99-38c2-3f14-c84d665f60f2@init servlet   ] [ptyCustomFieldValuesTranslator] [system_user@iRkS@] Translating empty value for suppliedField Affected versions from 'Unknown' to 'Неизвестно'
 13/08/26 13:04:02,903 INFO  [d65725be-ac99-38c2-3f14-c84d665f60f2@init servlet   ] [ptyCustomFieldValuesTranslator] [system_user@iRkS@] Translating project custom fields for supplied field Affected versions...
 13/08/26 13:04:02,903 INFO  [d65725be-ac99-38c2-3f14-c84d665f60f2@init servlet   ] [ptyCustomFieldValuesTranslator] [system_user@iRkS@] Successfully processed 0 PCF of Affected versions
 13/08/26 13:04:02,903 INFO  [d65725be-ac99-38c2-3f14-c84d665f60f2@init servlet   ] [ptyCustomFieldValuesTranslator] [system_user@iRkS@] Translating empty value for suppliedField Assignee from 'Unassigned' to 'Нет исполнителя'
 13/08/26 13:04:02,903 INFO  [d65725be-ac99-38c2-3f14-c84d665f60f2@init servlet   ] [ptyCustomFieldValuesTranslator] [system_user@iRkS@] Translating project custom fields for supplied field Assignee...
 13/08/26 13:04:02,903 INFO  [d65725be-ac99-38c2-3f14-c84d665f60f2@init servlet   ] [ptyCustomFieldValuesTranslator] [system_user@iRkS@] Successfully processed 0 PCF of Assignee
 13/08/26 13:04:02,903 INFO  [d65725be-ac99-38c2-3f14-c84d665f60f2@init servlet   ] [ptyCustomFieldValuesTranslator] [system_user@iRkS@] Translating empty value for suppliedField Fixed in build from 'Next Build' to 'Следующая сборка'
 13/08/26 13:04:02,903 INFO  [d65725be-ac99-38c2-3f14-c84d665f60f2@init servlet   ] [ptyCustomFieldValuesTranslator] [system_user@iRkS@] Translating project custom fields for supplied field Fixed in build...
 13/08/26 13:04:02,903 INFO  [d65725be-ac99-38c2-3f14-c84d665f60f2@init servlet   ] [ptyCustomFieldValuesTranslator] [system_user@iRkS@] Successfully processed 0 PCF of Fixed in build
 13/08/26 13:04:02,903 INFO  [d65725be-ac99-38c2-3f14-c84d665f60f2@init servlet   ] [ptyCustomFieldValuesTranslator] [system_user@iRkS@] Translating empty value for suppliedField Due Date from 'No date' to 'Нет даты'
 13/08/26 13:04:02,903 INFO  [d65725be-ac99-38c2-3f14-c84d665f60f2@init servlet   ] [ptyCustomFieldValuesTranslator] [system_user@iRkS@] Translating project custom fields for supplied field Due Date...
 13/08/26 13:04:02,903 INFO  [d65725be-ac99-38c2-3f14-c84d665f60f2@init servlet   ] [ptyCustomFieldValuesTranslator] [system_user@iRkS@] Successfully processed 0 PCF of Due Date
 13/08/26 13:04:02,903 INFO  [d65725be-ac99-38c2-3f14-c84d665f60f2@init servlet   ] [ptyCustomFieldValuesTranslator] [system_user@iRkS@] Translating empty value for suppliedField Fix versions from 'Unscheduled' to 'Нет версии исправления'
 13/08/26 13:04:02,903 INFO  [d65725be-ac99-38c2-3f14-c84d665f60f2@init servlet   ] [ptyCustomFieldValuesTranslator] [system_user@iRkS@] Translating project custom fields for supplied field Fix versions...
 13/08/26 13:04:02,903 INFO  [d65725be-ac99-38c2-3f14-c84d665f60f2@init servlet   ] [ptyCustomFieldValuesTranslator] [system_user@iRkS@] Successfully processed 0 PCF of Fix versions
 13/08/26 13:04:02,903 INFO  [d65725be-ac99-38c2-3f14-c84d665f60f2@init servlet   ] [ptyCustomFieldValuesTranslator] [system_user@iRkS@] Translating empty value for suppliedField Priority from 'No Priority' to 'Нет приоритета'
 13/08/26 13:04:02,904 INFO  [d65725be-ac99-38c2-3f14-c84d665f60f2@init servlet   ] [ptyCustomFieldValuesTranslator] [system_user@iRkS@] Translating project custom fields for supplied field Priority...
 13/08/26 13:04:02,904 INFO  [d65725be-ac99-38c2-3f14-c84d665f60f2@init servlet   ] [ptyCustomFieldValuesTranslator] [system_user@iRkS@] Successfully processed 0 PCF of Priority
 13/08/26 13:04:02,904 INFO  [d65725be-ac99-38c2-3f14-c84d665f60f2@init servlet   ] [ptyCustomFieldValuesTranslator] [system_user@iRkS@] Translating empty value for suppliedField State from 'No State' to 'Нет состояния'
 13/08/26 13:04:02,904 INFO  [d65725be-ac99-38c2-3f14-c84d665f60f2@init servlet   ] [ptyCustomFieldValuesTranslator] [system_user@iRkS@] Translating project custom fields for supplied field State...
 13/08/26 13:04:02,904 INFO  [d65725be-ac99-38c2-3f14-c84d665f60f2@init servlet   ] [ptyCustomFieldValuesTranslator] [system_user@iRkS@] Successfully processed 0 PCF of State
 13/08/26 13:04:02,904 INFO  [d65725be-ac99-38c2-3f14-c84d665f60f2@init servlet   ] [ptyCustomFieldValuesTranslator] [system_user@iRkS@] Translating empty value for suppliedField Subsystem from 'No Subsystem' to 'Нет подсистемы'
 13/08/26 13:04:02,904 INFO  [d65725be-ac99-38c2-3f14-c84d665f60f2@init servlet   ] [ptyCustomFieldValuesTranslator] [system_user@iRkS@] Translating project custom fields for supplied field Subsystem...
 13/08/26 13:04:02,904 INFO  [d65725be-ac99-38c2-3f14-c84d665f60f2@init servlet   ] [ptyCustomFieldValuesTranslator] [system_user@iRkS@] Successfully processed 0 PCF of Subsystem
 13/08/26 13:04:02,904 INFO  [d65725be-ac99-38c2-3f14-c84d665f60f2@init servlet   ] [ptyCustomFieldValuesTranslator] [system_user@iRkS@] Translating empty value for suppliedField Type from 'No Type' to 'Нет типа'
 13/08/26 13:04:02,904 INFO  [d65725be-ac99-38c2-3f14-c84d665f60f2@init servlet   ] [ptyCustomFieldValuesTranslator] [system_user@iRkS@] Translating project custom fields for supplied field Type...
 13/08/26 13:04:02,904 INFO  [d65725be-ac99-38c2-3f14-c84d665f60f2@init servlet   ] [ptyCustomFieldValuesTranslator] [system_user@iRkS@] Successfully processed 0 PCF of Type
 13/08/26 13:04:03,187 INFO  [d65725be-ac99-38c2-3f14-c84d665f60f2@init servlet   ] [security                      ] [system_user@iRkS@] Назначенные на меня[XdSavedQuery wrapper for SavedQuery: id = 11-0] for user search_user_1937506383[108-0] updated
 13/08/26 13:04:03,189 INFO  [d65725be-ac99-38c2-3f14-c84d665f60f2@init servlet   ] [security                      ] [system_user@iRkS@] Прокомментированные мной[XdSavedQuery wrapper for SavedQuery: id = 11-1] for user search_user_1937506383[108-0] updated
 13/08/26 13:04:03,189 INFO  [d65725be-ac99-38c2-3f14-c84d665f60f2@init servlet   ] [security                      ] [system_user@iRkS@] Созданные мной[XdSavedQuery wrapper for SavedQuery: id = 11-2] for user search_user_1937506383[108-0] updated
 13/08/26 13:04:03,190 INFO  [d65725be-ac99-38c2-3f14-c84d665f60f2@init servlet   ] [security                      ] [system_user@iRkS@] Все задачи[XdSavedQuery wrapper for SavedQuery: id = 11-3] for user search_user_1937506383[108-0] updated
 13/08/26 13:04:03,191 INFO  [d65725be-ac99-38c2-3f14-c84d665f60f2@init servlet   ] [security                      ] [system_user@iRkS@] Все запросы[XdSavedQuery wrapper for SavedQuery: id = 11-4] for user search_user_1937506383[108-0] updated
 13/08/26 13:04:03,194 INFO  [d65725be-ac99-38c2-3f14-c84d665f60f2@init servlet   ] [security                      ] [system_user@iRkS@] issue link prototype Relates[0]:relates to<-> changed to Relates[0]:relates to<->
 13/08/26 13:04:03,196 INFO  [d65725be-ac99-38c2-3f14-c84d665f60f2@init servlet   ] [security                      ] [system_user@iRkS@] issue link prototype Depend[1]:is required for->depends on changed to Depend[1]:is required for->depends on
 13/08/26 13:04:03,198 INFO  [d65725be-ac99-38c2-3f14-c84d665f60f2@init servlet   ] [security                      ] [system_user@iRkS@] issue link prototype Duplicate[2]:is duplicated by<>->duplicates changed to Duplicate[2]:is duplicated by<>->duplicates
 13/08/26 13:04:03,201 INFO  [d65725be-ac99-38c2-3f14-c84d665f60f2@init servlet   ] [security                      ] [system_user@iRkS@] issue link prototype Subtask[3]:parent for<>->subtask of changed to Subtask[3]:parent for<>->subtask of
 13/08/26 13:04:03,244 INFO  [d65725be-ac99-38c2-3f14-c84d665f60f2@init servlet   ] [security                      ] [system_user@iRkS@] Bundle name Types changed to Типы
 13/08/26 13:04:03,245 INFO  [d65725be-ac99-38c2-3f14-c84d665f60f2@init servlet   ] [security                      ] [system_user@iRkS@] Bundle name Priorities changed to Приоритеты
 13/08/26 13:04:03,245 INFO  [d65725be-ac99-38c2-3f14-c84d665f60f2@init servlet   ] [security                      ] [system_user@iRkS@] Bundle name States changed to Состояния
 13/08/26 13:04:03,246 INFO  [d65725be-ac99-38c2-3f14-c84d665f60f2@init servlet   ] [security                      ] [system_user@iRkS@] Bundle name Versions changed to Версии
 13/08/26 13:04:03,248 INFO  [d65725be-ac99-38c2-3f14-c84d665f60f2@init servlet   ] [security                      ] [system_user@iRkS@] for field Affected versions default empty field text is set to Неизвестно.
 13/08/26 13:04:03,254 INFO  [d65725be-ac99-38c2-3f14-c84d665f60f2@init servlet   ] [security                      ] [system_user@iRkS@] for field Assignee default empty field text is set to Нет исполнителя.
 13/08/26 13:04:03,256 INFO  [d65725be-ac99-38c2-3f14-c84d665f60f2@init servlet   ] [security                      ] [system_user@iRkS@] for field Fixed in build default empty field text is set to Следующая сборка.
 13/08/26 13:04:03,257 INFO  [d65725be-ac99-38c2-3f14-c84d665f60f2@init servlet   ] [security                      ] [system_user@iRkS@] for field Fix versions default empty field text is set to Нет версии исправления.
 13/08/26 13:04:03,257 INFO  [d65725be-ac99-38c2-3f14-c84d665f60f2@init servlet   ] [security                      ] [system_user@iRkS@] for field Priority default empty field text is set to Нет приоритета.
 13/08/26 13:04:03,258 INFO  [d65725be-ac99-38c2-3f14-c84d665f60f2@init servlet   ] [security                      ] [system_user@iRkS@] for field State default empty field text is set to Нет состояния.
 13/08/26 13:04:03,259 INFO  [d65725be-ac99-38c2-3f14-c84d665f60f2@init servlet   ] [security                      ] [system_user@iRkS@] for field Subsystem default empty field text is set to Нет подсистемы.
 13/08/26 13:04:03,259 INFO  [d65725be-ac99-38c2-3f14-c84d665f60f2@init servlet   ] [security                      ] [system_user@iRkS@] for field Type default empty field text is set to Нет типа.
 13/08/26 13:04:03,640 INFO  [d65725be-ac99-38c2-3f14-c84d665f60f2@init servlet   ] [LocalizationService           ] [system_user@iRkS@] Finished translation form en_US to ru_RU
 13/08/26 13:04:03,755 INFO  [d65725be-ac99-38c2-3f14-c84d665f60f2@init servlet   ] [PermissionsCacheData          ] [@] Custom field permission cache for 1 users (1 handlers) built in 6 ms
 13/08/26 13:04:03,755 INFO  [d65725be-ac99-38c2-3f14-c84d665f60f2@init servlet   ] [CustomFieldsPermissionsCache  ] [@] Custom field permission cache initialized
 13/08/26 13:04:03,925 INFO  [d65725be-ac99-38c2-3f14-c84d665f60f2@init servlet   ] [KLogging                      ] [@] New script package [article-feedback] created
 13/08/26 13:04:03,925 INFO  [d65725be-ac99-38c2-3f14-c84d665f60f2@init servlet   ] [KLogging                      ] [@] Script [backend] created.
 13/08/26 13:04:03,932 INFO  [d65725be-ac99-38c2-3f14-c84d665f60f2@init servlet   ] [XdPlugin                      ] [@] App 'article-feedback' (1.1.0) has been installed
 13/08/26 13:04:04,008 INFO  [d65725be-ac99-38c2-3f14-c84d665f60f2@init servlet   ] [KLogging                      ] [@] New script package [documents-list] created
 13/08/26 13:04:04,009 INFO  [d65725be-ac99-38c2-3f14-c84d665f60f2@init servlet   ] [XdPlugin                      ] [@] App 'documents-list' (1.0.4) has been installed
 13/08/26 13:04:04,013 INFO  [d65725be-ac99-38c2-3f14-c84d665f60f2@text-index-1   ] [TextIndexManager              ] [@] Started queueing not indexed entities.
 13/08/26 13:04:04,015 INFO  [d65725be-ac99-38c2-3f14-c84d665f60f2@text-index-1   ] [TextIndexManager              ] [@] Not indexed entities queued.
 13/08/26 13:04:04,214 INFO  [d65725be-ac99-38c2-3f14-c84d665f60f2@init servlet   ] [KLogging                      ] [@] New script package [issue-dashboard-widgets] created
 13/08/26 13:04:04,215 INFO  [d65725be-ac99-38c2-3f14-c84d665f60f2@init servlet   ] [XdPlugin                      ] [@] App 'issue-dashboard-widgets' (1.1.6) has been installed
 13/08/26 13:04:04,348 INFO  [d65725be-ac99-38c2-3f14-c84d665f60f2@init servlet   ] [KLogging                      ] [@] New script package [project-team-dashboard-widgets] created
 13/08/26 13:04:04,349 INFO  [d65725be-ac99-38c2-3f14-c84d665f60f2@init servlet   ] [XdPlugin                      ] [@] App 'project-team-dashboard-widgets' (1.1.2) has been installed
 13/08/26 13:04:04,427 INFO  [d65725be-ac99-38c2-3f14-c84d665f60f2@init servlet   ] [KLogging                      ] [@] New script package [quick-notes] created
 13/08/26 13:04:04,427 INFO  [d65725be-ac99-38c2-3f14-c84d665f60f2@init servlet   ] [XdPlugin                      ] [@] App 'quick-notes' (1.1.0) has been installed
 13/08/26 13:04:04,512 INFO  [d65725be-ac99-38c2-3f14-c84d665f60f2@init servlet   ] [KLogging                      ] [@] New script package [report-dashboard-widgets] created
 13/08/26 13:04:04,513 INFO  [d65725be-ac99-38c2-3f14-c84d665f60f2@init servlet   ] [XdPlugin                      ] [@] App 'report-dashboard-widgets' (1.0.4) has been installed
 13/08/26 13:04:04,664 INFO  [d65725be-ac99-38c2-3f14-c84d665f60f2@init servlet   ] [KLogging                      ] [@] New script package [time-tracking-dashboard-widgets] created
 13/08/26 13:04:04,665 INFO  [d65725be-ac99-38c2-3f14-c84d665f60f2@init servlet   ] [XdPlugin                      ] [@] App 'time-tracking-dashboard-widgets' (1.0.0) has been installed
 13/08/26 13:04:04,715 INFO  [d65725be-ac99-38c2-3f14-c84d665f60f2@init servlet   ] [KLogging                      ] [@] New script package [webhook-triggers] created
 13/08/26 13:04:04,715 INFO  [d65725be-ac99-38c2-3f14-c84d665f60f2@init servlet   ] [KLogging                      ] [@] Script [constants] created.
 13/08/26 13:04:04,715 INFO  [d65725be-ac99-38c2-3f14-c84d665f60f2@init servlet   ] [KLogging                      ] [@] Script [on-attachment-added] created.
 13/08/26 13:04:04,715 INFO  [d65725be-ac99-38c2-3f14-c84d665f60f2@init servlet   ] [KLogging                      ] [@] Script [on-attachment-deleted] created.
 13/08/26 13:04:04,715 INFO  [d65725be-ac99-38c2-3f14-c84d665f60f2@init servlet   ] [KLogging                      ] [@] Script [on-comment-added] created.
 13/08/26 13:04:04,715 INFO  [d65725be-ac99-38c2-3f14-c84d665f60f2@init servlet   ] [KLogging                      ] [@] Script [on-comment-deleted] created.
 13/08/26 13:04:04,715 INFO  [d65725be-ac99-38c2-3f14-c84d665f60f2@init servlet   ] [KLogging                      ] [@] Script [on-comment-updated] created.
 13/08/26 13:04:04,715 INFO  [d65725be-ac99-38c2-3f14-c84d665f60f2@init servlet   ] [KLogging                      ] [@] Script [on-issue-created] created.
 13/08/26 13:04:04,715 INFO  [d65725be-ac99-38c2-3f14-c84d665f60f2@init servlet   ] [KLogging                      ] [@] Script [on-issue-deleted] created.
 13/08/26 13:04:04,715 INFO  [d65725be-ac99-38c2-3f14-c84d665f60f2@init servlet   ] [KLogging                      ] [@] Script [on-issue-updated] created.
 13/08/26 13:04:04,715 INFO  [d65725be-ac99-38c2-3f14-c84d665f60f2@init servlet   ] [KLogging                      ] [@] Script [on-work-item-added] created.
 13/08/26 13:04:04,715 INFO  [d65725be-ac99-38c2-3f14-c84d665f60f2@init servlet   ] [KLogging                      ] [@] Script [on-work-item-deleted] created.
 13/08/26 13:04:04,715 INFO  [d65725be-ac99-38c2-3f14-c84d665f60f2@init servlet   ] [KLogging                      ] [@] Script [on-work-item-updated] created.
 13/08/26 13:04:04,715 INFO  [d65725be-ac99-38c2-3f14-c84d665f60f2@init servlet   ] [KLogging                      ] [@] Script [workflow-core] created.
 13/08/26 13:04:04,715 INFO  [d65725be-ac99-38c2-3f14-c84d665f60f2@init servlet   ] [KLogging                      ] [@] Script [workflow-field-changes] created.
 13/08/26 13:04:04,715 INFO  [d65725be-ac99-38c2-3f14-c84d665f60f2@init servlet   ] [KLogging                      ] [@] Script [workflow-guards] created.
 13/08/26 13:04:04,715 INFO  [d65725be-ac99-38c2-3f14-c84d665f60f2@init servlet   ] [KLogging                      ] [@] Script [workflow-http] created.
 13/08/26 13:04:04,715 INFO  [d65725be-ac99-38c2-3f14-c84d665f60f2@init servlet   ] [KLogging                      ] [@] Script [workflow-security] created.
 13/08/26 13:04:04,715 INFO  [d65725be-ac99-38c2-3f14-c84d665f60f2@init servlet   ] [KLogging                      ] [@] Script [workflow-utils] created.
 13/08/26 13:04:04,718 INFO  [d65725be-ac99-38c2-3f14-c84d665f60f2@init servlet   ] [XdPlugin                      ] [@] App 'webhook-triggers' (1.0.5) has been installed
 13/08/26 13:04:04,787 INFO  [d65725be-ac99-38c2-3f14-c84d665f60f2@init servlet   ] [KLogging                      ] [@] New script package [votes-histogram] created
 13/08/26 13:04:04,788 INFO  [d65725be-ac99-38c2-3f14-c84d665f60f2@init servlet   ] [XdPlugin                      ] [@] App 'votes-histogram' (1.0.2) has been installed
 13/08/26 13:04:04,792 INFO  [d65725be-ac99-38c2-3f14-c84d665f60f2@init servlet   ] [ApplicationStateHolderImpl    ] [@] Application state changed from HUB_INTEGRATION_STARTED to APP_LIFECYCLE_FIRST_START
 13/08/26 13:04:04,836 INFO  [d65725be-ac99-38c2-3f14-c84d665f60f2@init servlet   ] [ApplicationStateHolderImpl    ] [@] Application state changed from APP_LIFECYCLE_FIRST_START to APP_LIFECYCLE_START
 13/08/26 13:04:04,837 INFO  [d65725be-ac99-38c2-3f14-c84d665f60f2@init servlet   ] [emTimeServiceLifecycleListener] [@] SystemTimeService Lifecycle: '' is not set; skipping validation
 13/08/26 13:04:04,856 INFO  [d65725be-ac99-38c2-3f14-c84d665f60f2@init servlet   ] [security                      ] [@] Backup path changed to: /opt/youtrack/backups
 13/08/26 13:04:11,632 INFO  [d65725be-ac99-38c2-3f14-c84d665f60f2@init servlet   ] [OnboardingABExperimentInit    ] [@] Configuring 'onboardingABExperiment' flag for new instance. Explicitly disabled = false
 13/08/26 13:04:11,671 INFO  [d65725be-ac99-38c2-3f14-c84d665f60f2@init servlet   ] [stemPropertyLocaleConfigurator] [@] Applying locale from system property: ru-RU
 13/08/26 13:04:11,728 INFO  [d65725be-ac99-38c2-3f14-c84d665f60f2@init servlet   ] [ApplicationStateHolderImpl    ] [@] Application state changed from APP_LIFECYCLE_START to RUNNING
 13/08/26 13:04:12,457 INFO  [d65725be-ac99-38c2-3f14-c84d665f60f2@he-calculator-1] [PermissionCacheImpl           ] [admin@] Start recalculating permissions cache
 13/08/26 13:04:12,460 INFO  [d65725be-ac99-38c2-3f14-c84d665f60f2@he-calculator-1] [PermissionCacheImpl           ] [admin@] Finish recalculating permissions cache in: 0.002568679s, total user clusters: 3
 13/08/26 13:04:12,476 INFO  [d65725be-ac99-38c2-3f14-c84d665f60f2@he-calculator-1] [PermissionsCacheData          ] [admin@] Custom field permission cache for 2 users (2 handlers) built in 14 ms
 13/08/26 13:04:12,527 INFO  [d65725be-ac99-38c2-3f14-c84d665f60f2@init servlet   ] [security                      ] [admin@] bundle Приоритеты set to field Priority[__CUSTOM_FIELD__Priority_0] in project Демопроект with default value(s) [Normal]
 13/08/26 13:04:12,534 INFO  [d65725be-ac99-38c2-3f14-c84d665f60f2@init servlet   ] [security                      ] [admin@] public field Priority[__CUSTOM_FIELD__Priority_0] added to project Демопроект with null value text: Нет приоритета
 13/08/26 13:04:12,538 INFO  [d65725be-ac99-38c2-3f14-c84d665f60f2@init servlet   ] [security                      ] [admin@] bundle Типы set to field Type[__CUSTOM_FIELD__Type_1] in project Демопроект with default value(s) [Bug]
 13/08/26 13:04:12,539 INFO  [d65725be-ac99-38c2-3f14-c84d665f60f2@init servlet   ] [security                      ] [admin@] public field Type[__CUSTOM_FIELD__Type_1] added to project Демопроект with null value text: Нет типа
 13/08/26 13:04:12,544 INFO  [d65725be-ac99-38c2-3f14-c84d665f60f2@init servlet   ] [security                      ] [admin@] bundle ДемопроектStatefdc1476d-1635-468e-9116-0373963d70f4 set to field State[__CUSTOM_FIELD__State_2] in project Демопроект with default value(s) [To do]
 13/08/26 13:04:12,544 INFO  [d65725be-ac99-38c2-3f14-c84d665f60f2@init servlet   ] [security                      ] [admin@] public field State[__CUSTOM_FIELD__State_2] added to project Демопроект with null value text: Нет состояния
 13/08/26 13:04:12,545 INFO  [d65725be-ac99-38c2-3f14-c84d665f60f2@init servlet   ] [security                      ] [admin@] bundle Демопроект: Исполнитель set to field Assignee[__CUSTOM_FIELD__Assignee_3] in project Демопроект with default value(s) []
 13/08/26 13:04:12,548 INFO  [d65725be-ac99-38c2-3f14-c84d665f60f2@init servlet   ] [security                      ] [admin@] public field Assignee[__CUSTOM_FIELD__Assignee_3] added to project Демопроект with null value text: Нет исполнителя
 13/08/26 13:04:12,550 INFO  [d65725be-ac99-38c2-3f14-c84d665f60f2@init servlet   ] [security                      ] [admin@] User bundle with name: Демопроект: Исполнитель created with individual users  and groups 
 13/08/26 13:04:12,552 INFO  [d65725be-ac99-38c2-3f14-c84d665f60f2@init servlet   ] [security                      ] [admin@] bundle Демопроект: Подсистема set to field Subsystem[__CUSTOM_FIELD__Subsystem_4] in project Демопроект with default value(s) []
 13/08/26 13:04:12,553 INFO  [d65725be-ac99-38c2-3f14-c84d665f60f2@init servlet   ] [security                      ] [admin@] public field Subsystem[__CUSTOM_FIELD__Subsystem_4] added to project Демопроект with null value text: Нет подсистемы
 13/08/26 13:04:12,555 INFO  [d65725be-ac99-38c2-3f14-c84d665f60f2@init servlet   ] [security                      ] [admin@] Bundle with name: Демопроект: Подсистема created with fields [Отслеживание задач,Эффективное управление проектами,Миграция]
 13/08/26 13:04:12,556 INFO  [d65725be-ac99-38c2-3f14-c84d665f60f2@init servlet   ] [security                      ] [admin@] bundle Демопроект: Версии set to field Fix versions[__CUSTOM_FIELD__Fix versions_5] in project Демопроект with default value(s) []
 13/08/26 13:04:12,557 INFO  [d65725be-ac99-38c2-3f14-c84d665f60f2@init servlet   ] [security                      ] [admin@] public field Fix versions[__CUSTOM_FIELD__Fix versions_5] added to project Демопроект with null value text: Нет версии исправления
 13/08/26 13:04:12,559 INFO  [d65725be-ac99-38c2-3f14-c84d665f60f2@init servlet   ] [security                      ] [admin@] Bundle with name: Демопроект: Версии created with fields []
 13/08/26 13:04:12,560 INFO  [d65725be-ac99-38c2-3f14-c84d665f60f2@init servlet   ] [security                      ] [admin@] bundle Демопроект: Версии set to field Affected versions[__CUSTOM_FIELD__Affected versions_6] in project Демопроект with default value(s) []
 13/08/26 13:04:12,561 INFO  [d65725be-ac99-38c2-3f14-c84d665f60f2@init servlet   ] [security                      ] [admin@] public field Affected versions[__CUSTOM_FIELD__Affected versions_6] added to project Демопроект with null value text: Неизвестно
 13/08/26 13:04:12,562 INFO  [d65725be-ac99-38c2-3f14-c84d665f60f2@init servlet   ] [security                      ] [admin@] bundle Демопроект: Исправлено в сборке set to field Fixed in build[__CUSTOM_FIELD__Fixed in build_7] in project Демопроект with default value(s) []
 13/08/26 13:04:12,563 INFO  [d65725be-ac99-38c2-3f14-c84d665f60f2@init servlet   ] [security                      ] [admin@] public field Fixed in build[__CUSTOM_FIELD__Fixed in build_7] added to project Демопроект with null value text: Следующая сборка
 13/08/26 13:04:12,565 INFO  [d65725be-ac99-38c2-3f14-c84d665f60f2@init servlet   ] [security                      ] [admin@] Bundle with name: Демопроект: Исправлено в сборке created with fields []
 13/08/26 13:04:12,568 INFO  [d65725be-ac99-38c2-3f14-c84d665f60f2@init servlet   ] [security                      ] [admin@] Bundle with name: ДемопроектStatefdc1476d-1635-468e-9116-0373963d70f4 created with fields [To do,In Progress,Done]
 13/08/26 13:04:12,580 INFO  [d65725be-ac99-38c2-3f14-c84d665f60f2@init servlet   ] [security                      ] [admin@] Script [@jetbrains/youtrack-workflow-assignee-visibility-group/assignee-not-in-group] attached to project: Демопроект
 13/08/26 13:04:12,581 INFO  [d65725be-ac99-38c2-3f14-c84d665f60f2@init servlet   ] [security                      ] [admin@] Script [@jetbrains/youtrack-workflow-clone-article/clone-to-draft] attached to project: Демопроект
 13/08/26 13:04:12,582 INFO  [d65725be-ac99-38c2-3f14-c84d665f60f2@init servlet   ] [security                      ] [admin@] Script [@jetbrains/youtrack-workflow-clone-issue/clone-to-draft] attached to project: Демопроект
 13/08/26 13:04:12,582 INFO  [d65725be-ac99-38c2-3f14-c84d665f60f2@init servlet   ] [security                      ] [admin@] Script [@jetbrains/youtrack-workflow-clone-issue/clone] attached to project: Демопроект
 13/08/26 13:04:12,583 INFO  [d65725be-ac99-38c2-3f14-c84d665f60f2@init servlet   ] [security                      ] [admin@] Script [@jetbrains/youtrack-workflow-one-vote-comment/vote-for-issue] attached to project: Демопроект
 13/08/26 13:04:12,584 INFO  [d65725be-ac99-38c2-3f14-c84d665f60f2@init servlet   ] [security                      ] [admin@] Script [@jetbrains/youtrack-workflow-subsystem-assignee/set-assignee] attached to project: Демопроект
 13/08/26 13:04:12,585 INFO  [d65725be-ac99-38c2-3f14-c84d665f60f2@init servlet   ] [security                      ] [admin@] Script [@jetbrains/youtrack-workflow-subtasks/fix-parent-on-subtasks-resolve] attached to project: Демопроект
 13/08/26 13:04:12,586 INFO  [d65725be-ac99-38c2-3f14-c84d665f60f2@init servlet   ] [security                      ] [admin@] Script [@jetbrains/youtrack-workflow-subtasks/open-parent-on-subtask-open] attached to project: Демопроект
 13/08/26 13:04:12,586 INFO  [d65725be-ac99-38c2-3f14-c84d665f60f2@init servlet   ] [security                      ] [admin@] Script [@jetbrains/youtrack-workflow-update-fix-build/clear-on-unresolve] attached to project: Демопроект
 13/08/26 13:04:12,587 INFO  [d65725be-ac99-38c2-3f14-c84d665f60f2@init servlet   ] [security                      ] [admin@] Script [@jetbrains/youtrack-workflow-update-fix-build/copy-from-duplicated-issue] attached to project: Демопроект
 13/08/26 13:04:12,588 INFO  [d65725be-ac99-38c2-3f14-c84d665f60f2@init servlet   ] [security                      ] [admin@] Script [@jetbrains/youtrack-workflow-update-fix-build/set-to-duplicate] attached to project: Демопроект
 13/08/26 13:04:12,594 INFO  [d65725be-ac99-38c2-3f14-c84d665f60f2@init servlet   ] [security                      ] [admin@] field Оценка[__CUSTOM_FIELD__Оценка_9] created
 13/08/26 13:04:12,595 INFO  [d65725be-ac99-38c2-3f14-c84d665f60f2@init servlet   ] [security                      ] [admin@] public field Оценка[__CUSTOM_FIELD__Оценка_9] added to project Демопроект with null value text: ?
 13/08/26 13:04:12,597 INFO  [d65725be-ac99-38c2-3f14-c84d665f60f2@init servlet   ] [security                      ] [admin@] field Затраченное время[__CUSTOM_FIELD__Затраченное время_10] created
 13/08/26 13:04:12,598 INFO  [d65725be-ac99-38c2-3f14-c84d665f60f2@init servlet   ] [security                      ] [admin@] public field Затраченное время[__CUSTOM_FIELD__Затраченное время_10] added to project Демопроект with null value text: ?
 13/08/26 13:04:13,297 INFO  [d65725be-ac99-38c2-3f14-c84d665f60f2@t-user-action-2] [RefactoringUtil               ] [custom_fields_user_1182692756@] 19 issues processed
 13/08/26 13:04:13,297 INFO  [d65725be-ac99-38c2-3f14-c84d665f60f2@t-user-action-3] [RefactoringUtil               ] [custom_fields_user_1182692756@] 19 issues processed
 13/08/26 13:04:13,298 INFO  [d65725be-ac99-38c2-3f14-c84d665f60f2@t-user-action-1] [RefactoringUtil               ] [custom_fields_user_1182692756@] 19 issues processed
 13/08/26 13:04:13,298 INFO  [d65725be-ac99-38c2-3f14-c84d665f60f2@init servlet   ] [security                      ] [admin@] Bundle Демопроект: Исполнитель groups changed. New value: [Демопроект Team]
 13/08/26 13:04:13,305 INFO  [d65725be-ac99-38c2-3f14-c84d665f60f2@init servlet   ] [security                      ] [admin@] Add sprint Первый спринт to the board Обзор Демопроект (201-0)
 13/08/26 13:04:13,412 INFO  [d65725be-ac99-38c2-3f14-c84d665f60f2@reports-2      ] [ReportsCalculationExecutor    ] [@] Calculation of [226-0:TimeSheetReport:Отчет о затратах времени — Демопроект] took 65 ms. Report available at http://localhost:8080/reports/timeSheet/226-0
 13/08/26 13:04:13,412 INFO  [d65725be-ac99-38c2-3f14-c84d665f60f2@reports-1      ] [ReportsCalculationExecutor    ] [@] Calculation of [224-0:TimeReport:Демопроект — отчет по времени] took 65 ms. Report available at http://localhost:8080/reports/time/224-0
 13/08/26 13:04:13,500 INFO  [d65725be-ac99-38c2-3f14-c84d665f60f2@init servlet   ] [YouTrackInit                  ] [@] YouTrack init complete
 13/08/26 13:04:13,506 INFO  [d65725be-ac99-38c2-3f14-c84d665f60f2@user-action-1  ] [RefactoringUtil               ] [admin@] processed 19 issues
 13/08/26 13:12:30,456 INFO  [6e313b1a-91df-2057-8b87-5e77f5545b51@tp962373567-178] [License                       ] [admin@172.19.0.1] Decrease in agents or users seats detecting. Checking actual usage...
 13/08/26 13:12:30,464 INFO  [6e313b1a-91df-2057-8b87-5e77f5545b51@tp962373567-178] [security                      ] [admin@172.19.0.1] Default timezone has been changed from null to Etc/UTC
 13/08/26 13:13:26,075 INFO  [88b880da-13b2-27f6-544a-742e133175b7@tp962373567-212] [License                       ] [admin@172.19.0.1] Decrease in agents or users seats detecting. Checking actual usage...
 13/08/26 13:15:13,121 INFO  [22dafc63-d4f0-a805-4e28-6fbb2028a3d1@qtp962373567-47] [License                       ] [admin@172.19.0.1] Decrease in agents or users seats detecting. Checking actual usage...
 13/08/26 13:16:17,739 INFO  [095047c5-a35c-a512-6bfd-751c3885f07b@qtp962373567-58] [MLDocumentsSorter             ] [admin@172.19.0.4] ML ranking model has been loaded successfully: DefaultArticlesModelProvider
 13/08/26 13:24:36,145 ERROR [74b161a6-1446-e82b-04ff-ea1c4d43ea55@tp962373567-292] [ServerRuntime$Responder       ] [guest@172.19.0.4] An I/O error has occurred while writing a response message entity to the container output stream.
 org.glassfish.jersey.server.internal.process.MappableException: org.eclipse.jetty.io.EofException
	at org.glassfish.jersey.server.internal.MappableExceptionWrapperInterceptor.aroundWriteTo(MappableExceptionWrapperInterceptor.java:67)
	at org.glassfish.jersey.message.internal.WriterInterceptorExecutor.proceed(WriterInterceptorExecutor.java:139)
	at jetbrains.gap.resource.pojo.CustomTypeResolverHeaderWriterInterceptor.aroundWriteTo(CustomTypeResolverHeaderFilters.kt:29)
	at org.glassfish.jersey.message.internal.WriterInterceptorExecutor.proceed(WriterInterceptorExecutor.java:139)
	at org.glassfish.jersey.message.internal.MessageBodyFactory.writeTo(MessageBodyFactory.java:1116)
	at org.glassfish.jersey.server.ServerRuntime$Responder.writeResponse(ServerRuntime.java:649)
	at org.glassfish.jersey.server.ServerRuntime$Responder.processResponse(ServerRuntime.java:380)
	at org.glassfish.jersey.server.ServerRuntime$Responder.process(ServerRuntime.java:370)
	at org.glassfish.jersey.server.ServerRuntime$1.run(ServerRuntime.java:259)
	at org.glassfish.jersey.internal.Errors$1.call(Errors.java:248)
	at org.glassfish.jersey.internal.Errors$1.call(Errors.java:244)
	at org.glassfish.jersey.internal.Errors.process(Errors.java:292)
	at org.glassfish.jersey.internal.Errors.process(Errors.java:274)
	at org.glassfish.jersey.internal.Errors.process(Errors.java:244)
	at org.glassfish.jersey.process.internal.RequestScope.runInScope(RequestScope.java:265)
	at org.glassfish.jersey.server.ServerRuntime.process(ServerRuntime.java:235)
	at org.glassfish.jersey.server.ApplicationHandler.handle(ApplicationHandler.java:684)
	at org.glassfish.jersey.servlet.WebComponent.serviceImpl(WebComponent.java:397)
	at org.glassfish.jersey.servlet.WebComponent.service(WebComponent.java:349)
	at jetbrains.youtrack.webapp.servlets.GapRestServlet.service(GapRestServlet.kt:85)
	at org.glassfish.jersey.servlet.ServletContainer.service(ServletContainer.java:312)
	at org.glassfish.jersey.servlet.ServletContainer.service(ServletContainer.java:205)
	at org.eclipse.jetty.servlet.ServletHolder.handle(ServletHolder.java:799)
	at org.eclipse.jetty.servlet.ServletHandler$ChainEnd.doFilter(ServletHandler.java:1656)
	at jetbrains.youtrack.webapp.filters.ClearPrincipalFilter.doFilter(ClearPrincipalFilter.kt:16)
	at jetbrains.youtrack.webapp.filters.FilterAdapter.doFilter(FilterAdapter.kt:45)
	at org.eclipse.jetty.servlet.FilterHolder.doFilter(FilterHolder.java:193)
	at org.eclipse.jetty.servlet.ServletHandler$Chain.doFilter(ServletHandler.java:1626)
	at jetbrains.youtrack.webapp.filters.SecurityResponseHeadersFilter.doFilter(SecurityResponseHeadersFilter.kt:29)
	at jetbrains.youtrack.webapp.filters.FilterAdapter.doFilter(FilterAdapter.kt:45)
	at org.eclipse.jetty.servlet.FilterHolder.doFilter(FilterHolder.java:193)
	at org.eclipse.jetty.servlet.ServletHandler$Chain.doFilter(ServletHandler.java:1626)
	at jetbrains.youtrack.gaprest.filters.HttpContextAccessorFilter.doFilter(HttpContextAccessorFilter.kt:42)
	at org.eclipse.jetty.servlet.FilterHolder.doFilter(FilterHolder.java:193)
	at org.eclipse.jetty.servlet.ServletHandler$Chain.doFilter(ServletHandler.java:1626)
	at jetbrains.youtrack.webapp.filters.PluginAppResourcesCacheFilter.doFilter(PluginAppResourcesCacheFilter.kt:32)
	at jetbrains.youtrack.webapp.filters.FilterAdapter.doFilter(FilterAdapter.kt:45)
	at org.eclipse.jetty.servlet.FilterHolder.doFilter(FilterHolder.java:193)
	at org.eclipse.jetty.servlet.ServletHandler$Chain.doFilter(ServletHandler.java:1626)
	at jetbrains.youtrack.spring.controller.BaseApplicationFilter.doFilter(BaseApplicationFilter.kt:23)
	at org.eclipse.jetty.servlet.FilterHolder.doFilter(FilterHolder.java:193)
	at org.eclipse.jetty.servlet.ServletHandler$Chain.doFilter(ServletHandler.java:1626)
	at jetbrains.youtrack.webapp.filters.MdcProviderServletFilter.doFilter(MdcProviderServletFilter.kt:29)
	at org.eclipse.jetty.servlet.FilterHolder.doFilter(FilterHolder.java:193)
	at org.eclipse.jetty.servlet.ServletHandler$Chain.doFilter(ServletHandler.java:1626)
	at jetbrains.youtrack.webapp.filters.SitemapFilter.doFilter(SitemapFilter.kt:16)
	at jetbrains.youtrack.webapp.filters.FilterAdapter.doFilter(FilterAdapter.kt:45)
	at org.eclipse.jetty.servlet.FilterHolder.doFilter(FilterHolder.java:193)
	at org.eclipse.jetty.servlet.ServletHandler$Chain.doFilter(ServletHandler.java:1626)
	at jetbrains.youtrack.webapp.filters.CorsRequestFilter.doFilter(CorsRequestFilter.kt:59)
	at jetbrains.youtrack.webapp.filters.FilterAdapter.doFilter(FilterAdapter.kt:45)
	at org.eclipse.jetty.servlet.FilterHolder.doFilter(FilterHolder.java:193)
	at org.eclipse.jetty.servlet.ServletHandler$Chain.doFilter(ServletHandler.java:1626)
	at jetbrains.youtrack.webapp.filters.CloudRedirectRootRequestFilter.doFilter(CloudRedirectRootRequestFilter.kt:14)
	at jetbrains.youtrack.webapp.filters.FilterAdapter.doFilter(FilterAdapter.kt:45)
	at org.eclipse.jetty.servlet.FilterHolder.doFilter(FilterHolder.java:193)
	at org.eclipse.jetty.servlet.ServletHandler$Chain.doFilter(ServletHandler.java:1626)
	at jetbrains.youtrack.webapp.filters.CloudForwardFilter.doFilter(CloudForwardFilter.kt:15)
	at jetbrains.youtrack.webapp.filters.FilterAdapter.doFilter(FilterAdapter.kt:45)
	at org.eclipse.jetty.servlet.FilterHolder.doFilter(FilterHolder.java:193)
	at org.eclipse.jetty.servlet.ServletHandler$Chain.doFilter(ServletHandler.java:1626)
	at com.jetbrains.bundle.proxy.jetty.AllowOriginOneTimeFilter.doFilter(AllowOriginOneTimeFilter.java:37)
	at org.eclipse.jetty.servlet.FilterHolder.doFilter(FilterHolder.java:193)
	at org.eclipse.jetty.servlet.ServletHandler$Chain.doFilter(ServletHandler.java:1626)
	at org.eclipse.jetty.servlets.CrossOriginFilter.handle(CrossOriginFilter.java:319)
	at org.eclipse.jetty.servlets.CrossOriginFilter.doFilter(CrossOriginFilter.java:273)
	at org.eclipse.jetty.servlet.FilterHolder.doFilter(FilterHolder.java:193)
	at org.eclipse.jetty.servlet.ServletHandler$Chain.doFilter(ServletHandler.java:1626)
	at org.eclipse.jetty.servlet.ServletHandler.doHandle(ServletHandler.java:552)
	at org.eclipse.jetty.server.handler.ScopedHandler.handle(ScopedHandler.java:143)
	at org.eclipse.jetty.server.handler.gzip.GzipHandler.handle(GzipHandler.java:772)
	at org.eclipse.jetty.security.SecurityHandler.handle(SecurityHandler.java:600)
	at org.eclipse.jetty.server.handler.HandlerWrapper.handle(HandlerWrapper.java:127)
	at org.eclipse.jetty.server.handler.ScopedHandler.nextHandle(ScopedHandler.java:235)
	at org.eclipse.jetty.server.session.SessionHandler.doHandle(SessionHandler.java:1624)
	at org.eclipse.jetty.server.handler.ScopedHandler.nextHandle(ScopedHandler.java:233)
	at org.eclipse.jetty.server.handler.ContextHandler.doHandle(ContextHandler.java:1440)
	at org.eclipse.jetty.server.handler.ScopedHandler.nextScope(ScopedHandler.java:188)
	at org.eclipse.jetty.servlet.ServletHandler.doScope(ServletHandler.java:505)
	at org.eclipse.jetty.server.session.SessionHandler.doScope(SessionHandler.java:1594)
	at org.eclipse.jetty.server.handler.ScopedHandler.nextScope(ScopedHandler.java:186)
	at org.eclipse.jetty.server.handler.ContextHandler.doScope(ContextHandler.java:1355)
	at org.eclipse.jetty.server.handler.ScopedHandler.handle(ScopedHandler.java:141)
	at org.eclipse.jetty.server.handler.ContextHandlerCollection.handle(ContextHandlerCollection.java:234)
	at org.eclipse.jetty.server.handler.HandlerCollection.handle(HandlerCollection.java:146)
	at org.eclipse.jetty.server.handler.HandlerWrapper.handle(HandlerWrapper.java:127)
	at org.eclipse.jetty.server.Server.handle(Server.java:516)
	at org.eclipse.jetty.server.HttpChannel.lambda$handle$1(HttpChannel.java:487)
	at org.eclipse.jetty.server.HttpChannel.dispatch(HttpChannel.java:732)
	at org.eclipse.jetty.server.HttpChannel.handle(HttpChannel.java:479)
	at org.eclipse.jetty.server.HttpConnection.onFillable(HttpConnection.java:277)
	at org.eclipse.jetty.io.AbstractConnection$ReadCallback.succeeded(AbstractConnection.java:311)
	at org.eclipse.jetty.io.FillInterest.fillable(FillInterest.java:105)
	at org.eclipse.jetty.io.ChannelEndPoint$1.run(ChannelEndPoint.java:104)
	at org.eclipse.jetty.util.thread.strategy.EatWhatYouKill.runTask(EatWhatYouKill.java:338)
	at org.eclipse.jetty.util.thread.strategy.EatWhatYouKill.doProduce(EatWhatYouKill.java:315)
	at org.eclipse.jetty.util.thread.strategy.EatWhatYouKill.tryProduce(EatWhatYouKill.java:173)
	at org.eclipse.jetty.util.thread.strategy.EatWhatYouKill.run(EatWhatYouKill.java:131)
	at org.eclipse.jetty.util.thread.ReservedThreadExecutor$ReservedThread.run(ReservedThreadExecutor.java:409)
	at org.eclipse.jetty.util.thread.QueuedThreadPool.runJob(QueuedThreadPool.java:883)
	at org.eclipse.jetty.util.thread.QueuedThreadPool$Runner.run(QueuedThreadPool.java:1034)
	at java.base/java.lang.Thread.run(Thread.java:1583)
Caused by: org.eclipse.jetty.io.EofException
	at org.eclipse.jetty.io.ChannelEndPoint.flush(ChannelEndPoint.java:280)
	at org.eclipse.jetty.io.WriteFlusher.flush(WriteFlusher.java:422)
	at org.eclipse.jetty.io.WriteFlusher.write(WriteFlusher.java:277)
	at org.eclipse.jetty.io.AbstractEndPoint.write(AbstractEndPoint.java:381)
	at org.eclipse.jetty.server.HttpConnection$SendCallback.process(HttpConnection.java:831)
	at org.eclipse.jetty.util.IteratingCallback.processing(IteratingCallback.java:248)
	at org.eclipse.jetty.util.IteratingCallback.iterate(IteratingCallback.java:229)
	at org.eclipse.jetty.server.HttpConnection.send(HttpConnection.java:555)
	at org.eclipse.jetty.server.HttpChannel.sendResponse(HttpChannel.java:1014)
	at org.eclipse.jetty.server.HttpChannel.write(HttpChannel.java:1086)
	at org.eclipse.jetty.server.handler.gzip.GzipHttpOutputInterceptor$GzipBufferCB.process(GzipHttpOutputInterceptor.java:414)
	at org.eclipse.jetty.util.IteratingCallback.processing(IteratingCallback.java:248)
	at org.eclipse.jetty.util.IteratingCallback.iterate(IteratingCallback.java:229)
	at org.eclipse.jetty.server.handler.gzip.GzipHttpOutputInterceptor.gzip(GzipHttpOutputInterceptor.java:137)
	at org.eclipse.jetty.server.handler.gzip.GzipHttpOutputInterceptor.write(GzipHttpOutputInterceptor.java:119)
	at org.eclipse.jetty.server.HttpOutput.channelWrite(HttpOutput.java:285)
	at org.eclipse.jetty.server.HttpOutput.channelWrite(HttpOutput.java:269)
	at org.eclipse.jetty.server.HttpOutput.write(HttpOutput.java:873)
	at org.glassfish.jersey.servlet.internal.ResponseWriter$NonCloseableOutputStreamWrapper.write(ResponseWriter.java:303)
	at org.glassfish.jersey.message.internal.CommittingOutputStream.write(CommittingOutputStream.java:203)
	at org.glassfish.jersey.message.internal.WriterInterceptorExecutor$UnCloseableOutputStream.write(WriterInterceptorExecutor.java:276)
	at org.glassfish.jersey.message.internal.ReaderWriter.writeTo(ReaderWriter.java:99)
	at org.glassfish.jersey.message.internal.InputStreamProvider.writeTo(InputStreamProvider.java:82)
	at org.glassfish.jersey.message.internal.InputStreamProvider.writeTo(InputStreamProvider.java:37)
	at org.glassfish.jersey.message.internal.WriterInterceptorExecutor$TerminalWriterInterceptor.invokeWriteTo(WriterInterceptorExecutor.java:242)
	at org.glassfish.jersey.message.internal.WriterInterceptorExecutor$TerminalWriterInterceptor.aroundWriteTo(WriterInterceptorExecutor.java:227)
	at org.glassfish.jersey.message.internal.WriterInterceptorExecutor.proceed(WriterInterceptorExecutor.java:139)
	at org.glassfish.jersey.server.internal.JsonWithPaddingInterceptor.aroundWriteTo(JsonWithPaddingInterceptor.java:85)
	at org.glassfish.jersey.message.internal.WriterInterceptorExecutor.proceed(WriterInterceptorExecutor.java:139)
	at org.glassfish.jersey.server.internal.MappableExceptionWrapperInterceptor.aroundWriteTo(MappableExceptionWrapperInterceptor.java:61)
	... 101 more
Caused by: java.io.IOException: Broken pipe
	at java.base/sun.nio.ch.SocketDispatcher.writev0(Native Method)
	at java.base/sun.nio.ch.SocketDispatcher.writev(SocketDispatcher.java:70)
	at java.base/sun.nio.ch.IOUtil.write(IOUtil.java:227)
	at java.base/sun.nio.ch.IOUtil.write(IOUtil.java:158)
	at java.base/sun.nio.ch.SocketChannelImpl.write(SocketChannelImpl.java:574)
	at java.base/java.nio.channels.SocketChannel.write(SocketChannel.java:660)
	at org.eclipse.jetty.io.ChannelEndPoint.flush(ChannelEndPoint.java:274)
	... 130 more
13/08/26 14:39:31,913 ERROR [3315ce8d-f1c6-0aed-8f08-bc4b219d1404@tp962373567-632] [ServerRuntime$Responder       ] [guest@172.19.0.4] An I/O error has occurred while writing a response message entity to the container output stream.
 org.glassfish.jersey.server.internal.process.MappableException: org.eclipse.jetty.io.EofException
	at org.glassfish.jersey.server.internal.MappableExceptionWrapperInterceptor.aroundWriteTo(MappableExceptionWrapperInterceptor.java:67)
	at org.glassfish.jersey.message.internal.WriterInterceptorExecutor.proceed(WriterInterceptorExecutor.java:139)
	at jetbrains.gap.resource.pojo.CustomTypeResolverHeaderWriterInterceptor.aroundWriteTo(CustomTypeResolverHeaderFilters.kt:29)
	at org.glassfish.jersey.message.internal.WriterInterceptorExecutor.proceed(WriterInterceptorExecutor.java:139)
	at org.glassfish.jersey.message.internal.MessageBodyFactory.writeTo(MessageBodyFactory.java:1116)
	at org.glassfish.jersey.server.ServerRuntime$Responder.writeResponse(ServerRuntime.java:649)
	at org.glassfish.jersey.server.ServerRuntime$Responder.processResponse(ServerRuntime.java:380)
	at org.glassfish.jersey.server.ServerRuntime$Responder.process(ServerRuntime.java:370)
	at org.glassfish.jersey.server.ServerRuntime$1.run(ServerRuntime.java:259)
	at org.glassfish.jersey.internal.Errors$1.call(Errors.java:248)
	at org.glassfish.jersey.internal.Errors$1.call(Errors.java:244)
	at org.glassfish.jersey.internal.Errors.process(Errors.java:292)
	at org.glassfish.jersey.internal.Errors.process(Errors.java:274)
	at org.glassfish.jersey.internal.Errors.process(Errors.java:244)
	at org.glassfish.jersey.process.internal.RequestScope.runInScope(RequestScope.java:265)
	at org.glassfish.jersey.server.ServerRuntime.process(ServerRuntime.java:235)
	at org.glassfish.jersey.server.ApplicationHandler.handle(ApplicationHandler.java:684)
	at org.glassfish.jersey.servlet.WebComponent.serviceImpl(WebComponent.java:397)
	at org.glassfish.jersey.servlet.WebComponent.service(WebComponent.java:349)
	at jetbrains.youtrack.webapp.servlets.GapRestServlet.service(GapRestServlet.kt:85)
	at org.glassfish.jersey.servlet.ServletContainer.service(ServletContainer.java:312)
	at org.glassfish.jersey.servlet.ServletContainer.service(ServletContainer.java:205)
	at org.eclipse.jetty.servlet.ServletHolder.handle(ServletHolder.java:799)
	at org.eclipse.jetty.servlet.ServletHandler$ChainEnd.doFilter(ServletHandler.java:1656)
	at jetbrains.youtrack.webapp.filters.ClearPrincipalFilter.doFilter(ClearPrincipalFilter.kt:16)
	at jetbrains.youtrack.webapp.filters.FilterAdapter.doFilter(FilterAdapter.kt:45)
	at org.eclipse.jetty.servlet.FilterHolder.doFilter(FilterHolder.java:193)
	at org.eclipse.jetty.servlet.ServletHandler$Chain.doFilter(ServletHandler.java:1626)
	at jetbrains.youtrack.webapp.filters.SecurityResponseHeadersFilter.doFilter(SecurityResponseHeadersFilter.kt:29)
	at jetbrains.youtrack.webapp.filters.FilterAdapter.doFilter(FilterAdapter.kt:45)
	at org.eclipse.jetty.servlet.FilterHolder.doFilter(FilterHolder.java:193)
	at org.eclipse.jetty.servlet.ServletHandler$Chain.doFilter(ServletHandler.java:1626)
	at jetbrains.youtrack.gaprest.filters.HttpContextAccessorFilter.doFilter(HttpContextAccessorFilter.kt:42)
	at org.eclipse.jetty.servlet.FilterHolder.doFilter(FilterHolder.java:193)
	at org.eclipse.jetty.servlet.ServletHandler$Chain.doFilter(ServletHandler.java:1626)
	at jetbrains.youtrack.webapp.filters.PluginAppResourcesCacheFilter.doFilter(PluginAppResourcesCacheFilter.kt:32)
	at jetbrains.youtrack.webapp.filters.FilterAdapter.doFilter(FilterAdapter.kt:45)
	at org.eclipse.jetty.servlet.FilterHolder.doFilter(FilterHolder.java:193)
	at org.eclipse.jetty.servlet.ServletHandler$Chain.doFilter(ServletHandler.java:1626)
	at jetbrains.youtrack.spring.controller.BaseApplicationFilter.doFilter(BaseApplicationFilter.kt:23)
	at org.eclipse.jetty.servlet.FilterHolder.doFilter(FilterHolder.java:193)
	at org.eclipse.jetty.servlet.ServletHandler$Chain.doFilter(ServletHandler.java:1626)
	at jetbrains.youtrack.webapp.filters.MdcProviderServletFilter.doFilter(MdcProviderServletFilter.kt:29)
	at org.eclipse.jetty.servlet.FilterHolder.doFilter(FilterHolder.java:193)
	at org.eclipse.jetty.servlet.ServletHandler$Chain.doFilter(ServletHandler.java:1626)
	at jetbrains.youtrack.webapp.filters.SitemapFilter.doFilter(SitemapFilter.kt:16)
	at jetbrains.youtrack.webapp.filters.FilterAdapter.doFilter(FilterAdapter.kt:45)
	at org.eclipse.jetty.servlet.FilterHolder.doFilter(FilterHolder.java:193)
	at org.eclipse.jetty.servlet.ServletHandler$Chain.doFilter(ServletHandler.java:1626)
	at jetbrains.youtrack.webapp.filters.CorsRequestFilter.doFilter(CorsRequestFilter.kt:59)
	at jetbrains.youtrack.webapp.filters.FilterAdapter.doFilter(FilterAdapter.kt:45)
	at org.eclipse.jetty.servlet.FilterHolder.doFilter(FilterHolder.java:193)
	at org.eclipse.jetty.servlet.ServletHandler$Chain.doFilter(ServletHandler.java:1626)
	at jetbrains.youtrack.webapp.filters.CloudRedirectRootRequestFilter.doFilter(CloudRedirectRootRequestFilter.kt:14)
	at jetbrains.youtrack.webapp.filters.FilterAdapter.doFilter(FilterAdapter.kt:45)
	at org.eclipse.jetty.servlet.FilterHolder.doFilter(FilterHolder.java:193)
	at org.eclipse.jetty.servlet.ServletHandler$Chain.doFilter(ServletHandler.java:1626)
	at jetbrains.youtrack.webapp.filters.CloudForwardFilter.doFilter(CloudForwardFilter.kt:15)
	at jetbrains.youtrack.webapp.filters.FilterAdapter.doFilter(FilterAdapter.kt:45)
	at org.eclipse.jetty.servlet.FilterHolder.doFilter(FilterHolder.java:193)
	at org.eclipse.jetty.servlet.ServletHandler$Chain.doFilter(ServletHandler.java:1626)
	at com.jetbrains.bundle.proxy.jetty.AllowOriginOneTimeFilter.doFilter(AllowOriginOneTimeFilter.java:37)
	at org.eclipse.jetty.servlet.FilterHolder.doFilter(FilterHolder.java:193)
	at org.eclipse.jetty.servlet.ServletHandler$Chain.doFilter(ServletHandler.java:1626)
	at org.eclipse.jetty.servlets.CrossOriginFilter.handle(CrossOriginFilter.java:319)
	at org.eclipse.jetty.servlets.CrossOriginFilter.doFilter(CrossOriginFilter.java:273)
	at org.eclipse.jetty.servlet.FilterHolder.doFilter(FilterHolder.java:193)
	at org.eclipse.jetty.servlet.ServletHandler$Chain.doFilter(ServletHandler.java:1626)
	at org.eclipse.jetty.servlet.ServletHandler.doHandle(ServletHandler.java:552)
	at org.eclipse.jetty.server.handler.ScopedHandler.handle(ScopedHandler.java:143)
	at org.eclipse.jetty.server.handler.gzip.GzipHandler.handle(GzipHandler.java:772)
	at org.eclipse.jetty.security.SecurityHandler.handle(SecurityHandler.java:600)
	at org.eclipse.jetty.server.handler.HandlerWrapper.handle(HandlerWrapper.java:127)
	at org.eclipse.jetty.server.handler.ScopedHandler.nextHandle(ScopedHandler.java:235)
	at org.eclipse.jetty.server.session.SessionHandler.doHandle(SessionHandler.java:1624)
	at org.eclipse.jetty.server.handler.ScopedHandler.nextHandle(ScopedHandler.java:233)
	at org.eclipse.jetty.server.handler.ContextHandler.doHandle(ContextHandler.java:1440)
	at org.eclipse.jetty.server.handler.ScopedHandler.nextScope(ScopedHandler.java:188)
	at org.eclipse.jetty.servlet.ServletHandler.doScope(ServletHandler.java:505)
	at org.eclipse.jetty.server.session.SessionHandler.doScope(SessionHandler.java:1594)
	at org.eclipse.jetty.server.handler.ScopedHandler.nextScope(ScopedHandler.java:186)
	at org.eclipse.jetty.server.handler.ContextHandler.doScope(ContextHandler.java:1355)
	at org.eclipse.jetty.server.handler.ScopedHandler.handle(ScopedHandler.java:141)
	at org.eclipse.jetty.server.handler.ContextHandlerCollection.handle(ContextHandlerCollection.java:234)
	at org.eclipse.jetty.server.handler.HandlerCollection.handle(HandlerCollection.java:146)
	at org.eclipse.jetty.server.handler.HandlerWrapper.handle(HandlerWrapper.java:127)
	at org.eclipse.jetty.server.Server.handle(Server.java:516)
	at org.eclipse.jetty.server.HttpChannel.lambda$handle$1(HttpChannel.java:487)
	at org.eclipse.jetty.server.HttpChannel.dispatch(HttpChannel.java:732)
	at org.eclipse.jetty.server.HttpChannel.handle(HttpChannel.java:479)
	at org.eclipse.jetty.server.HttpConnection.onFillable(HttpConnection.java:277)
	at org.eclipse.jetty.io.AbstractConnection$ReadCallback.succeeded(AbstractConnection.java:311)
	at org.eclipse.jetty.io.FillInterest.fillable(FillInterest.java:105)
	at org.eclipse.jetty.io.ChannelEndPoint$1.run(ChannelEndPoint.java:104)
	at org.eclipse.jetty.util.thread.strategy.EatWhatYouKill.runTask(EatWhatYouKill.java:338)
	at org.eclipse.jetty.util.thread.strategy.EatWhatYouKill.doProduce(EatWhatYouKill.java:315)
	at org.eclipse.jetty.util.thread.strategy.EatWhatYouKill.tryProduce(EatWhatYouKill.java:173)
	at org.eclipse.jetty.util.thread.strategy.EatWhatYouKill.run(EatWhatYouKill.java:131)
	at org.eclipse.jetty.util.thread.ReservedThreadExecutor$ReservedThread.run(ReservedThreadExecutor.java:409)
	at org.eclipse.jetty.util.thread.QueuedThreadPool.runJob(QueuedThreadPool.java:883)
	at org.eclipse.jetty.util.thread.QueuedThreadPool$Runner.run(QueuedThreadPool.java:1034)
	at java.base/java.lang.Thread.run(Thread.java:1583)
Caused by: org.eclipse.jetty.io.EofException
	at org.eclipse.jetty.io.ChannelEndPoint.flush(ChannelEndPoint.java:280)
	at org.eclipse.jetty.io.WriteFlusher.flush(WriteFlusher.java:422)
	at org.eclipse.jetty.io.WriteFlusher.write(WriteFlusher.java:277)
	at org.eclipse.jetty.io.AbstractEndPoint.write(AbstractEndPoint.java:381)
	at org.eclipse.jetty.server.HttpConnection$SendCallback.process(HttpConnection.java:831)
	at org.eclipse.jetty.util.IteratingCallback.processing(IteratingCallback.java:248)
	at org.eclipse.jetty.util.IteratingCallback.iterate(IteratingCallback.java:229)
	at org.eclipse.jetty.server.HttpConnection.send(HttpConnection.java:555)
	at org.eclipse.jetty.server.HttpChannel.sendResponse(HttpChannel.java:1014)
	at org.eclipse.jetty.server.HttpChannel.write(HttpChannel.java:1086)
	at org.eclipse.jetty.server.handler.gzip.GzipHttpOutputInterceptor$GzipBufferCB.process(GzipHttpOutputInterceptor.java:414)
	at org.eclipse.jetty.util.IteratingCallback.processing(IteratingCallback.java:248)
	at org.eclipse.jetty.util.IteratingCallback.iterate(IteratingCallback.java:229)
	at org.eclipse.jetty.server.handler.gzip.GzipHttpOutputInterceptor.gzip(GzipHttpOutputInterceptor.java:137)
	at org.eclipse.jetty.server.handler.gzip.GzipHttpOutputInterceptor.write(GzipHttpOutputInterceptor.java:119)
	at org.eclipse.jetty.server.HttpOutput.channelWrite(HttpOutput.java:285)
	at org.eclipse.jetty.server.HttpOutput.channelWrite(HttpOutput.java:269)
	at org.eclipse.jetty.server.HttpOutput.write(HttpOutput.java:873)
	at org.glassfish.jersey.servlet.internal.ResponseWriter$NonCloseableOutputStreamWrapper.write(ResponseWriter.java:303)
	at org.glassfish.jersey.message.internal.CommittingOutputStream.write(CommittingOutputStream.java:203)
	at org.glassfish.jersey.message.internal.WriterInterceptorExecutor$UnCloseableOutputStream.write(WriterInterceptorExecutor.java:276)
	at org.glassfish.jersey.message.internal.ReaderWriter.writeTo(ReaderWriter.java:99)
	at org.glassfish.jersey.message.internal.InputStreamProvider.writeTo(InputStreamProvider.java:82)
	at org.glassfish.jersey.message.internal.InputStreamProvider.writeTo(InputStreamProvider.java:37)
	at org.glassfish.jersey.message.internal.WriterInterceptorExecutor$TerminalWriterInterceptor.invokeWriteTo(WriterInterceptorExecutor.java:242)
	at org.glassfish.jersey.message.internal.WriterInterceptorExecutor$TerminalWriterInterceptor.aroundWriteTo(WriterInterceptorExecutor.java:227)
	at org.glassfish.jersey.message.internal.WriterInterceptorExecutor.proceed(WriterInterceptorExecutor.java:139)
	at org.glassfish.jersey.server.internal.JsonWithPaddingInterceptor.aroundWriteTo(JsonWithPaddingInterceptor.java:85)
	at org.glassfish.jersey.message.internal.WriterInterceptorExecutor.proceed(WriterInterceptorExecutor.java:139)
	at org.glassfish.jersey.server.internal.MappableExceptionWrapperInterceptor.aroundWriteTo(MappableExceptionWrapperInterceptor.java:61)
	... 101 more
Caused by: java.io.IOException: Broken pipe
	at java.base/sun.nio.ch.SocketDispatcher.writev0(Native Method)
	at java.base/sun.nio.ch.SocketDispatcher.writev(SocketDispatcher.java:70)
	at java.base/sun.nio.ch.IOUtil.write(IOUtil.java:227)
	at java.base/sun.nio.ch.IOUtil.write(IOUtil.java:158)
	at java.base/sun.nio.ch.SocketChannelImpl.write(SocketChannelImpl.java:574)
	at java.base/java.nio.channels.SocketChannel.write(SocketChannel.java:660)
	at org.eclipse.jetty.io.ChannelEndPoint.flush(ChannelEndPoint.java:274)
	... 130 more
13/08/26 14:39:31,919 ERROR [6864880f-6099-dbce-3c8b-573fc46e90ee@tp962373567-542] [ServerRuntime$Responder       ] [guest@172.19.0.4] An I/O error has occurred while writing a response message entity to the container output stream.
 org.glassfish.jersey.server.internal.process.MappableException: org.eclipse.jetty.io.EofException
	at org.glassfish.jersey.server.internal.MappableExceptionWrapperInterceptor.aroundWriteTo(MappableExceptionWrapperInterceptor.java:67)
	at org.glassfish.jersey.message.internal.WriterInterceptorExecutor.proceed(WriterInterceptorExecutor.java:139)
	at jetbrains.gap.resource.pojo.CustomTypeResolverHeaderWriterInterceptor.aroundWriteTo(CustomTypeResolverHeaderFilters.kt:29)
	at org.glassfish.jersey.message.internal.WriterInterceptorExecutor.proceed(WriterInterceptorExecutor.java:139)
	at org.glassfish.jersey.message.internal.MessageBodyFactory.writeTo(MessageBodyFactory.java:1116)
	at org.glassfish.jersey.server.ServerRuntime$Responder.writeResponse(ServerRuntime.java:649)
	at org.glassfish.jersey.server.ServerRuntime$Responder.processResponse(ServerRuntime.java:380)
	at org.glassfish.jersey.server.ServerRuntime$Responder.process(ServerRuntime.java:370)
	at org.glassfish.jersey.server.ServerRuntime$1.run(ServerRuntime.java:259)
	at org.glassfish.jersey.internal.Errors$1.call(Errors.java:248)
	at org.glassfish.jersey.internal.Errors$1.call(Errors.java:244)
	at org.glassfish.jersey.internal.Errors.process(Errors.java:292)
	at org.glassfish.jersey.internal.Errors.process(Errors.java:274)
	at org.glassfish.jersey.internal.Errors.process(Errors.java:244)
	at org.glassfish.jersey.process.internal.RequestScope.runInScope(RequestScope.java:265)
	at org.glassfish.jersey.server.ServerRuntime.process(ServerRuntime.java:235)
	at org.glassfish.jersey.server.ApplicationHandler.handle(ApplicationHandler.java:684)
	at org.glassfish.jersey.servlet.WebComponent.serviceImpl(WebComponent.java:397)
	at org.glassfish.jersey.servlet.WebComponent.service(WebComponent.java:349)
	at jetbrains.youtrack.webapp.servlets.GapRestServlet.service(GapRestServlet.kt:85)
	at org.glassfish.jersey.servlet.ServletContainer.service(ServletContainer.java:312)
	at org.glassfish.jersey.servlet.ServletContainer.service(ServletContainer.java:205)
	at org.eclipse.jetty.servlet.ServletHolder.handle(ServletHolder.java:799)
	at org.eclipse.jetty.servlet.ServletHandler$ChainEnd.doFilter(ServletHandler.java:1656)
	at jetbrains.youtrack.webapp.filters.ClearPrincipalFilter.doFilter(ClearPrincipalFilter.kt:16)
	at jetbrains.youtrack.webapp.filters.FilterAdapter.doFilter(FilterAdapter.kt:45)
	at org.eclipse.jetty.servlet.FilterHolder.doFilter(FilterHolder.java:193)
	at org.eclipse.jetty.servlet.ServletHandler$Chain.doFilter(ServletHandler.java:1626)
	at jetbrains.youtrack.webapp.filters.SecurityResponseHeadersFilter.doFilter(SecurityResponseHeadersFilter.kt:29)
	at jetbrains.youtrack.webapp.filters.FilterAdapter.doFilter(FilterAdapter.kt:45)
	at org.eclipse.jetty.servlet.FilterHolder.doFilter(FilterHolder.java:193)
	at org.eclipse.jetty.servlet.ServletHandler$Chain.doFilter(ServletHandler.java:1626)
	at jetbrains.youtrack.gaprest.filters.HttpContextAccessorFilter.doFilter(HttpContextAccessorFilter.kt:42)
	at org.eclipse.jetty.servlet.FilterHolder.doFilter(FilterHolder.java:193)
	at org.eclipse.jetty.servlet.ServletHandler$Chain.doFilter(ServletHandler.java:1626)
	at jetbrains.youtrack.webapp.filters.PluginAppResourcesCacheFilter.doFilter(PluginAppResourcesCacheFilter.kt:32)
	at jetbrains.youtrack.webapp.filters.FilterAdapter.doFilter(FilterAdapter.kt:45)
	at org.eclipse.jetty.servlet.FilterHolder.doFilter(FilterHolder.java:193)
	at org.eclipse.jetty.servlet.ServletHandler$Chain.doFilter(ServletHandler.java:1626)
	at jetbrains.youtrack.spring.controller.BaseApplicationFilter.doFilter(BaseApplicationFilter.kt:23)
	at org.eclipse.jetty.servlet.FilterHolder.doFilter(FilterHolder.java:193)
	at org.eclipse.jetty.servlet.ServletHandler$Chain.doFilter(ServletHandler.java:1626)
	at jetbrains.youtrack.webapp.filters.MdcProviderServletFilter.doFilter(MdcProviderServletFilter.kt:29)
	at org.eclipse.jetty.servlet.FilterHolder.doFilter(FilterHolder.java:193)
	at org.eclipse.jetty.servlet.ServletHandler$Chain.doFilter(ServletHandler.java:1626)
	at jetbrains.youtrack.webapp.filters.SitemapFilter.doFilter(SitemapFilter.kt:16)
	at jetbrains.youtrack.webapp.filters.FilterAdapter.doFilter(FilterAdapter.kt:45)
	at org.eclipse.jetty.servlet.FilterHolder.doFilter(FilterHolder.java:193)
	at org.eclipse.jetty.servlet.ServletHandler$Chain.doFilter(ServletHandler.java:1626)
	at jetbrains.youtrack.webapp.filters.CorsRequestFilter.doFilter(CorsRequestFilter.kt:59)
	at jetbrains.youtrack.webapp.filters.FilterAdapter.doFilter(FilterAdapter.kt:45)
	at org.eclipse.jetty.servlet.FilterHolder.doFilter(FilterHolder.java:193)
	at org.eclipse.jetty.servlet.ServletHandler$Chain.doFilter(ServletHandler.java:1626)
	at jetbrains.youtrack.webapp.filters.CloudRedirectRootRequestFilter.doFilter(CloudRedirectRootRequestFilter.kt:14)
	at jetbrains.youtrack.webapp.filters.FilterAdapter.doFilter(FilterAdapter.kt:45)
	at org.eclipse.jetty.servlet.FilterHolder.doFilter(FilterHolder.java:193)
	at org.eclipse.jetty.servlet.ServletHandler$Chain.doFilter(ServletHandler.java:1626)
	at jetbrains.youtrack.webapp.filters.CloudForwardFilter.doFilter(CloudForwardFilter.kt:15)
	at jetbrains.youtrack.webapp.filters.FilterAdapter.doFilter(FilterAdapter.kt:45)
	at org.eclipse.jetty.servlet.FilterHolder.doFilter(FilterHolder.java:193)
	at org.eclipse.jetty.servlet.ServletHandler$Chain.doFilter(ServletHandler.java:1626)
	at com.jetbrains.bundle.proxy.jetty.AllowOriginOneTimeFilter.doFilter(AllowOriginOneTimeFilter.java:37)
	at org.eclipse.jetty.servlet.FilterHolder.doFilter(FilterHolder.java:193)
	at org.eclipse.jetty.servlet.ServletHandler$Chain.doFilter(ServletHandler.java:1626)
	at org.eclipse.jetty.servlets.CrossOriginFilter.handle(CrossOriginFilter.java:319)
	at org.eclipse.jetty.servlets.CrossOriginFilter.doFilter(CrossOriginFilter.java:273)
	at org.eclipse.jetty.servlet.FilterHolder.doFilter(FilterHolder.java:193)
	at org.eclipse.jetty.servlet.ServletHandler$Chain.doFilter(ServletHandler.java:1626)
	at org.eclipse.jetty.servlet.ServletHandler.doHandle(ServletHandler.java:552)
	at org.eclipse.jetty.server.handler.ScopedHandler.handle(ScopedHandler.java:143)
	at org.eclipse.jetty.server.handler.gzip.GzipHandler.handle(GzipHandler.java:772)
	at org.eclipse.jetty.security.SecurityHandler.handle(SecurityHandler.java:600)
	at org.eclipse.jetty.server.handler.HandlerWrapper.handle(HandlerWrapper.java:127)
	at org.eclipse.jetty.server.handler.ScopedHandler.nextHandle(ScopedHandler.java:235)
	at org.eclipse.jetty.server.session.SessionHandler.doHandle(SessionHandler.java:1624)
	at org.eclipse.jetty.server.handler.ScopedHandler.nextHandle(ScopedHandler.java:233)
	at org.eclipse.jetty.server.handler.ContextHandler.doHandle(ContextHandler.java:1440)
	at org.eclipse.jetty.server.handler.ScopedHandler.nextScope(ScopedHandler.java:188)
	at org.eclipse.jetty.servlet.ServletHandler.doScope(ServletHandler.java:505)
	at org.eclipse.jetty.server.session.SessionHandler.doScope(SessionHandler.java:1594)
	at org.eclipse.jetty.server.handler.ScopedHandler.nextScope(ScopedHandler.java:186)
	at org.eclipse.jetty.server.handler.ContextHandler.doScope(ContextHandler.java:1355)
	at org.eclipse.jetty.server.handler.ScopedHandler.handle(ScopedHandler.java:141)
	at org.eclipse.jetty.server.handler.ContextHandlerCollection.handle(ContextHandlerCollection.java:234)
	at org.eclipse.jetty.server.handler.HandlerCollection.handle(HandlerCollection.java:146)
	at org.eclipse.jetty.server.handler.HandlerWrapper.handle(HandlerWrapper.java:127)
	at org.eclipse.jetty.server.Server.handle(Server.java:516)
	at org.eclipse.jetty.server.HttpChannel.lambda$handle$1(HttpChannel.java:487)
	at org.eclipse.jetty.server.HttpChannel.dispatch(HttpChannel.java:732)
	at org.eclipse.jetty.server.HttpChannel.handle(HttpChannel.java:479)
	at org.eclipse.jetty.server.HttpConnection.onFillable(HttpConnection.java:277)
	at org.eclipse.jetty.io.AbstractConnection$ReadCallback.succeeded(AbstractConnection.java:311)
	at org.eclipse.jetty.io.FillInterest.fillable(FillInterest.java:105)
	at org.eclipse.jetty.io.ChannelEndPoint$1.run(ChannelEndPoint.java:104)
	at org.eclipse.jetty.util.thread.strategy.EatWhatYouKill.runTask(EatWhatYouKill.java:338)
	at org.eclipse.jetty.util.thread.strategy.EatWhatYouKill.doProduce(EatWhatYouKill.java:315)
	at org.eclipse.jetty.util.thread.strategy.EatWhatYouKill.tryProduce(EatWhatYouKill.java:173)
	at org.eclipse.jetty.util.thread.strategy.EatWhatYouKill.run(EatWhatYouKill.java:131)
	at org.eclipse.jetty.util.thread.ReservedThreadExecutor$ReservedThread.run(ReservedThreadExecutor.java:409)
	at org.eclipse.jetty.util.thread.QueuedThreadPool.runJob(QueuedThreadPool.java:883)
	at org.eclipse.jetty.util.thread.QueuedThreadPool$Runner.run(QueuedThreadPool.java:1034)
	at java.base/java.lang.Thread.run(Thread.java:1583)
Caused by: org.eclipse.jetty.io.EofException
	at org.eclipse.jetty.io.ChannelEndPoint.flush(ChannelEndPoint.java:280)
	at org.eclipse.jetty.io.WriteFlusher.flush(WriteFlusher.java:422)
	at org.eclipse.jetty.io.WriteFlusher.write(WriteFlusher.java:277)
	at org.eclipse.jetty.io.AbstractEndPoint.write(AbstractEndPoint.java:381)
	at org.eclipse.jetty.server.HttpConnection$SendCallback.process(HttpConnection.java:831)
	at org.eclipse.jetty.util.IteratingCallback.processing(IteratingCallback.java:248)
	at org.eclipse.jetty.util.IteratingCallback.iterate(IteratingCallback.java:229)
	at org.eclipse.jetty.server.HttpConnection.send(HttpConnection.java:555)
	at org.eclipse.jetty.server.HttpChannel.sendResponse(HttpChannel.java:1014)
	at org.eclipse.jetty.server.HttpChannel.write(HttpChannel.java:1086)
	at org.eclipse.jetty.server.handler.gzip.GzipHttpOutputInterceptor$GzipBufferCB.process(GzipHttpOutputInterceptor.java:414)
	at org.eclipse.jetty.util.IteratingCallback.processing(IteratingCallback.java:248)
	at org.eclipse.jetty.util.IteratingCallback.iterate(IteratingCallback.java:229)
	at org.eclipse.jetty.server.handler.gzip.GzipHttpOutputInterceptor.gzip(GzipHttpOutputInterceptor.java:137)
	at org.eclipse.jetty.server.handler.gzip.GzipHttpOutputInterceptor.write(GzipHttpOutputInterceptor.java:119)
	at org.eclipse.jetty.server.HttpOutput.channelWrite(HttpOutput.java:285)
	at org.eclipse.jetty.server.HttpOutput.channelWrite(HttpOutput.java:269)
	at org.eclipse.jetty.server.HttpOutput.write(HttpOutput.java:873)
	at org.glassfish.jersey.servlet.internal.ResponseWriter$NonCloseableOutputStreamWrapper.write(ResponseWriter.java:303)
	at org.glassfish.jersey.message.internal.CommittingOutputStream.write(CommittingOutputStream.java:203)
	at org.glassfish.jersey.message.internal.WriterInterceptorExecutor$UnCloseableOutputStream.write(WriterInterceptorExecutor.java:276)
	at org.glassfish.jersey.message.internal.ReaderWriter.writeTo(ReaderWriter.java:99)
	at org.glassfish.jersey.message.internal.InputStreamProvider.writeTo(InputStreamProvider.java:82)
	at org.glassfish.jersey.message.internal.InputStreamProvider.writeTo(InputStreamProvider.java:37)
	at org.glassfish.jersey.message.internal.WriterInterceptorExecutor$TerminalWriterInterceptor.invokeWriteTo(WriterInterceptorExecutor.java:242)
	at org.glassfish.jersey.message.internal.WriterInterceptorExecutor$TerminalWriterInterceptor.aroundWriteTo(WriterInterceptorExecutor.java:227)
	at org.glassfish.jersey.message.internal.WriterInterceptorExecutor.proceed(WriterInterceptorExecutor.java:139)
	at org.glassfish.jersey.server.internal.JsonWithPaddingInterceptor.aroundWriteTo(JsonWithPaddingInterceptor.java:85)
	at org.glassfish.jersey.message.internal.WriterInterceptorExecutor.proceed(WriterInterceptorExecutor.java:139)
	at org.glassfish.jersey.server.internal.MappableExceptionWrapperInterceptor.aroundWriteTo(MappableExceptionWrapperInterceptor.java:61)
	... 101 more
Caused by: java.io.IOException: Broken pipe
	at java.base/sun.nio.ch.SocketDispatcher.writev0(Native Method)
	at java.base/sun.nio.ch.SocketDispatcher.writev(SocketDispatcher.java:70)
	at java.base/sun.nio.ch.IOUtil.write(IOUtil.java:227)
	at java.base/sun.nio.ch.IOUtil.write(IOUtil.java:158)
	at java.base/sun.nio.ch.SocketChannelImpl.write(SocketChannelImpl.java:574)
	at java.base/java.nio.channels.SocketChannel.write(SocketChannel.java:660)
	at org.eclipse.jetty.io.ChannelEndPoint.flush(ChannelEndPoint.java:274)
	... 130 more
13/08/26 14:39:31,914 ERROR [0585e643-f1b5-16e7-b88b-70391998a351@tp962373567-216] [ServerRuntime$Responder       ] [guest@172.19.0.4] An I/O error has occurred while writing a response message entity to the container output stream.
 org.glassfish.jersey.server.internal.process.MappableException: org.eclipse.jetty.io.EofException
	at org.glassfish.jersey.server.internal.MappableExceptionWrapperInterceptor.aroundWriteTo(MappableExceptionWrapperInterceptor.java:67)
	at org.glassfish.jersey.message.internal.WriterInterceptorExecutor.proceed(WriterInterceptorExecutor.java:139)
	at jetbrains.gap.resource.pojo.CustomTypeResolverHeaderWriterInterceptor.aroundWriteTo(CustomTypeResolverHeaderFilters.kt:29)
	at org.glassfish.jersey.message.internal.WriterInterceptorExecutor.proceed(WriterInterceptorExecutor.java:139)
	at org.glassfish.jersey.message.internal.MessageBodyFactory.writeTo(MessageBodyFactory.java:1116)
	at org.glassfish.jersey.server.ServerRuntime$Responder.writeResponse(ServerRuntime.java:649)
	at org.glassfish.jersey.server.ServerRuntime$Responder.processResponse(ServerRuntime.java:380)
	at org.glassfish.jersey.server.ServerRuntime$Responder.process(ServerRuntime.java:370)
	at org.glassfish.jersey.server.ServerRuntime$1.run(ServerRuntime.java:259)
	at org.glassfish.jersey.internal.Errors$1.call(Errors.java:248)
	at org.glassfish.jersey.internal.Errors$1.call(Errors.java:244)
	at org.glassfish.jersey.internal.Errors.process(Errors.java:292)
	at org.glassfish.jersey.internal.Errors.process(Errors.java:274)
	at org.glassfish.jersey.internal.Errors.process(Errors.java:244)
	at org.glassfish.jersey.process.internal.RequestScope.runInScope(RequestScope.java:265)
	at org.glassfish.jersey.server.ServerRuntime.process(ServerRuntime.java:235)
	at org.glassfish.jersey.server.ApplicationHandler.handle(ApplicationHandler.java:684)
	at org.glassfish.jersey.servlet.WebComponent.serviceImpl(WebComponent.java:397)
	at org.glassfish.jersey.servlet.WebComponent.service(WebComponent.java:349)
	at jetbrains.youtrack.webapp.servlets.GapRestServlet.service(GapRestServlet.kt:85)
	at org.glassfish.jersey.servlet.ServletContainer.service(ServletContainer.java:312)
	at org.glassfish.jersey.servlet.ServletContainer.service(ServletContainer.java:205)
	at org.eclipse.jetty.servlet.ServletHolder.handle(ServletHolder.java:799)
	at org.eclipse.jetty.servlet.ServletHandler$ChainEnd.doFilter(ServletHandler.java:1656)
	at jetbrains.youtrack.webapp.filters.ClearPrincipalFilter.doFilter(ClearPrincipalFilter.kt:16)
	at jetbrains.youtrack.webapp.filters.FilterAdapter.doFilter(FilterAdapter.kt:45)
	at org.eclipse.jetty.servlet.FilterHolder.doFilter(FilterHolder.java:193)
	at org.eclipse.jetty.servlet.ServletHandler$Chain.doFilter(ServletHandler.java:1626)
	at jetbrains.youtrack.webapp.filters.SecurityResponseHeadersFilter.doFilter(SecurityResponseHeadersFilter.kt:29)
	at jetbrains.youtrack.webapp.filters.FilterAdapter.doFilter(FilterAdapter.kt:45)
	at org.eclipse.jetty.servlet.FilterHolder.doFilter(FilterHolder.java:193)
	at org.eclipse.jetty.servlet.ServletHandler$Chain.doFilter(ServletHandler.java:1626)
	at jetbrains.youtrack.gaprest.filters.HttpContextAccessorFilter.doFilter(HttpContextAccessorFilter.kt:42)
	at org.eclipse.jetty.servlet.FilterHolder.doFilter(FilterHolder.java:193)
	at org.eclipse.jetty.servlet.ServletHandler$Chain.doFilter(ServletHandler.java:1626)
	at jetbrains.youtrack.webapp.filters.PluginAppResourcesCacheFilter.doFilter(PluginAppResourcesCacheFilter.kt:32)
	at jetbrains.youtrack.webapp.filters.FilterAdapter.doFilter(FilterAdapter.kt:45)
	at org.eclipse.jetty.servlet.FilterHolder.doFilter(FilterHolder.java:193)
	at org.eclipse.jetty.servlet.ServletHandler$Chain.doFilter(ServletHandler.java:1626)
	at jetbrains.youtrack.spring.controller.BaseApplicationFilter.doFilter(BaseApplicationFilter.kt:23)
	at org.eclipse.jetty.servlet.FilterHolder.doFilter(FilterHolder.java:193)
	at org.eclipse.jetty.servlet.ServletHandler$Chain.doFilter(ServletHandler.java:1626)
	at jetbrains.youtrack.webapp.filters.MdcProviderServletFilter.doFilter(MdcProviderServletFilter.kt:29)
	at org.eclipse.jetty.servlet.FilterHolder.doFilter(FilterHolder.java:193)
	at org.eclipse.jetty.servlet.ServletHandler$Chain.doFilter(ServletHandler.java:1626)
	at jetbrains.youtrack.webapp.filters.SitemapFilter.doFilter(SitemapFilter.kt:16)
	at jetbrains.youtrack.webapp.filters.FilterAdapter.doFilter(FilterAdapter.kt:45)
	at org.eclipse.jetty.servlet.FilterHolder.doFilter(FilterHolder.java:193)
	at org.eclipse.jetty.servlet.ServletHandler$Chain.doFilter(ServletHandler.java:1626)
	at jetbrains.youtrack.webapp.filters.CorsRequestFilter.doFilter(CorsRequestFilter.kt:59)
	at jetbrains.youtrack.webapp.filters.FilterAdapter.doFilter(FilterAdapter.kt:45)
	at org.eclipse.jetty.servlet.FilterHolder.doFilter(FilterHolder.java:193)
	at org.eclipse.jetty.servlet.ServletHandler$Chain.doFilter(ServletHandler.java:1626)
	at jetbrains.youtrack.webapp.filters.CloudRedirectRootRequestFilter.doFilter(CloudRedirectRootRequestFilter.kt:14)
	at jetbrains.youtrack.webapp.filters.FilterAdapter.doFilter(FilterAdapter.kt:45)
	at org.eclipse.jetty.servlet.FilterHolder.doFilter(FilterHolder.java:193)
	at org.eclipse.jetty.servlet.ServletHandler$Chain.doFilter(ServletHandler.java:1626)
	at jetbrains.youtrack.webapp.filters.CloudForwardFilter.doFilter(CloudForwardFilter.kt:15)
	at jetbrains.youtrack.webapp.filters.FilterAdapter.doFilter(FilterAdapter.kt:45)
	at org.eclipse.jetty.servlet.FilterHolder.doFilter(FilterHolder.java:193)
	at org.eclipse.jetty.servlet.ServletHandler$Chain.doFilter(ServletHandler.java:1626)
	at com.jetbrains.bundle.proxy.jetty.AllowOriginOneTimeFilter.doFilter(AllowOriginOneTimeFilter.java:37)
	at org.eclipse.jetty.servlet.FilterHolder.doFilter(FilterHolder.java:193)
	at org.eclipse.jetty.servlet.ServletHandler$Chain.doFilter(ServletHandler.java:1626)
	at org.eclipse.jetty.servlets.CrossOriginFilter.handle(CrossOriginFilter.java:319)
	at org.eclipse.jetty.servlets.CrossOriginFilter.doFilter(CrossOriginFilter.java:273)
	at org.eclipse.jetty.servlet.FilterHolder.doFilter(FilterHolder.java:193)
	at org.eclipse.jetty.servlet.ServletHandler$Chain.doFilter(ServletHandler.java:1626)
	at org.eclipse.jetty.servlet.ServletHandler.doHandle(ServletHandler.java:552)
	at org.eclipse.jetty.server.handler.ScopedHandler.handle(ScopedHandler.java:143)
	at org.eclipse.jetty.server.handler.gzip.GzipHandler.handle(GzipHandler.java:772)
	at org.eclipse.jetty.security.SecurityHandler.handle(SecurityHandler.java:600)
	at org.eclipse.jetty.server.handler.HandlerWrapper.handle(HandlerWrapper.java:127)
	at org.eclipse.jetty.server.handler.ScopedHandler.nextHandle(ScopedHandler.java:235)
	at org.eclipse.jetty.server.session.SessionHandler.doHandle(SessionHandler.java:1624)
	at org.eclipse.jetty.server.handler.ScopedHandler.nextHandle(ScopedHandler.java:233)
	at org.eclipse.jetty.server.handler.ContextHandler.doHandle(ContextHandler.java:1440)
	at org.eclipse.jetty.server.handler.ScopedHandler.nextScope(ScopedHandler.java:188)
	at org.eclipse.jetty.servlet.ServletHandler.doScope(ServletHandler.java:505)
	at org.eclipse.jetty.server.session.SessionHandler.doScope(SessionHandler.java:1594)
	at org.eclipse.jetty.server.handler.ScopedHandler.nextScope(ScopedHandler.java:186)
	at org.eclipse.jetty.server.handler.ContextHandler.doScope(ContextHandler.java:1355)
	at org.eclipse.jetty.server.handler.ScopedHandler.handle(ScopedHandler.java:141)
	at org.eclipse.jetty.server.handler.ContextHandlerCollection.handle(ContextHandlerCollection.java:234)
	at org.eclipse.jetty.server.handler.HandlerCollection.handle(HandlerCollection.java:146)
	at org.eclipse.jetty.server.handler.HandlerWrapper.handle(HandlerWrapper.java:127)
	at org.eclipse.jetty.server.Server.handle(Server.java:516)
	at org.eclipse.jetty.server.HttpChannel.lambda$handle$1(HttpChannel.java:487)
	at org.eclipse.jetty.server.HttpChannel.dispatch(HttpChannel.java:732)
	at org.eclipse.jetty.server.HttpChannel.handle(HttpChannel.java:479)
	at org.eclipse.jetty.server.HttpConnection.onFillable(HttpConnection.java:277)
	at org.eclipse.jetty.io.AbstractConnection$ReadCallback.succeeded(AbstractConnection.java:311)
	at org.eclipse.jetty.io.FillInterest.fillable(FillInterest.java:105)
	at org.eclipse.jetty.io.ChannelEndPoint$1.run(ChannelEndPoint.java:104)
	at org.eclipse.jetty.util.thread.strategy.EatWhatYouKill.runTask(EatWhatYouKill.java:338)
	at org.eclipse.jetty.util.thread.strategy.EatWhatYouKill.doProduce(EatWhatYouKill.java:315)
	at org.eclipse.jetty.util.thread.strategy.EatWhatYouKill.tryProduce(EatWhatYouKill.java:173)
	at org.eclipse.jetty.util.thread.strategy.EatWhatYouKill.run(EatWhatYouKill.java:131)
	at org.eclipse.jetty.util.thread.ReservedThreadExecutor$ReservedThread.run(ReservedThreadExecutor.java:409)
	at org.eclipse.jetty.util.thread.QueuedThreadPool.runJob(QueuedThreadPool.java:883)
	at org.eclipse.jetty.util.thread.QueuedThreadPool$Runner.run(QueuedThreadPool.java:1034)
	at java.base/java.lang.Thread.run(Thread.java:1583)
Caused by: org.eclipse.jetty.io.EofException
	at org.eclipse.jetty.io.ChannelEndPoint.flush(ChannelEndPoint.java:280)
	at org.eclipse.jetty.io.WriteFlusher.flush(WriteFlusher.java:422)
	at org.eclipse.jetty.io.WriteFlusher.write(WriteFlusher.java:277)
	at org.eclipse.jetty.io.AbstractEndPoint.write(AbstractEndPoint.java:381)
	at org.eclipse.jetty.server.HttpConnection$SendCallback.process(HttpConnection.java:831)
	at org.eclipse.jetty.util.IteratingCallback.processing(IteratingCallback.java:248)
	at org.eclipse.jetty.util.IteratingCallback.iterate(IteratingCallback.java:229)
	at org.eclipse.jetty.server.HttpConnection.send(HttpConnection.java:555)
	at org.eclipse.jetty.server.HttpChannel.sendResponse(HttpChannel.java:1014)
	at org.eclipse.jetty.server.HttpChannel.write(HttpChannel.java:1086)
	at org.eclipse.jetty.server.handler.gzip.GzipHttpOutputInterceptor$GzipBufferCB.process(GzipHttpOutputInterceptor.java:414)
	at org.eclipse.jetty.util.IteratingCallback.processing(IteratingCallback.java:248)
	at org.eclipse.jetty.util.IteratingCallback.iterate(IteratingCallback.java:229)
	at org.eclipse.jetty.server.handler.gzip.GzipHttpOutputInterceptor.gzip(GzipHttpOutputInterceptor.java:137)
	at org.eclipse.jetty.server.handler.gzip.GzipHttpOutputInterceptor.write(GzipHttpOutputInterceptor.java:119)
	at org.eclipse.jetty.server.HttpOutput.channelWrite(HttpOutput.java:285)
	at org.eclipse.jetty.server.HttpOutput.channelWrite(HttpOutput.java:269)
	at org.eclipse.jetty.server.HttpOutput.write(HttpOutput.java:873)
	at org.glassfish.jersey.servlet.internal.ResponseWriter$NonCloseableOutputStreamWrapper.write(ResponseWriter.java:303)
	at org.glassfish.jersey.message.internal.CommittingOutputStream.write(CommittingOutputStream.java:203)
	at org.glassfish.jersey.message.internal.WriterInterceptorExecutor$UnCloseableOutputStream.write(WriterInterceptorExecutor.java:276)
	at org.glassfish.jersey.message.internal.ReaderWriter.writeTo(ReaderWriter.java:99)
	at org.glassfish.jersey.message.internal.InputStreamProvider.writeTo(InputStreamProvider.java:82)
	at org.glassfish.jersey.message.internal.InputStreamProvider.writeTo(InputStreamProvider.java:37)
	at org.glassfish.jersey.message.internal.WriterInterceptorExecutor$TerminalWriterInterceptor.invokeWriteTo(WriterInterceptorExecutor.java:242)
	at org.glassfish.jersey.message.internal.WriterInterceptorExecutor$TerminalWriterInterceptor.aroundWriteTo(WriterInterceptorExecutor.java:227)
	at org.glassfish.jersey.message.internal.WriterInterceptorExecutor.proceed(WriterInterceptorExecutor.java:139)
	at org.glassfish.jersey.server.internal.JsonWithPaddingInterceptor.aroundWriteTo(JsonWithPaddingInterceptor.java:85)
	at org.glassfish.jersey.message.internal.WriterInterceptorExecutor.proceed(WriterInterceptorExecutor.java:139)
	at org.glassfish.jersey.server.internal.MappableExceptionWrapperInterceptor.aroundWriteTo(MappableExceptionWrapperInterceptor.java:61)
	... 101 more
Caused by: java.io.IOException: Broken pipe
	at java.base/sun.nio.ch.SocketDispatcher.writev0(Native Method)
	at java.base/sun.nio.ch.SocketDispatcher.writev(SocketDispatcher.java:70)
	at java.base/sun.nio.ch.IOUtil.write(IOUtil.java:227)
	at java.base/sun.nio.ch.IOUtil.write(IOUtil.java:158)
	at java.base/sun.nio.ch.SocketChannelImpl.write(SocketChannelImpl.java:574)
	at java.base/java.nio.channels.SocketChannel.write(SocketChannel.java:660)
	at org.eclipse.jetty.io.ChannelEndPoint.flush(ChannelEndPoint.java:274)
	... 130 more
13/08/26 14:39:31,913 ERROR [dd0114a1-e6b9-19fa-b7f4-f27ed25f78e9@tp962373567-539] [ServerRuntime$Responder       ] [guest@172.19.0.4] An I/O error has occurred while writing a response message entity to the container output stream.
 org.glassfish.jersey.server.internal.process.MappableException: org.eclipse.jetty.io.EofException
	at org.glassfish.jersey.server.internal.MappableExceptionWrapperInterceptor.aroundWriteTo(MappableExceptionWrapperInterceptor.java:67)
	at org.glassfish.jersey.message.internal.WriterInterceptorExecutor.proceed(WriterInterceptorExecutor.java:139)
	at jetbrains.gap.resource.pojo.CustomTypeResolverHeaderWriterInterceptor.aroundWriteTo(CustomTypeResolverHeaderFilters.kt:29)
	at org.glassfish.jersey.message.internal.WriterInterceptorExecutor.proceed(WriterInterceptorExecutor.java:139)
	at org.glassfish.jersey.message.internal.MessageBodyFactory.writeTo(MessageBodyFactory.java:1116)
	at org.glassfish.jersey.server.ServerRuntime$Responder.writeResponse(ServerRuntime.java:649)
	at org.glassfish.jersey.server.ServerRuntime$Responder.processResponse(ServerRuntime.java:380)
	at org.glassfish.jersey.server.ServerRuntime$Responder.process(ServerRuntime.java:370)
	at org.glassfish.jersey.server.ServerRuntime$1.run(ServerRuntime.java:259)
	at org.glassfish.jersey.internal.Errors$1.call(Errors.java:248)
	at org.glassfish.jersey.internal.Errors$1.call(Errors.java:244)
	at org.glassfish.jersey.internal.Errors.process(Errors.java:292)
	at org.glassfish.jersey.internal.Errors.process(Errors.java:274)
	at org.glassfish.jersey.internal.Errors.process(Errors.java:244)
	at org.glassfish.jersey.process.internal.RequestScope.runInScope(RequestScope.java:265)
	at org.glassfish.jersey.server.ServerRuntime.process(ServerRuntime.java:235)
	at org.glassfish.jersey.server.ApplicationHandler.handle(ApplicationHandler.java:684)
	at org.glassfish.jersey.servlet.WebComponent.serviceImpl(WebComponent.java:397)
	at org.glassfish.jersey.servlet.WebComponent.service(WebComponent.java:349)
	at jetbrains.youtrack.webapp.servlets.GapRestServlet.service(GapRestServlet.kt:85)
	at org.glassfish.jersey.servlet.ServletContainer.service(ServletContainer.java:312)
	at org.glassfish.jersey.servlet.ServletContainer.service(ServletContainer.java:205)
	at org.eclipse.jetty.servlet.ServletHolder.handle(ServletHolder.java:799)
	at org.eclipse.jetty.servlet.ServletHandler$ChainEnd.doFilter(ServletHandler.java:1656)
	at jetbrains.youtrack.webapp.filters.ClearPrincipalFilter.doFilter(ClearPrincipalFilter.kt:16)
	at jetbrains.youtrack.webapp.filters.FilterAdapter.doFilter(FilterAdapter.kt:45)
	at org.eclipse.jetty.servlet.FilterHolder.doFilter(FilterHolder.java:193)
	at org.eclipse.jetty.servlet.ServletHandler$Chain.doFilter(ServletHandler.java:1626)
	at jetbrains.youtrack.webapp.filters.SecurityResponseHeadersFilter.doFilter(SecurityResponseHeadersFilter.kt:29)
	at jetbrains.youtrack.webapp.filters.FilterAdapter.doFilter(FilterAdapter.kt:45)
	at org.eclipse.jetty.servlet.FilterHolder.doFilter(FilterHolder.java:193)
	at org.eclipse.jetty.servlet.ServletHandler$Chain.doFilter(ServletHandler.java:1626)
	at jetbrains.youtrack.gaprest.filters.HttpContextAccessorFilter.doFilter(HttpContextAccessorFilter.kt:42)
	at org.eclipse.jetty.servlet.FilterHolder.doFilter(FilterHolder.java:193)
	at org.eclipse.jetty.servlet.ServletHandler$Chain.doFilter(ServletHandler.java:1626)
	at jetbrains.youtrack.webapp.filters.PluginAppResourcesCacheFilter.doFilter(PluginAppResourcesCacheFilter.kt:32)
	at jetbrains.youtrack.webapp.filters.FilterAdapter.doFilter(FilterAdapter.kt:45)
	at org.eclipse.jetty.servlet.FilterHolder.doFilter(FilterHolder.java:193)
	at org.eclipse.jetty.servlet.ServletHandler$Chain.doFilter(ServletHandler.java:1626)
	at jetbrains.youtrack.spring.controller.BaseApplicationFilter.doFilter(BaseApplicationFilter.kt:23)
	at org.eclipse.jetty.servlet.FilterHolder.doFilter(FilterHolder.java:193)
	at org.eclipse.jetty.servlet.ServletHandler$Chain.doFilter(ServletHandler.java:1626)
	at jetbrains.youtrack.webapp.filters.MdcProviderServletFilter.doFilter(MdcProviderServletFilter.kt:29)
	at org.eclipse.jetty.servlet.FilterHolder.doFilter(FilterHolder.java:193)
	at org.eclipse.jetty.servlet.ServletHandler$Chain.doFilter(ServletHandler.java:1626)
	at jetbrains.youtrack.webapp.filters.SitemapFilter.doFilter(SitemapFilter.kt:16)
	at jetbrains.youtrack.webapp.filters.FilterAdapter.doFilter(FilterAdapter.kt:45)
	at org.eclipse.jetty.servlet.FilterHolder.doFilter(FilterHolder.java:193)
	at org.eclipse.jetty.servlet.ServletHandler$Chain.doFilter(ServletHandler.java:1626)
	at jetbrains.youtrack.webapp.filters.CorsRequestFilter.doFilter(CorsRequestFilter.kt:59)
	at jetbrains.youtrack.webapp.filters.FilterAdapter.doFilter(FilterAdapter.kt:45)
	at org.eclipse.jetty.servlet.FilterHolder.doFilter(FilterHolder.java:193)
	at org.eclipse.jetty.servlet.ServletHandler$Chain.doFilter(ServletHandler.java:1626)
	at jetbrains.youtrack.webapp.filters.CloudRedirectRootRequestFilter.doFilter(CloudRedirectRootRequestFilter.kt:14)
	at jetbrains.youtrack.webapp.filters.FilterAdapter.doFilter(FilterAdapter.kt:45)
	at org.eclipse.jetty.servlet.FilterHolder.doFilter(FilterHolder.java:193)
	at org.eclipse.jetty.servlet.ServletHandler$Chain.doFilter(ServletHandler.java:1626)
	at jetbrains.youtrack.webapp.filters.CloudForwardFilter.doFilter(CloudForwardFilter.kt:15)
	at jetbrains.youtrack.webapp.filters.FilterAdapter.doFilter(FilterAdapter.kt:45)
	at org.eclipse.jetty.servlet.FilterHolder.doFilter(FilterHolder.java:193)
	at org.eclipse.jetty.servlet.ServletHandler$Chain.doFilter(ServletHandler.java:1626)
	at com.jetbrains.bundle.proxy.jetty.AllowOriginOneTimeFilter.doFilter(AllowOriginOneTimeFilter.java:37)
	at org.eclipse.jetty.servlet.FilterHolder.doFilter(FilterHolder.java:193)
	at org.eclipse.jetty.servlet.ServletHandler$Chain.doFilter(ServletHandler.java:1626)
	at org.eclipse.jetty.servlets.CrossOriginFilter.handle(CrossOriginFilter.java:319)
	at org.eclipse.jetty.servlets.CrossOriginFilter.doFilter(CrossOriginFilter.java:273)
	at org.eclipse.jetty.servlet.FilterHolder.doFilter(FilterHolder.java:193)
	at org.eclipse.jetty.servlet.ServletHandler$Chain.doFilter(ServletHandler.java:1626)
	at org.eclipse.jetty.servlet.ServletHandler.doHandle(ServletHandler.java:552)
	at org.eclipse.jetty.server.handler.ScopedHandler.handle(ScopedHandler.java:143)
	at org.eclipse.jetty.server.handler.gzip.GzipHandler.handle(GzipHandler.java:772)
	at org.eclipse.jetty.security.SecurityHandler.handle(SecurityHandler.java:600)
	at org.eclipse.jetty.server.handler.HandlerWrapper.handle(HandlerWrapper.java:127)
	at org.eclipse.jetty.server.handler.ScopedHandler.nextHandle(ScopedHandler.java:235)
	at org.eclipse.jetty.server.session.SessionHandler.doHandle(SessionHandler.java:1624)
	at org.eclipse.jetty.server.handler.ScopedHandler.nextHandle(ScopedHandler.java:233)
	at org.eclipse.jetty.server.handler.ContextHandler.doHandle(ContextHandler.java:1440)
	at org.eclipse.jetty.server.handler.ScopedHandler.nextScope(ScopedHandler.java:188)
	at org.eclipse.jetty.servlet.ServletHandler.doScope(ServletHandler.java:505)
	at org.eclipse.jetty.server.session.SessionHandler.doScope(SessionHandler.java:1594)
	at org.eclipse.jetty.server.handler.ScopedHandler.nextScope(ScopedHandler.java:186)
	at org.eclipse.jetty.server.handler.ContextHandler.doScope(ContextHandler.java:1355)
	at org.eclipse.jetty.server.handler.ScopedHandler.handle(ScopedHandler.java:141)
	at org.eclipse.jetty.server.handler.ContextHandlerCollection.handle(ContextHandlerCollection.java:234)
	at org.eclipse.jetty.server.handler.HandlerCollection.handle(HandlerCollection.java:146)
	at org.eclipse.jetty.server.handler.HandlerWrapper.handle(HandlerWrapper.java:127)
	at org.eclipse.jetty.server.Server.handle(Server.java:516)
	at org.eclipse.jetty.server.HttpChannel.lambda$handle$1(HttpChannel.java:487)
	at org.eclipse.jetty.server.HttpChannel.dispatch(HttpChannel.java:732)
	at org.eclipse.jetty.server.HttpChannel.handle(HttpChannel.java:479)
	at org.eclipse.jetty.server.HttpConnection.onFillable(HttpConnection.java:277)
	at org.eclipse.jetty.io.AbstractConnection$ReadCallback.succeeded(AbstractConnection.java:311)
	at org.eclipse.jetty.io.FillInterest.fillable(FillInterest.java:105)
	at org.eclipse.jetty.io.ChannelEndPoint$1.run(ChannelEndPoint.java:104)
	at org.eclipse.jetty.util.thread.strategy.EatWhatYouKill.runTask(EatWhatYouKill.java:338)
	at org.eclipse.jetty.util.thread.strategy.EatWhatYouKill.doProduce(EatWhatYouKill.java:315)
	at org.eclipse.jetty.util.thread.strategy.EatWhatYouKill.tryProduce(EatWhatYouKill.java:173)
	at org.eclipse.jetty.util.thread.strategy.EatWhatYouKill.run(EatWhatYouKill.java:131)
	at org.eclipse.jetty.util.thread.ReservedThreadExecutor$ReservedThread.run(ReservedThreadExecutor.java:409)
	at org.eclipse.jetty.util.thread.QueuedThreadPool.runJob(QueuedThreadPool.java:883)
	at org.eclipse.jetty.util.thread.QueuedThreadPool$Runner.run(QueuedThreadPool.java:1034)
	at java.base/java.lang.Thread.run(Thread.java:1583)
Caused by: org.eclipse.jetty.io.EofException
	at org.eclipse.jetty.io.ChannelEndPoint.flush(ChannelEndPoint.java:280)
	at org.eclipse.jetty.io.WriteFlusher.flush(WriteFlusher.java:422)
	at org.eclipse.jetty.io.WriteFlusher.write(WriteFlusher.java:277)
	at org.eclipse.jetty.io.AbstractEndPoint.write(AbstractEndPoint.java:381)
	at org.eclipse.jetty.server.HttpConnection$SendCallback.process(HttpConnection.java:831)
	at org.eclipse.jetty.util.IteratingCallback.processing(IteratingCallback.java:248)
	at org.eclipse.jetty.util.IteratingCallback.iterate(IteratingCallback.java:229)
	at org.eclipse.jetty.server.HttpConnection.send(HttpConnection.java:555)
	at org.eclipse.jetty.server.HttpChannel.sendResponse(HttpChannel.java:1014)
	at org.eclipse.jetty.server.HttpChannel.write(HttpChannel.java:1086)
	at org.eclipse.jetty.server.handler.gzip.GzipHttpOutputInterceptor$GzipBufferCB.process(GzipHttpOutputInterceptor.java:414)
	at org.eclipse.jetty.util.IteratingCallback.processing(IteratingCallback.java:248)
	at org.eclipse.jetty.util.IteratingCallback.iterate(IteratingCallback.java:229)
	at org.eclipse.jetty.server.handler.gzip.GzipHttpOutputInterceptor.gzip(GzipHttpOutputInterceptor.java:137)
	at org.eclipse.jetty.server.handler.gzip.GzipHttpOutputInterceptor.write(GzipHttpOutputInterceptor.java:119)
	at org.eclipse.jetty.server.HttpOutput.channelWrite(HttpOutput.java:285)
	at org.eclipse.jetty.server.HttpOutput.channelWrite(HttpOutput.java:269)
	at org.eclipse.jetty.server.HttpOutput.write(HttpOutput.java:873)
	at org.glassfish.jersey.servlet.internal.ResponseWriter$NonCloseableOutputStreamWrapper.write(ResponseWriter.java:303)
	at org.glassfish.jersey.message.internal.CommittingOutputStream.write(CommittingOutputStream.java:203)
	at org.glassfish.jersey.message.internal.WriterInterceptorExecutor$UnCloseableOutputStream.write(WriterInterceptorExecutor.java:276)
	at org.glassfish.jersey.message.internal.ReaderWriter.writeTo(ReaderWriter.java:99)
	at org.glassfish.jersey.message.internal.InputStreamProvider.writeTo(InputStreamProvider.java:82)
	at org.glassfish.jersey.message.internal.InputStreamProvider.writeTo(InputStreamProvider.java:37)
	at org.glassfish.jersey.message.internal.WriterInterceptorExecutor$TerminalWriterInterceptor.invokeWriteTo(WriterInterceptorExecutor.java:242)
	at org.glassfish.jersey.message.internal.WriterInterceptorExecutor$TerminalWriterInterceptor.aroundWriteTo(WriterInterceptorExecutor.java:227)
	at org.glassfish.jersey.message.internal.WriterInterceptorExecutor.proceed(WriterInterceptorExecutor.java:139)
	at org.glassfish.jersey.server.internal.JsonWithPaddingInterceptor.aroundWriteTo(JsonWithPaddingInterceptor.java:85)
	at org.glassfish.jersey.message.internal.WriterInterceptorExecutor.proceed(WriterInterceptorExecutor.java:139)
	at org.glassfish.jersey.server.internal.MappableExceptionWrapperInterceptor.aroundWriteTo(MappableExceptionWrapperInterceptor.java:61)
	... 101 more
Caused by: java.io.IOException: Broken pipe
	at java.base/sun.nio.ch.SocketDispatcher.writev0(Native Method)
	at java.base/sun.nio.ch.SocketDispatcher.writev(SocketDispatcher.java:70)
	at java.base/sun.nio.ch.IOUtil.write(IOUtil.java:227)
	at java.base/sun.nio.ch.IOUtil.write(IOUtil.java:158)
	at java.base/sun.nio.ch.SocketChannelImpl.write(SocketChannelImpl.java:574)
	at java.base/java.nio.channels.SocketChannel.write(SocketChannel.java:660)
	at org.eclipse.jetty.io.ChannelEndPoint.flush(ChannelEndPoint.java:274)
	... 130 more
13/08/26 14:39:39,049 ERROR [8005dcd9-4732-13ea-b46e-a58a23545603@tp962373567-648] [ServerRuntime$Responder       ] [guest@172.19.0.4] An I/O error has occurred while writing a response message entity to the container output stream.
 org.glassfish.jersey.server.internal.process.MappableException: org.eclipse.jetty.io.EofException
	at org.glassfish.jersey.server.internal.MappableExceptionWrapperInterceptor.aroundWriteTo(MappableExceptionWrapperInterceptor.java:67)
	at org.glassfish.jersey.message.internal.WriterInterceptorExecutor.proceed(WriterInterceptorExecutor.java:139)
	at jetbrains.gap.resource.pojo.CustomTypeResolverHeaderWriterInterceptor.aroundWriteTo(CustomTypeResolverHeaderFilters.kt:29)
	at org.glassfish.jersey.message.internal.WriterInterceptorExecutor.proceed(WriterInterceptorExecutor.java:139)
	at org.glassfish.jersey.message.internal.MessageBodyFactory.writeTo(MessageBodyFactory.java:1116)
	at org.glassfish.jersey.server.ServerRuntime$Responder.writeResponse(ServerRuntime.java:649)
	at org.glassfish.jersey.server.ServerRuntime$Responder.processResponse(ServerRuntime.java:380)
	at org.glassfish.jersey.server.ServerRuntime$Responder.process(ServerRuntime.java:370)
	at org.glassfish.jersey.server.ServerRuntime$1.run(ServerRuntime.java:259)
	at org.glassfish.jersey.internal.Errors$1.call(Errors.java:248)
	at org.glassfish.jersey.internal.Errors$1.call(Errors.java:244)
	at org.glassfish.jersey.internal.Errors.process(Errors.java:292)
	at org.glassfish.jersey.internal.Errors.process(Errors.java:274)
	at org.glassfish.jersey.internal.Errors.process(Errors.java:244)
	at org.glassfish.jersey.process.internal.RequestScope.runInScope(RequestScope.java:265)
	at org.glassfish.jersey.server.ServerRuntime.process(ServerRuntime.java:235)
	at org.glassfish.jersey.server.ApplicationHandler.handle(ApplicationHandler.java:684)
	at org.glassfish.jersey.servlet.WebComponent.serviceImpl(WebComponent.java:397)
	at org.glassfish.jersey.servlet.WebComponent.service(WebComponent.java:349)
	at jetbrains.youtrack.webapp.servlets.GapRestServlet.service(GapRestServlet.kt:85)
	at org.glassfish.jersey.servlet.ServletContainer.service(ServletContainer.java:312)
	at org.glassfish.jersey.servlet.ServletContainer.service(ServletContainer.java:205)
	at org.eclipse.jetty.servlet.ServletHolder.handle(ServletHolder.java:799)
	at org.eclipse.jetty.servlet.ServletHandler$ChainEnd.doFilter(ServletHandler.java:1656)
	at jetbrains.youtrack.webapp.filters.ClearPrincipalFilter.doFilter(ClearPrincipalFilter.kt:16)
	at jetbrains.youtrack.webapp.filters.FilterAdapter.doFilter(FilterAdapter.kt:45)
	at org.eclipse.jetty.servlet.FilterHolder.doFilter(FilterHolder.java:193)
	at org.eclipse.jetty.servlet.ServletHandler$Chain.doFilter(ServletHandler.java:1626)
	at jetbrains.youtrack.webapp.filters.SecurityResponseHeadersFilter.doFilter(SecurityResponseHeadersFilter.kt:29)
	at jetbrains.youtrack.webapp.filters.FilterAdapter.doFilter(FilterAdapter.kt:45)
	at org.eclipse.jetty.servlet.FilterHolder.doFilter(FilterHolder.java:193)
	at org.eclipse.jetty.servlet.ServletHandler$Chain.doFilter(ServletHandler.java:1626)
	at jetbrains.youtrack.gaprest.filters.HttpContextAccessorFilter.doFilter(HttpContextAccessorFilter.kt:42)
	at org.eclipse.jetty.servlet.FilterHolder.doFilter(FilterHolder.java:193)
	at org.eclipse.jetty.servlet.ServletHandler$Chain.doFilter(ServletHandler.java:1626)
	at jetbrains.youtrack.webapp.filters.PluginAppResourcesCacheFilter.doFilter(PluginAppResourcesCacheFilter.kt:32)
	at jetbrains.youtrack.webapp.filters.FilterAdapter.doFilter(FilterAdapter.kt:45)
	at org.eclipse.jetty.servlet.FilterHolder.doFilter(FilterHolder.java:193)
	at org.eclipse.jetty.servlet.ServletHandler$Chain.doFilter(ServletHandler.java:1626)
	at jetbrains.youtrack.spring.controller.BaseApplicationFilter.doFilter(BaseApplicationFilter.kt:23)
	at org.eclipse.jetty.servlet.FilterHolder.doFilter(FilterHolder.java:193)
	at org.eclipse.jetty.servlet.ServletHandler$Chain.doFilter(ServletHandler.java:1626)
	at jetbrains.youtrack.webapp.filters.MdcProviderServletFilter.doFilter(MdcProviderServletFilter.kt:29)
	at org.eclipse.jetty.servlet.FilterHolder.doFilter(FilterHolder.java:193)
	at org.eclipse.jetty.servlet.ServletHandler$Chain.doFilter(ServletHandler.java:1626)
	at jetbrains.youtrack.webapp.filters.SitemapFilter.doFilter(SitemapFilter.kt:16)
	at jetbrains.youtrack.webapp.filters.FilterAdapter.doFilter(FilterAdapter.kt:45)
	at org.eclipse.jetty.servlet.FilterHolder.doFilter(FilterHolder.java:193)
	at org.eclipse.jetty.servlet.ServletHandler$Chain.doFilter(ServletHandler.java:1626)
	at jetbrains.youtrack.webapp.filters.CorsRequestFilter.doFilter(CorsRequestFilter.kt:59)
	at jetbrains.youtrack.webapp.filters.FilterAdapter.doFilter(FilterAdapter.kt:45)
	at org.eclipse.jetty.servlet.FilterHolder.doFilter(FilterHolder.java:193)
	at org.eclipse.jetty.servlet.ServletHandler$Chain.doFilter(ServletHandler.java:1626)
	at jetbrains.youtrack.webapp.filters.CloudRedirectRootRequestFilter.doFilter(CloudRedirectRootRequestFilter.kt:14)
	at jetbrains.youtrack.webapp.filters.FilterAdapter.doFilter(FilterAdapter.kt:45)
	at org.eclipse.jetty.servlet.FilterHolder.doFilter(FilterHolder.java:193)
	at org.eclipse.jetty.servlet.ServletHandler$Chain.doFilter(ServletHandler.java:1626)
	at jetbrains.youtrack.webapp.filters.CloudForwardFilter.doFilter(CloudForwardFilter.kt:15)
	at jetbrains.youtrack.webapp.filters.FilterAdapter.doFilter(FilterAdapter.kt:45)
	at org.eclipse.jetty.servlet.FilterHolder.doFilter(FilterHolder.java:193)
	at org.eclipse.jetty.servlet.ServletHandler$Chain.doFilter(ServletHandler.java:1626)
	at com.jetbrains.bundle.proxy.jetty.AllowOriginOneTimeFilter.doFilter(AllowOriginOneTimeFilter.java:37)
	at org.eclipse.jetty.servlet.FilterHolder.doFilter(FilterHolder.java:193)
	at org.eclipse.jetty.servlet.ServletHandler$Chain.doFilter(ServletHandler.java:1626)
	at org.eclipse.jetty.servlets.CrossOriginFilter.handle(CrossOriginFilter.java:319)
	at org.eclipse.jetty.servlets.CrossOriginFilter.doFilter(CrossOriginFilter.java:273)
	at org.eclipse.jetty.servlet.FilterHolder.doFilter(FilterHolder.java:193)
	at org.eclipse.jetty.servlet.ServletHandler$Chain.doFilter(ServletHandler.java:1626)
	at org.eclipse.jetty.servlet.ServletHandler.doHandle(ServletHandler.java:552)
	at org.eclipse.jetty.server.handler.ScopedHandler.handle(ScopedHandler.java:143)
	at org.eclipse.jetty.server.handler.gzip.GzipHandler.handle(GzipHandler.java:772)
	at org.eclipse.jetty.security.SecurityHandler.handle(SecurityHandler.java:600)
	at org.eclipse.jetty.server.handler.HandlerWrapper.handle(HandlerWrapper.java:127)
	at org.eclipse.jetty.server.handler.ScopedHandler.nextHandle(ScopedHandler.java:235)
	at org.eclipse.jetty.server.session.SessionHandler.doHandle(SessionHandler.java:1624)
	at org.eclipse.jetty.server.handler.ScopedHandler.nextHandle(ScopedHandler.java:233)
	at org.eclipse.jetty.server.handler.ContextHandler.doHandle(ContextHandler.java:1440)
	at org.eclipse.jetty.server.handler.ScopedHandler.nextScope(ScopedHandler.java:188)
	at org.eclipse.jetty.servlet.ServletHandler.doScope(ServletHandler.java:505)
	at org.eclipse.jetty.server.session.SessionHandler.doScope(SessionHandler.java:1594)
	at org.eclipse.jetty.server.handler.ScopedHandler.nextScope(ScopedHandler.java:186)
	at org.eclipse.jetty.server.handler.ContextHandler.doScope(ContextHandler.java:1355)
	at org.eclipse.jetty.server.handler.ScopedHandler.handle(ScopedHandler.java:141)
	at org.eclipse.jetty.server.handler.ContextHandlerCollection.handle(ContextHandlerCollection.java:234)
	at org.eclipse.jetty.server.handler.HandlerCollection.handle(HandlerCollection.java:146)
	at org.eclipse.jetty.server.handler.HandlerWrapper.handle(HandlerWrapper.java:127)
	at org.eclipse.jetty.server.Server.handle(Server.java:516)
	at org.eclipse.jetty.server.HttpChannel.lambda$handle$1(HttpChannel.java:487)
	at org.eclipse.jetty.server.HttpChannel.dispatch(HttpChannel.java:732)
	at org.eclipse.jetty.server.HttpChannel.handle(HttpChannel.java:479)
	at org.eclipse.jetty.server.HttpConnection.onFillable(HttpConnection.java:277)
	at org.eclipse.jetty.io.AbstractConnection$ReadCallback.succeeded(AbstractConnection.java:311)
	at org.eclipse.jetty.io.FillInterest.fillable(FillInterest.java:105)
	at org.eclipse.jetty.io.ChannelEndPoint$1.run(ChannelEndPoint.java:104)
	at org.eclipse.jetty.util.thread.strategy.EatWhatYouKill.runTask(EatWhatYouKill.java:338)
	at org.eclipse.jetty.util.thread.strategy.EatWhatYouKill.doProduce(EatWhatYouKill.java:315)
	at org.eclipse.jetty.util.thread.strategy.EatWhatYouKill.tryProduce(EatWhatYouKill.java:173)
	at org.eclipse.jetty.util.thread.strategy.EatWhatYouKill.run(EatWhatYouKill.java:131)
	at org.eclipse.jetty.util.thread.ReservedThreadExecutor$ReservedThread.run(ReservedThreadExecutor.java:409)
	at org.eclipse.jetty.util.thread.QueuedThreadPool.runJob(QueuedThreadPool.java:883)
	at org.eclipse.jetty.util.thread.QueuedThreadPool$Runner.run(QueuedThreadPool.java:1034)
	at java.base/java.lang.Thread.run(Thread.java:1583)
Caused by: org.eclipse.jetty.io.EofException
	at org.eclipse.jetty.io.ChannelEndPoint.flush(ChannelEndPoint.java:280)
	at org.eclipse.jetty.io.WriteFlusher.flush(WriteFlusher.java:422)
	at org.eclipse.jetty.io.WriteFlusher.write(WriteFlusher.java:277)
	at org.eclipse.jetty.io.AbstractEndPoint.write(AbstractEndPoint.java:381)
	at org.eclipse.jetty.server.HttpConnection$SendCallback.process(HttpConnection.java:831)
	at org.eclipse.jetty.util.IteratingCallback.processing(IteratingCallback.java:248)
	at org.eclipse.jetty.util.IteratingCallback.iterate(IteratingCallback.java:229)
	at org.eclipse.jetty.server.HttpConnection.send(HttpConnection.java:555)
	at org.eclipse.jetty.server.HttpChannel.sendResponse(HttpChannel.java:1014)
	at org.eclipse.jetty.server.HttpChannel.write(HttpChannel.java:1086)
	at org.eclipse.jetty.server.handler.gzip.GzipHttpOutputInterceptor$GzipBufferCB.process(GzipHttpOutputInterceptor.java:414)
	at org.eclipse.jetty.util.IteratingCallback.processing(IteratingCallback.java:248)
	at org.eclipse.jetty.util.IteratingCallback.iterate(IteratingCallback.java:229)
	at org.eclipse.jetty.server.handler.gzip.GzipHttpOutputInterceptor.gzip(GzipHttpOutputInterceptor.java:137)
	at org.eclipse.jetty.server.handler.gzip.GzipHttpOutputInterceptor.write(GzipHttpOutputInterceptor.java:119)
	at org.eclipse.jetty.server.HttpOutput.channelWrite(HttpOutput.java:285)
	at org.eclipse.jetty.server.HttpOutput.channelWrite(HttpOutput.java:269)
	at org.eclipse.jetty.server.HttpOutput.write(HttpOutput.java:873)
	at org.glassfish.jersey.servlet.internal.ResponseWriter$NonCloseableOutputStreamWrapper.write(ResponseWriter.java:303)
	at org.glassfish.jersey.message.internal.CommittingOutputStream.write(CommittingOutputStream.java:203)
	at org.glassfish.jersey.message.internal.WriterInterceptorExecutor$UnCloseableOutputStream.write(WriterInterceptorExecutor.java:276)
	at org.glassfish.jersey.message.internal.ReaderWriter.writeTo(ReaderWriter.java:99)
	at org.glassfish.jersey.message.internal.InputStreamProvider.writeTo(InputStreamProvider.java:82)
	at org.glassfish.jersey.message.internal.InputStreamProvider.writeTo(InputStreamProvider.java:37)
	at org.glassfish.jersey.message.internal.WriterInterceptorExecutor$TerminalWriterInterceptor.invokeWriteTo(WriterInterceptorExecutor.java:242)
	at org.glassfish.jersey.message.internal.WriterInterceptorExecutor$TerminalWriterInterceptor.aroundWriteTo(WriterInterceptorExecutor.java:227)
	at org.glassfish.jersey.message.internal.WriterInterceptorExecutor.proceed(WriterInterceptorExecutor.java:139)
	at org.glassfish.jersey.server.internal.JsonWithPaddingInterceptor.aroundWriteTo(JsonWithPaddingInterceptor.java:85)
	at org.glassfish.jersey.message.internal.WriterInterceptorExecutor.proceed(WriterInterceptorExecutor.java:139)
	at org.glassfish.jersey.server.internal.MappableExceptionWrapperInterceptor.aroundWriteTo(MappableExceptionWrapperInterceptor.java:61)
	... 101 more
Caused by: java.io.IOException: Connection reset by peer
	at java.base/sun.nio.ch.SocketDispatcher.writev0(Native Method)
	at java.base/sun.nio.ch.SocketDispatcher.writev(SocketDispatcher.java:70)
	at java.base/sun.nio.ch.IOUtil.write(IOUtil.java:227)
	at java.base/sun.nio.ch.IOUtil.write(IOUtil.java:158)
	at java.base/sun.nio.ch.SocketChannelImpl.write(SocketChannelImpl.java:574)
	at java.base/java.nio.channels.SocketChannel.write(SocketChannel.java:660)
	at org.eclipse.jetty.io.ChannelEndPoint.flush(ChannelEndPoint.java:274)
	... 130 more
13/08/26 15:28:56,998 ERROR [3e106f60-9a94-f281-88d6-dee72277421e@tp962373567-823] [ServerRuntime$Responder       ] [guest@172.19.0.4] An I/O error has occurred while writing a response message entity to the container output stream.
 org.glassfish.jersey.server.internal.process.MappableException: org.eclipse.jetty.io.EofException
	at org.glassfish.jersey.server.internal.MappableExceptionWrapperInterceptor.aroundWriteTo(MappableExceptionWrapperInterceptor.java:67)
	at org.glassfish.jersey.message.internal.WriterInterceptorExecutor.proceed(WriterInterceptorExecutor.java:139)
	at jetbrains.gap.resource.pojo.CustomTypeResolverHeaderWriterInterceptor.aroundWriteTo(CustomTypeResolverHeaderFilters.kt:29)
	at org.glassfish.jersey.message.internal.WriterInterceptorExecutor.proceed(WriterInterceptorExecutor.java:139)
	at org.glassfish.jersey.message.internal.MessageBodyFactory.writeTo(MessageBodyFactory.java:1116)
	at org.glassfish.jersey.server.ServerRuntime$Responder.writeResponse(ServerRuntime.java:649)
	at org.glassfish.jersey.server.ServerRuntime$Responder.processResponse(ServerRuntime.java:380)
	at org.glassfish.jersey.server.ServerRuntime$Responder.process(ServerRuntime.java:370)
	at org.glassfish.jersey.server.ServerRuntime$1.run(ServerRuntime.java:259)
	at org.glassfish.jersey.internal.Errors$1.call(Errors.java:248)
	at org.glassfish.jersey.internal.Errors$1.call(Errors.java:244)
	at org.glassfish.jersey.internal.Errors.process(Errors.java:292)
	at org.glassfish.jersey.internal.Errors.process(Errors.java:274)
	at org.glassfish.jersey.internal.Errors.process(Errors.java:244)
	at org.glassfish.jersey.process.internal.RequestScope.runInScope(RequestScope.java:265)
	at org.glassfish.jersey.server.ServerRuntime.process(ServerRuntime.java:235)
	at org.glassfish.jersey.server.ApplicationHandler.handle(ApplicationHandler.java:684)
	at org.glassfish.jersey.servlet.WebComponent.serviceImpl(WebComponent.java:397)
	at org.glassfish.jersey.servlet.WebComponent.service(WebComponent.java:349)
	at jetbrains.youtrack.webapp.servlets.GapRestServlet.service(GapRestServlet.kt:85)
	at org.glassfish.jersey.servlet.ServletContainer.service(ServletContainer.java:312)
	at org.glassfish.jersey.servlet.ServletContainer.service(ServletContainer.java:205)
	at org.eclipse.jetty.servlet.ServletHolder.handle(ServletHolder.java:799)
	at org.eclipse.jetty.servlet.ServletHandler$ChainEnd.doFilter(ServletHandler.java:1656)
	at jetbrains.youtrack.webapp.filters.ClearPrincipalFilter.doFilter(ClearPrincipalFilter.kt:16)
	at jetbrains.youtrack.webapp.filters.FilterAdapter.doFilter(FilterAdapter.kt:45)
	at org.eclipse.jetty.servlet.FilterHolder.doFilter(FilterHolder.java:193)
	at org.eclipse.jetty.servlet.ServletHandler$Chain.doFilter(ServletHandler.java:1626)
	at jetbrains.youtrack.webapp.filters.SecurityResponseHeadersFilter.doFilter(SecurityResponseHeadersFilter.kt:29)
	at jetbrains.youtrack.webapp.filters.FilterAdapter.doFilter(FilterAdapter.kt:45)
	at org.eclipse.jetty.servlet.FilterHolder.doFilter(FilterHolder.java:193)
	at org.eclipse.jetty.servlet.ServletHandler$Chain.doFilter(ServletHandler.java:1626)
	at jetbrains.youtrack.gaprest.filters.HttpContextAccessorFilter.doFilter(HttpContextAccessorFilter.kt:42)
	at org.eclipse.jetty.servlet.FilterHolder.doFilter(FilterHolder.java:193)
	at org.eclipse.jetty.servlet.ServletHandler$Chain.doFilter(ServletHandler.java:1626)
	at jetbrains.youtrack.webapp.filters.PluginAppResourcesCacheFilter.doFilter(PluginAppResourcesCacheFilter.kt:32)
	at jetbrains.youtrack.webapp.filters.FilterAdapter.doFilter(FilterAdapter.kt:45)
	at org.eclipse.jetty.servlet.FilterHolder.doFilter(FilterHolder.java:193)
	at org.eclipse.jetty.servlet.ServletHandler$Chain.doFilter(ServletHandler.java:1626)
	at jetbrains.youtrack.spring.controller.BaseApplicationFilter.doFilter(BaseApplicationFilter.kt:23)
	at org.eclipse.jetty.servlet.FilterHolder.doFilter(FilterHolder.java:193)
	at org.eclipse.jetty.servlet.ServletHandler$Chain.doFilter(ServletHandler.java:1626)
	at jetbrains.youtrack.webapp.filters.MdcProviderServletFilter.doFilter(MdcProviderServletFilter.kt:29)
	at org.eclipse.jetty.servlet.FilterHolder.doFilter(FilterHolder.java:193)
	at org.eclipse.jetty.servlet.ServletHandler$Chain.doFilter(ServletHandler.java:1626)
	at jetbrains.youtrack.webapp.filters.SitemapFilter.doFilter(SitemapFilter.kt:16)
	at jetbrains.youtrack.webapp.filters.FilterAdapter.doFilter(FilterAdapter.kt:45)
	at org.eclipse.jetty.servlet.FilterHolder.doFilter(FilterHolder.java:193)
	at org.eclipse.jetty.servlet.ServletHandler$Chain.doFilter(ServletHandler.java:1626)
	at jetbrains.youtrack.webapp.filters.CorsRequestFilter.doFilter(CorsRequestFilter.kt:59)
	at jetbrains.youtrack.webapp.filters.FilterAdapter.doFilter(FilterAdapter.kt:45)
	at org.eclipse.jetty.servlet.FilterHolder.doFilter(FilterHolder.java:193)
	at org.eclipse.jetty.servlet.ServletHandler$Chain.doFilter(ServletHandler.java:1626)
	at jetbrains.youtrack.webapp.filters.CloudRedirectRootRequestFilter.doFilter(CloudRedirectRootRequestFilter.kt:14)
	at jetbrains.youtrack.webapp.filters.FilterAdapter.doFilter(FilterAdapter.kt:45)
	at org.eclipse.jetty.servlet.FilterHolder.doFilter(FilterHolder.java:193)
	at org.eclipse.jetty.servlet.ServletHandler$Chain.doFilter(ServletHandler.java:1626)
	at jetbrains.youtrack.webapp.filters.CloudForwardFilter.doFilter(CloudForwardFilter.kt:15)
	at jetbrains.youtrack.webapp.filters.FilterAdapter.doFilter(FilterAdapter.kt:45)
	at org.eclipse.jetty.servlet.FilterHolder.doFilter(FilterHolder.java:193)
	at org.eclipse.jetty.servlet.ServletHandler$Chain.doFilter(ServletHandler.java:1626)
	at com.jetbrains.bundle.proxy.jetty.AllowOriginOneTimeFilter.doFilter(AllowOriginOneTimeFilter.java:37)
	at org.eclipse.jetty.servlet.FilterHolder.doFilter(FilterHolder.java:193)
	at org.eclipse.jetty.servlet.ServletHandler$Chain.doFilter(ServletHandler.java:1626)
	at org.eclipse.jetty.servlets.CrossOriginFilter.handle(CrossOriginFilter.java:319)
	at org.eclipse.jetty.servlets.CrossOriginFilter.doFilter(CrossOriginFilter.java:273)
	at org.eclipse.jetty.servlet.FilterHolder.doFilter(FilterHolder.java:193)
	at org.eclipse.jetty.servlet.ServletHandler$Chain.doFilter(ServletHandler.java:1626)
	at org.eclipse.jetty.servlet.ServletHandler.doHandle(ServletHandler.java:552)
	at org.eclipse.jetty.server.handler.ScopedHandler.handle(ScopedHandler.java:143)
	at org.eclipse.jetty.server.handler.gzip.GzipHandler.handle(GzipHandler.java:772)
	at org.eclipse.jetty.security.SecurityHandler.handle(SecurityHandler.java:600)
	at org.eclipse.jetty.server.handler.HandlerWrapper.handle(HandlerWrapper.java:127)
	at org.eclipse.jetty.server.handler.ScopedHandler.nextHandle(ScopedHandler.java:235)
	at org.eclipse.jetty.server.session.SessionHandler.doHandle(SessionHandler.java:1624)
	at org.eclipse.jetty.server.handler.ScopedHandler.nextHandle(ScopedHandler.java:233)
	at org.eclipse.jetty.server.handler.ContextHandler.doHandle(ContextHandler.java:1440)
	at org.eclipse.jetty.server.handler.ScopedHandler.nextScope(ScopedHandler.java:188)
	at org.eclipse.jetty.servlet.ServletHandler.doScope(ServletHandler.java:505)
	at org.eclipse.jetty.server.session.SessionHandler.doScope(SessionHandler.java:1594)
	at org.eclipse.jetty.server.handler.ScopedHandler.nextScope(ScopedHandler.java:186)
	at org.eclipse.jetty.server.handler.ContextHandler.doScope(ContextHandler.java:1355)
	at org.eclipse.jetty.server.handler.ScopedHandler.handle(ScopedHandler.java:141)
	at org.eclipse.jetty.server.handler.ContextHandlerCollection.handle(ContextHandlerCollection.java:234)
	at org.eclipse.jetty.server.handler.HandlerCollection.handle(HandlerCollection.java:146)
	at org.eclipse.jetty.server.handler.HandlerWrapper.handle(HandlerWrapper.java:127)
	at org.eclipse.jetty.server.Server.handle(Server.java:516)
	at org.eclipse.jetty.server.HttpChannel.lambda$handle$1(HttpChannel.java:487)
	at org.eclipse.jetty.server.HttpChannel.dispatch(HttpChannel.java:732)
	at org.eclipse.jetty.server.HttpChannel.handle(HttpChannel.java:479)
	at org.eclipse.jetty.server.HttpConnection.onFillable(HttpConnection.java:277)
	at org.eclipse.jetty.io.AbstractConnection$ReadCallback.succeeded(AbstractConnection.java:311)
	at org.eclipse.jetty.io.FillInterest.fillable(FillInterest.java:105)
	at org.eclipse.jetty.io.ChannelEndPoint$1.run(ChannelEndPoint.java:104)
	at org.eclipse.jetty.util.thread.strategy.EatWhatYouKill.runTask(EatWhatYouKill.java:338)
	at org.eclipse.jetty.util.thread.strategy.EatWhatYouKill.doProduce(EatWhatYouKill.java:315)
	at org.eclipse.jetty.util.thread.strategy.EatWhatYouKill.tryProduce(EatWhatYouKill.java:173)
	at org.eclipse.jetty.util.thread.strategy.EatWhatYouKill.run(EatWhatYouKill.java:131)
	at org.eclipse.jetty.util.thread.ReservedThreadExecutor$ReservedThread.run(ReservedThreadExecutor.java:409)
	at org.eclipse.jetty.util.thread.QueuedThreadPool.runJob(QueuedThreadPool.java:883)
	at org.eclipse.jetty.util.thread.QueuedThreadPool$Runner.run(QueuedThreadPool.java:1034)
	at java.base/java.lang.Thread.run(Thread.java:1583)
Caused by: org.eclipse.jetty.io.EofException
	at org.eclipse.jetty.io.ChannelEndPoint.flush(ChannelEndPoint.java:280)
	at org.eclipse.jetty.io.WriteFlusher.flush(WriteFlusher.java:422)
	at org.eclipse.jetty.io.WriteFlusher.write(WriteFlusher.java:277)
	at org.eclipse.jetty.io.AbstractEndPoint.write(AbstractEndPoint.java:381)
	at org.eclipse.jetty.server.HttpConnection$SendCallback.process(HttpConnection.java:831)
	at org.eclipse.jetty.util.IteratingCallback.processing(IteratingCallback.java:248)
	at org.eclipse.jetty.util.IteratingCallback.iterate(IteratingCallback.java:229)
	at org.eclipse.jetty.server.HttpConnection.send(HttpConnection.java:555)
	at org.eclipse.jetty.server.HttpChannel.sendResponse(HttpChannel.java:1014)
	at org.eclipse.jetty.server.HttpChannel.write(HttpChannel.java:1086)
	at org.eclipse.jetty.server.handler.gzip.GzipHttpOutputInterceptor$GzipBufferCB.process(GzipHttpOutputInterceptor.java:414)
	at org.eclipse.jetty.util.IteratingCallback.processing(IteratingCallback.java:248)
	at org.eclipse.jetty.util.IteratingCallback.iterate(IteratingCallback.java:229)
	at org.eclipse.jetty.server.handler.gzip.GzipHttpOutputInterceptor.gzip(GzipHttpOutputInterceptor.java:137)
	at org.eclipse.jetty.server.handler.gzip.GzipHttpOutputInterceptor.write(GzipHttpOutputInterceptor.java:119)
	at org.eclipse.jetty.server.HttpOutput.channelWrite(HttpOutput.java:285)
	at org.eclipse.jetty.server.HttpOutput.channelWrite(HttpOutput.java:269)
	at org.eclipse.jetty.server.HttpOutput.write(HttpOutput.java:873)
	at org.glassfish.jersey.servlet.internal.ResponseWriter$NonCloseableOutputStreamWrapper.write(ResponseWriter.java:303)
	at org.glassfish.jersey.message.internal.CommittingOutputStream.write(CommittingOutputStream.java:203)
	at org.glassfish.jersey.message.internal.WriterInterceptorExecutor$UnCloseableOutputStream.write(WriterInterceptorExecutor.java:276)
	at org.glassfish.jersey.message.internal.ReaderWriter.writeTo(ReaderWriter.java:99)
	at org.glassfish.jersey.message.internal.InputStreamProvider.writeTo(InputStreamProvider.java:82)
	at org.glassfish.jersey.message.internal.InputStreamProvider.writeTo(InputStreamProvider.java:37)
	at org.glassfish.jersey.message.internal.WriterInterceptorExecutor$TerminalWriterInterceptor.invokeWriteTo(WriterInterceptorExecutor.java:242)
	at org.glassfish.jersey.message.internal.WriterInterceptorExecutor$TerminalWriterInterceptor.aroundWriteTo(WriterInterceptorExecutor.java:227)
	at org.glassfish.jersey.message.internal.WriterInterceptorExecutor.proceed(WriterInterceptorExecutor.java:139)
	at org.glassfish.jersey.server.internal.JsonWithPaddingInterceptor.aroundWriteTo(JsonWithPaddingInterceptor.java:85)
	at org.glassfish.jersey.message.internal.WriterInterceptorExecutor.proceed(WriterInterceptorExecutor.java:139)
	at org.glassfish.jersey.server.internal.MappableExceptionWrapperInterceptor.aroundWriteTo(MappableExceptionWrapperInterceptor.java:61)
	... 101 more
Caused by: java.io.IOException: Connection reset by peer
	at java.base/sun.nio.ch.SocketDispatcher.writev0(Native Method)
	at java.base/sun.nio.ch.SocketDispatcher.writev(SocketDispatcher.java:70)
	at java.base/sun.nio.ch.IOUtil.write(IOUtil.java:227)
	at java.base/sun.nio.ch.IOUtil.write(IOUtil.java:158)
	at java.base/sun.nio.ch.SocketChannelImpl.write(SocketChannelImpl.java:574)
	at java.base/java.nio.channels.SocketChannel.write(SocketChannel.java:660)
	at org.eclipse.jetty.io.ChannelEndPoint.flush(ChannelEndPoint.java:274)
	... 130 more
13/08/26 16:50:29,831 INFO  [@ Daemon Proxy 2] [ServletContextDestroyListener ] [@] Destroyed event for context local
 13/08/26 16:50:29,845 INFO  [@ Daemon Proxy 2] [ApplicationStateHolderImpl    ] [@] Application state changed from RUNNING to SHUTTING_DOWN
 13/08/26 16:50:29,900 INFO  [@ Daemon Proxy 2] [YouTrackShutdown              ] [@] Stopping appLifecycleListeners
 13/08/26 16:50:29,900 INFO  [@ Daemon Proxy 2] [ApplicationStateHolderImpl    ] [@] Application state changed from SHUTTING_DOWN to APP_LIFECYCLE_STOP
 13/08/26 16:50:29,946 INFO  [@ Daemon Proxy 2] [JobProcessorsShutDown         ] [@] Stopping job processors
 13/08/26 16:50:29,946 INFO  [@ Daemon Proxy 2] [JobProcessorsShutDown         ] [@] Stopping job processor GlobalSchedulingJobProcessor
 13/08/26 16:50:29,947 INFO  [@ Daemon Proxy 2] [JobProcessorsShutDown         ] [@] Finished all jobs for job processor GlobalSchedulingJobProcessor
 13/08/26 16:50:29,947 INFO  [@ Daemon Proxy 2] [JobProcessorsShutDown         ] [@] Stopping job processor LocalSchedulingJobProcessor
 13/08/26 16:50:29,947 INFO  [@ Daemon Proxy 2] [JobProcessorsShutDown         ] [@] Finished all jobs for job processor LocalSchedulingJobProcessor
 13/08/26 16:50:29,947 INFO  [@ Daemon Proxy 2] [JobProcessorsShutDown         ] [@] Stopping job processor AsyncUIJobProcessor
 13/08/26 16:50:29,947 INFO  [@ Daemon Proxy 2] [JobProcessorsShutDown         ] [@] Finished all jobs for job processor AsyncUIJobProcessor
 13/08/26 16:50:29,947 INFO  [@ Daemon Proxy 2] [JobProcessorsShutDown         ] [@] Stopping job processor HeavyPersistentUserActionJobProcessor
 13/08/26 16:50:29,947 INFO  [@ Daemon Proxy 2] [JobProcessorsShutDown         ] [@] Finished all jobs for job processor HeavyPersistentUserActionJobProcessor
 13/08/26 16:50:29,947 INFO  [@ Daemon Proxy 2] [JobProcessorsShutDown         ] [@] Stopping job processor MaintenanceJobProcessor
 13/08/26 16:50:29,947 INFO  [@ Daemon Proxy 2] [JobProcessorsShutDown         ] [@] Finished all jobs for job processor MaintenanceJobProcessor
 13/08/26 16:50:29,947 INFO  [@ Daemon Proxy 2] [JobProcessorsShutDown         ] [@] Stopping job processor PersistentUserActionJobProcessor
 13/08/26 16:50:29,947 INFO  [@ Daemon Proxy 2] [JobProcessorsShutDown         ] [@] Finished all jobs for job processor PersistentUserActionJobProcessor
 13/08/26 16:50:29,947 INFO  [@ Daemon Proxy 2] [JobProcessorsShutDown         ] [@] Stopping job processor SpentTimeCorrectionJobProcessor
 13/08/26 16:50:29,947 INFO  [@ Daemon Proxy 2] [JobProcessorsShutDown         ] [@] Finished all jobs for job processor SpentTimeCorrectionJobProcessor
 13/08/26 16:50:29,947 INFO  [@ Daemon Proxy 2] [JobProcessorsShutDown         ] [@] Stopping job processor AICommandsJobProcessor
 13/08/26 16:50:29,947 INFO  [@ Daemon Proxy 2] [JobProcessorsShutDown         ] [@] Finished all jobs for job processor AICommandsJobProcessor
 13/08/26 16:50:29,947 INFO  [@ Daemon Proxy 2] [JobProcessorsShutDown         ] [@] Stopping job processor AiDuplicateSuggestionsJobProcessor
 13/08/26 16:50:29,947 INFO  [@ Daemon Proxy 2] [JobProcessorsShutDown         ] [@] Finished all jobs for job processor AiDuplicateSuggestionsJobProcessor
 13/08/26 16:50:29,947 INFO  [@ Daemon Proxy 2] [JobProcessorsShutDown         ] [@] Stopping job processor AiLinkSuggestionsJobProcessor
 13/08/26 16:50:29,947 INFO  [@ Daemon Proxy 2] [JobProcessorsShutDown         ] [@] Finished all jobs for job processor AiLinkSuggestionsJobProcessor
 13/08/26 16:50:29,947 INFO  [@ Daemon Proxy 2] [JobProcessorsShutDown         ] [@] Stopping job processor AiReplySuggestionsJobProcessor
 13/08/26 16:50:29,947 INFO  [@ Daemon Proxy 2] [JobProcessorsShutDown         ] [@] Finished all jobs for job processor AiReplySuggestionsJobProcessor
 13/08/26 16:50:29,947 INFO  [@ Daemon Proxy 2] [JobProcessorsShutDown         ] [@] Stopping job processor DuplicatesSuggestionResponseJobProcessor
 13/08/26 16:50:29,947 INFO  [@ Daemon Proxy 2] [JobProcessorsShutDown         ] [@] Finished all jobs for job processor DuplicatesSuggestionResponseJobProcessor
 13/08/26 16:50:29,947 INFO  [@ Daemon Proxy 2] [JobProcessorsShutDown         ] [@] Stopping job processor GrazieTasksAPIJobProcessor
 13/08/26 16:50:29,947 INFO  [@ Daemon Proxy 2] [JobProcessorsShutDown         ] [@] Finished all jobs for job processor GrazieTasksAPIJobProcessor
 13/08/26 16:50:29,947 INFO  [@ Daemon Proxy 2] [JobProcessorsShutDown         ] [@] Stopping job processor LinkSuggestionResponseJobProcessor
 13/08/26 16:50:29,947 INFO  [@ Daemon Proxy 2] [JobProcessorsShutDown         ] [@] Finished all jobs for job processor LinkSuggestionResponseJobProcessor
 13/08/26 16:50:29,947 INFO  [@ Daemon Proxy 2] [JobProcessorsShutDown         ] [@] Stopping job processor NaturalSearchResponseJobProcessor
 13/08/26 16:50:29,947 INFO  [@ Daemon Proxy 2] [JobProcessorsShutDown         ] [@] Finished all jobs for job processor NaturalSearchResponseJobProcessor
 13/08/26 16:50:29,947 INFO  [@ Daemon Proxy 2] [JobProcessorsShutDown         ] [@] Stopping job processor ThreadToIssueJobProcessor
 13/08/26 16:50:29,947 INFO  [@ Daemon Proxy 2] [JobProcessorsShutDown         ] [@] Finished all jobs for job processor ThreadToIssueJobProcessor
 13/08/26 16:50:29,947 INFO  [@ Daemon Proxy 2] [JobProcessorsShutDown         ] [@] Stopping job processor SmartSearchResponseJobProcessor
 13/08/26 16:50:29,947 INFO  [@ Daemon Proxy 2] [JobProcessorsShutDown         ] [@] Finished all jobs for job processor SmartSearchResponseJobProcessor
 13/08/26 16:50:29,947 INFO  [@ Daemon Proxy 2] [JobProcessorsShutDown         ] [@] Stopping job processor PredefinedScriptJobProcessor
 13/08/26 16:50:29,947 INFO  [@ Daemon Proxy 2] [JobProcessorsShutDown         ] [@] Finished all jobs for job processor PredefinedScriptJobProcessor
 13/08/26 16:50:29,947 INFO  [@ Daemon Proxy 2] [JobProcessorsShutDown         ] [@] Stopping job processor AsyncFunctionJobProcessor
 13/08/26 16:50:29,947 INFO  [@ Daemon Proxy 2] [JobProcessorsShutDown         ] [@] Finished all jobs for job processor AsyncFunctionJobProcessor
 13/08/26 16:50:29,947 INFO  [@ Daemon Proxy 2] [JobProcessorsShutDown         ] [@] Stopping job processor AgileUserProfileJobProcessor
 13/08/26 16:50:29,947 INFO  [@ Daemon Proxy 2] [JobProcessorsShutDown         ] [@] Finished all jobs for job processor AgileUserProfileJobProcessor
 13/08/26 16:50:29,947 INFO  [@ Daemon Proxy 2] [JobProcessorsShutDown         ] [@] Stopping job processor VcsJobProcessor
 13/08/26 16:50:29,947 INFO  [@ Daemon Proxy 2] [JobProcessorsShutDown         ] [@] Finished all jobs for job processor VcsJobProcessor
 13/08/26 16:50:29,947 INFO  [@ Daemon Proxy 2] [JobProcessorsShutDown         ] [@] Stopping job processor WorkflowEventJobProcessor
 13/08/26 16:50:29,947 INFO  [@ Daemon Proxy 2] [JobProcessorsShutDown         ] [@] Finished all jobs for job processor WorkflowEventJobProcessor
 13/08/26 16:50:29,947 INFO  [@ Daemon Proxy 2] [JobProcessorsShutDown         ] [@] Stopping job processor WorkflowScheduledJobProcessor
 13/08/26 16:50:29,947 INFO  [@ Daemon Proxy 2] [JobProcessorsShutDown         ] [@] Finished all jobs for job processor WorkflowScheduledJobProcessor
 13/08/26 16:50:29,948 INFO  [@ Daemon Proxy 2] [JobProcessorsShutDown         ] [@] Stopping job processor UserProfileJobProcessor
 13/08/26 16:50:29,948 INFO  [@ Daemon Proxy 2] [JobProcessorsShutDown         ] [@] Finished all jobs for job processor UserProfileJobProcessor
 13/08/26 16:50:29,948 INFO  [@ Daemon Proxy 2] [JobProcessorsShutDown         ] [@] Stopping job processor CleanupJobProcessor
 13/08/26 16:50:29,948 INFO  [@ Daemon Proxy 2] [JobProcessorsShutDown         ] [@] Finished all jobs for job processor CleanupJobProcessor
 13/08/26 16:50:29,948 INFO  [@ Daemon Proxy 2] [JobProcessorsShutDown         ] [@] Stopping job processor ArticlesExportJobProcessor
 13/08/26 16:50:29,948 INFO  [@ Daemon Proxy 2] [JobProcessorsShutDown         ] [@] Finished all jobs for job processor ArticlesExportJobProcessor
 13/08/26 16:50:29,948 INFO  [@ Daemon Proxy 2] [JobProcessorsShutDown         ] [@] Stopping job processor SimilarIssuesResponseJobProcessor
 13/08/26 16:50:29,948 INFO  [@ Daemon Proxy 2] [JobProcessorsShutDown         ] [@] Finished all jobs for job processor SimilarIssuesResponseJobProcessor
 13/08/26 16:50:29,948 INFO  [@ Daemon Proxy 2] [JobProcessorsShutDown         ] [@] Stopping job processor ArticleAnalysisDurabilityJobProcessor
 13/08/26 16:50:29,948 INFO  [@ Daemon Proxy 2] [JobProcessorsShutDown         ] [@] Finished all jobs for job processor ArticleAnalysisDurabilityJobProcessor
 13/08/26 16:50:29,948 INFO  [@ Daemon Proxy 2] [JobProcessorsShutDown         ] [@] Stopping job processor GanttJobProcessor
 13/08/26 16:50:29,948 INFO  [@ Daemon Proxy 2] [JobProcessorsShutDown         ] [@] Finished all jobs for job processor GanttJobProcessor
 13/08/26 16:50:29,948 INFO  [@ Daemon Proxy 2] [JobProcessorsShutDown         ] [@] Stopping job processor ImportsJobProcessor
 13/08/26 16:50:29,948 INFO  [@ Daemon Proxy 2] [JobProcessorsShutDown         ] [@] Finished all jobs for job processor ImportsJobProcessor
 13/08/26 16:50:29,948 INFO  [@ Daemon Proxy 2] [JobProcessorsShutDown         ] [@] Stopping job processor MailboxJobProcessor
 13/08/26 16:50:29,948 INFO  [@ Daemon Proxy 2] [JobProcessorsShutDown         ] [@] Finished all jobs for job processor MailboxJobProcessor
 13/08/26 16:50:29,948 INFO  [@ Daemon Proxy 2] [JobProcessorsShutDown         ] [@] Stopping job processor NotificationAnalyzerJobProcessor
 13/08/26 16:50:29,948 INFO  [@ Daemon Proxy 2] [JobProcessorsShutDown         ] [@] Finished all jobs for job processor NotificationAnalyzerJobProcessor
 13/08/26 16:50:29,948 INFO  [@ Daemon Proxy 2] [JobProcessorsShutDown         ] [@] Stopping job processor IssueAnalysisDurabilityJobProcessor
 13/08/26 16:50:29,948 INFO  [@ Daemon Proxy 2] [JobProcessorsShutDown         ] [@] Finished all jobs for job processor IssueAnalysisDurabilityJobProcessor
 13/08/26 16:50:29,948 INFO  [@ Daemon Proxy 2] [JobProcessorsShutDown         ] [@] Stopping job processor SendingDurabilityJobProcessor
 13/08/26 16:50:29,948 INFO  [@ Daemon Proxy 2] [JobProcessorsShutDown         ] [@] Finished all jobs for job processor SendingDurabilityJobProcessor
 13/08/26 16:50:29,948 INFO  [@ Daemon Proxy 2] [JobProcessorsShutDown         ] [@] Stopping job processor NotificationJobProcessor
 13/08/26 16:50:29,948 INFO  [@ Daemon Proxy 2] [JobProcessorsShutDown         ] [@] Finished all jobs for job processor NotificationJobProcessor
 13/08/26 16:50:29,948 INFO  [@ Daemon Proxy 2] [JobProcessorsShutDown         ] [@] Stopping job processor ReportsJobProcessor
 13/08/26 16:50:29,948 INFO  [@ Daemon Proxy 2] [JobProcessorsShutDown         ] [@] Finished all jobs for job processor ReportsJobProcessor
 13/08/26 16:50:29,948 INFO  [@ Daemon Proxy 2] [JobProcessorsShutDown         ] [@] Stopping job processor AuditJobProcessor
 13/08/26 16:50:29,948 INFO  [@ Daemon Proxy 2] [JobProcessorsShutDown         ] [@] Finished all jobs for job processor AuditJobProcessor
 13/08/26 16:50:29,948 INFO  [@ Daemon Proxy 2] [JobProcessorsShutDown         ] [@] Stopping job processor HubIntegrationJobProcessor
 13/08/26 16:50:29,948 INFO  [@ Daemon Proxy 2] [JobProcessorsShutDown         ] [@] Finished all jobs for job processor HubIntegrationJobProcessor
 13/08/26 16:50:29,948 INFO  [@ Daemon Proxy 2] [JobProcessorsShutDown         ] [@] Stopping job processor UserPrefixTreeCalculator
 13/08/26 16:50:29,948 INFO  [@ Daemon Proxy 2] [JobProcessorsShutDown         ] [@] Finished all jobs for job processor UserPrefixTreeCalculator
 13/08/26 16:50:29,948 INFO  [@ Daemon Proxy 2] [JobProcessorsShutDown         ] [@] Stopping job processor PermissionCacheCalculator
 13/08/26 16:50:29,948 INFO  [@ Daemon Proxy 2] [JobProcessorsShutDown         ] [@] Finished all jobs for job processor PermissionCacheCalculator
 13/08/26 16:50:29,948 INFO  [@ Daemon Proxy 2] [JobProcessorsShutDown         ] [@] Stopping job processor TextIndexManagerImpl
 13/08/26 16:50:29,948 INFO  [@ Daemon Proxy 2] [JobProcessorsShutDown         ] [@] Finished all jobs for job processor TextIndexManagerImpl
 13/08/26 16:50:29,948 INFO  [@ Daemon Proxy 2] [JobProcessorsShutDown         ] [@] Stopping job processor ZendeskIntegrationJobProcessor
 13/08/26 16:50:29,948 INFO  [@ Daemon Proxy 2] [JobProcessorsShutDown         ] [@] Finished all jobs for job processor ZendeskIntegrationJobProcessor
 13/08/26 16:50:29,949 INFO  [@ Daemon Proxy 2] [JobProcessorsShutDown         ] [@] Stopping job processor ImageOcrJobProcessor
 13/08/26 16:50:29,949 INFO  [@ Daemon Proxy 2] [JobProcessorsShutDown         ] [@] Finished all jobs for job processor ImageOcrJobProcessor
 13/08/26 16:50:29,949 INFO  [@ Daemon Proxy 2] [JobProcessorsShutDown         ] [@] Stopping job processor ImageOcrJobProcessor
 13/08/26 16:50:29,949 INFO  [@ Daemon Proxy 2] [JobProcessorsShutDown         ] [@] Finished all jobs for job processor ImageOcrJobProcessor
 13/08/26 16:50:29,968 INFO  [@ Daemon Proxy 2] [ingCanvasCDEWorkspaceContainer] [@] Closing planning canvas workspaces related to related to store /opt/youtrack/data/youtrack
 13/08/26 16:50:29,986 INFO  [@ Daemon Proxy 2] [ApplicationStateHolderImpl    ] [@] Application state changed from APP_LIFECYCLE_STOP to SHUT_DOWN
 13/08/26 16:50:29,988 INFO  [@ Daemon Proxy 2] [YouTrackShutdown              ] [@] Putting DB in readonly mode in shutdown
 13/08/26 16:50:29,998 INFO  [@ Daemon Proxy 2] [YouTrackShutdown              ] [@] Waiting for transactions
 13/08/26 16:50:29,998 INFO  [@ Daemon Proxy 2] [YouTrackShutdown              ] [@] No more transactions
 13/08/26 16:50:29,999 INFO  [@ Daemon Proxy 2] [ocalClasspathXmlServiceLocator] [@] Closing local web appplication's scope.
 13/08/26 16:50:30,010 INFO  [@ Daemon Proxy 2] [TextSearcherImpl              ] [@] Closing text searcher
 13/08/26 16:50:30,012 INFO  [@ Daemon Proxy 2] [TextSearcherImpl              ] [@] Queries cache hit rate: 0.0%
 13/08/26 16:50:30,016 INFO  [@ Daemon Proxy 2] [TextIndexManager              ] [@] Closing...
 13/08/26 16:50:30,023 INFO  [@ Daemon Proxy 2] [TextIndexManager              ] [@] RAMIndicesCache hit rate: 0.0%
 13/08/26 16:50:30,254 INFO  [@ Daemon Proxy 2] [ocalClasspathXmlServiceLocator] [@] Closing global web appplication's scope.
 14/08/26 07:14:32,497 INFO  [a16fb14f-df9d-795c-9c5f-9d941bee45fd@init servlet   ] [Reflections                   ] [init@] Reflections took 576 ms to scan 44 urls, producing 2190 keys and 51931 values
 14/08/26 07:14:38,204 INFO  [a16fb14f-df9d-795c-9c5f-9d941bee45fd@init servlet   ] [Reflections                   ] [init@] Reflections took 770 ms to scan 44 urls, producing 2190 keys and 51931 values
 14/08/26 07:14:39,483 INFO  [a16fb14f-df9d-795c-9c5f-9d941bee45fd@init servlet   ] [Reflections                   ] [init@] Reflections took 517 ms to scan 43 urls, producing 2163 keys and 51528 values
 14/08/26 07:14:41,888 INFO  [a16fb14f-df9d-795c-9c5f-9d941bee45fd@init servlet   ] [WebClasspathXmlServiceLocator ] [init@] Adding default placeholder resolver: PropertySourcesPlaceholderConfigurer
 14/08/26 07:14:48,915 INFO  [a16fb14f-df9d-795c-9c5f-9d941bee45fd@init servlet   ] [MessagesContainer             ] [init@] Default locale messages loaded
 14/08/26 07:14:50,019 INFO  [a16fb14f-df9d-795c-9c5f-9d941bee45fd@init servlet   ] [SystemTimeServiceConfiguration] [init@] SystemTimeService: using service with real start='2026-08-14T07:14:50.017Z
 14/08/26 07:14:50,727 INFO  [a16fb14f-df9d-795c-9c5f-9d941bee45fd@init servlet   ] [Reflections                   ] [init@] Reflections took 481 ms to scan 44 urls, producing 2263 keys and 89553 values
 14/08/26 07:14:51,823 INFO  [a16fb14f-df9d-795c-9c5f-9d941bee45fd@init servlet   ] [EnvironmentImpl               ] [@] Exodus environment created: /opt/youtrack/data/youtrack
 14/08/26 07:14:51,885 INFO  [a16fb14f-df9d-795c-9c5f-9d941bee45fd@init servlet   ] [EntityIterableCacheAdapter    ] [@] Using weighted eviction for entity iterable cache, maxWeight = 4473924
 14/08/26 07:14:52,921 INFO  [a16fb14f-df9d-795c-9c5f-9d941bee45fd@init servlet   ] [PersistentEntityStoreImpl     ] [@] Blob vault has been created at /opt/youtrack/data/youtrack/blobs
 14/08/26 07:14:53,489 INFO  [a16fb14f-df9d-795c-9c5f-9d941bee45fd@init servlet   ] [EnvironmentImpl               ] [@] Exodus environment created: /opt/youtrack/data/youtrack/textindex
 14/08/26 07:14:53,580 INFO  [a16fb14f-df9d-795c-9c5f-9d941bee45fd@init servlet   ] [TextIndexManager              ] [@] Initializing text index. Timestamp of last updated entry: 200
 14/08/26 07:14:54,991 INFO  [a16fb14f-df9d-795c-9c5f-9d941bee45fd@init servlet   ] [TextIndexManager              ] [@] Initializing text index. Last update timestamp: 201
 14/08/26 07:14:55,000 INFO  [a16fb14f-df9d-795c-9c5f-9d941bee45fd@init servlet   ] [DnqUtils                      ] [@] Execute entities initializers
 14/08/26 07:14:55,010 INFO  [a16fb14f-df9d-795c-9c5f-9d941bee45fd@init servlet   ] [YouTrackInit                  ] [@] Initializing YouTrack 2026.2.18194
 14/08/26 07:14:55,268 INFO  [a16fb14f-df9d-795c-9c5f-9d941bee45fd@init servlet   ] [ApplicationStateHolderImpl    ] [@] Application state changed from SPRING_STARTING to SPRING_INITIALIZED
 14/08/26 07:14:55,276 WARN  [a16fb14f-df9d-795c-9c5f-9d941bee45fd@init servlet   ] [XdStorage                     ] [@] Auxiliary truststore /opt/youtrack/conf/internal/keystore.jks does not exist, skipping
 14/08/26 07:14:55,340 INFO  [a16fb14f-df9d-795c-9c5f-9d941bee45fd@init servlet   ] [ApplicationStateHolderImpl    ] [@] Application state changed from SPRING_INITIALIZED to LOCALIZATION_SERVICE_INITIALIZED
 14/08/26 07:14:55,343 INFO  [a16fb14f-df9d-795c-9c5f-9d941bee45fd@init servlet   ] [ApplicationStateHolderImpl    ] [@] Application state changed from LOCALIZATION_SERVICE_INITIALIZED to USER_SERVICE_INITIALIZED
 14/08/26 07:14:55,355 INFO  [a16fb14f-df9d-795c-9c5f-9d941bee45fd@init servlet   ] [StandaloneLicenseUpdater      ] [@] Log message invocation failed: org.springframework.beans.factory.BeanCreationException: Error creating bean with name 'charismaLicenseChecker' defined in URL [jar:file:/opt/youtrack/apps/youtrack/web/WEB-INF/lib/youtrack-application-2026.2.18194.jar!/jetbrains/youtrack/license/CharismaLicenseCheckerContainer.class]: Failed to instantiate [jetbrains.youtrack.license.CharismaLicenseCheckerContainer]: Constructor threw exception
 14/08/26 07:14:55,364 INFO  [a16fb14f-df9d-795c-9c5f-9d941bee45fd@init servlet   ] [StandaloneLicenseUpdater      ] [@] Checking seats before switching to free license
 14/08/26 07:14:55,455 INFO  [a16fb14f-df9d-795c-9c5f-9d941bee45fd@init servlet   ] [StandaloneLicenseUpdater      ] [@] Switched to a free license
 14/08/26 07:14:55,519 INFO  [a16fb14f-df9d-795c-9c5f-9d941bee45fd@init servlet   ] [ApplicationStateHolderImpl    ] [@] Application state changed from USER_SERVICE_INITIALIZED to LICENSE_AND_LIABILITY_CHECKED
 14/08/26 07:14:55,558 INFO  [a16fb14f-df9d-795c-9c5f-9d941bee45fd@init servlet   ] [ApplicationStateHolderImpl    ] [@] Application state changed from LICENSE_AND_LIABILITY_CHECKED to REFACTORINGS_STARTED
 14/08/26 07:14:55,560 INFO  [a16fb14f-df9d-795c-9c5f-9d941bee45fd@init servlet   ] [XdRefactoring                 ] [@] Starting youtrack-only refactorings...
 14/08/26 07:14:55,588 INFO  [a16fb14f-df9d-795c-9c5f-9d941bee45fd@init servlet   ] [XdRefactoring                 ] [@] Apply refactoring: jetbrains.youtrack.refactoring.RefactoringRestoreAllUndeletedProjects
 14/08/26 07:14:55,644 INFO  [a16fb14f-df9d-795c-9c5f-9d941bee45fd@init servlet   ] [XdRefactoring                 ] [@] Apply refactoring: jetbrains.youtrack.event.refactoring.recursive.UserJobRefactoringChangeDiff
 14/08/26 07:14:55,644 INFO  [a16fb14f-df9d-795c-9c5f-9d941bee45fd@init servlet   ] [UserJobRecursiveRefactoring   ] [@] UserJobRefactoringChangeDiff refactoring is disabled
 14/08/26 07:14:55,646 INFO  [a16fb14f-df9d-795c-9c5f-9d941bee45fd@init servlet   ] [XdRefactoring                 ] [@] Apply refactoring: jetbrains.youtrack.helpdesk.refactoring.RefactoringReattachHelpdeskWorkflow
 14/08/26 07:14:55,695 INFO  [a16fb14f-df9d-795c-9c5f-9d941bee45fd@init servlet   ] [XdRefactoring                 ] [@] Apply refactoring: jetbrains.youtrack.reports.refactorings.RefactoringResetCalculatingReportsStatus
 14/08/26 07:14:55,712 INFO  [a16fb14f-df9d-795c-9c5f-9d941bee45fd@init servlet   ] [XdRefactoring                 ] [@] Completed youtrack-only refactorings in 0 min 0 sec
 14/08/26 07:14:55,712 INFO  [a16fb14f-df9d-795c-9c5f-9d941bee45fd@init servlet   ] [ApplicationStateHolderImpl    ] [@] Application state changed from REFACTORINGS_STARTED to REFACTORINGS_FINISHED
 14/08/26 07:15:00,751 INFO  [a16fb14f-df9d-795c-9c5f-9d941bee45fd@init servlet   ] [PermissionCacheImpl           ] [@] Start recalculating permissions cache
 14/08/26 07:15:00,791 INFO  [a16fb14f-df9d-795c-9c5f-9d941bee45fd@init servlet   ] [PermissionCacheImpl           ] [@] Finish recalculating permissions cache in: 0.039211397s, total user clusters: 2
 14/08/26 07:15:00,792 INFO  [a16fb14f-df9d-795c-9c5f-9d941bee45fd@init servlet   ] [DnqUtils                      ] [@] Init indexes for unique properties and composite keys
 14/08/26 07:15:00,844 INFO  [a16fb14f-df9d-795c-9c5f-9d941bee45fd@init servlet   ] [YouTrackWarmUp                ] [@] EntityIterableCache warm-up started
 14/08/26 07:15:00,907 INFO  [a16fb14f-df9d-795c-9c5f-9d941bee45fd@init servlet   ] [YouTrackWarmUp                ] [@] EntityIterableCache warm-up took 63 ms.
 14/08/26 07:15:00,907 INFO  [a16fb14f-df9d-795c-9c5f-9d941bee45fd@init servlet   ] [ApplicationStateHolderImpl    ] [@] Application state changed from REFACTORINGS_FINISHED to UNIQUE_INDEXES_INITIALIZED
 14/08/26 07:15:00,915 INFO  [a16fb14f-df9d-795c-9c5f-9d941bee45fd@init servlet   ] [ApplicationStateHolderImpl    ] [@] Application state changed from UNIQUE_INDEXES_INITIALIZED to BACKUP_AND_TEXT_INDEX_INITIALIZED
 14/08/26 07:15:01,264 INFO  [a16fb14f-df9d-795c-9c5f-9d941bee45fd@init servlet   ] [PrefixTrees                   ] [@] Finish creating keyword index in [171 ms]
 14/08/26 07:15:01,265 INFO  [a16fb14f-df9d-795c-9c5f-9d941bee45fd@init servlet   ] [ApplicationStateHolderImpl    ] [@] Application state changed from BACKUP_AND_TEXT_INDEX_INITIALIZED to PREFIX_TREES_INITIALIZED
 14/08/26 07:15:01,266 INFO  [a16fb14f-df9d-795c-9c5f-9d941bee45fd@init servlet   ] [ApplicationStateHolderImpl    ] [@] Application state changed from PREFIX_TREES_INITIALIZED to HUB_INTEGRATION_STARTING
 14/08/26 07:15:02,699 INFO  [a16fb14f-df9d-795c-9c5f-9d941bee45fd@init servlet   ] [XdRefactoring                 ] [@] Starting Hub context aware refactorings...
 14/08/26 07:15:02,706 INFO  [a16fb14f-df9d-795c-9c5f-9d941bee45fd@init servlet   ] [XdRefactoring                 ] [@] Completed Hub context aware refactorings in 0 min 0 sec
 14/08/26 07:15:02,726 INFO  [a16fb14f-df9d-795c-9c5f-9d941bee45fd@init servlet   ] [ApplicationStateHolderImpl    ] [@] Application state changed from HUB_INTEGRATION_STARTING to HUB_INTEGRATION_STARTED
 14/08/26 07:15:02,925 INFO  [a16fb14f-df9d-795c-9c5f-9d941bee45fd@init servlet   ] [PermissionsCacheData          ] [@] Custom field permission cache for 0 users (0 handlers) built in 1 ms
 14/08/26 07:15:02,932 INFO  [a16fb14f-df9d-795c-9c5f-9d941bee45fd@init servlet   ] [CustomFieldsPermissionsCache  ] [@] Custom field permission cache initialized
 14/08/26 07:15:05,419 INFO  [a16fb14f-df9d-795c-9c5f-9d941bee45fd@init servlet   ] [ApplicationStateHolderImpl    ] [@] Application state changed from HUB_INTEGRATION_STARTED to APP_LIFECYCLE_START
 14/08/26 07:15:05,420 INFO  [a16fb14f-df9d-795c-9c5f-9d941bee45fd@init servlet   ] [emTimeServiceLifecycleListener] [@] SystemTimeService Lifecycle: '' is not set; skipping validation
 14/08/26 07:15:11,470 INFO  [a16fb14f-df9d-795c-9c5f-9d941bee45fd@init servlet   ] [ApplicationStateHolderImpl    ] [@] Application state changed from APP_LIFECYCLE_START to RUNNING
 14/08/26 07:15:11,486 INFO  [a16fb14f-df9d-795c-9c5f-9d941bee45fd@init servlet   ] [YouTrackInit                  ] [@] YouTrack init complete
 14/08/26 07:15:21,611 INFO  [33027314-e9bd-cef5-0ddb-f001a81bf585@tion-analyzer-1] [DefaultSavedQueryProvider     ] [@] Creating localized default saved search "Assigned to me", query: for: me 
 14/08/26 07:15:21,612 INFO  [33027314-e9bd-cef5-0ddb-f001a81bf585@tion-analyzer-1] [DefaultSavedQueryProvider     ] [@] Updating localized default saved search "Assigned to me", share groups:  -> All Users
 14/08/26 07:15:21,614 INFO  [33027314-e9bd-cef5-0ddb-f001a81bf585@tion-analyzer-1] [DefaultSavedQueryProvider     ] [@] Creating localized default saved search "Commented by me", query: commenter: me 
 14/08/26 07:15:21,614 INFO  [33027314-e9bd-cef5-0ddb-f001a81bf585@tion-analyzer-1] [DefaultSavedQueryProvider     ] [@] Updating localized default saved search "Commented by me", share groups:  -> All Users
 14/08/26 07:15:21,615 INFO  [33027314-e9bd-cef5-0ddb-f001a81bf585@tion-analyzer-1] [DefaultSavedQueryProvider     ] [@] Creating localized default saved search "Reported by me", query: by: me 
 14/08/26 07:15:21,615 INFO  [33027314-e9bd-cef5-0ddb-f001a81bf585@tion-analyzer-1] [DefaultSavedQueryProvider     ] [@] Updating localized default saved search "Reported by me", share groups:  -> All Users
 14/08/26 07:15:21,616 INFO  [33027314-e9bd-cef5-0ddb-f001a81bf585@tion-analyzer-1] [DefaultSavedQueryProvider     ] [@] Creating localized default saved search "All issues", query: document type: Issue 
 14/08/26 07:15:21,616 INFO  [33027314-e9bd-cef5-0ddb-f001a81bf585@tion-analyzer-1] [DefaultSavedQueryProvider     ] [@] Updating localized default saved search "All issues", share groups:  -> All Users
 14/08/26 07:15:21,617 INFO  [33027314-e9bd-cef5-0ddb-f001a81bf585@tion-analyzer-1] [DefaultSavedQueryProvider     ] [@] Creating localized default saved search "All tickets", query: document type: Ticket 
 14/08/26 07:15:21,618 INFO  [33027314-e9bd-cef5-0ddb-f001a81bf585@tion-analyzer-1] [DefaultSavedQueryProvider     ] [@] Updating localized default saved search "All tickets", share groups:  -> All Users
 14/08/26 07:15:48,593 INFO  [c64c6dae-8634-29c3-3ecc-4228746cbe5c@qtp289303711-60] [MLDocumentsSorter             ] [admin@172.19.0.4] ML ranking model has been loaded successfully: DefaultArticlesModelProvider
 14/08/26 07:30:19,875 INFO  [9dd7da59-6b1f-679c-e3b3-471080175a6f@tp289303711-194] [security                      ] [admin@172.19.0.1] Issue DEMO-59 has been marked for removal
 14/08/26 07:30:19,926 INFO  [9dd7da59-6b1f-679c-e3b3-471080175a6f@tp289303711-194] [security                      ] [admin@172.19.0.1] Issue DEMO-58 has been marked for removal
 14/08/26 07:30:19,927 INFO  [9dd7da59-6b1f-679c-e3b3-471080175a6f@tp289303711-194] [security                      ] [admin@172.19.0.1] Issue DEMO-55 has been marked for removal
 14/08/26 07:30:19,930 INFO  [9dd7da59-6b1f-679c-e3b3-471080175a6f@tp289303711-194] [security                      ] [admin@172.19.0.1] Issue DEMO-57 has been marked for removal
 14/08/26 07:30:19,931 INFO  [9dd7da59-6b1f-679c-e3b3-471080175a6f@tp289303711-194] [security                      ] [admin@172.19.0.1] Issue DEMO-56 has been marked for removal
 14/08/26 07:30:19,932 INFO  [9dd7da59-6b1f-679c-e3b3-471080175a6f@tp289303711-194] [security                      ] [admin@172.19.0.1] Issue DEMO-53 has been marked for removal
 14/08/26 07:30:19,933 INFO  [9dd7da59-6b1f-679c-e3b3-471080175a6f@tp289303711-194] [security                      ] [admin@172.19.0.1] Issue DEMO-54 has been marked for removal
 14/08/26 07:30:19,934 INFO  [9dd7da59-6b1f-679c-e3b3-471080175a6f@tp289303711-194] [security                      ] [admin@172.19.0.1] Issue DEMO-52 has been marked for removal
 14/08/26 07:30:19,935 INFO  [9dd7da59-6b1f-679c-e3b3-471080175a6f@tp289303711-194] [security                      ] [admin@172.19.0.1] Issue DEMO-51 has been marked for removal
 14/08/26 07:30:19,936 INFO  [9dd7da59-6b1f-679c-e3b3-471080175a6f@tp289303711-194] [security                      ] [admin@172.19.0.1] Issue DEMO-50 has been marked for removal
 14/08/26 07:30:19,937 INFO  [9dd7da59-6b1f-679c-e3b3-471080175a6f@tp289303711-194] [security                      ] [admin@172.19.0.1] Issue DEMO-49 has been marked for removal
 14/08/26 07:30:19,938 INFO  [9dd7da59-6b1f-679c-e3b3-471080175a6f@tp289303711-194] [security                      ] [admin@172.19.0.1] Issue DEMO-48 has been marked for removal
 14/08/26 07:30:19,939 INFO  [9dd7da59-6b1f-679c-e3b3-471080175a6f@tp289303711-194] [security                      ] [admin@172.19.0.1] Issue DEMO-47 has been marked for removal
 14/08/26 07:30:19,940 INFO  [9dd7da59-6b1f-679c-e3b3-471080175a6f@tp289303711-194] [security                      ] [admin@172.19.0.1] Issue DEMO-46 has been marked for removal
 14/08/26 07:30:19,941 INFO  [9dd7da59-6b1f-679c-e3b3-471080175a6f@tp289303711-194] [security                      ] [admin@172.19.0.1] Issue DEMO-45 has been marked for removal
 14/08/26 07:30:19,942 INFO  [9dd7da59-6b1f-679c-e3b3-471080175a6f@tp289303711-194] [security                      ] [admin@172.19.0.1] Issue DEMO-44 has been marked for removal
 14/08/26 07:30:19,943 INFO  [9dd7da59-6b1f-679c-e3b3-471080175a6f@tp289303711-194] [security                      ] [admin@172.19.0.1] Issue DEMO-43 has been marked for removal
 14/08/26 07:30:19,945 INFO  [9dd7da59-6b1f-679c-e3b3-471080175a6f@tp289303711-194] [security                      ] [admin@172.19.0.1] Issue DEMO-42 has been marked for removal
 14/08/26 07:30:19,946 INFO  [9dd7da59-6b1f-679c-e3b3-471080175a6f@tp289303711-194] [security                      ] [admin@172.19.0.1] Issue DEMO-41 has been marked for removal
 14/08/26 07:30:19,948 INFO  [9dd7da59-6b1f-679c-e3b3-471080175a6f@tp289303711-194] [security                      ] [admin@172.19.0.1] Issue DEMO-40 has been marked for removal
 14/08/26 07:30:19,950 INFO  [9dd7da59-6b1f-679c-e3b3-471080175a6f@tp289303711-194] [security                      ] [admin@172.19.0.1] Issue DEMO-39 has been marked for removal
 14/08/26 07:30:19,952 INFO  [9dd7da59-6b1f-679c-e3b3-471080175a6f@tp289303711-194] [security                      ] [admin@172.19.0.1] Issue DEMO-38 has been marked for removal
 14/08/26 07:30:19,954 INFO  [9dd7da59-6b1f-679c-e3b3-471080175a6f@tp289303711-194] [security                      ] [admin@172.19.0.1] Issue DEMO-37 has been marked for removal
 14/08/26 07:30:19,956 INFO  [9dd7da59-6b1f-679c-e3b3-471080175a6f@tp289303711-194] [security                      ] [admin@172.19.0.1] Issue DEMO-36 has been marked for removal
 14/08/26 07:30:19,957 INFO  [9dd7da59-6b1f-679c-e3b3-471080175a6f@tp289303711-194] [security                      ] [admin@172.19.0.1] Issue DEMO-35 has been marked for removal
 14/08/26 07:30:19,958 INFO  [9dd7da59-6b1f-679c-e3b3-471080175a6f@tp289303711-194] [security                      ] [admin@172.19.0.1] Issue DEMO-34 has been marked for removal
 14/08/26 07:30:19,960 INFO  [9dd7da59-6b1f-679c-e3b3-471080175a6f@tp289303711-194] [security                      ] [admin@172.19.0.1] Issue DEMO-33 has been marked for removal
 14/08/26 07:30:19,961 INFO  [9dd7da59-6b1f-679c-e3b3-471080175a6f@tp289303711-194] [security                      ] [admin@172.19.0.1] Issue DEMO-32 has been marked for removal
 14/08/26 07:30:19,962 INFO  [9dd7da59-6b1f-679c-e3b3-471080175a6f@tp289303711-194] [security                      ] [admin@172.19.0.1] Issue DEMO-31 has been marked for removal
 14/08/26 07:30:19,963 INFO  [9dd7da59-6b1f-679c-e3b3-471080175a6f@tp289303711-194] [security                      ] [admin@172.19.0.1] Issue DEMO-30 has been marked for removal
 14/08/26 07:30:19,964 INFO  [9dd7da59-6b1f-679c-e3b3-471080175a6f@tp289303711-194] [security                      ] [admin@172.19.0.1] Issue DEMO-29 has been marked for removal
 14/08/26 07:30:19,965 INFO  [9dd7da59-6b1f-679c-e3b3-471080175a6f@tp289303711-194] [security                      ] [admin@172.19.0.1] Issue DEMO-28 has been marked for removal
 14/08/26 07:30:19,966 INFO  [9dd7da59-6b1f-679c-e3b3-471080175a6f@tp289303711-194] [security                      ] [admin@172.19.0.1] Issue DEMO-27 has been marked for removal
 14/08/26 07:30:19,968 INFO  [9dd7da59-6b1f-679c-e3b3-471080175a6f@tp289303711-194] [security                      ] [admin@172.19.0.1] Issue DEMO-26 has been marked for removal
 14/08/26 07:30:19,969 INFO  [9dd7da59-6b1f-679c-e3b3-471080175a6f@tp289303711-194] [security                      ] [admin@172.19.0.1] Issue DEMO-25 has been marked for removal
 14/08/26 07:30:19,970 INFO  [9dd7da59-6b1f-679c-e3b3-471080175a6f@tp289303711-194] [security                      ] [admin@172.19.0.1] Issue DEMO-24 has been marked for removal
 14/08/26 07:30:19,971 INFO  [9dd7da59-6b1f-679c-e3b3-471080175a6f@tp289303711-194] [security                      ] [admin@172.19.0.1] Issue DEMO-23 has been marked for removal
 14/08/26 07:30:19,972 INFO  [9dd7da59-6b1f-679c-e3b3-471080175a6f@tp289303711-194] [security                      ] [admin@172.19.0.1] Issue DEMO-22 has been marked for removal
 14/08/26 07:30:19,973 INFO  [9dd7da59-6b1f-679c-e3b3-471080175a6f@tp289303711-194] [security                      ] [admin@172.19.0.1] Issue DEMO-21 has been marked for removal
 14/08/26 07:30:19,974 INFO  [9dd7da59-6b1f-679c-e3b3-471080175a6f@tp289303711-194] [security                      ] [admin@172.19.0.1] Issue DEMO-20 has been marked for removal
 14/08/26 07:30:19,976 INFO  [9dd7da59-6b1f-679c-e3b3-471080175a6f@tp289303711-194] [security                      ] [admin@172.19.0.1] Issue DEMO-1 has been marked for removal
 14/08/26 07:30:19,978 INFO  [9dd7da59-6b1f-679c-e3b3-471080175a6f@tp289303711-194] [security                      ] [admin@172.19.0.1] Issue DEMO-4 has been marked for removal
 14/08/26 07:30:19,979 INFO  [9dd7da59-6b1f-679c-e3b3-471080175a6f@tp289303711-194] [security                      ] [admin@172.19.0.1] Issue DEMO-3 has been marked for removal
 14/08/26 07:30:19,980 INFO  [9dd7da59-6b1f-679c-e3b3-471080175a6f@tp289303711-194] [security                      ] [admin@172.19.0.1] Issue DEMO-11 has been marked for removal
 14/08/26 07:30:19,981 INFO  [9dd7da59-6b1f-679c-e3b3-471080175a6f@tp289303711-194] [security                      ] [admin@172.19.0.1] Issue DEMO-18 has been marked for removal
 14/08/26 07:30:19,982 INFO  [9dd7da59-6b1f-679c-e3b3-471080175a6f@tp289303711-194] [security                      ] [admin@172.19.0.1] Issue DEMO-19 has been marked for removal
 14/08/26 07:30:19,983 INFO  [9dd7da59-6b1f-679c-e3b3-471080175a6f@tp289303711-194] [security                      ] [admin@172.19.0.1] Issue DEMO-10 has been marked for removal
 14/08/26 07:30:19,985 INFO  [9dd7da59-6b1f-679c-e3b3-471080175a6f@tp289303711-194] [security                      ] [admin@172.19.0.1] Issue DEMO-5 has been marked for removal
 14/08/26 07:30:19,986 INFO  [9dd7da59-6b1f-679c-e3b3-471080175a6f@tp289303711-194] [security                      ] [admin@172.19.0.1] Issue DEMO-8 has been marked for removal
 14/08/26 07:30:19,987 INFO  [9dd7da59-6b1f-679c-e3b3-471080175a6f@tp289303711-194] [security                      ] [admin@172.19.0.1] Issue DEMO-6 has been marked for removal
 14/08/26 07:30:22,558 INFO  [cb576d27-3425-3590-c56c-ff48b2f620a7@qtp289303711-76] [security                      ] [admin@172.19.0.1] Issue DEMO-9 has been marked for removal
 14/08/26 07:30:22,562 INFO  [cb576d27-3425-3590-c56c-ff48b2f620a7@qtp289303711-76] [security                      ] [admin@172.19.0.1] Issue DEMO-7 has been marked for removal
 14/08/26 07:30:22,564 INFO  [cb576d27-3425-3590-c56c-ff48b2f620a7@qtp289303711-76] [security                      ] [admin@172.19.0.1] Issue DEMO-2 has been marked for removal
 14/08/26 07:30:22,565 INFO  [cb576d27-3425-3590-c56c-ff48b2f620a7@qtp289303711-76] [security                      ] [admin@172.19.0.1] Issue DEMO-17 has been marked for removal
 14/08/26 07:30:22,566 INFO  [cb576d27-3425-3590-c56c-ff48b2f620a7@qtp289303711-76] [security                      ] [admin@172.19.0.1] Issue DEMO-16 has been marked for removal
 14/08/26 07:30:22,571 INFO  [cb576d27-3425-3590-c56c-ff48b2f620a7@qtp289303711-76] [security                      ] [admin@172.19.0.1] Issue DEMO-12 has been marked for removal
 14/08/26 07:30:22,574 INFO  [cb576d27-3425-3590-c56c-ff48b2f620a7@qtp289303711-76] [security                      ] [admin@172.19.0.1] Issue DEMO-13 has been marked for removal
 14/08/26 07:30:22,597 INFO  [cb576d27-3425-3590-c56c-ff48b2f620a7@qtp289303711-76] [security                      ] [admin@172.19.0.1] Issue DEMO-14 has been marked for removal
 14/08/26 07:30:22,605 INFO  [cb576d27-3425-3590-c56c-ff48b2f620a7@qtp289303711-76] [security                      ] [admin@172.19.0.1] Issue DEMO-15 has been marked for removal
 14/08/26 07:50:55,482 ERROR [b245112b-c40e-54cb-3e94-bd20cfbc527f@tp289303711-300] [ServerRuntime$Responder       ] [guest@172.19.0.4] An I/O error has occurred while writing a response message entity to the container output stream.
 org.glassfish.jersey.server.internal.process.MappableException: org.eclipse.jetty.io.EofException
	at org.glassfish.jersey.server.internal.MappableExceptionWrapperInterceptor.aroundWriteTo(MappableExceptionWrapperInterceptor.java:67)
	at org.glassfish.jersey.message.internal.WriterInterceptorExecutor.proceed(WriterInterceptorExecutor.java:139)
	at jetbrains.gap.resource.pojo.CustomTypeResolverHeaderWriterInterceptor.aroundWriteTo(CustomTypeResolverHeaderFilters.kt:29)
	at org.glassfish.jersey.message.internal.WriterInterceptorExecutor.proceed(WriterInterceptorExecutor.java:139)
	at org.glassfish.jersey.message.internal.MessageBodyFactory.writeTo(MessageBodyFactory.java:1116)
	at org.glassfish.jersey.server.ServerRuntime$Responder.writeResponse(ServerRuntime.java:649)
	at org.glassfish.jersey.server.ServerRuntime$Responder.processResponse(ServerRuntime.java:380)
	at org.glassfish.jersey.server.ServerRuntime$Responder.process(ServerRuntime.java:370)
	at org.glassfish.jersey.server.ServerRuntime$1.run(ServerRuntime.java:259)
	at org.glassfish.jersey.internal.Errors$1.call(Errors.java:248)
	at org.glassfish.jersey.internal.Errors$1.call(Errors.java:244)
	at org.glassfish.jersey.internal.Errors.process(Errors.java:292)
	at org.glassfish.jersey.internal.Errors.process(Errors.java:274)
	at org.glassfish.jersey.internal.Errors.process(Errors.java:244)
	at org.glassfish.jersey.process.internal.RequestScope.runInScope(RequestScope.java:265)
	at org.glassfish.jersey.server.ServerRuntime.process(ServerRuntime.java:235)
	at org.glassfish.jersey.server.ApplicationHandler.handle(ApplicationHandler.java:684)
	at org.glassfish.jersey.servlet.WebComponent.serviceImpl(WebComponent.java:397)
	at org.glassfish.jersey.servlet.WebComponent.service(WebComponent.java:349)
	at jetbrains.youtrack.webapp.servlets.GapRestServlet.service(GapRestServlet.kt:85)
	at org.glassfish.jersey.servlet.ServletContainer.service(ServletContainer.java:312)
	at org.glassfish.jersey.servlet.ServletContainer.service(ServletContainer.java:205)
	at org.eclipse.jetty.servlet.ServletHolder.handle(ServletHolder.java:799)
	at org.eclipse.jetty.servlet.ServletHandler$ChainEnd.doFilter(ServletHandler.java:1656)
	at jetbrains.youtrack.webapp.filters.ClearPrincipalFilter.doFilter(ClearPrincipalFilter.kt:16)
	at jetbrains.youtrack.webapp.filters.FilterAdapter.doFilter(FilterAdapter.kt:45)
	at org.eclipse.jetty.servlet.FilterHolder.doFilter(FilterHolder.java:193)
	at org.eclipse.jetty.servlet.ServletHandler$Chain.doFilter(ServletHandler.java:1626)
	at jetbrains.youtrack.webapp.filters.SecurityResponseHeadersFilter.doFilter(SecurityResponseHeadersFilter.kt:29)
	at jetbrains.youtrack.webapp.filters.FilterAdapter.doFilter(FilterAdapter.kt:45)
	at org.eclipse.jetty.servlet.FilterHolder.doFilter(FilterHolder.java:193)
	at org.eclipse.jetty.servlet.ServletHandler$Chain.doFilter(ServletHandler.java:1626)
	at jetbrains.youtrack.gaprest.filters.HttpContextAccessorFilter.doFilter(HttpContextAccessorFilter.kt:42)
	at org.eclipse.jetty.servlet.FilterHolder.doFilter(FilterHolder.java:193)
	at org.eclipse.jetty.servlet.ServletHandler$Chain.doFilter(ServletHandler.java:1626)
	at jetbrains.youtrack.webapp.filters.PluginAppResourcesCacheFilter.doFilter(PluginAppResourcesCacheFilter.kt:32)
	at jetbrains.youtrack.webapp.filters.FilterAdapter.doFilter(FilterAdapter.kt:45)
	at org.eclipse.jetty.servlet.FilterHolder.doFilter(FilterHolder.java:193)
	at org.eclipse.jetty.servlet.ServletHandler$Chain.doFilter(ServletHandler.java:1626)
	at jetbrains.youtrack.spring.controller.BaseApplicationFilter.doFilter(BaseApplicationFilter.kt:23)
	at org.eclipse.jetty.servlet.FilterHolder.doFilter(FilterHolder.java:193)
	at org.eclipse.jetty.servlet.ServletHandler$Chain.doFilter(ServletHandler.java:1626)
	at jetbrains.youtrack.webapp.filters.MdcProviderServletFilter.doFilter(MdcProviderServletFilter.kt:29)
	at org.eclipse.jetty.servlet.FilterHolder.doFilter(FilterHolder.java:193)
	at org.eclipse.jetty.servlet.ServletHandler$Chain.doFilter(ServletHandler.java:1626)
	at jetbrains.youtrack.webapp.filters.SitemapFilter.doFilter(SitemapFilter.kt:16)
	at jetbrains.youtrack.webapp.filters.FilterAdapter.doFilter(FilterAdapter.kt:45)
	at org.eclipse.jetty.servlet.FilterHolder.doFilter(FilterHolder.java:193)
	at org.eclipse.jetty.servlet.ServletHandler$Chain.doFilter(ServletHandler.java:1626)
	at jetbrains.youtrack.webapp.filters.CorsRequestFilter.doFilter(CorsRequestFilter.kt:59)
	at jetbrains.youtrack.webapp.filters.FilterAdapter.doFilter(FilterAdapter.kt:45)
	at org.eclipse.jetty.servlet.FilterHolder.doFilter(FilterHolder.java:193)
	at org.eclipse.jetty.servlet.ServletHandler$Chain.doFilter(ServletHandler.java:1626)
	at jetbrains.youtrack.webapp.filters.CloudRedirectRootRequestFilter.doFilter(CloudRedirectRootRequestFilter.kt:14)
	at jetbrains.youtrack.webapp.filters.FilterAdapter.doFilter(FilterAdapter.kt:45)
	at org.eclipse.jetty.servlet.FilterHolder.doFilter(FilterHolder.java:193)
	at org.eclipse.jetty.servlet.ServletHandler$Chain.doFilter(ServletHandler.java:1626)
	at jetbrains.youtrack.webapp.filters.CloudForwardFilter.doFilter(CloudForwardFilter.kt:15)
	at jetbrains.youtrack.webapp.filters.FilterAdapter.doFilter(FilterAdapter.kt:45)
	at org.eclipse.jetty.servlet.FilterHolder.doFilter(FilterHolder.java:193)
	at org.eclipse.jetty.servlet.ServletHandler$Chain.doFilter(ServletHandler.java:1626)
	at org.eclipse.jetty.servlet.ServletHandler.doHandle(ServletHandler.java:552)
	at org.eclipse.jetty.server.handler.ScopedHandler.handle(ScopedHandler.java:143)
	at org.eclipse.jetty.server.handler.gzip.GzipHandler.handle(GzipHandler.java:772)
	at org.eclipse.jetty.security.SecurityHandler.handle(SecurityHandler.java:600)
	at org.eclipse.jetty.server.handler.HandlerWrapper.handle(HandlerWrapper.java:127)
	at org.eclipse.jetty.server.handler.ScopedHandler.nextHandle(ScopedHandler.java:235)
	at org.eclipse.jetty.server.session.SessionHandler.doHandle(SessionHandler.java:1624)
	at org.eclipse.jetty.server.handler.ScopedHandler.nextHandle(ScopedHandler.java:233)
	at org.eclipse.jetty.server.handler.ContextHandler.doHandle(ContextHandler.java:1440)
	at org.eclipse.jetty.server.handler.ScopedHandler.nextScope(ScopedHandler.java:188)
	at org.eclipse.jetty.servlet.ServletHandler.doScope(ServletHandler.java:505)
	at org.eclipse.jetty.server.session.SessionHandler.doScope(SessionHandler.java:1594)
	at org.eclipse.jetty.server.handler.ScopedHandler.nextScope(ScopedHandler.java:186)
	at org.eclipse.jetty.server.handler.ContextHandler.doScope(ContextHandler.java:1355)
	at org.eclipse.jetty.server.handler.ScopedHandler.handle(ScopedHandler.java:141)
	at org.eclipse.jetty.server.handler.ContextHandlerCollection.handle(ContextHandlerCollection.java:234)
	at org.eclipse.jetty.server.handler.HandlerCollection.handle(HandlerCollection.java:146)
	at org.eclipse.jetty.server.handler.HandlerWrapper.handle(HandlerWrapper.java:127)
	at org.eclipse.jetty.server.Server.handle(Server.java:516)
	at org.eclipse.jetty.server.HttpChannel.lambda$handle$1(HttpChannel.java:487)
	at org.eclipse.jetty.server.HttpChannel.dispatch(HttpChannel.java:732)
	at org.eclipse.jetty.server.HttpChannel.handle(HttpChannel.java:479)
	at org.eclipse.jetty.server.HttpConnection.onFillable(HttpConnection.java:277)
	at org.eclipse.jetty.io.AbstractConnection$ReadCallback.succeeded(AbstractConnection.java:311)
	at org.eclipse.jetty.io.FillInterest.fillable(FillInterest.java:105)
	at org.eclipse.jetty.io.ChannelEndPoint$1.run(ChannelEndPoint.java:104)
	at org.eclipse.jetty.util.thread.strategy.EatWhatYouKill.runTask(EatWhatYouKill.java:338)
	at org.eclipse.jetty.util.thread.strategy.EatWhatYouKill.doProduce(EatWhatYouKill.java:315)
	at org.eclipse.jetty.util.thread.strategy.EatWhatYouKill.tryProduce(EatWhatYouKill.java:173)
	at org.eclipse.jetty.util.thread.strategy.EatWhatYouKill.run(EatWhatYouKill.java:131)
	at org.eclipse.jetty.util.thread.ReservedThreadExecutor$ReservedThread.run(ReservedThreadExecutor.java:409)
	at org.eclipse.jetty.util.thread.QueuedThreadPool.runJob(QueuedThreadPool.java:883)
	at org.eclipse.jetty.util.thread.QueuedThreadPool$Runner.run(QueuedThreadPool.java:1034)
	at java.base/java.lang.Thread.run(Thread.java:1583)
Caused by: org.eclipse.jetty.io.EofException
	at org.eclipse.jetty.io.ChannelEndPoint.flush(ChannelEndPoint.java:280)
	at org.eclipse.jetty.io.WriteFlusher.flush(WriteFlusher.java:422)
	at org.eclipse.jetty.io.WriteFlusher.write(WriteFlusher.java:277)
	at org.eclipse.jetty.io.AbstractEndPoint.write(AbstractEndPoint.java:381)
	at org.eclipse.jetty.server.HttpConnection$SendCallback.process(HttpConnection.java:831)
	at org.eclipse.jetty.util.IteratingCallback.processing(IteratingCallback.java:248)
	at org.eclipse.jetty.util.IteratingCallback.iterate(IteratingCallback.java:229)
	at org.eclipse.jetty.server.HttpConnection.send(HttpConnection.java:555)
	at org.eclipse.jetty.server.HttpChannel.sendResponse(HttpChannel.java:1014)
	at org.eclipse.jetty.server.HttpChannel.write(HttpChannel.java:1086)
	at org.eclipse.jetty.server.handler.gzip.GzipHttpOutputInterceptor$GzipBufferCB.process(GzipHttpOutputInterceptor.java:414)
	at org.eclipse.jetty.util.IteratingCallback.processing(IteratingCallback.java:248)
	at org.eclipse.jetty.util.IteratingCallback.iterate(IteratingCallback.java:229)
	at org.eclipse.jetty.server.handler.gzip.GzipHttpOutputInterceptor.gzip(GzipHttpOutputInterceptor.java:137)
	at org.eclipse.jetty.server.handler.gzip.GzipHttpOutputInterceptor.write(GzipHttpOutputInterceptor.java:119)
	at org.eclipse.jetty.server.HttpOutput.channelWrite(HttpOutput.java:285)
	at org.eclipse.jetty.server.HttpOutput.channelWrite(HttpOutput.java:269)
	at org.eclipse.jetty.server.HttpOutput.write(HttpOutput.java:873)
	at org.glassfish.jersey.servlet.internal.ResponseWriter$NonCloseableOutputStreamWrapper.write(ResponseWriter.java:303)
	at org.glassfish.jersey.message.internal.CommittingOutputStream.write(CommittingOutputStream.java:203)
	at org.glassfish.jersey.message.internal.WriterInterceptorExecutor$UnCloseableOutputStream.write(WriterInterceptorExecutor.java:276)
	at org.glassfish.jersey.message.internal.ReaderWriter.writeTo(ReaderWriter.java:99)
	at org.glassfish.jersey.message.internal.InputStreamProvider.writeTo(InputStreamProvider.java:82)
	at org.glassfish.jersey.message.internal.InputStreamProvider.writeTo(InputStreamProvider.java:37)
	at org.glassfish.jersey.message.internal.WriterInterceptorExecutor$TerminalWriterInterceptor.invokeWriteTo(WriterInterceptorExecutor.java:242)
	at org.glassfish.jersey.message.internal.WriterInterceptorExecutor$TerminalWriterInterceptor.aroundWriteTo(WriterInterceptorExecutor.java:227)
	at org.glassfish.jersey.message.internal.WriterInterceptorExecutor.proceed(WriterInterceptorExecutor.java:139)
	at org.glassfish.jersey.server.internal.JsonWithPaddingInterceptor.aroundWriteTo(JsonWithPaddingInterceptor.java:85)
	at org.glassfish.jersey.message.internal.WriterInterceptorExecutor.proceed(WriterInterceptorExecutor.java:139)
	at org.glassfish.jersey.server.internal.MappableExceptionWrapperInterceptor.aroundWriteTo(MappableExceptionWrapperInterceptor.java:61)
	... 94 more
Caused by: java.io.IOException: Broken pipe
	at java.base/sun.nio.ch.SocketDispatcher.writev0(Native Method)
	at java.base/sun.nio.ch.SocketDispatcher.writev(SocketDispatcher.java:70)
	at java.base/sun.nio.ch.IOUtil.write(IOUtil.java:227)
	at java.base/sun.nio.ch.IOUtil.write(IOUtil.java:158)
	at java.base/sun.nio.ch.SocketChannelImpl.write(SocketChannelImpl.java:574)
	at java.base/java.nio.channels.SocketChannel.write(SocketChannel.java:660)
	at org.eclipse.jetty.io.ChannelEndPoint.flush(ChannelEndPoint.java:274)
	... 123 more
14/08/26 08:25:24,782 ERROR [b5e5a090-05c5-376b-3fc6-815974c609e1@tp289303711-325] [ServerRuntime$Responder       ] [guest@172.19.0.4] An I/O error has occurred while writing a response message entity to the container output stream.
 org.glassfish.jersey.server.internal.process.MappableException: org.eclipse.jetty.io.EofException
	at org.glassfish.jersey.server.internal.MappableExceptionWrapperInterceptor.aroundWriteTo(MappableExceptionWrapperInterceptor.java:67)
	at org.glassfish.jersey.message.internal.WriterInterceptorExecutor.proceed(WriterInterceptorExecutor.java:139)
	at jetbrains.gap.resource.pojo.CustomTypeResolverHeaderWriterInterceptor.aroundWriteTo(CustomTypeResolverHeaderFilters.kt:29)
	at org.glassfish.jersey.message.internal.WriterInterceptorExecutor.proceed(WriterInterceptorExecutor.java:139)
	at org.glassfish.jersey.message.internal.MessageBodyFactory.writeTo(MessageBodyFactory.java:1116)
	at org.glassfish.jersey.server.ServerRuntime$Responder.writeResponse(ServerRuntime.java:649)
	at org.glassfish.jersey.server.ServerRuntime$Responder.processResponse(ServerRuntime.java:380)
	at org.glassfish.jersey.server.ServerRuntime$Responder.process(ServerRuntime.java:370)
	at org.glassfish.jersey.server.ServerRuntime$1.run(ServerRuntime.java:259)
	at org.glassfish.jersey.internal.Errors$1.call(Errors.java:248)
	at org.glassfish.jersey.internal.Errors$1.call(Errors.java:244)
	at org.glassfish.jersey.internal.Errors.process(Errors.java:292)
	at org.glassfish.jersey.internal.Errors.process(Errors.java:274)
	at org.glassfish.jersey.internal.Errors.process(Errors.java:244)
	at org.glassfish.jersey.process.internal.RequestScope.runInScope(RequestScope.java:265)
	at org.glassfish.jersey.server.ServerRuntime.process(ServerRuntime.java:235)
	at org.glassfish.jersey.server.ApplicationHandler.handle(ApplicationHandler.java:684)
	at org.glassfish.jersey.servlet.WebComponent.serviceImpl(WebComponent.java:397)
	at org.glassfish.jersey.servlet.WebComponent.service(WebComponent.java:349)
	at jetbrains.youtrack.webapp.servlets.GapRestServlet.service(GapRestServlet.kt:85)
	at org.glassfish.jersey.servlet.ServletContainer.service(ServletContainer.java:312)
	at org.glassfish.jersey.servlet.ServletContainer.service(ServletContainer.java:205)
	at org.eclipse.jetty.servlet.ServletHolder.handle(ServletHolder.java:799)
	at org.eclipse.jetty.servlet.ServletHandler$ChainEnd.doFilter(ServletHandler.java:1656)
	at jetbrains.youtrack.webapp.filters.ClearPrincipalFilter.doFilter(ClearPrincipalFilter.kt:16)
	at jetbrains.youtrack.webapp.filters.FilterAdapter.doFilter(FilterAdapter.kt:45)
	at org.eclipse.jetty.servlet.FilterHolder.doFilter(FilterHolder.java:193)
	at org.eclipse.jetty.servlet.ServletHandler$Chain.doFilter(ServletHandler.java:1626)
	at jetbrains.youtrack.webapp.filters.SecurityResponseHeadersFilter.doFilter(SecurityResponseHeadersFilter.kt:29)
	at jetbrains.youtrack.webapp.filters.FilterAdapter.doFilter(FilterAdapter.kt:45)
	at org.eclipse.jetty.servlet.FilterHolder.doFilter(FilterHolder.java:193)
	at org.eclipse.jetty.servlet.ServletHandler$Chain.doFilter(ServletHandler.java:1626)
	at jetbrains.youtrack.gaprest.filters.HttpContextAccessorFilter.doFilter(HttpContextAccessorFilter.kt:42)
	at org.eclipse.jetty.servlet.FilterHolder.doFilter(FilterHolder.java:193)
	at org.eclipse.jetty.servlet.ServletHandler$Chain.doFilter(ServletHandler.java:1626)
	at jetbrains.youtrack.webapp.filters.PluginAppResourcesCacheFilter.doFilter(PluginAppResourcesCacheFilter.kt:32)
	at jetbrains.youtrack.webapp.filters.FilterAdapter.doFilter(FilterAdapter.kt:45)
	at org.eclipse.jetty.servlet.FilterHolder.doFilter(FilterHolder.java:193)
	at org.eclipse.jetty.servlet.ServletHandler$Chain.doFilter(ServletHandler.java:1626)
	at jetbrains.youtrack.spring.controller.BaseApplicationFilter.doFilter(BaseApplicationFilter.kt:23)
	at org.eclipse.jetty.servlet.FilterHolder.doFilter(FilterHolder.java:193)
	at org.eclipse.jetty.servlet.ServletHandler$Chain.doFilter(ServletHandler.java:1626)
	at jetbrains.youtrack.webapp.filters.MdcProviderServletFilter.doFilter(MdcProviderServletFilter.kt:29)
	at org.eclipse.jetty.servlet.FilterHolder.doFilter(FilterHolder.java:193)
	at org.eclipse.jetty.servlet.ServletHandler$Chain.doFilter(ServletHandler.java:1626)
	at jetbrains.youtrack.webapp.filters.SitemapFilter.doFilter(SitemapFilter.kt:16)
	at jetbrains.youtrack.webapp.filters.FilterAdapter.doFilter(FilterAdapter.kt:45)
	at org.eclipse.jetty.servlet.FilterHolder.doFilter(FilterHolder.java:193)
	at org.eclipse.jetty.servlet.ServletHandler$Chain.doFilter(ServletHandler.java:1626)
	at jetbrains.youtrack.webapp.filters.CorsRequestFilter.doFilter(CorsRequestFilter.kt:59)
	at jetbrains.youtrack.webapp.filters.FilterAdapter.doFilter(FilterAdapter.kt:45)
	at org.eclipse.jetty.servlet.FilterHolder.doFilter(FilterHolder.java:193)
	at org.eclipse.jetty.servlet.ServletHandler$Chain.doFilter(ServletHandler.java:1626)
	at jetbrains.youtrack.webapp.filters.CloudRedirectRootRequestFilter.doFilter(CloudRedirectRootRequestFilter.kt:14)
	at jetbrains.youtrack.webapp.filters.FilterAdapter.doFilter(FilterAdapter.kt:45)
	at org.eclipse.jetty.servlet.FilterHolder.doFilter(FilterHolder.java:193)
	at org.eclipse.jetty.servlet.ServletHandler$Chain.doFilter(ServletHandler.java:1626)
	at jetbrains.youtrack.webapp.filters.CloudForwardFilter.doFilter(CloudForwardFilter.kt:15)
	at jetbrains.youtrack.webapp.filters.FilterAdapter.doFilter(FilterAdapter.kt:45)
	at org.eclipse.jetty.servlet.FilterHolder.doFilter(FilterHolder.java:193)
	at org.eclipse.jetty.servlet.ServletHandler$Chain.doFilter(ServletHandler.java:1626)
	at org.eclipse.jetty.servlet.ServletHandler.doHandle(ServletHandler.java:552)
	at org.eclipse.jetty.server.handler.ScopedHandler.handle(ScopedHandler.java:143)
	at org.eclipse.jetty.server.handler.gzip.GzipHandler.handle(GzipHandler.java:772)
	at org.eclipse.jetty.security.SecurityHandler.handle(SecurityHandler.java:600)
	at org.eclipse.jetty.server.handler.HandlerWrapper.handle(HandlerWrapper.java:127)
	at org.eclipse.jetty.server.handler.ScopedHandler.nextHandle(ScopedHandler.java:235)
	at org.eclipse.jetty.server.session.SessionHandler.doHandle(SessionHandler.java:1624)
	at org.eclipse.jetty.server.handler.ScopedHandler.nextHandle(ScopedHandler.java:233)
	at org.eclipse.jetty.server.handler.ContextHandler.doHandle(ContextHandler.java:1440)
	at org.eclipse.jetty.server.handler.ScopedHandler.nextScope(ScopedHandler.java:188)
	at org.eclipse.jetty.servlet.ServletHandler.doScope(ServletHandler.java:505)
	at org.eclipse.jetty.server.session.SessionHandler.doScope(SessionHandler.java:1594)
	at org.eclipse.jetty.server.handler.ScopedHandler.nextScope(ScopedHandler.java:186)
	at org.eclipse.jetty.server.handler.ContextHandler.doScope(ContextHandler.java:1355)
	at org.eclipse.jetty.server.handler.ScopedHandler.handle(ScopedHandler.java:141)
	at org.eclipse.jetty.server.handler.ContextHandlerCollection.handle(ContextHandlerCollection.java:234)
	at org.eclipse.jetty.server.handler.HandlerCollection.handle(HandlerCollection.java:146)
	at org.eclipse.jetty.server.handler.HandlerWrapper.handle(HandlerWrapper.java:127)
	at org.eclipse.jetty.server.Server.handle(Server.java:516)
	at org.eclipse.jetty.server.HttpChannel.lambda$handle$1(HttpChannel.java:487)
	at org.eclipse.jetty.server.HttpChannel.dispatch(HttpChannel.java:732)
	at org.eclipse.jetty.server.HttpChannel.handle(HttpChannel.java:479)
	at org.eclipse.jetty.server.HttpConnection.onFillable(HttpConnection.java:277)
	at org.eclipse.jetty.io.AbstractConnection$ReadCallback.succeeded(AbstractConnection.java:311)
	at org.eclipse.jetty.io.FillInterest.fillable(FillInterest.java:105)
	at org.eclipse.jetty.io.ChannelEndPoint$1.run(ChannelEndPoint.java:104)
	at org.eclipse.jetty.util.thread.strategy.EatWhatYouKill.runTask(EatWhatYouKill.java:338)
	at org.eclipse.jetty.util.thread.strategy.EatWhatYouKill.doProduce(EatWhatYouKill.java:315)
	at org.eclipse.jetty.util.thread.strategy.EatWhatYouKill.tryProduce(EatWhatYouKill.java:173)
	at org.eclipse.jetty.util.thread.strategy.EatWhatYouKill.run(EatWhatYouKill.java:131)
	at org.eclipse.jetty.util.thread.ReservedThreadExecutor$ReservedThread.run(ReservedThreadExecutor.java:409)
	at org.eclipse.jetty.util.thread.QueuedThreadPool.runJob(QueuedThreadPool.java:883)
	at org.eclipse.jetty.util.thread.QueuedThreadPool$Runner.run(QueuedThreadPool.java:1034)
	at java.base/java.lang.Thread.run(Thread.java:1583)
Caused by: org.eclipse.jetty.io.EofException
	at org.eclipse.jetty.io.ChannelEndPoint.flush(ChannelEndPoint.java:280)
	at org.eclipse.jetty.io.WriteFlusher.flush(WriteFlusher.java:422)
	at org.eclipse.jetty.io.WriteFlusher.write(WriteFlusher.java:277)
	at org.eclipse.jetty.io.AbstractEndPoint.write(AbstractEndPoint.java:381)
	at org.eclipse.jetty.server.HttpConnection$SendCallback.process(HttpConnection.java:831)
	at org.eclipse.jetty.util.IteratingCallback.processing(IteratingCallback.java:248)
	at org.eclipse.jetty.util.IteratingCallback.iterate(IteratingCallback.java:229)
	at org.eclipse.jetty.server.HttpConnection.send(HttpConnection.java:555)
	at org.eclipse.jetty.server.HttpChannel.sendResponse(HttpChannel.java:1014)
	at org.eclipse.jetty.server.HttpChannel.write(HttpChannel.java:1086)
	at org.eclipse.jetty.server.handler.gzip.GzipHttpOutputInterceptor$GzipBufferCB.process(GzipHttpOutputInterceptor.java:414)
	at org.eclipse.jetty.util.IteratingCallback.processing(IteratingCallback.java:248)
	at org.eclipse.jetty.util.IteratingCallback.iterate(IteratingCallback.java:229)
	at org.eclipse.jetty.server.handler.gzip.GzipHttpOutputInterceptor.gzip(GzipHttpOutputInterceptor.java:137)
	at org.eclipse.jetty.server.handler.gzip.GzipHttpOutputInterceptor.write(GzipHttpOutputInterceptor.java:119)
	at org.eclipse.jetty.server.HttpOutput.channelWrite(HttpOutput.java:285)
	at org.eclipse.jetty.server.HttpOutput.channelWrite(HttpOutput.java:269)
	at org.eclipse.jetty.server.HttpOutput.write(HttpOutput.java:873)
	at org.glassfish.jersey.servlet.internal.ResponseWriter$NonCloseableOutputStreamWrapper.write(ResponseWriter.java:303)
	at org.glassfish.jersey.message.internal.CommittingOutputStream.write(CommittingOutputStream.java:203)
	at org.glassfish.jersey.message.internal.WriterInterceptorExecutor$UnCloseableOutputStream.write(WriterInterceptorExecutor.java:276)
	at org.glassfish.jersey.message.internal.ReaderWriter.writeTo(ReaderWriter.java:99)
	at org.glassfish.jersey.message.internal.InputStreamProvider.writeTo(InputStreamProvider.java:82)
	at org.glassfish.jersey.message.internal.InputStreamProvider.writeTo(InputStreamProvider.java:37)
	at org.glassfish.jersey.message.internal.WriterInterceptorExecutor$TerminalWriterInterceptor.invokeWriteTo(WriterInterceptorExecutor.java:242)
	at org.glassfish.jersey.message.internal.WriterInterceptorExecutor$TerminalWriterInterceptor.aroundWriteTo(WriterInterceptorExecutor.java:227)
	at org.glassfish.jersey.message.internal.WriterInterceptorExecutor.proceed(WriterInterceptorExecutor.java:139)
	at org.glassfish.jersey.server.internal.JsonWithPaddingInterceptor.aroundWriteTo(JsonWithPaddingInterceptor.java:85)
	at org.glassfish.jersey.message.internal.WriterInterceptorExecutor.proceed(WriterInterceptorExecutor.java:139)
	at org.glassfish.jersey.server.internal.MappableExceptionWrapperInterceptor.aroundWriteTo(MappableExceptionWrapperInterceptor.java:61)
	... 94 more
Caused by: java.io.IOException: Broken pipe
	at java.base/sun.nio.ch.SocketDispatcher.writev0(Native Method)
	at java.base/sun.nio.ch.SocketDispatcher.writev(SocketDispatcher.java:70)
	at java.base/sun.nio.ch.IOUtil.write(IOUtil.java:227)
	at java.base/sun.nio.ch.IOUtil.write(IOUtil.java:158)
	at java.base/sun.nio.ch.SocketChannelImpl.write(SocketChannelImpl.java:574)
	at java.base/java.nio.channels.SocketChannel.write(SocketChannel.java:660)
	at org.eclipse.jetty.io.ChannelEndPoint.flush(ChannelEndPoint.java:274)
	... 123 more
14/08/26 08:25:24,782 ERROR [a7e3b23f-1208-3e5a-544c-a94d15eb702d@tp289303711-420] [ServerRuntime$Responder       ] [guest@172.19.0.4] An I/O error has occurred while writing a response message entity to the container output stream.
 org.glassfish.jersey.server.internal.process.MappableException: org.eclipse.jetty.io.EofException
	at org.glassfish.jersey.server.internal.MappableExceptionWrapperInterceptor.aroundWriteTo(MappableExceptionWrapperInterceptor.java:67)
	at org.glassfish.jersey.message.internal.WriterInterceptorExecutor.proceed(WriterInterceptorExecutor.java:139)
	at jetbrains.gap.resource.pojo.CustomTypeResolverHeaderWriterInterceptor.aroundWriteTo(CustomTypeResolverHeaderFilters.kt:29)
	at org.glassfish.jersey.message.internal.WriterInterceptorExecutor.proceed(WriterInterceptorExecutor.java:139)
	at org.glassfish.jersey.message.internal.MessageBodyFactory.writeTo(MessageBodyFactory.java:1116)
	at org.glassfish.jersey.server.ServerRuntime$Responder.writeResponse(ServerRuntime.java:649)
	at org.glassfish.jersey.server.ServerRuntime$Responder.processResponse(ServerRuntime.java:380)
	at org.glassfish.jersey.server.ServerRuntime$Responder.process(ServerRuntime.java:370)
	at org.glassfish.jersey.server.ServerRuntime$1.run(ServerRuntime.java:259)
	at org.glassfish.jersey.internal.Errors$1.call(Errors.java:248)
	at org.glassfish.jersey.internal.Errors$1.call(Errors.java:244)
	at org.glassfish.jersey.internal.Errors.process(Errors.java:292)
	at org.glassfish.jersey.internal.Errors.process(Errors.java:274)
	at org.glassfish.jersey.internal.Errors.process(Errors.java:244)
	at org.glassfish.jersey.process.internal.RequestScope.runInScope(RequestScope.java:265)
	at org.glassfish.jersey.server.ServerRuntime.process(ServerRuntime.java:235)
	at org.glassfish.jersey.server.ApplicationHandler.handle(ApplicationHandler.java:684)
	at org.glassfish.jersey.servlet.WebComponent.serviceImpl(WebComponent.java:397)
	at org.glassfish.jersey.servlet.WebComponent.service(WebComponent.java:349)
	at jetbrains.youtrack.webapp.servlets.GapRestServlet.service(GapRestServlet.kt:85)
	at org.glassfish.jersey.servlet.ServletContainer.service(ServletContainer.java:312)
	at org.glassfish.jersey.servlet.ServletContainer.service(ServletContainer.java:205)
	at org.eclipse.jetty.servlet.ServletHolder.handle(ServletHolder.java:799)
	at org.eclipse.jetty.servlet.ServletHandler$ChainEnd.doFilter(ServletHandler.java:1656)
	at jetbrains.youtrack.webapp.filters.ClearPrincipalFilter.doFilter(ClearPrincipalFilter.kt:16)
	at jetbrains.youtrack.webapp.filters.FilterAdapter.doFilter(FilterAdapter.kt:45)
	at org.eclipse.jetty.servlet.FilterHolder.doFilter(FilterHolder.java:193)
	at org.eclipse.jetty.servlet.ServletHandler$Chain.doFilter(ServletHandler.java:1626)
	at jetbrains.youtrack.webapp.filters.SecurityResponseHeadersFilter.doFilter(SecurityResponseHeadersFilter.kt:29)
	at jetbrains.youtrack.webapp.filters.FilterAdapter.doFilter(FilterAdapter.kt:45)
	at org.eclipse.jetty.servlet.FilterHolder.doFilter(FilterHolder.java:193)
	at org.eclipse.jetty.servlet.ServletHandler$Chain.doFilter(ServletHandler.java:1626)
	at jetbrains.youtrack.gaprest.filters.HttpContextAccessorFilter.doFilter(HttpContextAccessorFilter.kt:42)
	at org.eclipse.jetty.servlet.FilterHolder.doFilter(FilterHolder.java:193)
	at org.eclipse.jetty.servlet.ServletHandler$Chain.doFilter(ServletHandler.java:1626)
	at jetbrains.youtrack.webapp.filters.PluginAppResourcesCacheFilter.doFilter(PluginAppResourcesCacheFilter.kt:32)
	at jetbrains.youtrack.webapp.filters.FilterAdapter.doFilter(FilterAdapter.kt:45)
	at org.eclipse.jetty.servlet.FilterHolder.doFilter(FilterHolder.java:193)
	at org.eclipse.jetty.servlet.ServletHandler$Chain.doFilter(ServletHandler.java:1626)
	at jetbrains.youtrack.spring.controller.BaseApplicationFilter.doFilter(BaseApplicationFilter.kt:23)
	at org.eclipse.jetty.servlet.FilterHolder.doFilter(FilterHolder.java:193)
	at org.eclipse.jetty.servlet.ServletHandler$Chain.doFilter(ServletHandler.java:1626)
	at jetbrains.youtrack.webapp.filters.MdcProviderServletFilter.doFilter(MdcProviderServletFilter.kt:29)
	at org.eclipse.jetty.servlet.FilterHolder.doFilter(FilterHolder.java:193)
	at org.eclipse.jetty.servlet.ServletHandler$Chain.doFilter(ServletHandler.java:1626)
	at jetbrains.youtrack.webapp.filters.SitemapFilter.doFilter(SitemapFilter.kt:16)
	at jetbrains.youtrack.webapp.filters.FilterAdapter.doFilter(FilterAdapter.kt:45)
	at org.eclipse.jetty.servlet.FilterHolder.doFilter(FilterHolder.java:193)
	at org.eclipse.jetty.servlet.ServletHandler$Chain.doFilter(ServletHandler.java:1626)
	at jetbrains.youtrack.webapp.filters.CorsRequestFilter.doFilter(CorsRequestFilter.kt:59)
	at jetbrains.youtrack.webapp.filters.FilterAdapter.doFilter(FilterAdapter.kt:45)
	at org.eclipse.jetty.servlet.FilterHolder.doFilter(FilterHolder.java:193)
	at org.eclipse.jetty.servlet.ServletHandler$Chain.doFilter(ServletHandler.java:1626)
	at jetbrains.youtrack.webapp.filters.CloudRedirectRootRequestFilter.doFilter(CloudRedirectRootRequestFilter.kt:14)
	at jetbrains.youtrack.webapp.filters.FilterAdapter.doFilter(FilterAdapter.kt:45)
	at org.eclipse.jetty.servlet.FilterHolder.doFilter(FilterHolder.java:193)
	at org.eclipse.jetty.servlet.ServletHandler$Chain.doFilter(ServletHandler.java:1626)
	at jetbrains.youtrack.webapp.filters.CloudForwardFilter.doFilter(CloudForwardFilter.kt:15)
	at jetbrains.youtrack.webapp.filters.FilterAdapter.doFilter(FilterAdapter.kt:45)
	at org.eclipse.jetty.servlet.FilterHolder.doFilter(FilterHolder.java:193)
	at org.eclipse.jetty.servlet.ServletHandler$Chain.doFilter(ServletHandler.java:1626)
	at org.eclipse.jetty.servlet.ServletHandler.doHandle(ServletHandler.java:552)
	at org.eclipse.jetty.server.handler.ScopedHandler.handle(ScopedHandler.java:143)
	at org.eclipse.jetty.server.handler.gzip.GzipHandler.handle(GzipHandler.java:772)
	at org.eclipse.jetty.security.SecurityHandler.handle(SecurityHandler.java:600)
	at org.eclipse.jetty.server.handler.HandlerWrapper.handle(HandlerWrapper.java:127)
	at org.eclipse.jetty.server.handler.ScopedHandler.nextHandle(ScopedHandler.java:235)
	at org.eclipse.jetty.server.session.SessionHandler.doHandle(SessionHandler.java:1624)
	at org.eclipse.jetty.server.handler.ScopedHandler.nextHandle(ScopedHandler.java:233)
	at org.eclipse.jetty.server.handler.ContextHandler.doHandle(ContextHandler.java:1440)
	at org.eclipse.jetty.server.handler.ScopedHandler.nextScope(ScopedHandler.java:188)
	at org.eclipse.jetty.servlet.ServletHandler.doScope(ServletHandler.java:505)
	at org.eclipse.jetty.server.session.SessionHandler.doScope(SessionHandler.java:1594)
	at org.eclipse.jetty.server.handler.ScopedHandler.nextScope(ScopedHandler.java:186)
	at org.eclipse.jetty.server.handler.ContextHandler.doScope(ContextHandler.java:1355)
	at org.eclipse.jetty.server.handler.ScopedHandler.handle(ScopedHandler.java:141)
	at org.eclipse.jetty.server.handler.ContextHandlerCollection.handle(ContextHandlerCollection.java:234)
	at org.eclipse.jetty.server.handler.HandlerCollection.handle(HandlerCollection.java:146)
	at org.eclipse.jetty.server.handler.HandlerWrapper.handle(HandlerWrapper.java:127)
	at org.eclipse.jetty.server.Server.handle(Server.java:516)
	at org.eclipse.jetty.server.HttpChannel.lambda$handle$1(HttpChannel.java:487)
	at org.eclipse.jetty.server.HttpChannel.dispatch(HttpChannel.java:732)
	at org.eclipse.jetty.server.HttpChannel.handle(HttpChannel.java:479)
	at org.eclipse.jetty.server.HttpConnection.onFillable(HttpConnection.java:277)
	at org.eclipse.jetty.io.AbstractConnection$ReadCallback.succeeded(AbstractConnection.java:311)
	at org.eclipse.jetty.io.FillInterest.fillable(FillInterest.java:105)
	at org.eclipse.jetty.io.ChannelEndPoint$1.run(ChannelEndPoint.java:104)
	at org.eclipse.jetty.util.thread.strategy.EatWhatYouKill.runTask(EatWhatYouKill.java:338)
	at org.eclipse.jetty.util.thread.strategy.EatWhatYouKill.doProduce(EatWhatYouKill.java:315)
	at org.eclipse.jetty.util.thread.strategy.EatWhatYouKill.tryProduce(EatWhatYouKill.java:173)
	at org.eclipse.jetty.util.thread.strategy.EatWhatYouKill.run(EatWhatYouKill.java:131)
	at org.eclipse.jetty.util.thread.ReservedThreadExecutor$ReservedThread.run(ReservedThreadExecutor.java:409)
	at org.eclipse.jetty.util.thread.QueuedThreadPool.runJob(QueuedThreadPool.java:883)
	at org.eclipse.jetty.util.thread.QueuedThreadPool$Runner.run(QueuedThreadPool.java:1034)
	at java.base/java.lang.Thread.run(Thread.java:1583)
Caused by: org.eclipse.jetty.io.EofException
	at org.eclipse.jetty.io.ChannelEndPoint.flush(ChannelEndPoint.java:280)
	at org.eclipse.jetty.io.WriteFlusher.flush(WriteFlusher.java:422)
	at org.eclipse.jetty.io.WriteFlusher.write(WriteFlusher.java:277)
	at org.eclipse.jetty.io.AbstractEndPoint.write(AbstractEndPoint.java:381)
	at org.eclipse.jetty.server.HttpConnection$SendCallback.process(HttpConnection.java:831)
	at org.eclipse.jetty.util.IteratingCallback.processing(IteratingCallback.java:248)
	at org.eclipse.jetty.util.IteratingCallback.iterate(IteratingCallback.java:229)
	at org.eclipse.jetty.server.HttpConnection.send(HttpConnection.java:555)
	at org.eclipse.jetty.server.HttpChannel.sendResponse(HttpChannel.java:1014)
	at org.eclipse.jetty.server.HttpChannel.write(HttpChannel.java:1086)
	at org.eclipse.jetty.server.handler.gzip.GzipHttpOutputInterceptor$GzipBufferCB.process(GzipHttpOutputInterceptor.java:414)
	at org.eclipse.jetty.util.IteratingCallback.processing(IteratingCallback.java:248)
	at org.eclipse.jetty.util.IteratingCallback.iterate(IteratingCallback.java:229)
	at org.eclipse.jetty.server.handler.gzip.GzipHttpOutputInterceptor.gzip(GzipHttpOutputInterceptor.java:137)
	at org.eclipse.jetty.server.handler.gzip.GzipHttpOutputInterceptor.write(GzipHttpOutputInterceptor.java:119)
	at org.eclipse.jetty.server.HttpOutput.channelWrite(HttpOutput.java:285)
	at org.eclipse.jetty.server.HttpOutput.channelWrite(HttpOutput.java:269)
	at org.eclipse.jetty.server.HttpOutput.write(HttpOutput.java:873)
	at org.glassfish.jersey.servlet.internal.ResponseWriter$NonCloseableOutputStreamWrapper.write(ResponseWriter.java:303)
	at org.glassfish.jersey.message.internal.CommittingOutputStream.write(CommittingOutputStream.java:203)
	at org.glassfish.jersey.message.internal.WriterInterceptorExecutor$UnCloseableOutputStream.write(WriterInterceptorExecutor.java:276)
	at org.glassfish.jersey.message.internal.ReaderWriter.writeTo(ReaderWriter.java:99)
	at org.glassfish.jersey.message.internal.InputStreamProvider.writeTo(InputStreamProvider.java:82)
	at org.glassfish.jersey.message.internal.InputStreamProvider.writeTo(InputStreamProvider.java:37)
	at org.glassfish.jersey.message.internal.WriterInterceptorExecutor$TerminalWriterInterceptor.invokeWriteTo(WriterInterceptorExecutor.java:242)
	at org.glassfish.jersey.message.internal.WriterInterceptorExecutor$TerminalWriterInterceptor.aroundWriteTo(WriterInterceptorExecutor.java:227)
	at org.glassfish.jersey.message.internal.WriterInterceptorExecutor.proceed(WriterInterceptorExecutor.java:139)
	at org.glassfish.jersey.server.internal.JsonWithPaddingInterceptor.aroundWriteTo(JsonWithPaddingInterceptor.java:85)
	at org.glassfish.jersey.message.internal.WriterInterceptorExecutor.proceed(WriterInterceptorExecutor.java:139)
	at org.glassfish.jersey.server.internal.MappableExceptionWrapperInterceptor.aroundWriteTo(MappableExceptionWrapperInterceptor.java:61)
	... 94 more
Caused by: java.io.IOException: Broken pipe
	at java.base/sun.nio.ch.SocketDispatcher.writev0(Native Method)
	at java.base/sun.nio.ch.SocketDispatcher.writev(SocketDispatcher.java:70)
	at java.base/sun.nio.ch.IOUtil.write(IOUtil.java:227)
	at java.base/sun.nio.ch.IOUtil.write(IOUtil.java:158)
	at java.base/sun.nio.ch.SocketChannelImpl.write(SocketChannelImpl.java:574)
	at java.base/java.nio.channels.SocketChannel.write(SocketChannel.java:660)
	at org.eclipse.jetty.io.ChannelEndPoint.flush(ChannelEndPoint.java:274)
	... 123 more
14/08/26 08:25:24,781 ERROR [f127283e-e37d-bb9c-1113-9807ab48464b@tp289303711-425] [ServerRuntime$Responder       ] [guest@172.19.0.4] An I/O error has occurred while writing a response message entity to the container output stream.
 org.glassfish.jersey.server.internal.process.MappableException: org.eclipse.jetty.io.EofException
	at org.glassfish.jersey.server.internal.MappableExceptionWrapperInterceptor.aroundWriteTo(MappableExceptionWrapperInterceptor.java:67)
	at org.glassfish.jersey.message.internal.WriterInterceptorExecutor.proceed(WriterInterceptorExecutor.java:139)
	at jetbrains.gap.resource.pojo.CustomTypeResolverHeaderWriterInterceptor.aroundWriteTo(CustomTypeResolverHeaderFilters.kt:29)
	at org.glassfish.jersey.message.internal.WriterInterceptorExecutor.proceed(WriterInterceptorExecutor.java:139)
	at org.glassfish.jersey.message.internal.MessageBodyFactory.writeTo(MessageBodyFactory.java:1116)
	at org.glassfish.jersey.server.ServerRuntime$Responder.writeResponse(ServerRuntime.java:649)
	at org.glassfish.jersey.server.ServerRuntime$Responder.processResponse(ServerRuntime.java:380)
	at org.glassfish.jersey.server.ServerRuntime$Responder.process(ServerRuntime.java:370)
	at org.glassfish.jersey.server.ServerRuntime$1.run(ServerRuntime.java:259)
	at org.glassfish.jersey.internal.Errors$1.call(Errors.java:248)
	at org.glassfish.jersey.internal.Errors$1.call(Errors.java:244)
	at org.glassfish.jersey.internal.Errors.process(Errors.java:292)
	at org.glassfish.jersey.internal.Errors.process(Errors.java:274)
	at org.glassfish.jersey.internal.Errors.process(Errors.java:244)
	at org.glassfish.jersey.process.internal.RequestScope.runInScope(RequestScope.java:265)
	at org.glassfish.jersey.server.ServerRuntime.process(ServerRuntime.java:235)
	at org.glassfish.jersey.server.ApplicationHandler.handle(ApplicationHandler.java:684)
	at org.glassfish.jersey.servlet.WebComponent.serviceImpl(WebComponent.java:397)
	at org.glassfish.jersey.servlet.WebComponent.service(WebComponent.java:349)
	at jetbrains.youtrack.webapp.servlets.GapRestServlet.service(GapRestServlet.kt:85)
	at org.glassfish.jersey.servlet.ServletContainer.service(ServletContainer.java:312)
	at org.glassfish.jersey.servlet.ServletContainer.service(ServletContainer.java:205)
	at org.eclipse.jetty.servlet.ServletHolder.handle(ServletHolder.java:799)
	at org.eclipse.jetty.servlet.ServletHandler$ChainEnd.doFilter(ServletHandler.java:1656)
	at jetbrains.youtrack.webapp.filters.ClearPrincipalFilter.doFilter(ClearPrincipalFilter.kt:16)
	at jetbrains.youtrack.webapp.filters.FilterAdapter.doFilter(FilterAdapter.kt:45)
	at org.eclipse.jetty.servlet.FilterHolder.doFilter(FilterHolder.java:193)
	at org.eclipse.jetty.servlet.ServletHandler$Chain.doFilter(ServletHandler.java:1626)
	at jetbrains.youtrack.webapp.filters.SecurityResponseHeadersFilter.doFilter(SecurityResponseHeadersFilter.kt:29)
	at jetbrains.youtrack.webapp.filters.FilterAdapter.doFilter(FilterAdapter.kt:45)
	at org.eclipse.jetty.servlet.FilterHolder.doFilter(FilterHolder.java:193)
	at org.eclipse.jetty.servlet.ServletHandler$Chain.doFilter(ServletHandler.java:1626)
	at jetbrains.youtrack.gaprest.filters.HttpContextAccessorFilter.doFilter(HttpContextAccessorFilter.kt:42)
	at org.eclipse.jetty.servlet.FilterHolder.doFilter(FilterHolder.java:193)
	at org.eclipse.jetty.servlet.ServletHandler$Chain.doFilter(ServletHandler.java:1626)
	at jetbrains.youtrack.webapp.filters.PluginAppResourcesCacheFilter.doFilter(PluginAppResourcesCacheFilter.kt:32)
	at jetbrains.youtrack.webapp.filters.FilterAdapter.doFilter(FilterAdapter.kt:45)
	at org.eclipse.jetty.servlet.FilterHolder.doFilter(FilterHolder.java:193)
	at org.eclipse.jetty.servlet.ServletHandler$Chain.doFilter(ServletHandler.java:1626)
	at jetbrains.youtrack.spring.controller.BaseApplicationFilter.doFilter(BaseApplicationFilter.kt:23)
	at org.eclipse.jetty.servlet.FilterHolder.doFilter(FilterHolder.java:193)
	at org.eclipse.jetty.servlet.ServletHandler$Chain.doFilter(ServletHandler.java:1626)
	at jetbrains.youtrack.webapp.filters.MdcProviderServletFilter.doFilter(MdcProviderServletFilter.kt:29)
	at org.eclipse.jetty.servlet.FilterHolder.doFilter(FilterHolder.java:193)
	at org.eclipse.jetty.servlet.ServletHandler$Chain.doFilter(ServletHandler.java:1626)
	at jetbrains.youtrack.webapp.filters.SitemapFilter.doFilter(SitemapFilter.kt:16)
	at jetbrains.youtrack.webapp.filters.FilterAdapter.doFilter(FilterAdapter.kt:45)
	at org.eclipse.jetty.servlet.FilterHolder.doFilter(FilterHolder.java:193)
	at org.eclipse.jetty.servlet.ServletHandler$Chain.doFilter(ServletHandler.java:1626)
	at jetbrains.youtrack.webapp.filters.CorsRequestFilter.doFilter(CorsRequestFilter.kt:59)
	at jetbrains.youtrack.webapp.filters.FilterAdapter.doFilter(FilterAdapter.kt:45)
	at org.eclipse.jetty.servlet.FilterHolder.doFilter(FilterHolder.java:193)
	at org.eclipse.jetty.servlet.ServletHandler$Chain.doFilter(ServletHandler.java:1626)
	at jetbrains.youtrack.webapp.filters.CloudRedirectRootRequestFilter.doFilter(CloudRedirectRootRequestFilter.kt:14)
	at jetbrains.youtrack.webapp.filters.FilterAdapter.doFilter(FilterAdapter.kt:45)
	at org.eclipse.jetty.servlet.FilterHolder.doFilter(FilterHolder.java:193)
	at org.eclipse.jetty.servlet.ServletHandler$Chain.doFilter(ServletHandler.java:1626)
	at jetbrains.youtrack.webapp.filters.CloudForwardFilter.doFilter(CloudForwardFilter.kt:15)
	at jetbrains.youtrack.webapp.filters.FilterAdapter.doFilter(FilterAdapter.kt:45)
	at org.eclipse.jetty.servlet.FilterHolder.doFilter(FilterHolder.java:193)
	at org.eclipse.jetty.servlet.ServletHandler$Chain.doFilter(ServletHandler.java:1626)
	at org.eclipse.jetty.servlet.ServletHandler.doHandle(ServletHandler.java:552)
	at org.eclipse.jetty.server.handler.ScopedHandler.handle(ScopedHandler.java:143)
	at org.eclipse.jetty.server.handler.gzip.GzipHandler.handle(GzipHandler.java:772)
	at org.eclipse.jetty.security.SecurityHandler.handle(SecurityHandler.java:600)
	at org.eclipse.jetty.server.handler.HandlerWrapper.handle(HandlerWrapper.java:127)
	at org.eclipse.jetty.server.handler.ScopedHandler.nextHandle(ScopedHandler.java:235)
	at org.eclipse.jetty.server.session.SessionHandler.doHandle(SessionHandler.java:1624)
	at org.eclipse.jetty.server.handler.ScopedHandler.nextHandle(ScopedHandler.java:233)
	at org.eclipse.jetty.server.handler.ContextHandler.doHandle(ContextHandler.java:1440)
	at org.eclipse.jetty.server.handler.ScopedHandler.nextScope(ScopedHandler.java:188)
	at org.eclipse.jetty.servlet.ServletHandler.doScope(ServletHandler.java:505)
	at org.eclipse.jetty.server.session.SessionHandler.doScope(SessionHandler.java:1594)
	at org.eclipse.jetty.server.handler.ScopedHandler.nextScope(ScopedHandler.java:186)
	at org.eclipse.jetty.server.handler.ContextHandler.doScope(ContextHandler.java:1355)
	at org.eclipse.jetty.server.handler.ScopedHandler.handle(ScopedHandler.java:141)
	at org.eclipse.jetty.server.handler.ContextHandlerCollection.handle(ContextHandlerCollection.java:234)
	at org.eclipse.jetty.server.handler.HandlerCollection.handle(HandlerCollection.java:146)
	at org.eclipse.jetty.server.handler.HandlerWrapper.handle(HandlerWrapper.java:127)
	at org.eclipse.jetty.server.Server.handle(Server.java:516)
	at org.eclipse.jetty.server.HttpChannel.lambda$handle$1(HttpChannel.java:487)
	at org.eclipse.jetty.server.HttpChannel.dispatch(HttpChannel.java:732)
	at org.eclipse.jetty.server.HttpChannel.handle(HttpChannel.java:479)
	at org.eclipse.jetty.server.HttpConnection.onFillable(HttpConnection.java:277)
	at org.eclipse.jetty.io.AbstractConnection$ReadCallback.succeeded(AbstractConnection.java:311)
	at org.eclipse.jetty.io.FillInterest.fillable(FillInterest.java:105)
	at org.eclipse.jetty.io.ChannelEndPoint$1.run(ChannelEndPoint.java:104)
	at org.eclipse.jetty.util.thread.strategy.EatWhatYouKill.runTask(EatWhatYouKill.java:338)
	at org.eclipse.jetty.util.thread.strategy.EatWhatYouKill.doProduce(EatWhatYouKill.java:315)
	at org.eclipse.jetty.util.thread.strategy.EatWhatYouKill.tryProduce(EatWhatYouKill.java:173)
	at org.eclipse.jetty.util.thread.strategy.EatWhatYouKill.run(EatWhatYouKill.java:131)
	at org.eclipse.jetty.util.thread.ReservedThreadExecutor$ReservedThread.run(ReservedThreadExecutor.java:409)
	at org.eclipse.jetty.util.thread.QueuedThreadPool.runJob(QueuedThreadPool.java:883)
	at org.eclipse.jetty.util.thread.QueuedThreadPool$Runner.run(QueuedThreadPool.java:1034)
	at java.base/java.lang.Thread.run(Thread.java:1583)
Caused by: org.eclipse.jetty.io.EofException
	at org.eclipse.jetty.io.ChannelEndPoint.flush(ChannelEndPoint.java:280)
	at org.eclipse.jetty.io.WriteFlusher.flush(WriteFlusher.java:422)
	at org.eclipse.jetty.io.WriteFlusher.write(WriteFlusher.java:277)
	at org.eclipse.jetty.io.AbstractEndPoint.write(AbstractEndPoint.java:381)
	at org.eclipse.jetty.server.HttpConnection$SendCallback.process(HttpConnection.java:831)
	at org.eclipse.jetty.util.IteratingCallback.processing(IteratingCallback.java:248)
	at org.eclipse.jetty.util.IteratingCallback.iterate(IteratingCallback.java:229)
	at org.eclipse.jetty.server.HttpConnection.send(HttpConnection.java:555)
	at org.eclipse.jetty.server.HttpChannel.sendResponse(HttpChannel.java:1014)
	at org.eclipse.jetty.server.HttpChannel.write(HttpChannel.java:1086)
	at org.eclipse.jetty.server.handler.gzip.GzipHttpOutputInterceptor$GzipBufferCB.process(GzipHttpOutputInterceptor.java:414)
	at org.eclipse.jetty.util.IteratingCallback.processing(IteratingCallback.java:248)
	at org.eclipse.jetty.util.IteratingCallback.iterate(IteratingCallback.java:229)
	at org.eclipse.jetty.server.handler.gzip.GzipHttpOutputInterceptor.gzip(GzipHttpOutputInterceptor.java:137)
	at org.eclipse.jetty.server.handler.gzip.GzipHttpOutputInterceptor.write(GzipHttpOutputInterceptor.java:119)
	at org.eclipse.jetty.server.HttpOutput.channelWrite(HttpOutput.java:285)
	at org.eclipse.jetty.server.HttpOutput.channelWrite(HttpOutput.java:269)
	at org.eclipse.jetty.server.HttpOutput.write(HttpOutput.java:873)
	at org.glassfish.jersey.servlet.internal.ResponseWriter$NonCloseableOutputStreamWrapper.write(ResponseWriter.java:303)
	at org.glassfish.jersey.message.internal.CommittingOutputStream.write(CommittingOutputStream.java:203)
	at org.glassfish.jersey.message.internal.WriterInterceptorExecutor$UnCloseableOutputStream.write(WriterInterceptorExecutor.java:276)
	at org.glassfish.jersey.message.internal.ReaderWriter.writeTo(ReaderWriter.java:99)
	at org.glassfish.jersey.message.internal.InputStreamProvider.writeTo(InputStreamProvider.java:82)
	at org.glassfish.jersey.message.internal.InputStreamProvider.writeTo(InputStreamProvider.java:37)
	at org.glassfish.jersey.message.internal.WriterInterceptorExecutor$TerminalWriterInterceptor.invokeWriteTo(WriterInterceptorExecutor.java:242)
	at org.glassfish.jersey.message.internal.WriterInterceptorExecutor$TerminalWriterInterceptor.aroundWriteTo(WriterInterceptorExecutor.java:227)
	at org.glassfish.jersey.message.internal.WriterInterceptorExecutor.proceed(WriterInterceptorExecutor.java:139)
	at org.glassfish.jersey.server.internal.JsonWithPaddingInterceptor.aroundWriteTo(JsonWithPaddingInterceptor.java:85)
	at org.glassfish.jersey.message.internal.WriterInterceptorExecutor.proceed(WriterInterceptorExecutor.java:139)
	at org.glassfish.jersey.server.internal.MappableExceptionWrapperInterceptor.aroundWriteTo(MappableExceptionWrapperInterceptor.java:61)
	... 94 more
Caused by: java.io.IOException: Broken pipe
	at java.base/sun.nio.ch.SocketDispatcher.writev0(Native Method)
	at java.base/sun.nio.ch.SocketDispatcher.writev(SocketDispatcher.java:70)
	at java.base/sun.nio.ch.IOUtil.write(IOUtil.java:227)
	at java.base/sun.nio.ch.IOUtil.write(IOUtil.java:158)
	at java.base/sun.nio.ch.SocketChannelImpl.write(SocketChannelImpl.java:574)
	at java.base/java.nio.channels.SocketChannel.write(SocketChannel.java:660)
	at org.eclipse.jetty.io.ChannelEndPoint.flush(ChannelEndPoint.java:274)
	... 123 more
14/08/26 08:25:24,787 ERROR [6f3e1045-f564-f00a-6368-41bde88424fd@tp289303711-440] [ServerRuntime$Responder       ] [guest@172.19.0.4] An I/O error has occurred while writing a response message entity to the container output stream.
 org.glassfish.jersey.server.internal.process.MappableException: org.eclipse.jetty.io.EofException
	at org.glassfish.jersey.server.internal.MappableExceptionWrapperInterceptor.aroundWriteTo(MappableExceptionWrapperInterceptor.java:67)
	at org.glassfish.jersey.message.internal.WriterInterceptorExecutor.proceed(WriterInterceptorExecutor.java:139)
	at jetbrains.gap.resource.pojo.CustomTypeResolverHeaderWriterInterceptor.aroundWriteTo(CustomTypeResolverHeaderFilters.kt:29)
	at org.glassfish.jersey.message.internal.WriterInterceptorExecutor.proceed(WriterInterceptorExecutor.java:139)
	at org.glassfish.jersey.message.internal.MessageBodyFactory.writeTo(MessageBodyFactory.java:1116)
	at org.glassfish.jersey.server.ServerRuntime$Responder.writeResponse(ServerRuntime.java:649)
	at org.glassfish.jersey.server.ServerRuntime$Responder.processResponse(ServerRuntime.java:380)
	at org.glassfish.jersey.server.ServerRuntime$Responder.process(ServerRuntime.java:370)
	at org.glassfish.jersey.server.ServerRuntime$1.run(ServerRuntime.java:259)
	at org.glassfish.jersey.internal.Errors$1.call(Errors.java:248)
	at org.glassfish.jersey.internal.Errors$1.call(Errors.java:244)
	at org.glassfish.jersey.internal.Errors.process(Errors.java:292)
	at org.glassfish.jersey.internal.Errors.process(Errors.java:274)
	at org.glassfish.jersey.internal.Errors.process(Errors.java:244)
	at org.glassfish.jersey.process.internal.RequestScope.runInScope(RequestScope.java:265)
	at org.glassfish.jersey.server.ServerRuntime.process(ServerRuntime.java:235)
	at org.glassfish.jersey.server.ApplicationHandler.handle(ApplicationHandler.java:684)
	at org.glassfish.jersey.servlet.WebComponent.serviceImpl(WebComponent.java:397)
	at org.glassfish.jersey.servlet.WebComponent.service(WebComponent.java:349)
	at jetbrains.youtrack.webapp.servlets.GapRestServlet.service(GapRestServlet.kt:85)
	at org.glassfish.jersey.servlet.ServletContainer.service(ServletContainer.java:312)
	at org.glassfish.jersey.servlet.ServletContainer.service(ServletContainer.java:205)
	at org.eclipse.jetty.servlet.ServletHolder.handle(ServletHolder.java:799)
	at org.eclipse.jetty.servlet.ServletHandler$ChainEnd.doFilter(ServletHandler.java:1656)
	at jetbrains.youtrack.webapp.filters.ClearPrincipalFilter.doFilter(ClearPrincipalFilter.kt:16)
	at jetbrains.youtrack.webapp.filters.FilterAdapter.doFilter(FilterAdapter.kt:45)
	at org.eclipse.jetty.servlet.FilterHolder.doFilter(FilterHolder.java:193)
	at org.eclipse.jetty.servlet.ServletHandler$Chain.doFilter(ServletHandler.java:1626)
	at jetbrains.youtrack.webapp.filters.SecurityResponseHeadersFilter.doFilter(SecurityResponseHeadersFilter.kt:29)
	at jetbrains.youtrack.webapp.filters.FilterAdapter.doFilter(FilterAdapter.kt:45)
	at org.eclipse.jetty.servlet.FilterHolder.doFilter(FilterHolder.java:193)
	at org.eclipse.jetty.servlet.ServletHandler$Chain.doFilter(ServletHandler.java:1626)
	at jetbrains.youtrack.gaprest.filters.HttpContextAccessorFilter.doFilter(HttpContextAccessorFilter.kt:42)
	at org.eclipse.jetty.servlet.FilterHolder.doFilter(FilterHolder.java:193)
	at org.eclipse.jetty.servlet.ServletHandler$Chain.doFilter(ServletHandler.java:1626)
	at jetbrains.youtrack.webapp.filters.PluginAppResourcesCacheFilter.doFilter(PluginAppResourcesCacheFilter.kt:32)
	at jetbrains.youtrack.webapp.filters.FilterAdapter.doFilter(FilterAdapter.kt:45)
	at org.eclipse.jetty.servlet.FilterHolder.doFilter(FilterHolder.java:193)
	at org.eclipse.jetty.servlet.ServletHandler$Chain.doFilter(ServletHandler.java:1626)
	at jetbrains.youtrack.spring.controller.BaseApplicationFilter.doFilter(BaseApplicationFilter.kt:23)
	at org.eclipse.jetty.servlet.FilterHolder.doFilter(FilterHolder.java:193)
	at org.eclipse.jetty.servlet.ServletHandler$Chain.doFilter(ServletHandler.java:1626)
	at jetbrains.youtrack.webapp.filters.MdcProviderServletFilter.doFilter(MdcProviderServletFilter.kt:29)
	at org.eclipse.jetty.servlet.FilterHolder.doFilter(FilterHolder.java:193)
	at org.eclipse.jetty.servlet.ServletHandler$Chain.doFilter(ServletHandler.java:1626)
	at jetbrains.youtrack.webapp.filters.SitemapFilter.doFilter(SitemapFilter.kt:16)
	at jetbrains.youtrack.webapp.filters.FilterAdapter.doFilter(FilterAdapter.kt:45)
	at org.eclipse.jetty.servlet.FilterHolder.doFilter(FilterHolder.java:193)
	at org.eclipse.jetty.servlet.ServletHandler$Chain.doFilter(ServletHandler.java:1626)
	at jetbrains.youtrack.webapp.filters.CorsRequestFilter.doFilter(CorsRequestFilter.kt:59)
	at jetbrains.youtrack.webapp.filters.FilterAdapter.doFilter(FilterAdapter.kt:45)
	at org.eclipse.jetty.servlet.FilterHolder.doFilter(FilterHolder.java:193)
	at org.eclipse.jetty.servlet.ServletHandler$Chain.doFilter(ServletHandler.java:1626)
	at jetbrains.youtrack.webapp.filters.CloudRedirectRootRequestFilter.doFilter(CloudRedirectRootRequestFilter.kt:14)
	at jetbrains.youtrack.webapp.filters.FilterAdapter.doFilter(FilterAdapter.kt:45)
	at org.eclipse.jetty.servlet.FilterHolder.doFilter(FilterHolder.java:193)
	at org.eclipse.jetty.servlet.ServletHandler$Chain.doFilter(ServletHandler.java:1626)
	at jetbrains.youtrack.webapp.filters.CloudForwardFilter.doFilter(CloudForwardFilter.kt:15)
	at jetbrains.youtrack.webapp.filters.FilterAdapter.doFilter(FilterAdapter.kt:45)
	at org.eclipse.jetty.servlet.FilterHolder.doFilter(FilterHolder.java:193)
	at org.eclipse.jetty.servlet.ServletHandler$Chain.doFilter(ServletHandler.java:1626)
	at org.eclipse.jetty.servlet.ServletHandler.doHandle(ServletHandler.java:552)
	at org.eclipse.jetty.server.handler.ScopedHandler.handle(ScopedHandler.java:143)
	at org.eclipse.jetty.server.handler.gzip.GzipHandler.handle(GzipHandler.java:772)
	at org.eclipse.jetty.security.SecurityHandler.handle(SecurityHandler.java:600)
	at org.eclipse.jetty.server.handler.HandlerWrapper.handle(HandlerWrapper.java:127)
	at org.eclipse.jetty.server.handler.ScopedHandler.nextHandle(ScopedHandler.java:235)
	at org.eclipse.jetty.server.session.SessionHandler.doHandle(SessionHandler.java:1624)
	at org.eclipse.jetty.server.handler.ScopedHandler.nextHandle(ScopedHandler.java:233)
	at org.eclipse.jetty.server.handler.ContextHandler.doHandle(ContextHandler.java:1440)
	at org.eclipse.jetty.server.handler.ScopedHandler.nextScope(ScopedHandler.java:188)
	at org.eclipse.jetty.servlet.ServletHandler.doScope(ServletHandler.java:505)
	at org.eclipse.jetty.server.session.SessionHandler.doScope(SessionHandler.java:1594)
	at org.eclipse.jetty.server.handler.ScopedHandler.nextScope(ScopedHandler.java:186)
	at org.eclipse.jetty.server.handler.ContextHandler.doScope(ContextHandler.java:1355)
	at org.eclipse.jetty.server.handler.ScopedHandler.handle(ScopedHandler.java:141)
	at org.eclipse.jetty.server.handler.ContextHandlerCollection.handle(ContextHandlerCollection.java:234)
	at org.eclipse.jetty.server.handler.HandlerCollection.handle(HandlerCollection.java:146)
	at org.eclipse.jetty.server.handler.HandlerWrapper.handle(HandlerWrapper.java:127)
	at org.eclipse.jetty.server.Server.handle(Server.java:516)
	at org.eclipse.jetty.server.HttpChannel.lambda$handle$1(HttpChannel.java:487)
	at org.eclipse.jetty.server.HttpChannel.dispatch(HttpChannel.java:732)
	at org.eclipse.jetty.server.HttpChannel.handle(HttpChannel.java:479)
	at org.eclipse.jetty.server.HttpConnection.onFillable(HttpConnection.java:277)
	at org.eclipse.jetty.io.AbstractConnection$ReadCallback.succeeded(AbstractConnection.java:311)
	at org.eclipse.jetty.io.FillInterest.fillable(FillInterest.java:105)
	at org.eclipse.jetty.io.ChannelEndPoint$1.run(ChannelEndPoint.java:104)
	at org.eclipse.jetty.util.thread.strategy.EatWhatYouKill.runTask(EatWhatYouKill.java:338)
	at org.eclipse.jetty.util.thread.strategy.EatWhatYouKill.doProduce(EatWhatYouKill.java:315)
	at org.eclipse.jetty.util.thread.strategy.EatWhatYouKill.tryProduce(EatWhatYouKill.java:173)
	at org.eclipse.jetty.util.thread.strategy.EatWhatYouKill.run(EatWhatYouKill.java:131)
	at org.eclipse.jetty.util.thread.ReservedThreadExecutor$ReservedThread.run(ReservedThreadExecutor.java:409)
	at org.eclipse.jetty.util.thread.QueuedThreadPool.runJob(QueuedThreadPool.java:883)
	at org.eclipse.jetty.util.thread.QueuedThreadPool$Runner.run(QueuedThreadPool.java:1034)
	at java.base/java.lang.Thread.run(Thread.java:1583)
Caused by: org.eclipse.jetty.io.EofException
	at org.eclipse.jetty.io.ChannelEndPoint.flush(ChannelEndPoint.java:280)
	at org.eclipse.jetty.io.WriteFlusher.flush(WriteFlusher.java:422)
	at org.eclipse.jetty.io.WriteFlusher.write(WriteFlusher.java:277)
	at org.eclipse.jetty.io.AbstractEndPoint.write(AbstractEndPoint.java:381)
	at org.eclipse.jetty.server.HttpConnection$SendCallback.process(HttpConnection.java:831)
	at org.eclipse.jetty.util.IteratingCallback.processing(IteratingCallback.java:248)
	at org.eclipse.jetty.util.IteratingCallback.iterate(IteratingCallback.java:229)
	at org.eclipse.jetty.server.HttpConnection.send(HttpConnection.java:555)
	at org.eclipse.jetty.server.HttpChannel.sendResponse(HttpChannel.java:1014)
	at org.eclipse.jetty.server.HttpChannel.write(HttpChannel.java:1086)
	at org.eclipse.jetty.server.handler.gzip.GzipHttpOutputInterceptor$GzipBufferCB.process(GzipHttpOutputInterceptor.java:414)
	at org.eclipse.jetty.util.IteratingCallback.processing(IteratingCallback.java:248)
	at org.eclipse.jetty.util.IteratingCallback.iterate(IteratingCallback.java:229)
	at org.eclipse.jetty.server.handler.gzip.GzipHttpOutputInterceptor.gzip(GzipHttpOutputInterceptor.java:137)
	at org.eclipse.jetty.server.handler.gzip.GzipHttpOutputInterceptor.write(GzipHttpOutputInterceptor.java:119)
	at org.eclipse.jetty.server.HttpOutput.channelWrite(HttpOutput.java:285)
	at org.eclipse.jetty.server.HttpOutput.channelWrite(HttpOutput.java:269)
	at org.eclipse.jetty.server.HttpOutput.write(HttpOutput.java:873)
	at org.glassfish.jersey.servlet.internal.ResponseWriter$NonCloseableOutputStreamWrapper.write(ResponseWriter.java:303)
	at org.glassfish.jersey.message.internal.CommittingOutputStream.write(CommittingOutputStream.java:203)
	at org.glassfish.jersey.message.internal.WriterInterceptorExecutor$UnCloseableOutputStream.write(WriterInterceptorExecutor.java:276)
	at org.glassfish.jersey.message.internal.ReaderWriter.writeTo(ReaderWriter.java:99)
	at org.glassfish.jersey.message.internal.InputStreamProvider.writeTo(InputStreamProvider.java:82)
	at org.glassfish.jersey.message.internal.InputStreamProvider.writeTo(InputStreamProvider.java:37)
	at org.glassfish.jersey.message.internal.WriterInterceptorExecutor$TerminalWriterInterceptor.invokeWriteTo(WriterInterceptorExecutor.java:242)
	at org.glassfish.jersey.message.internal.WriterInterceptorExecutor$TerminalWriterInterceptor.aroundWriteTo(WriterInterceptorExecutor.java:227)
	at org.glassfish.jersey.message.internal.WriterInterceptorExecutor.proceed(WriterInterceptorExecutor.java:139)
	at org.glassfish.jersey.server.internal.JsonWithPaddingInterceptor.aroundWriteTo(JsonWithPaddingInterceptor.java:85)
	at org.glassfish.jersey.message.internal.WriterInterceptorExecutor.proceed(WriterInterceptorExecutor.java:139)
	at org.glassfish.jersey.server.internal.MappableExceptionWrapperInterceptor.aroundWriteTo(MappableExceptionWrapperInterceptor.java:61)
	... 94 more
Caused by: java.io.IOException: Broken pipe
	at java.base/sun.nio.ch.SocketDispatcher.writev0(Native Method)
	at java.base/sun.nio.ch.SocketDispatcher.writev(SocketDispatcher.java:70)
	at java.base/sun.nio.ch.IOUtil.write(IOUtil.java:227)
	at java.base/sun.nio.ch.IOUtil.write(IOUtil.java:158)
	at java.base/sun.nio.ch.SocketChannelImpl.write(SocketChannelImpl.java:574)
	at java.base/java.nio.channels.SocketChannel.write(SocketChannel.java:660)
	at org.eclipse.jetty.io.ChannelEndPoint.flush(ChannelEndPoint.java:274)
	... 123 more
14/08/26 08:25:24,781 ERROR [7a9988a7-ffc1-1c44-8c3c-22181cb64e98@tp289303711-439] [ServerRuntime$Responder       ] [guest@172.19.0.4] An I/O error has occurred while writing a response message entity to the container output stream.
 org.glassfish.jersey.server.internal.process.MappableException: org.eclipse.jetty.io.EofException
	at org.glassfish.jersey.server.internal.MappableExceptionWrapperInterceptor.aroundWriteTo(MappableExceptionWrapperInterceptor.java:67)
	at org.glassfish.jersey.message.internal.WriterInterceptorExecutor.proceed(WriterInterceptorExecutor.java:139)
	at jetbrains.gap.resource.pojo.CustomTypeResolverHeaderWriterInterceptor.aroundWriteTo(CustomTypeResolverHeaderFilters.kt:29)
	at org.glassfish.jersey.message.internal.WriterInterceptorExecutor.proceed(WriterInterceptorExecutor.java:139)
	at org.glassfish.jersey.message.internal.MessageBodyFactory.writeTo(MessageBodyFactory.java:1116)
	at org.glassfish.jersey.server.ServerRuntime$Responder.writeResponse(ServerRuntime.java:649)
	at org.glassfish.jersey.server.ServerRuntime$Responder.processResponse(ServerRuntime.java:380)
	at org.glassfish.jersey.server.ServerRuntime$Responder.process(ServerRuntime.java:370)
	at org.glassfish.jersey.server.ServerRuntime$1.run(ServerRuntime.java:259)
	at org.glassfish.jersey.internal.Errors$1.call(Errors.java:248)
	at org.glassfish.jersey.internal.Errors$1.call(Errors.java:244)
	at org.glassfish.jersey.internal.Errors.process(Errors.java:292)
	at org.glassfish.jersey.internal.Errors.process(Errors.java:274)
	at org.glassfish.jersey.internal.Errors.process(Errors.java:244)
	at org.glassfish.jersey.process.internal.RequestScope.runInScope(RequestScope.java:265)
	at org.glassfish.jersey.server.ServerRuntime.process(ServerRuntime.java:235)
	at org.glassfish.jersey.server.ApplicationHandler.handle(ApplicationHandler.java:684)
	at org.glassfish.jersey.servlet.WebComponent.serviceImpl(WebComponent.java:397)
	at org.glassfish.jersey.servlet.WebComponent.service(WebComponent.java:349)
	at jetbrains.youtrack.webapp.servlets.GapRestServlet.service(GapRestServlet.kt:85)
	at org.glassfish.jersey.servlet.ServletContainer.service(ServletContainer.java:312)
	at org.glassfish.jersey.servlet.ServletContainer.service(ServletContainer.java:205)
	at org.eclipse.jetty.servlet.ServletHolder.handle(ServletHolder.java:799)
	at org.eclipse.jetty.servlet.ServletHandler$ChainEnd.doFilter(ServletHandler.java:1656)
	at jetbrains.youtrack.webapp.filters.ClearPrincipalFilter.doFilter(ClearPrincipalFilter.kt:16)
	at jetbrains.youtrack.webapp.filters.FilterAdapter.doFilter(FilterAdapter.kt:45)
	at org.eclipse.jetty.servlet.FilterHolder.doFilter(FilterHolder.java:193)
	at org.eclipse.jetty.servlet.ServletHandler$Chain.doFilter(ServletHandler.java:1626)
	at jetbrains.youtrack.webapp.filters.SecurityResponseHeadersFilter.doFilter(SecurityResponseHeadersFilter.kt:29)
	at jetbrains.youtrack.webapp.filters.FilterAdapter.doFilter(FilterAdapter.kt:45)
	at org.eclipse.jetty.servlet.FilterHolder.doFilter(FilterHolder.java:193)
	at org.eclipse.jetty.servlet.ServletHandler$Chain.doFilter(ServletHandler.java:1626)
	at jetbrains.youtrack.gaprest.filters.HttpContextAccessorFilter.doFilter(HttpContextAccessorFilter.kt:42)
	at org.eclipse.jetty.servlet.FilterHolder.doFilter(FilterHolder.java:193)
	at org.eclipse.jetty.servlet.ServletHandler$Chain.doFilter(ServletHandler.java:1626)
	at jetbrains.youtrack.webapp.filters.PluginAppResourcesCacheFilter.doFilter(PluginAppResourcesCacheFilter.kt:32)
	at jetbrains.youtrack.webapp.filters.FilterAdapter.doFilter(FilterAdapter.kt:45)
	at org.eclipse.jetty.servlet.FilterHolder.doFilter(FilterHolder.java:193)
	at org.eclipse.jetty.servlet.ServletHandler$Chain.doFilter(ServletHandler.java:1626)
	at jetbrains.youtrack.spring.controller.BaseApplicationFilter.doFilter(BaseApplicationFilter.kt:23)
	at org.eclipse.jetty.servlet.FilterHolder.doFilter(FilterHolder.java:193)
	at org.eclipse.jetty.servlet.ServletHandler$Chain.doFilter(ServletHandler.java:1626)
	at jetbrains.youtrack.webapp.filters.MdcProviderServletFilter.doFilter(MdcProviderServletFilter.kt:29)
	at org.eclipse.jetty.servlet.FilterHolder.doFilter(FilterHolder.java:193)
	at org.eclipse.jetty.servlet.ServletHandler$Chain.doFilter(ServletHandler.java:1626)
	at jetbrains.youtrack.webapp.filters.SitemapFilter.doFilter(SitemapFilter.kt:16)
	at jetbrains.youtrack.webapp.filters.FilterAdapter.doFilter(FilterAdapter.kt:45)
	at org.eclipse.jetty.servlet.FilterHolder.doFilter(FilterHolder.java:193)
	at org.eclipse.jetty.servlet.ServletHandler$Chain.doFilter(ServletHandler.java:1626)
	at jetbrains.youtrack.webapp.filters.CorsRequestFilter.doFilter(CorsRequestFilter.kt:59)
	at jetbrains.youtrack.webapp.filters.FilterAdapter.doFilter(FilterAdapter.kt:45)
	at org.eclipse.jetty.servlet.FilterHolder.doFilter(FilterHolder.java:193)
	at org.eclipse.jetty.servlet.ServletHandler$Chain.doFilter(ServletHandler.java:1626)
	at jetbrains.youtrack.webapp.filters.CloudRedirectRootRequestFilter.doFilter(CloudRedirectRootRequestFilter.kt:14)
	at jetbrains.youtrack.webapp.filters.FilterAdapter.doFilter(FilterAdapter.kt:45)
	at org.eclipse.jetty.servlet.FilterHolder.doFilter(FilterHolder.java:193)
	at org.eclipse.jetty.servlet.ServletHandler$Chain.doFilter(ServletHandler.java:1626)
	at jetbrains.youtrack.webapp.filters.CloudForwardFilter.doFilter(CloudForwardFilter.kt:15)
	at jetbrains.youtrack.webapp.filters.FilterAdapter.doFilter(FilterAdapter.kt:45)
	at org.eclipse.jetty.servlet.FilterHolder.doFilter(FilterHolder.java:193)
	at org.eclipse.jetty.servlet.ServletHandler$Chain.doFilter(ServletHandler.java:1626)
	at org.eclipse.jetty.servlet.ServletHandler.doHandle(ServletHandler.java:552)
	at org.eclipse.jetty.server.handler.ScopedHandler.handle(ScopedHandler.java:143)
	at org.eclipse.jetty.server.handler.gzip.GzipHandler.handle(GzipHandler.java:772)
	at org.eclipse.jetty.security.SecurityHandler.handle(SecurityHandler.java:600)
	at org.eclipse.jetty.server.handler.HandlerWrapper.handle(HandlerWrapper.java:127)
	at org.eclipse.jetty.server.handler.ScopedHandler.nextHandle(ScopedHandler.java:235)
	at org.eclipse.jetty.server.session.SessionHandler.doHandle(SessionHandler.java:1624)
	at org.eclipse.jetty.server.handler.ScopedHandler.nextHandle(ScopedHandler.java:233)
	at org.eclipse.jetty.server.handler.ContextHandler.doHandle(ContextHandler.java:1440)
	at org.eclipse.jetty.server.handler.ScopedHandler.nextScope(ScopedHandler.java:188)
	at org.eclipse.jetty.servlet.ServletHandler.doScope(ServletHandler.java:505)
	at org.eclipse.jetty.server.session.SessionHandler.doScope(SessionHandler.java:1594)
	at org.eclipse.jetty.server.handler.ScopedHandler.nextScope(ScopedHandler.java:186)
	at org.eclipse.jetty.server.handler.ContextHandler.doScope(ContextHandler.java:1355)
	at org.eclipse.jetty.server.handler.ScopedHandler.handle(ScopedHandler.java:141)
	at org.eclipse.jetty.server.handler.ContextHandlerCollection.handle(ContextHandlerCollection.java:234)
	at org.eclipse.jetty.server.handler.HandlerCollection.handle(HandlerCollection.java:146)
	at org.eclipse.jetty.server.handler.HandlerWrapper.handle(HandlerWrapper.java:127)
	at org.eclipse.jetty.server.Server.handle(Server.java:516)
	at org.eclipse.jetty.server.HttpChannel.lambda$handle$1(HttpChannel.java:487)
	at org.eclipse.jetty.server.HttpChannel.dispatch(HttpChannel.java:732)
	at org.eclipse.jetty.server.HttpChannel.handle(HttpChannel.java:479)
	at org.eclipse.jetty.server.HttpConnection.onFillable(HttpConnection.java:277)
	at org.eclipse.jetty.io.AbstractConnection$ReadCallback.succeeded(AbstractConnection.java:311)
	at org.eclipse.jetty.io.FillInterest.fillable(FillInterest.java:105)
	at org.eclipse.jetty.io.ChannelEndPoint$1.run(ChannelEndPoint.java:104)
	at org.eclipse.jetty.util.thread.strategy.EatWhatYouKill.runTask(EatWhatYouKill.java:338)
	at org.eclipse.jetty.util.thread.strategy.EatWhatYouKill.doProduce(EatWhatYouKill.java:315)
	at org.eclipse.jetty.util.thread.strategy.EatWhatYouKill.tryProduce(EatWhatYouKill.java:173)
	at org.eclipse.jetty.util.thread.strategy.EatWhatYouKill.run(EatWhatYouKill.java:131)
	at org.eclipse.jetty.util.thread.ReservedThreadExecutor$ReservedThread.run(ReservedThreadExecutor.java:409)
	at org.eclipse.jetty.util.thread.QueuedThreadPool.runJob(QueuedThreadPool.java:883)
	at org.eclipse.jetty.util.thread.QueuedThreadPool$Runner.run(QueuedThreadPool.java:1034)
	at java.base/java.lang.Thread.run(Thread.java:1583)
Caused by: org.eclipse.jetty.io.EofException
	at org.eclipse.jetty.io.ChannelEndPoint.flush(ChannelEndPoint.java:280)
	at org.eclipse.jetty.io.WriteFlusher.flush(WriteFlusher.java:422)
	at org.eclipse.jetty.io.WriteFlusher.write(WriteFlusher.java:277)
	at org.eclipse.jetty.io.AbstractEndPoint.write(AbstractEndPoint.java:381)
	at org.eclipse.jetty.server.HttpConnection$SendCallback.process(HttpConnection.java:831)
	at org.eclipse.jetty.util.IteratingCallback.processing(IteratingCallback.java:248)
	at org.eclipse.jetty.util.IteratingCallback.iterate(IteratingCallback.java:229)
	at org.eclipse.jetty.server.HttpConnection.send(HttpConnection.java:555)
	at org.eclipse.jetty.server.HttpChannel.sendResponse(HttpChannel.java:1014)
	at org.eclipse.jetty.server.HttpChannel.write(HttpChannel.java:1086)
	at org.eclipse.jetty.server.handler.gzip.GzipHttpOutputInterceptor$GzipBufferCB.process(GzipHttpOutputInterceptor.java:414)
	at org.eclipse.jetty.util.IteratingCallback.processing(IteratingCallback.java:248)
	at org.eclipse.jetty.util.IteratingCallback.iterate(IteratingCallback.java:229)
	at org.eclipse.jetty.server.handler.gzip.GzipHttpOutputInterceptor.gzip(GzipHttpOutputInterceptor.java:137)
	at org.eclipse.jetty.server.handler.gzip.GzipHttpOutputInterceptor.write(GzipHttpOutputInterceptor.java:119)
	at org.eclipse.jetty.server.HttpOutput.channelWrite(HttpOutput.java:285)
	at org.eclipse.jetty.server.HttpOutput.channelWrite(HttpOutput.java:269)
	at org.eclipse.jetty.server.HttpOutput.write(HttpOutput.java:873)
	at org.glassfish.jersey.servlet.internal.ResponseWriter$NonCloseableOutputStreamWrapper.write(ResponseWriter.java:303)
	at org.glassfish.jersey.message.internal.CommittingOutputStream.write(CommittingOutputStream.java:203)
	at org.glassfish.jersey.message.internal.WriterInterceptorExecutor$UnCloseableOutputStream.write(WriterInterceptorExecutor.java:276)
	at org.glassfish.jersey.message.internal.ReaderWriter.writeTo(ReaderWriter.java:99)
	at org.glassfish.jersey.message.internal.InputStreamProvider.writeTo(InputStreamProvider.java:82)
	at org.glassfish.jersey.message.internal.InputStreamProvider.writeTo(InputStreamProvider.java:37)
	at org.glassfish.jersey.message.internal.WriterInterceptorExecutor$TerminalWriterInterceptor.invokeWriteTo(WriterInterceptorExecutor.java:242)
	at org.glassfish.jersey.message.internal.WriterInterceptorExecutor$TerminalWriterInterceptor.aroundWriteTo(WriterInterceptorExecutor.java:227)
	at org.glassfish.jersey.message.internal.WriterInterceptorExecutor.proceed(WriterInterceptorExecutor.java:139)
	at org.glassfish.jersey.server.internal.JsonWithPaddingInterceptor.aroundWriteTo(JsonWithPaddingInterceptor.java:85)
	at org.glassfish.jersey.message.internal.WriterInterceptorExecutor.proceed(WriterInterceptorExecutor.java:139)
	at org.glassfish.jersey.server.internal.MappableExceptionWrapperInterceptor.aroundWriteTo(MappableExceptionWrapperInterceptor.java:61)
	... 94 more
Caused by: java.io.IOException: Broken pipe
	at java.base/sun.nio.ch.SocketDispatcher.writev0(Native Method)
	at java.base/sun.nio.ch.SocketDispatcher.writev(SocketDispatcher.java:70)
	at java.base/sun.nio.ch.IOUtil.write(IOUtil.java:227)
	at java.base/sun.nio.ch.IOUtil.write(IOUtil.java:158)
	at java.base/sun.nio.ch.SocketChannelImpl.write(SocketChannelImpl.java:574)
	at java.base/java.nio.channels.SocketChannel.write(SocketChannel.java:660)
	at org.eclipse.jetty.io.ChannelEndPoint.flush(ChannelEndPoint.java:274)
	... 123 more
14/08/26 08:25:24,781 ERROR [251458ea-afae-70f9-ace9-dd3618b0c80d@tp289303711-438] [ServerRuntime$Responder       ] [guest@172.19.0.4] An I/O error has occurred while writing a response message entity to the container output stream.
 org.glassfish.jersey.server.internal.process.MappableException: org.eclipse.jetty.io.EofException
	at org.glassfish.jersey.server.internal.MappableExceptionWrapperInterceptor.aroundWriteTo(MappableExceptionWrapperInterceptor.java:67)
	at org.glassfish.jersey.message.internal.WriterInterceptorExecutor.proceed(WriterInterceptorExecutor.java:139)
	at jetbrains.gap.resource.pojo.CustomTypeResolverHeaderWriterInterceptor.aroundWriteTo(CustomTypeResolverHeaderFilters.kt:29)
	at org.glassfish.jersey.message.internal.WriterInterceptorExecutor.proceed(WriterInterceptorExecutor.java:139)
	at org.glassfish.jersey.message.internal.MessageBodyFactory.writeTo(MessageBodyFactory.java:1116)
	at org.glassfish.jersey.server.ServerRuntime$Responder.writeResponse(ServerRuntime.java:649)
	at org.glassfish.jersey.server.ServerRuntime$Responder.processResponse(ServerRuntime.java:380)
	at org.glassfish.jersey.server.ServerRuntime$Responder.process(ServerRuntime.java:370)
	at org.glassfish.jersey.server.ServerRuntime$1.run(ServerRuntime.java:259)
	at org.glassfish.jersey.internal.Errors$1.call(Errors.java:248)
	at org.glassfish.jersey.internal.Errors$1.call(Errors.java:244)
	at org.glassfish.jersey.internal.Errors.process(Errors.java:292)
	at org.glassfish.jersey.internal.Errors.process(Errors.java:274)
	at org.glassfish.jersey.internal.Errors.process(Errors.java:244)
	at org.glassfish.jersey.process.internal.RequestScope.runInScope(RequestScope.java:265)
	at org.glassfish.jersey.server.ServerRuntime.process(ServerRuntime.java:235)
	at org.glassfish.jersey.server.ApplicationHandler.handle(ApplicationHandler.java:684)
	at org.glassfish.jersey.servlet.WebComponent.serviceImpl(WebComponent.java:397)
	at org.glassfish.jersey.servlet.WebComponent.service(WebComponent.java:349)
	at jetbrains.youtrack.webapp.servlets.GapRestServlet.service(GapRestServlet.kt:85)
	at org.glassfish.jersey.servlet.ServletContainer.service(ServletContainer.java:312)
	at org.glassfish.jersey.servlet.ServletContainer.service(ServletContainer.java:205)
	at org.eclipse.jetty.servlet.ServletHolder.handle(ServletHolder.java:799)
	at org.eclipse.jetty.servlet.ServletHandler$ChainEnd.doFilter(ServletHandler.java:1656)
	at jetbrains.youtrack.webapp.filters.ClearPrincipalFilter.doFilter(ClearPrincipalFilter.kt:16)
	at jetbrains.youtrack.webapp.filters.FilterAdapter.doFilter(FilterAdapter.kt:45)
	at org.eclipse.jetty.servlet.FilterHolder.doFilter(FilterHolder.java:193)
	at org.eclipse.jetty.servlet.ServletHandler$Chain.doFilter(ServletHandler.java:1626)
	at jetbrains.youtrack.webapp.filters.SecurityResponseHeadersFilter.doFilter(SecurityResponseHeadersFilter.kt:29)
	at jetbrains.youtrack.webapp.filters.FilterAdapter.doFilter(FilterAdapter.kt:45)
	at org.eclipse.jetty.servlet.FilterHolder.doFilter(FilterHolder.java:193)
	at org.eclipse.jetty.servlet.ServletHandler$Chain.doFilter(ServletHandler.java:1626)
	at jetbrains.youtrack.gaprest.filters.HttpContextAccessorFilter.doFilter(HttpContextAccessorFilter.kt:42)
	at org.eclipse.jetty.servlet.FilterHolder.doFilter(FilterHolder.java:193)
	at org.eclipse.jetty.servlet.ServletHandler$Chain.doFilter(ServletHandler.java:1626)
	at jetbrains.youtrack.webapp.filters.PluginAppResourcesCacheFilter.doFilter(PluginAppResourcesCacheFilter.kt:32)
	at jetbrains.youtrack.webapp.filters.FilterAdapter.doFilter(FilterAdapter.kt:45)
	at org.eclipse.jetty.servlet.FilterHolder.doFilter(FilterHolder.java:193)
	at org.eclipse.jetty.servlet.ServletHandler$Chain.doFilter(ServletHandler.java:1626)
	at jetbrains.youtrack.spring.controller.BaseApplicationFilter.doFilter(BaseApplicationFilter.kt:23)
	at org.eclipse.jetty.servlet.FilterHolder.doFilter(FilterHolder.java:193)
	at org.eclipse.jetty.servlet.ServletHandler$Chain.doFilter(ServletHandler.java:1626)
	at jetbrains.youtrack.webapp.filters.MdcProviderServletFilter.doFilter(MdcProviderServletFilter.kt:29)
	at org.eclipse.jetty.servlet.FilterHolder.doFilter(FilterHolder.java:193)
	at org.eclipse.jetty.servlet.ServletHandler$Chain.doFilter(ServletHandler.java:1626)
	at jetbrains.youtrack.webapp.filters.SitemapFilter.doFilter(SitemapFilter.kt:16)
	at jetbrains.youtrack.webapp.filters.FilterAdapter.doFilter(FilterAdapter.kt:45)
	at org.eclipse.jetty.servlet.FilterHolder.doFilter(FilterHolder.java:193)
	at org.eclipse.jetty.servlet.ServletHandler$Chain.doFilter(ServletHandler.java:1626)
	at jetbrains.youtrack.webapp.filters.CorsRequestFilter.doFilter(CorsRequestFilter.kt:59)
	at jetbrains.youtrack.webapp.filters.FilterAdapter.doFilter(FilterAdapter.kt:45)
	at org.eclipse.jetty.servlet.FilterHolder.doFilter(FilterHolder.java:193)
	at org.eclipse.jetty.servlet.ServletHandler$Chain.doFilter(ServletHandler.java:1626)
	at jetbrains.youtrack.webapp.filters.CloudRedirectRootRequestFilter.doFilter(CloudRedirectRootRequestFilter.kt:14)
	at jetbrains.youtrack.webapp.filters.FilterAdapter.doFilter(FilterAdapter.kt:45)
	at org.eclipse.jetty.servlet.FilterHolder.doFilter(FilterHolder.java:193)
	at org.eclipse.jetty.servlet.ServletHandler$Chain.doFilter(ServletHandler.java:1626)
	at jetbrains.youtrack.webapp.filters.CloudForwardFilter.doFilter(CloudForwardFilter.kt:15)
	at jetbrains.youtrack.webapp.filters.FilterAdapter.doFilter(FilterAdapter.kt:45)
	at org.eclipse.jetty.servlet.FilterHolder.doFilter(FilterHolder.java:193)
	at org.eclipse.jetty.servlet.ServletHandler$Chain.doFilter(ServletHandler.java:1626)
	at org.eclipse.jetty.servlet.ServletHandler.doHandle(ServletHandler.java:552)
	at org.eclipse.jetty.server.handler.ScopedHandler.handle(ScopedHandler.java:143)
	at org.eclipse.jetty.server.handler.gzip.GzipHandler.handle(GzipHandler.java:772)
	at org.eclipse.jetty.security.SecurityHandler.handle(SecurityHandler.java:600)
	at org.eclipse.jetty.server.handler.HandlerWrapper.handle(HandlerWrapper.java:127)
	at org.eclipse.jetty.server.handler.ScopedHandler.nextHandle(ScopedHandler.java:235)
	at org.eclipse.jetty.server.session.SessionHandler.doHandle(SessionHandler.java:1624)
	at org.eclipse.jetty.server.handler.ScopedHandler.nextHandle(ScopedHandler.java:233)
	at org.eclipse.jetty.server.handler.ContextHandler.doHandle(ContextHandler.java:1440)
	at org.eclipse.jetty.server.handler.ScopedHandler.nextScope(ScopedHandler.java:188)
	at org.eclipse.jetty.servlet.ServletHandler.doScope(ServletHandler.java:505)
	at org.eclipse.jetty.server.session.SessionHandler.doScope(SessionHandler.java:1594)
	at org.eclipse.jetty.server.handler.ScopedHandler.nextScope(ScopedHandler.java:186)
	at org.eclipse.jetty.server.handler.ContextHandler.doScope(ContextHandler.java:1355)
	at org.eclipse.jetty.server.handler.ScopedHandler.handle(ScopedHandler.java:141)
	at org.eclipse.jetty.server.handler.ContextHandlerCollection.handle(ContextHandlerCollection.java:234)
	at org.eclipse.jetty.server.handler.HandlerCollection.handle(HandlerCollection.java:146)
	at org.eclipse.jetty.server.handler.HandlerWrapper.handle(HandlerWrapper.java:127)
	at org.eclipse.jetty.server.Server.handle(Server.java:516)
	at org.eclipse.jetty.server.HttpChannel.lambda$handle$1(HttpChannel.java:487)
	at org.eclipse.jetty.server.HttpChannel.dispatch(HttpChannel.java:732)
	at org.eclipse.jetty.server.HttpChannel.handle(HttpChannel.java:479)
	at org.eclipse.jetty.server.HttpConnection.onFillable(HttpConnection.java:277)
	at org.eclipse.jetty.io.AbstractConnection$ReadCallback.succeeded(AbstractConnection.java:311)
	at org.eclipse.jetty.io.FillInterest.fillable(FillInterest.java:105)
	at org.eclipse.jetty.io.ChannelEndPoint$1.run(ChannelEndPoint.java:104)
	at org.eclipse.jetty.util.thread.strategy.EatWhatYouKill.runTask(EatWhatYouKill.java:338)
	at org.eclipse.jetty.util.thread.strategy.EatWhatYouKill.doProduce(EatWhatYouKill.java:315)
	at org.eclipse.jetty.util.thread.strategy.EatWhatYouKill.tryProduce(EatWhatYouKill.java:173)
	at org.eclipse.jetty.util.thread.strategy.EatWhatYouKill.run(EatWhatYouKill.java:131)
	at org.eclipse.jetty.util.thread.ReservedThreadExecutor$ReservedThread.run(ReservedThreadExecutor.java:409)
	at org.eclipse.jetty.util.thread.QueuedThreadPool.runJob(QueuedThreadPool.java:883)
	at org.eclipse.jetty.util.thread.QueuedThreadPool$Runner.run(QueuedThreadPool.java:1034)
	at java.base/java.lang.Thread.run(Thread.java:1583)
Caused by: org.eclipse.jetty.io.EofException
	at org.eclipse.jetty.io.ChannelEndPoint.flush(ChannelEndPoint.java:280)
	at org.eclipse.jetty.io.WriteFlusher.flush(WriteFlusher.java:422)
	at org.eclipse.jetty.io.WriteFlusher.write(WriteFlusher.java:277)
	at org.eclipse.jetty.io.AbstractEndPoint.write(AbstractEndPoint.java:381)
	at org.eclipse.jetty.server.HttpConnection$SendCallback.process(HttpConnection.java:831)
	at org.eclipse.jetty.util.IteratingCallback.processing(IteratingCallback.java:248)
	at org.eclipse.jetty.util.IteratingCallback.iterate(IteratingCallback.java:229)
	at org.eclipse.jetty.server.HttpConnection.send(HttpConnection.java:555)
	at org.eclipse.jetty.server.HttpChannel.sendResponse(HttpChannel.java:1014)
	at org.eclipse.jetty.server.HttpChannel.write(HttpChannel.java:1086)
	at org.eclipse.jetty.server.handler.gzip.GzipHttpOutputInterceptor$GzipBufferCB.process(GzipHttpOutputInterceptor.java:414)
	at org.eclipse.jetty.util.IteratingCallback.processing(IteratingCallback.java:248)
	at org.eclipse.jetty.util.IteratingCallback.iterate(IteratingCallback.java:229)
	at org.eclipse.jetty.server.handler.gzip.GzipHttpOutputInterceptor.gzip(GzipHttpOutputInterceptor.java:137)
	at org.eclipse.jetty.server.handler.gzip.GzipHttpOutputInterceptor.write(GzipHttpOutputInterceptor.java:119)
	at org.eclipse.jetty.server.HttpOutput.channelWrite(HttpOutput.java:285)
	at org.eclipse.jetty.server.HttpOutput.channelWrite(HttpOutput.java:269)
	at org.eclipse.jetty.server.HttpOutput.write(HttpOutput.java:873)
	at org.glassfish.jersey.servlet.internal.ResponseWriter$NonCloseableOutputStreamWrapper.write(ResponseWriter.java:303)
	at org.glassfish.jersey.message.internal.CommittingOutputStream.write(CommittingOutputStream.java:203)
	at org.glassfish.jersey.message.internal.WriterInterceptorExecutor$UnCloseableOutputStream.write(WriterInterceptorExecutor.java:276)
	at org.glassfish.jersey.message.internal.ReaderWriter.writeTo(ReaderWriter.java:99)
	at org.glassfish.jersey.message.internal.InputStreamProvider.writeTo(InputStreamProvider.java:82)
	at org.glassfish.jersey.message.internal.InputStreamProvider.writeTo(InputStreamProvider.java:37)
	at org.glassfish.jersey.message.internal.WriterInterceptorExecutor$TerminalWriterInterceptor.invokeWriteTo(WriterInterceptorExecutor.java:242)
	at org.glassfish.jersey.message.internal.WriterInterceptorExecutor$TerminalWriterInterceptor.aroundWriteTo(WriterInterceptorExecutor.java:227)
	at org.glassfish.jersey.message.internal.WriterInterceptorExecutor.proceed(WriterInterceptorExecutor.java:139)
	at org.glassfish.jersey.server.internal.JsonWithPaddingInterceptor.aroundWriteTo(JsonWithPaddingInterceptor.java:85)
	at org.glassfish.jersey.message.internal.WriterInterceptorExecutor.proceed(WriterInterceptorExecutor.java:139)
	at org.glassfish.jersey.server.internal.MappableExceptionWrapperInterceptor.aroundWriteTo(MappableExceptionWrapperInterceptor.java:61)
	... 94 more
Caused by: java.io.IOException: Broken pipe
	at java.base/sun.nio.ch.SocketDispatcher.writev0(Native Method)
	at java.base/sun.nio.ch.SocketDispatcher.writev(SocketDispatcher.java:70)
	at java.base/sun.nio.ch.IOUtil.write(IOUtil.java:227)
	at java.base/sun.nio.ch.IOUtil.write(IOUtil.java:158)
	at java.base/sun.nio.ch.SocketChannelImpl.write(SocketChannelImpl.java:574)
	at java.base/java.nio.channels.SocketChannel.write(SocketChannel.java:660)
	at org.eclipse.jetty.io.ChannelEndPoint.flush(ChannelEndPoint.java:274)
	... 123 more
14/08/26 08:25:30,470 ERROR [90a0ab72-0ef1-0b6c-db58-fc37edac2e18@tp289303711-423] [ServerRuntime$Responder       ] [guest@172.19.0.4] An I/O error has occurred while writing a response message entity to the container output stream.
 org.glassfish.jersey.server.internal.process.MappableException: org.eclipse.jetty.io.EofException
	at org.glassfish.jersey.server.internal.MappableExceptionWrapperInterceptor.aroundWriteTo(MappableExceptionWrapperInterceptor.java:67)
	at org.glassfish.jersey.message.internal.WriterInterceptorExecutor.proceed(WriterInterceptorExecutor.java:139)
	at jetbrains.gap.resource.pojo.CustomTypeResolverHeaderWriterInterceptor.aroundWriteTo(CustomTypeResolverHeaderFilters.kt:29)
	at org.glassfish.jersey.message.internal.WriterInterceptorExecutor.proceed(WriterInterceptorExecutor.java:139)
	at org.glassfish.jersey.message.internal.MessageBodyFactory.writeTo(MessageBodyFactory.java:1116)
	at org.glassfish.jersey.server.ServerRuntime$Responder.writeResponse(ServerRuntime.java:649)
	at org.glassfish.jersey.server.ServerRuntime$Responder.processResponse(ServerRuntime.java:380)
	at org.glassfish.jersey.server.ServerRuntime$Responder.process(ServerRuntime.java:370)
	at org.glassfish.jersey.server.ServerRuntime$1.run(ServerRuntime.java:259)
	at org.glassfish.jersey.internal.Errors$1.call(Errors.java:248)
	at org.glassfish.jersey.internal.Errors$1.call(Errors.java:244)
	at org.glassfish.jersey.internal.Errors.process(Errors.java:292)
	at org.glassfish.jersey.internal.Errors.process(Errors.java:274)
	at org.glassfish.jersey.internal.Errors.process(Errors.java:244)
	at org.glassfish.jersey.process.internal.RequestScope.runInScope(RequestScope.java:265)
	at org.glassfish.jersey.server.ServerRuntime.process(ServerRuntime.java:235)
	at org.glassfish.jersey.server.ApplicationHandler.handle(ApplicationHandler.java:684)
	at org.glassfish.jersey.servlet.WebComponent.serviceImpl(WebComponent.java:397)
	at org.glassfish.jersey.servlet.WebComponent.service(WebComponent.java:349)
	at jetbrains.youtrack.webapp.servlets.GapRestServlet.service(GapRestServlet.kt:85)
	at org.glassfish.jersey.servlet.ServletContainer.service(ServletContainer.java:312)
	at org.glassfish.jersey.servlet.ServletContainer.service(ServletContainer.java:205)
	at org.eclipse.jetty.servlet.ServletHolder.handle(ServletHolder.java:799)
	at org.eclipse.jetty.servlet.ServletHandler$ChainEnd.doFilter(ServletHandler.java:1656)
	at jetbrains.youtrack.webapp.filters.ClearPrincipalFilter.doFilter(ClearPrincipalFilter.kt:16)
	at jetbrains.youtrack.webapp.filters.FilterAdapter.doFilter(FilterAdapter.kt:45)
	at org.eclipse.jetty.servlet.FilterHolder.doFilter(FilterHolder.java:193)
	at org.eclipse.jetty.servlet.ServletHandler$Chain.doFilter(ServletHandler.java:1626)
	at jetbrains.youtrack.webapp.filters.SecurityResponseHeadersFilter.doFilter(SecurityResponseHeadersFilter.kt:29)
	at jetbrains.youtrack.webapp.filters.FilterAdapter.doFilter(FilterAdapter.kt:45)
	at org.eclipse.jetty.servlet.FilterHolder.doFilter(FilterHolder.java:193)
	at org.eclipse.jetty.servlet.ServletHandler$Chain.doFilter(ServletHandler.java:1626)
	at jetbrains.youtrack.gaprest.filters.HttpContextAccessorFilter.doFilter(HttpContextAccessorFilter.kt:42)
	at org.eclipse.jetty.servlet.FilterHolder.doFilter(FilterHolder.java:193)
	at org.eclipse.jetty.servlet.ServletHandler$Chain.doFilter(ServletHandler.java:1626)
	at jetbrains.youtrack.webapp.filters.PluginAppResourcesCacheFilter.doFilter(PluginAppResourcesCacheFilter.kt:32)
	at jetbrains.youtrack.webapp.filters.FilterAdapter.doFilter(FilterAdapter.kt:45)
	at org.eclipse.jetty.servlet.FilterHolder.doFilter(FilterHolder.java:193)
	at org.eclipse.jetty.servlet.ServletHandler$Chain.doFilter(ServletHandler.java:1626)
	at jetbrains.youtrack.spring.controller.BaseApplicationFilter.doFilter(BaseApplicationFilter.kt:23)
	at org.eclipse.jetty.servlet.FilterHolder.doFilter(FilterHolder.java:193)
	at org.eclipse.jetty.servlet.ServletHandler$Chain.doFilter(ServletHandler.java:1626)
	at jetbrains.youtrack.webapp.filters.MdcProviderServletFilter.doFilter(MdcProviderServletFilter.kt:29)
	at org.eclipse.jetty.servlet.FilterHolder.doFilter(FilterHolder.java:193)
	at org.eclipse.jetty.servlet.ServletHandler$Chain.doFilter(ServletHandler.java:1626)
	at jetbrains.youtrack.webapp.filters.SitemapFilter.doFilter(SitemapFilter.kt:16)
	at jetbrains.youtrack.webapp.filters.FilterAdapter.doFilter(FilterAdapter.kt:45)
	at org.eclipse.jetty.servlet.FilterHolder.doFilter(FilterHolder.java:193)
	at org.eclipse.jetty.servlet.ServletHandler$Chain.doFilter(ServletHandler.java:1626)
	at jetbrains.youtrack.webapp.filters.CorsRequestFilter.doFilter(CorsRequestFilter.kt:59)
	at jetbrains.youtrack.webapp.filters.FilterAdapter.doFilter(FilterAdapter.kt:45)
	at org.eclipse.jetty.servlet.FilterHolder.doFilter(FilterHolder.java:193)
	at org.eclipse.jetty.servlet.ServletHandler$Chain.doFilter(ServletHandler.java:1626)
	at jetbrains.youtrack.webapp.filters.CloudRedirectRootRequestFilter.doFilter(CloudRedirectRootRequestFilter.kt:14)
	at jetbrains.youtrack.webapp.filters.FilterAdapter.doFilter(FilterAdapter.kt:45)
	at org.eclipse.jetty.servlet.FilterHolder.doFilter(FilterHolder.java:193)
	at org.eclipse.jetty.servlet.ServletHandler$Chain.doFilter(ServletHandler.java:1626)
	at jetbrains.youtrack.webapp.filters.CloudForwardFilter.doFilter(CloudForwardFilter.kt:15)
	at jetbrains.youtrack.webapp.filters.FilterAdapter.doFilter(FilterAdapter.kt:45)
	at org.eclipse.jetty.servlet.FilterHolder.doFilter(FilterHolder.java:193)
	at org.eclipse.jetty.servlet.ServletHandler$Chain.doFilter(ServletHandler.java:1626)
	at org.eclipse.jetty.servlet.ServletHandler.doHandle(ServletHandler.java:552)
	at org.eclipse.jetty.server.handler.ScopedHandler.handle(ScopedHandler.java:143)
	at org.eclipse.jetty.server.handler.gzip.GzipHandler.handle(GzipHandler.java:772)
	at org.eclipse.jetty.security.SecurityHandler.handle(SecurityHandler.java:600)
	at org.eclipse.jetty.server.handler.HandlerWrapper.handle(HandlerWrapper.java:127)
	at org.eclipse.jetty.server.handler.ScopedHandler.nextHandle(ScopedHandler.java:235)
	at org.eclipse.jetty.server.session.SessionHandler.doHandle(SessionHandler.java:1624)
	at org.eclipse.jetty.server.handler.ScopedHandler.nextHandle(ScopedHandler.java:233)
	at org.eclipse.jetty.server.handler.ContextHandler.doHandle(ContextHandler.java:1440)
	at org.eclipse.jetty.server.handler.ScopedHandler.nextScope(ScopedHandler.java:188)
	at org.eclipse.jetty.servlet.ServletHandler.doScope(ServletHandler.java:505)
	at org.eclipse.jetty.server.session.SessionHandler.doScope(SessionHandler.java:1594)
	at org.eclipse.jetty.server.handler.ScopedHandler.nextScope(ScopedHandler.java:186)
	at org.eclipse.jetty.server.handler.ContextHandler.doScope(ContextHandler.java:1355)
	at org.eclipse.jetty.server.handler.ScopedHandler.handle(ScopedHandler.java:141)
	at org.eclipse.jetty.server.handler.ContextHandlerCollection.handle(ContextHandlerCollection.java:234)
	at org.eclipse.jetty.server.handler.HandlerCollection.handle(HandlerCollection.java:146)
	at org.eclipse.jetty.server.handler.HandlerWrapper.handle(HandlerWrapper.java:127)
	at org.eclipse.jetty.server.Server.handle(Server.java:516)
	at org.eclipse.jetty.server.HttpChannel.lambda$handle$1(HttpChannel.java:487)
	at org.eclipse.jetty.server.HttpChannel.dispatch(HttpChannel.java:732)
	at org.eclipse.jetty.server.HttpChannel.handle(HttpChannel.java:479)
	at org.eclipse.jetty.server.HttpConnection.onFillable(HttpConnection.java:277)
	at org.eclipse.jetty.io.AbstractConnection$ReadCallback.succeeded(AbstractConnection.java:311)
	at org.eclipse.jetty.io.FillInterest.fillable(FillInterest.java:105)
	at org.eclipse.jetty.io.ChannelEndPoint$1.run(ChannelEndPoint.java:104)
	at org.eclipse.jetty.util.thread.strategy.EatWhatYouKill.runTask(EatWhatYouKill.java:338)
	at org.eclipse.jetty.util.thread.strategy.EatWhatYouKill.doProduce(EatWhatYouKill.java:315)
	at org.eclipse.jetty.util.thread.strategy.EatWhatYouKill.tryProduce(EatWhatYouKill.java:173)
	at org.eclipse.jetty.util.thread.strategy.EatWhatYouKill.run(EatWhatYouKill.java:131)
	at org.eclipse.jetty.util.thread.ReservedThreadExecutor$ReservedThread.run(ReservedThreadExecutor.java:409)
	at org.eclipse.jetty.util.thread.QueuedThreadPool.runJob(QueuedThreadPool.java:883)
	at org.eclipse.jetty.util.thread.QueuedThreadPool$Runner.run(QueuedThreadPool.java:1034)
	at java.base/java.lang.Thread.run(Thread.java:1583)
Caused by: org.eclipse.jetty.io.EofException
	at org.eclipse.jetty.io.ChannelEndPoint.flush(ChannelEndPoint.java:280)
	at org.eclipse.jetty.io.WriteFlusher.flush(WriteFlusher.java:422)
	at org.eclipse.jetty.io.WriteFlusher.write(WriteFlusher.java:277)
	at org.eclipse.jetty.io.AbstractEndPoint.write(AbstractEndPoint.java:381)
	at org.eclipse.jetty.server.HttpConnection$SendCallback.process(HttpConnection.java:831)
	at org.eclipse.jetty.util.IteratingCallback.processing(IteratingCallback.java:248)
	at org.eclipse.jetty.util.IteratingCallback.iterate(IteratingCallback.java:229)
	at org.eclipse.jetty.server.HttpConnection.send(HttpConnection.java:555)
	at org.eclipse.jetty.server.HttpChannel.sendResponse(HttpChannel.java:1014)
	at org.eclipse.jetty.server.HttpChannel.write(HttpChannel.java:1086)
	at org.eclipse.jetty.server.handler.gzip.GzipHttpOutputInterceptor$GzipBufferCB.process(GzipHttpOutputInterceptor.java:414)
	at org.eclipse.jetty.util.IteratingCallback.processing(IteratingCallback.java:248)
	at org.eclipse.jetty.util.IteratingCallback.iterate(IteratingCallback.java:229)
	at org.eclipse.jetty.server.handler.gzip.GzipHttpOutputInterceptor.gzip(GzipHttpOutputInterceptor.java:137)
	at org.eclipse.jetty.server.handler.gzip.GzipHttpOutputInterceptor.write(GzipHttpOutputInterceptor.java:119)
	at org.eclipse.jetty.server.HttpOutput.channelWrite(HttpOutput.java:285)
	at org.eclipse.jetty.server.HttpOutput.channelWrite(HttpOutput.java:269)
	at org.eclipse.jetty.server.HttpOutput.write(HttpOutput.java:873)
	at org.glassfish.jersey.servlet.internal.ResponseWriter$NonCloseableOutputStreamWrapper.write(ResponseWriter.java:303)
	at org.glassfish.jersey.message.internal.CommittingOutputStream.write(CommittingOutputStream.java:203)
	at org.glassfish.jersey.message.internal.WriterInterceptorExecutor$UnCloseableOutputStream.write(WriterInterceptorExecutor.java:276)
	at org.glassfish.jersey.message.internal.ReaderWriter.writeTo(ReaderWriter.java:99)
	at org.glassfish.jersey.message.internal.InputStreamProvider.writeTo(InputStreamProvider.java:82)
	at org.glassfish.jersey.message.internal.InputStreamProvider.writeTo(InputStreamProvider.java:37)
	at org.glassfish.jersey.message.internal.WriterInterceptorExecutor$TerminalWriterInterceptor.invokeWriteTo(WriterInterceptorExecutor.java:242)
	at org.glassfish.jersey.message.internal.WriterInterceptorExecutor$TerminalWriterInterceptor.aroundWriteTo(WriterInterceptorExecutor.java:227)
	at org.glassfish.jersey.message.internal.WriterInterceptorExecutor.proceed(WriterInterceptorExecutor.java:139)
	at org.glassfish.jersey.server.internal.JsonWithPaddingInterceptor.aroundWriteTo(JsonWithPaddingInterceptor.java:85)
	at org.glassfish.jersey.message.internal.WriterInterceptorExecutor.proceed(WriterInterceptorExecutor.java:139)
	at org.glassfish.jersey.server.internal.MappableExceptionWrapperInterceptor.aroundWriteTo(MappableExceptionWrapperInterceptor.java:61)
	... 94 more
Caused by: java.io.IOException: Broken pipe
	at java.base/sun.nio.ch.SocketDispatcher.writev0(Native Method)
	at java.base/sun.nio.ch.SocketDispatcher.writev(SocketDispatcher.java:70)
	at java.base/sun.nio.ch.IOUtil.write(IOUtil.java:227)
	at java.base/sun.nio.ch.IOUtil.write(IOUtil.java:158)
	at java.base/sun.nio.ch.SocketChannelImpl.write(SocketChannelImpl.java:574)
	at java.base/java.nio.channels.SocketChannel.write(SocketChannel.java:660)
	at org.eclipse.jetty.io.ChannelEndPoint.flush(ChannelEndPoint.java:274)
	... 123 more
14/08/26 08:25:30,472 ERROR [5824fae1-b8ba-e3c8-cbfa-1a9b0c2ac5ab@tp289303711-312] [ServerRuntime$Responder       ] [guest@172.19.0.4] An I/O error has occurred while writing a response message entity to the container output stream.
 org.glassfish.jersey.server.internal.process.MappableException: org.eclipse.jetty.io.EofException
	at org.glassfish.jersey.server.internal.MappableExceptionWrapperInterceptor.aroundWriteTo(MappableExceptionWrapperInterceptor.java:67)
	at org.glassfish.jersey.message.internal.WriterInterceptorExecutor.proceed(WriterInterceptorExecutor.java:139)
	at jetbrains.gap.resource.pojo.CustomTypeResolverHeaderWriterInterceptor.aroundWriteTo(CustomTypeResolverHeaderFilters.kt:29)
	at org.glassfish.jersey.message.internal.WriterInterceptorExecutor.proceed(WriterInterceptorExecutor.java:139)
	at org.glassfish.jersey.message.internal.MessageBodyFactory.writeTo(MessageBodyFactory.java:1116)
	at org.glassfish.jersey.server.ServerRuntime$Responder.writeResponse(ServerRuntime.java:649)
	at org.glassfish.jersey.server.ServerRuntime$Responder.processResponse(ServerRuntime.java:380)
	at org.glassfish.jersey.server.ServerRuntime$Responder.process(ServerRuntime.java:370)
	at org.glassfish.jersey.server.ServerRuntime$1.run(ServerRuntime.java:259)
	at org.glassfish.jersey.internal.Errors$1.call(Errors.java:248)
	at org.glassfish.jersey.internal.Errors$1.call(Errors.java:244)
	at org.glassfish.jersey.internal.Errors.process(Errors.java:292)
	at org.glassfish.jersey.internal.Errors.process(Errors.java:274)
	at org.glassfish.jersey.internal.Errors.process(Errors.java:244)
	at org.glassfish.jersey.process.internal.RequestScope.runInScope(RequestScope.java:265)
	at org.glassfish.jersey.server.ServerRuntime.process(ServerRuntime.java:235)
	at org.glassfish.jersey.server.ApplicationHandler.handle(ApplicationHandler.java:684)
	at org.glassfish.jersey.servlet.WebComponent.serviceImpl(WebComponent.java:397)
	at org.glassfish.jersey.servlet.WebComponent.service(WebComponent.java:349)
	at jetbrains.youtrack.webapp.servlets.GapRestServlet.service(GapRestServlet.kt:85)
	at org.glassfish.jersey.servlet.ServletContainer.service(ServletContainer.java:312)
	at org.glassfish.jersey.servlet.ServletContainer.service(ServletContainer.java:205)
	at org.eclipse.jetty.servlet.ServletHolder.handle(ServletHolder.java:799)
	at org.eclipse.jetty.servlet.ServletHandler$ChainEnd.doFilter(ServletHandler.java:1656)
	at jetbrains.youtrack.webapp.filters.ClearPrincipalFilter.doFilter(ClearPrincipalFilter.kt:16)
	at jetbrains.youtrack.webapp.filters.FilterAdapter.doFilter(FilterAdapter.kt:45)
	at org.eclipse.jetty.servlet.FilterHolder.doFilter(FilterHolder.java:193)
	at org.eclipse.jetty.servlet.ServletHandler$Chain.doFilter(ServletHandler.java:1626)
	at jetbrains.youtrack.webapp.filters.SecurityResponseHeadersFilter.doFilter(SecurityResponseHeadersFilter.kt:29)
	at jetbrains.youtrack.webapp.filters.FilterAdapter.doFilter(FilterAdapter.kt:45)
	at org.eclipse.jetty.servlet.FilterHolder.doFilter(FilterHolder.java:193)
	at org.eclipse.jetty.servlet.ServletHandler$Chain.doFilter(ServletHandler.java:1626)
	at jetbrains.youtrack.gaprest.filters.HttpContextAccessorFilter.doFilter(HttpContextAccessorFilter.kt:42)
	at org.eclipse.jetty.servlet.FilterHolder.doFilter(FilterHolder.java:193)
	at org.eclipse.jetty.servlet.ServletHandler$Chain.doFilter(ServletHandler.java:1626)
	at jetbrains.youtrack.webapp.filters.PluginAppResourcesCacheFilter.doFilter(PluginAppResourcesCacheFilter.kt:32)
	at jetbrains.youtrack.webapp.filters.FilterAdapter.doFilter(FilterAdapter.kt:45)
	at org.eclipse.jetty.servlet.FilterHolder.doFilter(FilterHolder.java:193)
	at org.eclipse.jetty.servlet.ServletHandler$Chain.doFilter(ServletHandler.java:1626)
	at jetbrains.youtrack.spring.controller.BaseApplicationFilter.doFilter(BaseApplicationFilter.kt:23)
	at org.eclipse.jetty.servlet.FilterHolder.doFilter(FilterHolder.java:193)
	at org.eclipse.jetty.servlet.ServletHandler$Chain.doFilter(ServletHandler.java:1626)
	at jetbrains.youtrack.webapp.filters.MdcProviderServletFilter.doFilter(MdcProviderServletFilter.kt:29)
	at org.eclipse.jetty.servlet.FilterHolder.doFilter(FilterHolder.java:193)
	at org.eclipse.jetty.servlet.ServletHandler$Chain.doFilter(ServletHandler.java:1626)
	at jetbrains.youtrack.webapp.filters.SitemapFilter.doFilter(SitemapFilter.kt:16)
	at jetbrains.youtrack.webapp.filters.FilterAdapter.doFilter(FilterAdapter.kt:45)
	at org.eclipse.jetty.servlet.FilterHolder.doFilter(FilterHolder.java:193)
	at org.eclipse.jetty.servlet.ServletHandler$Chain.doFilter(ServletHandler.java:1626)
	at jetbrains.youtrack.webapp.filters.CorsRequestFilter.doFilter(CorsRequestFilter.kt:59)
	at jetbrains.youtrack.webapp.filters.FilterAdapter.doFilter(FilterAdapter.kt:45)
	at org.eclipse.jetty.servlet.FilterHolder.doFilter(FilterHolder.java:193)
	at org.eclipse.jetty.servlet.ServletHandler$Chain.doFilter(ServletHandler.java:1626)
	at jetbrains.youtrack.webapp.filters.CloudRedirectRootRequestFilter.doFilter(CloudRedirectRootRequestFilter.kt:14)
	at jetbrains.youtrack.webapp.filters.FilterAdapter.doFilter(FilterAdapter.kt:45)
	at org.eclipse.jetty.servlet.FilterHolder.doFilter(FilterHolder.java:193)
	at org.eclipse.jetty.servlet.ServletHandler$Chain.doFilter(ServletHandler.java:1626)
	at jetbrains.youtrack.webapp.filters.CloudForwardFilter.doFilter(CloudForwardFilter.kt:15)
	at jetbrains.youtrack.webapp.filters.FilterAdapter.doFilter(FilterAdapter.kt:45)
	at org.eclipse.jetty.servlet.FilterHolder.doFilter(FilterHolder.java:193)
	at org.eclipse.jetty.servlet.ServletHandler$Chain.doFilter(ServletHandler.java:1626)
	at org.eclipse.jetty.servlet.ServletHandler.doHandle(ServletHandler.java:552)
	at org.eclipse.jetty.server.handler.ScopedHandler.handle(ScopedHandler.java:143)
	at org.eclipse.jetty.server.handler.gzip.GzipHandler.handle(GzipHandler.java:772)
	at org.eclipse.jetty.security.SecurityHandler.handle(SecurityHandler.java:600)
	at org.eclipse.jetty.server.handler.HandlerWrapper.handle(HandlerWrapper.java:127)
	at org.eclipse.jetty.server.handler.ScopedHandler.nextHandle(ScopedHandler.java:235)
	at org.eclipse.jetty.server.session.SessionHandler.doHandle(SessionHandler.java:1624)
	at org.eclipse.jetty.server.handler.ScopedHandler.nextHandle(ScopedHandler.java:233)
	at org.eclipse.jetty.server.handler.ContextHandler.doHandle(ContextHandler.java:1440)
	at org.eclipse.jetty.server.handler.ScopedHandler.nextScope(ScopedHandler.java:188)
	at org.eclipse.jetty.servlet.ServletHandler.doScope(ServletHandler.java:505)
	at org.eclipse.jetty.server.session.SessionHandler.doScope(SessionHandler.java:1594)
	at org.eclipse.jetty.server.handler.ScopedHandler.nextScope(ScopedHandler.java:186)
	at org.eclipse.jetty.server.handler.ContextHandler.doScope(ContextHandler.java:1355)
	at org.eclipse.jetty.server.handler.ScopedHandler.handle(ScopedHandler.java:141)
	at org.eclipse.jetty.server.handler.ContextHandlerCollection.handle(ContextHandlerCollection.java:234)
	at org.eclipse.jetty.server.handler.HandlerCollection.handle(HandlerCollection.java:146)
	at org.eclipse.jetty.server.handler.HandlerWrapper.handle(HandlerWrapper.java:127)
	at org.eclipse.jetty.server.Server.handle(Server.java:516)
	at org.eclipse.jetty.server.HttpChannel.lambda$handle$1(HttpChannel.java:487)
	at org.eclipse.jetty.server.HttpChannel.dispatch(HttpChannel.java:732)
	at org.eclipse.jetty.server.HttpChannel.handle(HttpChannel.java:479)
	at org.eclipse.jetty.server.HttpConnection.onFillable(HttpConnection.java:277)
	at org.eclipse.jetty.io.AbstractConnection$ReadCallback.succeeded(AbstractConnection.java:311)
	at org.eclipse.jetty.io.FillInterest.fillable(FillInterest.java:105)
	at org.eclipse.jetty.io.ChannelEndPoint$1.run(ChannelEndPoint.java:104)
	at org.eclipse.jetty.util.thread.strategy.EatWhatYouKill.runTask(EatWhatYouKill.java:338)
	at org.eclipse.jetty.util.thread.strategy.EatWhatYouKill.doProduce(EatWhatYouKill.java:315)
	at org.eclipse.jetty.util.thread.strategy.EatWhatYouKill.tryProduce(EatWhatYouKill.java:173)
	at org.eclipse.jetty.util.thread.strategy.EatWhatYouKill.run(EatWhatYouKill.java:131)
	at org.eclipse.jetty.util.thread.ReservedThreadExecutor$ReservedThread.run(ReservedThreadExecutor.java:409)
	at org.eclipse.jetty.util.thread.QueuedThreadPool.runJob(QueuedThreadPool.java:883)
	at org.eclipse.jetty.util.thread.QueuedThreadPool$Runner.run(QueuedThreadPool.java:1034)
	at java.base/java.lang.Thread.run(Thread.java:1583)
Caused by: org.eclipse.jetty.io.EofException
	at org.eclipse.jetty.io.ChannelEndPoint.flush(ChannelEndPoint.java:280)
	at org.eclipse.jetty.io.WriteFlusher.flush(WriteFlusher.java:422)
	at org.eclipse.jetty.io.WriteFlusher.write(WriteFlusher.java:277)
	at org.eclipse.jetty.io.AbstractEndPoint.write(AbstractEndPoint.java:381)
	at org.eclipse.jetty.server.HttpConnection$SendCallback.process(HttpConnection.java:831)
	at org.eclipse.jetty.util.IteratingCallback.processing(IteratingCallback.java:248)
	at org.eclipse.jetty.util.IteratingCallback.iterate(IteratingCallback.java:229)
	at org.eclipse.jetty.server.HttpConnection.send(HttpConnection.java:555)
	at org.eclipse.jetty.server.HttpChannel.sendResponse(HttpChannel.java:1014)
	at org.eclipse.jetty.server.HttpChannel.write(HttpChannel.java:1086)
	at org.eclipse.jetty.server.handler.gzip.GzipHttpOutputInterceptor$GzipBufferCB.process(GzipHttpOutputInterceptor.java:414)
	at org.eclipse.jetty.util.IteratingCallback.processing(IteratingCallback.java:248)
	at org.eclipse.jetty.util.IteratingCallback.iterate(IteratingCallback.java:229)
	at org.eclipse.jetty.server.handler.gzip.GzipHttpOutputInterceptor.gzip(GzipHttpOutputInterceptor.java:137)
	at org.eclipse.jetty.server.handler.gzip.GzipHttpOutputInterceptor.write(GzipHttpOutputInterceptor.java:119)
	at org.eclipse.jetty.server.HttpOutput.channelWrite(HttpOutput.java:285)
	at org.eclipse.jetty.server.HttpOutput.channelWrite(HttpOutput.java:269)
	at org.eclipse.jetty.server.HttpOutput.write(HttpOutput.java:873)
	at org.glassfish.jersey.servlet.internal.ResponseWriter$NonCloseableOutputStreamWrapper.write(ResponseWriter.java:303)
	at org.glassfish.jersey.message.internal.CommittingOutputStream.write(CommittingOutputStream.java:203)
	at org.glassfish.jersey.message.internal.WriterInterceptorExecutor$UnCloseableOutputStream.write(WriterInterceptorExecutor.java:276)
	at org.glassfish.jersey.message.internal.ReaderWriter.writeTo(ReaderWriter.java:99)
	at org.glassfish.jersey.message.internal.InputStreamProvider.writeTo(InputStreamProvider.java:82)
	at org.glassfish.jersey.message.internal.InputStreamProvider.writeTo(InputStreamProvider.java:37)
	at org.glassfish.jersey.message.internal.WriterInterceptorExecutor$TerminalWriterInterceptor.invokeWriteTo(WriterInterceptorExecutor.java:242)
	at org.glassfish.jersey.message.internal.WriterInterceptorExecutor$TerminalWriterInterceptor.aroundWriteTo(WriterInterceptorExecutor.java:227)
	at org.glassfish.jersey.message.internal.WriterInterceptorExecutor.proceed(WriterInterceptorExecutor.java:139)
	at org.glassfish.jersey.server.internal.JsonWithPaddingInterceptor.aroundWriteTo(JsonWithPaddingInterceptor.java:85)
	at org.glassfish.jersey.message.internal.WriterInterceptorExecutor.proceed(WriterInterceptorExecutor.java:139)
	at org.glassfish.jersey.server.internal.MappableExceptionWrapperInterceptor.aroundWriteTo(MappableExceptionWrapperInterceptor.java:61)
	... 94 more
Caused by: java.io.IOException: Broken pipe
	at java.base/sun.nio.ch.SocketDispatcher.writev0(Native Method)
	at java.base/sun.nio.ch.SocketDispatcher.writev(SocketDispatcher.java:70)
	at java.base/sun.nio.ch.IOUtil.write(IOUtil.java:227)
	at java.base/sun.nio.ch.IOUtil.write(IOUtil.java:158)
	at java.base/sun.nio.ch.SocketChannelImpl.write(SocketChannelImpl.java:574)
	at java.base/java.nio.channels.SocketChannel.write(SocketChannel.java:660)
	at org.eclipse.jetty.io.ChannelEndPoint.flush(ChannelEndPoint.java:274)
	... 123 more
15/08/26 13:56:25,313 WARN  [c8234a00-d3cf-21aa-09aa-e97b61463abd@al-scheduling-3] [LoggingRequestsFilter         ] [Hub Event Sync User@] GET http://127.0.0.1:8080/hub/api/rest/events?%24skip=0&%24top=100&query=afterId%3A+%7B96%7D&fields=id%2CtargetType%2CtargetId%2Ctype 401 Unauthorized
 15/08/26 13:56:25,384 WARN  [c8234a00-d3cf-21aa-09aa-e97b61463abd@al-scheduling-3] [SlowRequestMonitoringFilter   ] [Hub Event Sync User@] Request to Hub (http://127.0.0.1:8080/hub/api/rest/events?%24skip=0&%24top=100&query=afterId%3A+%7B96%7D&fields=id%2CtargetType%2CtargetId%2Ctype) took 89683911 ms
 16/08/26 10:52:18,571 WARN  [ded8fe10-5aa1-2e73-00a9-5f9eeefd6cf8@p289303711-3929] [OAuthTokenAuthenticator       ] [@] Got invalid Hub token: Bearer eyJraWQiOiIyI***. Error: Token has expired. It was granted till Sun Aug 16 10:49:54 UTC 2026 and was checked at Sun Aug 16 10:52:18 UTC 2026
 16/08/26 10:57:19,507 WARN  [fd9b8960-bf89-d738-b3ee-a65fbd970952@p289303711-3929] [OAuthTokenAuthenticator       ] [@] Got invalid Hub token: Bearer eyJraWQiOiIyI***. Error: Token has expired. It was granted till Sun Aug 16 10:49:54 UTC 2026 and was checked at Sun Aug 16 10:57:19 UTC 2026
 16/08/26 11:02:20,495 WARN  [c2f7f5a2-0c68-a87e-2c06-42a815699b14@p289303711-3812] [OAuthTokenAuthenticator       ] [@] Got invalid Hub token: Bearer eyJraWQiOiIyI***. Error: Token has expired. It was granted till Sun Aug 16 10:49:54 UTC 2026 and was checked at Sun Aug 16 11:02:20 UTC 2026
 16/08/26 11:07:21,515 WARN  [5bcf33fb-86c3-4586-82a2-3a64a123382f@p289303711-3199] [OAuthTokenAuthenticator       ] [@] Got invalid Hub token: Bearer eyJraWQiOiIyI***. Error: Token has expired. It was granted till Sun Aug 16 10:49:54 UTC 2026 and was checked at Sun Aug 16 11:07:21 UTC 2026
 17/08/26 06:00:42,835 ERROR [94a9d3ac-a153-9e61-cf50-cc148c9273ce@user-action-15 ] [UpdateCheckerImpl             ] [@] Update check failed with: java.net.UnknownHostException: www.jetbrains.com
 javax.ws.rs.ProcessingException: java.net.UnknownHostException: www.jetbrains.com
	at org.glassfish.jersey.client.internal.HttpUrlConnector.apply(HttpUrlConnector.java:288)
	at org.glassfish.jersey.client.ClientRuntime.invoke(ClientRuntime.java:300)
	at org.glassfish.jersey.client.JerseyInvocation.lambda$invoke$1(JerseyInvocation.java:687)
	at org.glassfish.jersey.client.JerseyInvocation.call(JerseyInvocation.java:709)
	at org.glassfish.jersey.client.JerseyInvocation.lambda$runInScope$3(JerseyInvocation.java:703)
	at org.glassfish.jersey.internal.Errors.process(Errors.java:292)
	at org.glassfish.jersey.internal.Errors.process(Errors.java:274)
	at org.glassfish.jersey.internal.Errors.process(Errors.java:205)
	at org.glassfish.jersey.process.internal.RequestScope.runInScope(RequestScope.java:390)
	at org.glassfish.jersey.client.JerseyInvocation.runInScope(JerseyInvocation.java:703)
	at org.glassfish.jersey.client.JerseyInvocation.invoke(JerseyInvocation.java:686)
	at org.glassfish.jersey.client.JerseyInvocation$Builder.method(JerseyInvocation.java:422)
	at org.glassfish.jersey.client.JerseyInvocation$Builder.get(JerseyInvocation.java:318)
	at jetbrains.youtrack.maintenance.updates.UpdateRest.getProducts(UpdateRest.kt:40)
	at jetbrains.youtrack.maintenance.updates.UpdateRest.getProduct(UpdateRest.kt:44)
	at jetbrains.youtrack.maintenance.updates.UpdateRest.getChannel(UpdateRest.kt:49)
	at jetbrains.youtrack.maintenance.updates.UpdateRest.getNewerBuild(UpdateRest.kt:64)
	at jetbrains.youtrack.maintenance.updates.UpdateCheckerImpl.checkForUpdate$lambda$0(UpdateCheckerImpl.kt:56)
	at jetbrains.charisma.executor.UserActionJob.execute(UserActionJob.kt:11)
	at jetbrains.youtrack.core.job.AbstractJob.doExecute(AbstractJob.kt:114)
	at jetbrains.youtrack.core.job.AbstractJob.tryExecute$youtrack_core(AbstractJob.kt:102)
	at jetbrains.youtrack.core.job.AbstractJobProcessor$JobExecutionTask.executeJob(AbstractJobProcessor.kt:229)
	at jetbrains.youtrack.core.job.AbstractJobProcessor$JobExecutionTask.runInContext(AbstractJobProcessor.kt:213)
	at jetbrains.youtrack.core.job.AbstractJobProcessor$JobExecutionTask.run$lambda$0(AbstractJobProcessor.kt:201)
	at jetbrains.youtrack.core.job.context.BeanContainerContext.doApply(ExecutionContexts.kt:47)
	at jetbrains.youtrack.core.job.context.ChainedExecutionContext.apply(ChainedExecutionContext.kt:29)
	at jetbrains.youtrack.core.job.context.ChainedExecutionContext.apply$lambda$0(ChainedExecutionContext.kt:26)
	at jetbrains.youtrack.core.job.context.LogExecutionContext.doApply(ExecutionContexts.kt:24)
	at jetbrains.youtrack.core.job.context.ChainedExecutionContext.apply(ChainedExecutionContext.kt:25)
	at jetbrains.youtrack.core.job.AbstractJobProcessor$JobExecutionTask.run(AbstractJobProcessor.kt:201)
	at java.base/java.util.concurrent.Executors$RunnableAdapter.call(Executors.java:572)
	at java.base/java.util.concurrent.FutureTask.run(FutureTask.java:317)
	at java.base/java.util.concurrent.ThreadPoolExecutor.runWorker(ThreadPoolExecutor.java:1144)
	at java.base/java.util.concurrent.ThreadPoolExecutor$Worker.run(ThreadPoolExecutor.java:642)
	at java.base/java.lang.Thread.run(Thread.java:1583)
Caused by: java.net.UnknownHostException: www.jetbrains.com
	at java.base/sun.nio.ch.NioSocketImpl.connect(NioSocketImpl.java:567)
	at java.base/java.net.SocksSocketImpl.connect(SocksSocketImpl.java:327)
	at java.base/java.net.Socket.connect(Socket.java:751)
	at java.base/sun.security.ssl.SSLSocketImpl.connect(SSLSocketImpl.java:304)
	at java.base/sun.net.NetworkClient.doConnect(NetworkClient.java:178)
	at java.base/sun.net.www.http.HttpClient.openServer(HttpClient.java:531)
	at java.base/sun.net.www.http.HttpClient.openServer(HttpClient.java:636)
	at java.base/sun.net.www.protocol.https.HttpsClient.<init>(HttpsClient.java:265)
	at java.base/sun.net.www.protocol.https.HttpsClient.New(HttpsClient.java:378)
	at java.base/sun.net.www.protocol.https.AbstractDelegateHttpsURLConnection.getNewHttpClient(AbstractDelegateHttpsURLConnection.java:196)
	at java.base/sun.net.www.protocol.http.HttpURLConnection.plainConnect0(HttpURLConnection.java:1257)
	at java.base/sun.net.www.protocol.http.HttpURLConnection.plainConnect(HttpURLConnection.java:1143)
	at java.base/sun.net.www.protocol.http.HttpURLConnection.connect(HttpURLConnection.java:1072)
	at java.base/sun.net.www.protocol.https.AbstractDelegateHttpsURLConnection.connect(AbstractDelegateHttpsURLConnection.java:181)
	at java.base/sun.net.www.protocol.http.HttpURLConnection.getInputStream0(HttpURLConnection.java:1705)
	at java.base/sun.net.www.protocol.http.HttpURLConnection.getInputStream(HttpURLConnection.java:1629)
	at java.base/java.net.HttpURLConnection.getResponseCode(HttpURLConnection.java:531)
	at java.base/sun.net.www.protocol.https.HttpsURLConnectionImpl.getResponseCode(HttpsURLConnectionImpl.java:307)
	at org.glassfish.jersey.client.internal.HttpUrlConnector._apply(HttpUrlConnector.java:453)
	at org.glassfish.jersey.client.internal.HttpUrlConnector.apply(HttpUrlConnector.java:286)
	... 34 more
17/08/26 06:00:42,916 ERROR [94a9d3ac-a153-9e61-cf50-cc148c9273ce@user-action-15 ] [UpdateCheckResult             ] [@] DNS record for jetbrains.com cannot be resolved, skipping update check
 18/08/26 09:05:39,093 INFO  [d0e63c5e-228a-6c1d-b547-24494c2180c5@init servlet   ] [Reflections                   ] [init@] Reflections took 615 ms to scan 44 urls, producing 2190 keys and 51931 values
 18/08/26 09:05:42,251 INFO  [d0e63c5e-228a-6c1d-b547-24494c2180c5@init servlet   ] [Reflections                   ] [init@] Reflections took 289 ms to scan 44 urls, producing 2190 keys and 51931 values
 18/08/26 09:05:43,365 INFO  [d0e63c5e-228a-6c1d-b547-24494c2180c5@init servlet   ] [Reflections                   ] [init@] Reflections took 358 ms to scan 43 urls, producing 2163 keys and 51528 values
 18/08/26 09:05:45,386 INFO  [d0e63c5e-228a-6c1d-b547-24494c2180c5@init servlet   ] [WebClasspathXmlServiceLocator ] [init@] Adding default placeholder resolver: PropertySourcesPlaceholderConfigurer
 18/08/26 09:05:51,275 INFO  [d0e63c5e-228a-6c1d-b547-24494c2180c5@init servlet   ] [MessagesContainer             ] [init@] Default locale messages loaded
 18/08/26 09:05:51,914 INFO  [d0e63c5e-228a-6c1d-b547-24494c2180c5@init servlet   ] [SystemTimeServiceConfiguration] [init@] SystemTimeService: using service with real start='2026-08-18T09:05:51.913Z
 18/08/26 09:05:52,596 INFO  [d0e63c5e-228a-6c1d-b547-24494c2180c5@init servlet   ] [Reflections                   ] [init@] Reflections took 558 ms to scan 44 urls, producing 2263 keys and 89553 values
 18/08/26 09:05:53,722 WARN  [d0e63c5e-228a-6c1d-b547-24494c2180c5@init servlet   ] [Log                           ] [@] Environment located at /opt/youtrack/data/youtrack has been closed incorrectly. Data check routine is started to assess data consistency ...
 18/08/26 09:05:53,731 INFO  [d0e63c5e-228a-6c1d-b547-24494c2180c5@init servlet   ] [Log                           ] [@] Files found in directory /opt/youtrack/data/youtrack ...
 18/08/26 09:05:53,731 INFO  [d0e63c5e-228a-6c1d-b547-24494c2180c5@init servlet   ] [Log                           ] [@] ------------------------------------------------------
 18/08/26 09:05:53,731 INFO  [d0e63c5e-228a-6c1d-b547-24494c2180c5@init servlet   ] [Log                           ] [@] 00000000000.xd
 18/08/26 09:05:53,731 INFO  [d0e63c5e-228a-6c1d-b547-24494c2180c5@init servlet   ] [Log                           ] [@] 00000000800.xd
 18/08/26 09:05:53,731 INFO  [d0e63c5e-228a-6c1d-b547-24494c2180c5@init servlet   ] [Log                           ] [@] ------------------------------------------------------
 18/08/26 09:05:53,731 INFO  [d0e63c5e-228a-6c1d-b547-24494c2180c5@init servlet   ] [Log                           ] [@] Trying to restore database /opt/youtrack/data/youtrack. Attempt 1
 18/08/26 09:05:53,731 INFO  [d0e63c5e-228a-6c1d-b547-24494c2180c5@init servlet   ] [Log                           ] [@] Files to be checked for data consistency : 
 18/08/26 09:05:53,731 INFO  [d0e63c5e-228a-6c1d-b547-24494c2180c5@init servlet   ] [Log                           ] [@] ------------------------------------------------------
 18/08/26 09:05:53,731 INFO  [d0e63c5e-228a-6c1d-b547-24494c2180c5@init servlet   ] [Log                           ] [@] 00000000000.xd
 18/08/26 09:05:53,731 INFO  [d0e63c5e-228a-6c1d-b547-24494c2180c5@init servlet   ] [Log                           ] [@] 00000000800.xd
 18/08/26 09:05:53,731 INFO  [d0e63c5e-228a-6c1d-b547-24494c2180c5@init servlet   ] [Log                           ] [@] ------------------------------------------------------
 18/08/26 09:05:53,732 INFO  [d0e63c5e-228a-6c1d-b547-24494c2180c5@init servlet   ] [Log                           ] [@] File 00000000000.xd is being verified.
 18/08/26 09:05:53,898 INFO  [d0e63c5e-228a-6c1d-b547-24494c2180c5@init servlet   ] [Log                           ] [@] File 00000000800.xd is being verified.
 18/08/26 09:05:53,939 WARN  [d0e63c5e-228a-6c1d-b547-24494c2180c5@init servlet   ] [Log                           ] [@] DB root address stored in log metadata and detected are different. Root address will be fixed. Stored address : -1 , detected  9752671 .
 18/08/26 09:05:53,943 INFO  [d0e63c5e-228a-6c1d-b547-24494c2180c5@init servlet   ] [Log                           ] [@] Data check is completed for environment /opt/youtrack/data/youtrack.
 18/08/26 09:05:53,952 INFO  [d0e63c5e-228a-6c1d-b547-24494c2180c5@init servlet   ] [Log                           ] [@] Log /opt/youtrack/data/youtrack content was changed during the initialization, data sync is performed.
 18/08/26 09:05:54,003 INFO  [d0e63c5e-228a-6c1d-b547-24494c2180c5@init servlet   ] [EnvironmentImpl               ] [@] Exodus environment created: /opt/youtrack/data/youtrack
 18/08/26 09:05:54,003 INFO  [d0e63c5e-228a-6c1d-b547-24494c2180c5@init servlet   ] [EnvironmentImpl               ] [@] Because environment /opt/youtrack/data/youtrack was closed incorrectly space utilization will be computed from scratch
 18/08/26 09:05:54,004 INFO  [d0e63c5e-228a-6c1d-b547-24494c2180c5@init servlet   ] [GarbageCollector              ] [@] Queueing ComputeUtilizationFromScratchJob
 18/08/26 09:05:54,005 INFO  [d0e63c5e-228a-6c1d-b547-24494c2180c5@init servlet   ] [EnvironmentImpl               ] [@] Computation of space utilization for environment /opt/youtrack/data/youtrack is completed
 18/08/26 09:05:54,009 INFO  [d0e63c5e-228a-6c1d-b547-24494c2180c5@init servlet   ] [EntityIterableCacheAdapter    ] [@] Using weighted eviction for entity iterable cache, maxWeight = 4473924
 18/08/26 09:05:54,976 INFO  [d0e63c5e-228a-6c1d-b547-24494c2180c5@init servlet   ] [PersistentEntityStoreImpl     ] [@] Blob vault has been created at /opt/youtrack/data/youtrack/blobs
 18/08/26 09:05:54,982 WARN  [d0e63c5e-228a-6c1d-b547-24494c2180c5@init servlet   ] [PersistentEntityStoreImpl     ] [@] Checking BLOBs consistency.
 18/08/26 09:05:55,966 WARN  [d0e63c5e-228a-6c1d-b547-24494c2180c5@init servlet   ] [Log                           ] [@] Environment located at /opt/youtrack/data/youtrack/textindex has been closed incorrectly. Data check routine is started to assess data consistency ...
 18/08/26 09:05:55,969 INFO  [d0e63c5e-228a-6c1d-b547-24494c2180c5@init servlet   ] [Log                           ] [@] Files found in directory /opt/youtrack/data/youtrack/textindex ...
 18/08/26 09:05:55,969 INFO  [d0e63c5e-228a-6c1d-b547-24494c2180c5@init servlet   ] [Log                           ] [@] ------------------------------------------------------
 18/08/26 09:05:55,969 INFO  [d0e63c5e-228a-6c1d-b547-24494c2180c5@init servlet   ] [Log                           ] [@] 00000000000.xd
 18/08/26 09:05:55,969 INFO  [d0e63c5e-228a-6c1d-b547-24494c2180c5@init servlet   ] [Log                           ] [@] ------------------------------------------------------
 18/08/26 09:05:55,969 INFO  [d0e63c5e-228a-6c1d-b547-24494c2180c5@init servlet   ] [Log                           ] [@] Trying to restore database /opt/youtrack/data/youtrack/textindex. Attempt 1
 18/08/26 09:05:55,969 INFO  [d0e63c5e-228a-6c1d-b547-24494c2180c5@init servlet   ] [Log                           ] [@] Files to be checked for data consistency : 
 18/08/26 09:05:55,969 INFO  [d0e63c5e-228a-6c1d-b547-24494c2180c5@init servlet   ] [Log                           ] [@] ------------------------------------------------------
 18/08/26 09:05:55,969 INFO  [d0e63c5e-228a-6c1d-b547-24494c2180c5@init servlet   ] [Log                           ] [@] 00000000000.xd
 18/08/26 09:05:55,969 INFO  [d0e63c5e-228a-6c1d-b547-24494c2180c5@init servlet   ] [Log                           ] [@] ------------------------------------------------------
 18/08/26 09:05:55,969 INFO  [d0e63c5e-228a-6c1d-b547-24494c2180c5@init servlet   ] [Log                           ] [@] File 00000000000.xd is being verified.
 18/08/26 09:05:55,978 WARN  [d0e63c5e-228a-6c1d-b547-24494c2180c5@init servlet   ] [Log                           ] [@] DB root address stored in log metadata and detected are different. Root address will be fixed. Stored address : -1 , detected  12842 .
 18/08/26 09:05:55,984 INFO  [d0e63c5e-228a-6c1d-b547-24494c2180c5@init servlet   ] [Log                           ] [@] Data check is completed for environment /opt/youtrack/data/youtrack/textindex.
 18/08/26 09:05:55,986 INFO  [d0e63c5e-228a-6c1d-b547-24494c2180c5@init servlet   ] [Log                           ] [@] Log /opt/youtrack/data/youtrack/textindex content was changed during the initialization, data sync is performed.
 18/08/26 09:05:55,993 INFO  [d0e63c5e-228a-6c1d-b547-24494c2180c5@init servlet   ] [EnvironmentImpl               ] [@] Exodus environment created: /opt/youtrack/data/youtrack/textindex
 18/08/26 09:05:55,993 INFO  [d0e63c5e-228a-6c1d-b547-24494c2180c5@init servlet   ] [EnvironmentImpl               ] [@] Because environment /opt/youtrack/data/youtrack/textindex was closed incorrectly space utilization will be computed from scratch
 18/08/26 09:05:55,993 INFO  [d0e63c5e-228a-6c1d-b547-24494c2180c5@init servlet   ] [GarbageCollector              ] [@] Queueing ComputeUtilizationFromScratchJob
 18/08/26 09:05:55,993 INFO  [d0e63c5e-228a-6c1d-b547-24494c2180c5@init servlet   ] [EnvironmentImpl               ] [@] Computation of space utilization for environment /opt/youtrack/data/youtrack/textindex is completed
 18/08/26 09:05:56,110 INFO  [d0e63c5e-228a-6c1d-b547-24494c2180c5@init servlet   ] [TextIndexManager              ] [@] Initializing text index. Timestamp of last updated entry: 302
 18/08/26 09:05:56,696 INFO  [d0e63c5e-228a-6c1d-b547-24494c2180c5@init servlet   ] [TextIndexManager              ] [@] Initializing text index. Last update timestamp: 303
 18/08/26 09:05:56,705 INFO  [d0e63c5e-228a-6c1d-b547-24494c2180c5@init servlet   ] [DnqUtils                      ] [@] Execute entities initializers
 18/08/26 09:05:56,714 INFO  [d0e63c5e-228a-6c1d-b547-24494c2180c5@init servlet   ] [YouTrackInit                  ] [@] Initializing YouTrack 2026.2.18194
 18/08/26 09:05:57,010 INFO  [d0e63c5e-228a-6c1d-b547-24494c2180c5@init servlet   ] [ApplicationStateHolderImpl    ] [@] Application state changed from SPRING_STARTING to SPRING_INITIALIZED
 18/08/26 09:05:57,018 WARN  [d0e63c5e-228a-6c1d-b547-24494c2180c5@init servlet   ] [XdStorage                     ] [@] Auxiliary truststore /opt/youtrack/conf/internal/keystore.jks does not exist, skipping
 18/08/26 09:05:57,079 INFO  [d0e63c5e-228a-6c1d-b547-24494c2180c5@init servlet   ] [ApplicationStateHolderImpl    ] [@] Application state changed from SPRING_INITIALIZED to LOCALIZATION_SERVICE_INITIALIZED
 18/08/26 09:05:57,081 INFO  [d0e63c5e-228a-6c1d-b547-24494c2180c5@init servlet   ] [ApplicationStateHolderImpl    ] [@] Application state changed from LOCALIZATION_SERVICE_INITIALIZED to USER_SERVICE_INITIALIZED
 18/08/26 09:05:57,110 INFO  [d0e63c5e-228a-6c1d-b547-24494c2180c5@init servlet   ] [StandaloneLicenseUpdater      ] [@] License details. Name: `null`; expiration time: 292278994-08-17 07:12:55; generation time: 2015-05-12 12:55:16;  upgrade expiration time: 2099-12-31 12:55:16
 18/08/26 09:05:57,112 INFO  [d0e63c5e-228a-6c1d-b547-24494c2180c5@init servlet   ] [ApplicationStateHolderImpl    ] [@] Application state changed from USER_SERVICE_INITIALIZED to LICENSE_AND_LIABILITY_CHECKED
 18/08/26 09:05:57,141 INFO  [d0e63c5e-228a-6c1d-b547-24494c2180c5@init servlet   ] [ApplicationStateHolderImpl    ] [@] Application state changed from LICENSE_AND_LIABILITY_CHECKED to REFACTORINGS_STARTED
 18/08/26 09:05:57,142 INFO  [d0e63c5e-228a-6c1d-b547-24494c2180c5@init servlet   ] [XdRefactoring                 ] [@] Starting youtrack-only refactorings...
 18/08/26 09:05:57,166 INFO  [d0e63c5e-228a-6c1d-b547-24494c2180c5@init servlet   ] [XdRefactoring                 ] [@] Apply refactoring: jetbrains.youtrack.refactoring.RefactoringRestoreAllUndeletedProjects
 18/08/26 09:05:57,197 INFO  [d0e63c5e-228a-6c1d-b547-24494c2180c5@init servlet   ] [XdRefactoring                 ] [@] Apply refactoring: jetbrains.youtrack.event.refactoring.recursive.UserJobRefactoringChangeDiff
 18/08/26 09:05:57,197 INFO  [d0e63c5e-228a-6c1d-b547-24494c2180c5@init servlet   ] [UserJobRecursiveRefactoring   ] [@] UserJobRefactoringChangeDiff refactoring is disabled
 18/08/26 09:05:57,206 INFO  [d0e63c5e-228a-6c1d-b547-24494c2180c5@init servlet   ] [XdRefactoring                 ] [@] Apply refactoring: jetbrains.youtrack.reports.refactorings.RefactoringResetCalculatingReportsStatus
 18/08/26 09:05:57,222 INFO  [d0e63c5e-228a-6c1d-b547-24494c2180c5@init servlet   ] [XdRefactoring                 ] [@] Completed youtrack-only refactorings in 0 min 0 sec
 18/08/26 09:05:57,222 INFO  [d0e63c5e-228a-6c1d-b547-24494c2180c5@init servlet   ] [ApplicationStateHolderImpl    ] [@] Application state changed from REFACTORINGS_STARTED to REFACTORINGS_FINISHED
 18/08/26 09:06:00,783 INFO  [d0e63c5e-228a-6c1d-b547-24494c2180c5@init servlet   ] [PermissionCacheImpl           ] [@] Start recalculating permissions cache
 18/08/26 09:06:00,828 INFO  [d0e63c5e-228a-6c1d-b547-24494c2180c5@init servlet   ] [PermissionCacheImpl           ] [@] Finish recalculating permissions cache in: 0.044029473s, total user clusters: 2
 18/08/26 09:06:00,828 INFO  [d0e63c5e-228a-6c1d-b547-24494c2180c5@init servlet   ] [DnqUtils                      ] [@] Init indexes for unique properties and composite keys
 18/08/26 09:06:00,890 INFO  [d0e63c5e-228a-6c1d-b547-24494c2180c5@init servlet   ] [YouTrackWarmUp                ] [@] EntityIterableCache warm-up started
 18/08/26 09:06:00,946 INFO  [d0e63c5e-228a-6c1d-b547-24494c2180c5@init servlet   ] [YouTrackWarmUp                ] [@] EntityIterableCache warm-up took 55 ms.
 18/08/26 09:06:00,947 INFO  [d0e63c5e-228a-6c1d-b547-24494c2180c5@init servlet   ] [ApplicationStateHolderImpl    ] [@] Application state changed from REFACTORINGS_FINISHED to UNIQUE_INDEXES_INITIALIZED
 18/08/26 09:06:00,957 INFO  [d0e63c5e-228a-6c1d-b547-24494c2180c5@init servlet   ] [ApplicationStateHolderImpl    ] [@] Application state changed from UNIQUE_INDEXES_INITIALIZED to BACKUP_AND_TEXT_INDEX_INITIALIZED
 18/08/26 09:06:01,252 INFO  [d0e63c5e-228a-6c1d-b547-24494c2180c5@init servlet   ] [PrefixTrees                   ] [@] Finish creating keyword index in [141 ms]
 18/08/26 09:06:01,253 INFO  [d0e63c5e-228a-6c1d-b547-24494c2180c5@init servlet   ] [ApplicationStateHolderImpl    ] [@] Application state changed from BACKUP_AND_TEXT_INDEX_INITIALIZED to PREFIX_TREES_INITIALIZED
 18/08/26 09:06:01,254 INFO  [d0e63c5e-228a-6c1d-b547-24494c2180c5@init servlet   ] [ApplicationStateHolderImpl    ] [@] Application state changed from PREFIX_TREES_INITIALIZED to HUB_INTEGRATION_STARTING
 18/08/26 09:06:02,233 INFO  [d0e63c5e-228a-6c1d-b547-24494c2180c5@init servlet   ] [XdRefactoring                 ] [@] Starting Hub context aware refactorings...
 18/08/26 09:06:02,238 INFO  [d0e63c5e-228a-6c1d-b547-24494c2180c5@init servlet   ] [XdRefactoring                 ] [@] Completed Hub context aware refactorings in 0 min 0 sec
 18/08/26 09:06:02,253 INFO  [d0e63c5e-228a-6c1d-b547-24494c2180c5@init servlet   ] [ApplicationStateHolderImpl    ] [@] Application state changed from HUB_INTEGRATION_STARTING to HUB_INTEGRATION_STARTED
 18/08/26 09:06:02,418 INFO  [d0e63c5e-228a-6c1d-b547-24494c2180c5@init servlet   ] [PermissionsCacheData          ] [@] Custom field permission cache for 0 users (0 handlers) built in 0 ms
 18/08/26 09:06:02,423 INFO  [d0e63c5e-228a-6c1d-b547-24494c2180c5@init servlet   ] [CustomFieldsPermissionsCache  ] [@] Custom field permission cache initialized
 18/08/26 09:06:03,500 INFO  [@kground cleaner] [GarbageCollector              ] [@] Started calculation of log utilization from scratch at /opt/youtrack/data/youtrack
 18/08/26 09:06:03,592 INFO  [@kground cleaner] [GarbageCollector              ] [@] Finished calculation of log utilization from scratch at /opt/youtrack/data/youtrack
 18/08/26 09:06:04,669 INFO  [d0e63c5e-228a-6c1d-b547-24494c2180c5@init servlet   ] [ApplicationStateHolderImpl    ] [@] Application state changed from HUB_INTEGRATION_STARTED to APP_LIFECYCLE_START
 18/08/26 09:06:04,671 INFO  [d0e63c5e-228a-6c1d-b547-24494c2180c5@init servlet   ] [emTimeServiceLifecycleListener] [@] SystemTimeService Lifecycle: '' is not set; skipping validation
 18/08/26 09:06:05,907 INFO  [@kground cleaner] [GarbageCollector              ] [@] Started calculation of log utilization from scratch at /opt/youtrack/data/youtrack/textindex
 18/08/26 09:06:05,907 INFO  [@kground cleaner] [GarbageCollector              ] [@] Finished calculation of log utilization from scratch at /opt/youtrack/data/youtrack/textindex
 18/08/26 09:06:11,560 INFO  [d0e63c5e-228a-6c1d-b547-24494c2180c5@init servlet   ] [ApplicationStateHolderImpl    ] [@] Application state changed from APP_LIFECYCLE_START to RUNNING
 18/08/26 09:06:11,579 INFO  [d0e63c5e-228a-6c1d-b547-24494c2180c5@init servlet   ] [YouTrackInit                  ] [@] YouTrack init complete
 18/08/26 09:06:26,638 INFO  [e322998a-df05-15d8-d260-6602ee3e4ab1@qtp289303711-56] [MLDocumentsSorter             ] [admin@172.19.0.1] ML ranking model has been loaded successfully: DefaultArticlesModelProvider
 18/08/26 13:31:52,998 INFO  [37a364c7-3a82-b75d-bddb-1ae2da194b71@tp289303711-526] [security                      ] [admin@172.19.0.1] field ZoneOfResponsibility[__CUSTOM_FIELD__ZoneOfResponsibility_0] created
 18/08/26 13:31:53,015 INFO  [37a364c7-3a82-b75d-bddb-1ae2da194b71@tp289303711-526] [security                      ] [admin@172.19.0.1] for field ZoneOfResponsibility Default bundle is set to <empty>.
 18/08/26 13:31:53,016 INFO  [37a364c7-3a82-b75d-bddb-1ae2da194b71@tp289303711-526] [security                      ] [admin@172.19.0.1] for field ZoneOfResponsibility default values are set to [].
 18/08/26 13:31:53,016 INFO  [37a364c7-3a82-b75d-bddb-1ae2da194b71@tp289303711-526] [security                      ] [admin@172.19.0.1] for field ZoneOfResponsibility default empty field text is set to null.
 18/08/26 13:34:37,523 INFO  [659f829c-88ae-564f-fb4e-1fd30582aef1@tion-analyzer-1] [DefaultSavedQueryProvider     ] [@] Creating localized default saved search "Assigned to me", query: for: me 
 18/08/26 13:34:37,524 INFO  [659f829c-88ae-564f-fb4e-1fd30582aef1@tion-analyzer-1] [DefaultSavedQueryProvider     ] [@] Updating localized default saved search "Assigned to me", share groups:  -> All Users
 18/08/26 13:34:37,526 INFO  [659f829c-88ae-564f-fb4e-1fd30582aef1@tion-analyzer-1] [DefaultSavedQueryProvider     ] [@] Creating localized default saved search "Commented by me", query: commenter: me 
 18/08/26 13:34:37,526 INFO  [659f829c-88ae-564f-fb4e-1fd30582aef1@tion-analyzer-1] [DefaultSavedQueryProvider     ] [@] Updating localized default saved search "Commented by me", share groups:  -> All Users
 18/08/26 13:34:37,528 INFO  [659f829c-88ae-564f-fb4e-1fd30582aef1@tion-analyzer-1] [DefaultSavedQueryProvider     ] [@] Creating localized default saved search "Reported by me", query: by: me 
 18/08/26 13:34:37,528 INFO  [659f829c-88ae-564f-fb4e-1fd30582aef1@tion-analyzer-1] [DefaultSavedQueryProvider     ] [@] Updating localized default saved search "Reported by me", share groups:  -> All Users
 18/08/26 13:34:37,529 INFO  [659f829c-88ae-564f-fb4e-1fd30582aef1@tion-analyzer-1] [DefaultSavedQueryProvider     ] [@] Creating localized default saved search "All issues", query: document type: Issue 
 18/08/26 13:34:37,530 INFO  [659f829c-88ae-564f-fb4e-1fd30582aef1@tion-analyzer-1] [DefaultSavedQueryProvider     ] [@] Updating localized default saved search "All issues", share groups:  -> All Users
 18/08/26 13:34:37,530 INFO  [659f829c-88ae-564f-fb4e-1fd30582aef1@tion-analyzer-1] [DefaultSavedQueryProvider     ] [@] Creating localized default saved search "All tickets", query: document type: Ticket 
 18/08/26 13:34:37,531 INFO  [659f829c-88ae-564f-fb4e-1fd30582aef1@tion-analyzer-1] [DefaultSavedQueryProvider     ] [@] Updating localized default saved search "All tickets", share groups:  -> All Users
 18/08/26 13:34:53,593 INFO  [8de5d867-ef6b-e82a-0857-112aabf30261@tp289303711-579] [security                      ] [admin@172.19.0.1] field ZoneOfResponsibility2[__CUSTOM_FIELD__ZoneOfResponsibility2_1] created
 18/08/26 13:34:53,594 INFO  [8de5d867-ef6b-e82a-0857-112aabf30261@tp289303711-579] [security                      ] [admin@172.19.0.1] for field ZoneOfResponsibility2 Default bundle is set to <empty>.
 18/08/26 13:34:53,594 INFO  [8de5d867-ef6b-e82a-0857-112aabf30261@tp289303711-579] [security                      ] [admin@172.19.0.1] for field ZoneOfResponsibility2 default values are set to [].
 18/08/26 13:34:53,594 INFO  [8de5d867-ef6b-e82a-0857-112aabf30261@tp289303711-579] [security                      ] [admin@172.19.0.1] for field ZoneOfResponsibility2 default empty field text is set to null.
 18/08/26 13:35:13,664 INFO  [35f6bd79-26bf-bbc5-6c74-3da4728218bd@tp289303711-655] [security                      ] [admin@172.19.0.1] field ZoneOfResponsibility3[__CUSTOM_FIELD__ZoneOfResponsibility3_2] created
 18/08/26 13:35:13,665 INFO  [35f6bd79-26bf-bbc5-6c74-3da4728218bd@tp289303711-655] [security                      ] [admin@172.19.0.1] for field ZoneOfResponsibility3 Default bundle is set to <empty>.
 18/08/26 13:35:13,665 INFO  [35f6bd79-26bf-bbc5-6c74-3da4728218bd@tp289303711-655] [security                      ] [admin@172.19.0.1] for field ZoneOfResponsibility3 default values are set to [].
 18/08/26 13:35:13,665 INFO  [35f6bd79-26bf-bbc5-6c74-3da4728218bd@tp289303711-655] [security                      ] [admin@172.19.0.1] for field ZoneOfResponsibility3 default empty field text is set to null.
 18/08/26 13:36:15,004 INFO  [60615525-f280-903f-b9d1-de217af56ae4@tp289303711-667] [security                      ] [admin@172.19.0.1] field ZoneOfResponsibility4[__CUSTOM_FIELD__ZoneOfResponsibility4_3] created
 18/08/26 13:36:15,005 INFO  [60615525-f280-903f-b9d1-de217af56ae4@tp289303711-667] [security                      ] [admin@172.19.0.1] for field ZoneOfResponsibility4 Default bundle is set to <empty>.
 18/08/26 13:36:15,005 INFO  [60615525-f280-903f-b9d1-de217af56ae4@tp289303711-667] [security                      ] [admin@172.19.0.1] for field ZoneOfResponsibility4 default values are set to [].
 18/08/26 13:36:15,005 INFO  [60615525-f280-903f-b9d1-de217af56ae4@tp289303711-667] [security                      ] [admin@172.19.0.1] for field ZoneOfResponsibility4 default empty field text is set to null.
 19/08/26 06:01:43,281 ERROR [b525f998-ccb6-a6d9-24dd-d4ac11a524ed@user-action-2  ] [UpdateCheckerImpl             ] [@] Update check failed with: java.net.UnknownHostException: www.jetbrains.com
 javax.ws.rs.ProcessingException: java.net.UnknownHostException: www.jetbrains.com
	at org.glassfish.jersey.client.internal.HttpUrlConnector.apply(HttpUrlConnector.java:288)
	at org.glassfish.jersey.client.ClientRuntime.invoke(ClientRuntime.java:300)
	at org.glassfish.jersey.client.JerseyInvocation.lambda$invoke$1(JerseyInvocation.java:687)
	at org.glassfish.jersey.client.JerseyInvocation.call(JerseyInvocation.java:709)
	at org.glassfish.jersey.client.JerseyInvocation.lambda$runInScope$3(JerseyInvocation.java:703)
	at org.glassfish.jersey.internal.Errors.process(Errors.java:292)
	at org.glassfish.jersey.internal.Errors.process(Errors.java:274)
	at org.glassfish.jersey.internal.Errors.process(Errors.java:205)
	at org.glassfish.jersey.process.internal.RequestScope.runInScope(RequestScope.java:390)
	at org.glassfish.jersey.client.JerseyInvocation.runInScope(JerseyInvocation.java:703)
	at org.glassfish.jersey.client.JerseyInvocation.invoke(JerseyInvocation.java:686)
	at org.glassfish.jersey.client.JerseyInvocation$Builder.method(JerseyInvocation.java:422)
	at org.glassfish.jersey.client.JerseyInvocation$Builder.get(JerseyInvocation.java:318)
	at jetbrains.youtrack.maintenance.updates.UpdateRest.getProducts(UpdateRest.kt:40)
	at jetbrains.youtrack.maintenance.updates.UpdateRest.getProduct(UpdateRest.kt:44)
	at jetbrains.youtrack.maintenance.updates.UpdateRest.getChannel(UpdateRest.kt:49)
	at jetbrains.youtrack.maintenance.updates.UpdateRest.getNewerBuild(UpdateRest.kt:64)
	at jetbrains.youtrack.maintenance.updates.UpdateCheckerImpl.checkForUpdate$lambda$0(UpdateCheckerImpl.kt:56)
	at jetbrains.charisma.executor.UserActionJob.execute(UserActionJob.kt:11)
	at jetbrains.youtrack.core.job.AbstractJob.doExecute(AbstractJob.kt:114)
	at jetbrains.youtrack.core.job.AbstractJob.tryExecute$youtrack_core(AbstractJob.kt:102)
	at jetbrains.youtrack.core.job.AbstractJobProcessor$JobExecutionTask.executeJob(AbstractJobProcessor.kt:229)
	at jetbrains.youtrack.core.job.AbstractJobProcessor$JobExecutionTask.runInContext(AbstractJobProcessor.kt:213)
	at jetbrains.youtrack.core.job.AbstractJobProcessor$JobExecutionTask.run$lambda$0(AbstractJobProcessor.kt:201)
	at jetbrains.youtrack.core.job.context.BeanContainerContext.doApply(ExecutionContexts.kt:47)
	at jetbrains.youtrack.core.job.context.ChainedExecutionContext.apply(ChainedExecutionContext.kt:29)
	at jetbrains.youtrack.core.job.context.ChainedExecutionContext.apply$lambda$0(ChainedExecutionContext.kt:26)
	at jetbrains.youtrack.core.job.context.LogExecutionContext.doApply(ExecutionContexts.kt:24)
	at jetbrains.youtrack.core.job.context.ChainedExecutionContext.apply(ChainedExecutionContext.kt:25)
	at jetbrains.youtrack.core.job.AbstractJobProcessor$JobExecutionTask.run(AbstractJobProcessor.kt:201)
	at java.base/java.util.concurrent.Executors$RunnableAdapter.call(Executors.java:572)
	at java.base/java.util.concurrent.FutureTask.run(FutureTask.java:317)
	at java.base/java.util.concurrent.ThreadPoolExecutor.runWorker(ThreadPoolExecutor.java:1144)
	at java.base/java.util.concurrent.ThreadPoolExecutor$Worker.run(ThreadPoolExecutor.java:642)
	at java.base/java.lang.Thread.run(Thread.java:1583)
Caused by: java.net.UnknownHostException: www.jetbrains.com
	at java.base/sun.nio.ch.NioSocketImpl.connect(NioSocketImpl.java:567)
	at java.base/java.net.SocksSocketImpl.connect(SocksSocketImpl.java:327)
	at java.base/java.net.Socket.connect(Socket.java:751)
	at java.base/sun.security.ssl.SSLSocketImpl.connect(SSLSocketImpl.java:304)
	at java.base/sun.net.NetworkClient.doConnect(NetworkClient.java:178)
	at java.base/sun.net.www.http.HttpClient.openServer(HttpClient.java:531)
	at java.base/sun.net.www.http.HttpClient.openServer(HttpClient.java:636)
	at java.base/sun.net.www.protocol.https.HttpsClient.<init>(HttpsClient.java:265)
	at java.base/sun.net.www.protocol.https.HttpsClient.New(HttpsClient.java:378)
	at java.base/sun.net.www.protocol.https.AbstractDelegateHttpsURLConnection.getNewHttpClient(AbstractDelegateHttpsURLConnection.java:196)
	at java.base/sun.net.www.protocol.http.HttpURLConnection.plainConnect0(HttpURLConnection.java:1257)
	at java.base/sun.net.www.protocol.http.HttpURLConnection.plainConnect(HttpURLConnection.java:1143)
	at java.base/sun.net.www.protocol.http.HttpURLConnection.connect(HttpURLConnection.java:1072)
	at java.base/sun.net.www.protocol.https.AbstractDelegateHttpsURLConnection.connect(AbstractDelegateHttpsURLConnection.java:181)
	at java.base/sun.net.www.protocol.http.HttpURLConnection.getInputStream0(HttpURLConnection.java:1705)
	at java.base/sun.net.www.protocol.http.HttpURLConnection.getInputStream(HttpURLConnection.java:1629)
	at java.base/java.net.HttpURLConnection.getResponseCode(HttpURLConnection.java:531)
	at java.base/sun.net.www.protocol.https.HttpsURLConnectionImpl.getResponseCode(HttpsURLConnectionImpl.java:307)
	at org.glassfish.jersey.client.internal.HttpUrlConnector._apply(HttpUrlConnector.java:453)
	at org.glassfish.jersey.client.internal.HttpUrlConnector.apply(HttpUrlConnector.java:286)
	... 34 more
19/08/26 06:01:43,321 ERROR [b525f998-ccb6-a6d9-24dd-d4ac11a524ed@user-action-2  ] [UpdateCheckResult             ] [@] DNS record for jetbrains.com cannot be resolved, skipping update check
 19/08/26 06:32:47,804 INFO  [5736ad22-c15e-d9da-30b0-02d3c79ef216@p289303711-2401] [security                      ] [admin@172.19.0.1] bundle Демопроект: ZoneOfResponsibility4 set to field ZoneOfResponsibility4[__CUSTOM_FIELD__ZoneOfResponsibility4_3] in project Демопроект with default value(s) []
 19/08/26 06:32:47,819 INFO  [5736ad22-c15e-d9da-30b0-02d3c79ef216@p289303711-2401] [security                      ] [admin@172.19.0.1] public field ZoneOfResponsibility4[__CUSTOM_FIELD__ZoneOfResponsibility4_3] added to project Демопроект with null value text: No zoneofresponsibility4
 19/08/26 06:32:47,821 INFO  [5736ad22-c15e-d9da-30b0-02d3c79ef216@he-calculator-1] [PermissionsCacheData          ] [admin@172.19.0.1] Custom field permission cache for 2 users (2 handlers) built in 13 ms
 19/08/26 06:32:47,853 INFO  [5736ad22-c15e-d9da-30b0-02d3c79ef216@p289303711-2401] [security                      ] [admin@172.19.0.1] Bundle with name: Демопроект: ZoneOfResponsibility4 created with fields []
 19/08/26 06:33:15,379 WARN  [d9ae96a7-4bea-359b-37d5-916182929a89@p289303711-2420] [YouTrackLicenseFilter         ] [admin@172.19.0.1] Can't commit rest transaction
 jetbrains.exodus.database.exceptions.ConstraintsValidationException: Constrains validation exception. Causes: 
  1: Поле с именем «ZoneOfResponsibility» и типом «enum[1]» уже существует. Введите новое имя поля или выберите другой тип данных.

	at com.jetbrains.teamsys.dnq.database.TransientSessionImpl.executeBeforeFlushTriggers(TransientSessionImpl.kt:505)
	at com.jetbrains.teamsys.dnq.database.TransientSessionImpl.beforeFlush(TransientSessionImpl.kt:718)
	at com.jetbrains.teamsys.dnq.database.TransientSessionImpl.flushChanges(TransientSessionImpl.kt:517)
	at com.jetbrains.teamsys.dnq.database.TransientSessionImpl.flush(TransientSessionImpl.kt:193)
	at jetbrains.charisma.main.YouTrackTransactionalFilter.filter(RestFilters.kt:171)
	at org.glassfish.jersey.server.ContainerFilteringStage$ResponseFilterStage.apply(ContainerFilteringStage.java:172)
	at org.glassfish.jersey.server.ContainerFilteringStage$ResponseFilterStage.apply(ContainerFilteringStage.java:139)
	at org.glassfish.jersey.process.internal.Stages.process(Stages.java:147)
	at org.glassfish.jersey.server.ServerRuntime$Responder.processResponse(ServerRuntime.java:378)
	at org.glassfish.jersey.server.ServerRuntime$Responder.process(ServerRuntime.java:370)
	at org.glassfish.jersey.server.ServerRuntime$1.run(ServerRuntime.java:259)
	at org.glassfish.jersey.internal.Errors$1.call(Errors.java:248)
	at org.glassfish.jersey.internal.Errors$1.call(Errors.java:244)
	at org.glassfish.jersey.internal.Errors.process(Errors.java:292)
	at org.glassfish.jersey.internal.Errors.process(Errors.java:274)
	at org.glassfish.jersey.internal.Errors.process(Errors.java:244)
	at org.glassfish.jersey.process.internal.RequestScope.runInScope(RequestScope.java:265)
	at org.glassfish.jersey.server.ServerRuntime.process(ServerRuntime.java:235)
	at org.glassfish.jersey.server.ApplicationHandler.handle(ApplicationHandler.java:684)
	at org.glassfish.jersey.servlet.WebComponent.serviceImpl(WebComponent.java:397)
	at org.glassfish.jersey.servlet.WebComponent.service(WebComponent.java:349)
	at jetbrains.youtrack.webapp.servlets.GapRestServlet.service(GapRestServlet.kt:85)
	at org.glassfish.jersey.servlet.ServletContainer.service(ServletContainer.java:312)
	at org.glassfish.jersey.servlet.ServletContainer.service(ServletContainer.java:205)
	at org.eclipse.jetty.servlet.ServletHolder.handle(ServletHolder.java:799)
	at org.eclipse.jetty.servlet.ServletHandler$ChainEnd.doFilter(ServletHandler.java:1656)
	at jetbrains.youtrack.webapp.filters.ClearPrincipalFilter.doFilter(ClearPrincipalFilter.kt:16)
	at jetbrains.youtrack.webapp.filters.FilterAdapter.doFilter(FilterAdapter.kt:45)
	at org.eclipse.jetty.servlet.FilterHolder.doFilter(FilterHolder.java:193)
	at org.eclipse.jetty.servlet.ServletHandler$Chain.doFilter(ServletHandler.java:1626)
	at jetbrains.youtrack.webapp.filters.SecurityResponseHeadersFilter.doFilter(SecurityResponseHeadersFilter.kt:29)
	at jetbrains.youtrack.webapp.filters.FilterAdapter.doFilter(FilterAdapter.kt:45)
	at org.eclipse.jetty.servlet.FilterHolder.doFilter(FilterHolder.java:193)
	at org.eclipse.jetty.servlet.ServletHandler$Chain.doFilter(ServletHandler.java:1626)
	at jetbrains.youtrack.gaprest.filters.HttpContextAccessorFilter.doFilter(HttpContextAccessorFilter.kt:42)
	at org.eclipse.jetty.servlet.FilterHolder.doFilter(FilterHolder.java:193)
	at org.eclipse.jetty.servlet.ServletHandler$Chain.doFilter(ServletHandler.java:1626)
	at jetbrains.youtrack.spring.controller.BaseApplicationFilter.doFilter(BaseApplicationFilter.kt:23)
	at org.eclipse.jetty.servlet.FilterHolder.doFilter(FilterHolder.java:193)
	at org.eclipse.jetty.servlet.ServletHandler$Chain.doFilter(ServletHandler.java:1626)
	at jetbrains.youtrack.webapp.filters.MdcProviderServletFilter.doFilter(MdcProviderServletFilter.kt:29)
	at org.eclipse.jetty.servlet.FilterHolder.doFilter(FilterHolder.java:193)
	at org.eclipse.jetty.servlet.ServletHandler$Chain.doFilter(ServletHandler.java:1626)
	at jetbrains.youtrack.webapp.filters.SitemapFilter.doFilter(SitemapFilter.kt:16)
	at jetbrains.youtrack.webapp.filters.FilterAdapter.doFilter(FilterAdapter.kt:45)
	at org.eclipse.jetty.servlet.FilterHolder.doFilter(FilterHolder.java:193)
	at org.eclipse.jetty.servlet.ServletHandler$Chain.doFilter(ServletHandler.java:1626)
	at jetbrains.youtrack.webapp.filters.CorsRequestFilter.doFilter(CorsRequestFilter.kt:59)
	at jetbrains.youtrack.webapp.filters.FilterAdapter.doFilter(FilterAdapter.kt:45)
	at org.eclipse.jetty.servlet.FilterHolder.doFilter(FilterHolder.java:193)
	at org.eclipse.jetty.servlet.ServletHandler$Chain.doFilter(ServletHandler.java:1626)
	at jetbrains.youtrack.webapp.filters.CloudRedirectRootRequestFilter.doFilter(CloudRedirectRootRequestFilter.kt:14)
	at jetbrains.youtrack.webapp.filters.FilterAdapter.doFilter(FilterAdapter.kt:45)
	at org.eclipse.jetty.servlet.FilterHolder.doFilter(FilterHolder.java:193)
	at org.eclipse.jetty.servlet.ServletHandler$Chain.doFilter(ServletHandler.java:1626)
	at jetbrains.youtrack.webapp.filters.CloudForwardFilter.doFilter(CloudForwardFilter.kt:15)
	at jetbrains.youtrack.webapp.filters.FilterAdapter.doFilter(FilterAdapter.kt:45)
	at org.eclipse.jetty.servlet.FilterHolder.doFilter(FilterHolder.java:193)
	at org.eclipse.jetty.servlet.ServletHandler$Chain.doFilter(ServletHandler.java:1626)
	at org.eclipse.jetty.servlet.ServletHandler.doHandle(ServletHandler.java:552)
	at org.eclipse.jetty.server.handler.ScopedHandler.handle(ScopedHandler.java:143)
	at org.eclipse.jetty.server.handler.gzip.GzipHandler.handle(GzipHandler.java:772)
	at org.eclipse.jetty.security.SecurityHandler.handle(SecurityHandler.java:600)
	at org.eclipse.jetty.server.handler.HandlerWrapper.handle(HandlerWrapper.java:127)
	at org.eclipse.jetty.server.handler.ScopedHandler.nextHandle(ScopedHandler.java:235)
	at org.eclipse.jetty.server.session.SessionHandler.doHandle(SessionHandler.java:1624)
	at org.eclipse.jetty.server.handler.ScopedHandler.nextHandle(ScopedHandler.java:233)
	at org.eclipse.jetty.server.handler.ContextHandler.doHandle(ContextHandler.java:1440)
	at org.eclipse.jetty.server.handler.ScopedHandler.nextScope(ScopedHandler.java:188)
	at org.eclipse.jetty.servlet.ServletHandler.doScope(ServletHandler.java:505)
	at org.eclipse.jetty.server.session.SessionHandler.doScope(SessionHandler.java:1594)
	at org.eclipse.jetty.server.handler.ScopedHandler.nextScope(ScopedHandler.java:186)
	at org.eclipse.jetty.server.handler.ContextHandler.doScope(ContextHandler.java:1355)
	at org.eclipse.jetty.server.handler.ScopedHandler.handle(ScopedHandler.java:141)
	at org.eclipse.jetty.server.handler.ContextHandlerCollection.handle(ContextHandlerCollection.java:234)
	at org.eclipse.jetty.server.handler.HandlerCollection.handle(HandlerCollection.java:146)
	at org.eclipse.jetty.server.handler.HandlerWrapper.handle(HandlerWrapper.java:127)
	at org.eclipse.jetty.server.Server.handle(Server.java:516)
	at org.eclipse.jetty.server.HttpChannel.lambda$handle$1(HttpChannel.java:487)
	at org.eclipse.jetty.server.HttpChannel.dispatch(HttpChannel.java:732)
	at org.eclipse.jetty.server.HttpChannel.handle(HttpChannel.java:479)
	at org.eclipse.jetty.server.HttpConnection.onFillable(HttpConnection.java:277)
	at org.eclipse.jetty.io.AbstractConnection$ReadCallback.succeeded(AbstractConnection.java:311)
	at org.eclipse.jetty.io.FillInterest.fillable(FillInterest.java:105)
	at org.eclipse.jetty.io.ChannelEndPoint$1.run(ChannelEndPoint.java:104)
	at org.eclipse.jetty.util.thread.strategy.EatWhatYouKill.runTask(EatWhatYouKill.java:338)
	at org.eclipse.jetty.util.thread.strategy.EatWhatYouKill.doProduce(EatWhatYouKill.java:315)
	at org.eclipse.jetty.util.thread.strategy.EatWhatYouKill.tryProduce(EatWhatYouKill.java:173)
	at org.eclipse.jetty.util.thread.strategy.EatWhatYouKill.run(EatWhatYouKill.java:131)
	at org.eclipse.jetty.util.thread.ReservedThreadExecutor$ReservedThread.run(ReservedThreadExecutor.java:409)
	at org.eclipse.jetty.util.thread.QueuedThreadPool.runJob(QueuedThreadPool.java:883)
	at org.eclipse.jetty.util.thread.QueuedThreadPool$Runner.run(QueuedThreadPool.java:1034)
	at java.base/java.lang.Thread.run(Thread.java:1583)
19/08/26 06:33:15,434 WARN  [d9ae96a7-4bea-359b-37d5-916182929a89@p289303711-2420] [aintsValidationExceptionMapper] [admin@172.19.0.1] Constraints validation exception at POST /api/admin/customFieldSettings/customFields/157-14 requested by Mozilla/5.0 (Windows NT 10.0; Win64; x64) AppleWebKit/537.36 (KHTML, like Gecko) Chrome/151.0.0.0 Safari/537.36
 jetbrains.exodus.database.exceptions.ConstraintsValidationException: Constrains validation exception. Causes: 
  1: Поле с именем «ZoneOfResponsibility» и типом «enum[1]» уже существует. Введите новое имя поля или выберите другой тип данных.

	at com.jetbrains.teamsys.dnq.database.TransientSessionImpl.executeBeforeFlushTriggers(TransientSessionImpl.kt:505)
	at com.jetbrains.teamsys.dnq.database.TransientSessionImpl.beforeFlush(TransientSessionImpl.kt:718)
	at com.jetbrains.teamsys.dnq.database.TransientSessionImpl.flushChanges(TransientSessionImpl.kt:517)
	at com.jetbrains.teamsys.dnq.database.TransientSessionImpl.flush(TransientSessionImpl.kt:193)
	at jetbrains.charisma.main.YouTrackTransactionalFilter.filter(RestFilters.kt:171)
	at org.glassfish.jersey.server.ContainerFilteringStage$ResponseFilterStage.apply(ContainerFilteringStage.java:172)
	at org.glassfish.jersey.server.ContainerFilteringStage$ResponseFilterStage.apply(ContainerFilteringStage.java:139)
	at org.glassfish.jersey.process.internal.Stages.process(Stages.java:147)
	at org.glassfish.jersey.server.ServerRuntime$Responder.processResponse(ServerRuntime.java:378)
	at org.glassfish.jersey.server.ServerRuntime$Responder.process(ServerRuntime.java:370)
	at org.glassfish.jersey.server.ServerRuntime$1.run(ServerRuntime.java:259)
	at org.glassfish.jersey.internal.Errors$1.call(Errors.java:248)
	at org.glassfish.jersey.internal.Errors$1.call(Errors.java:244)
	at org.glassfish.jersey.internal.Errors.process(Errors.java:292)
	at org.glassfish.jersey.internal.Errors.process(Errors.java:274)
	at org.glassfish.jersey.internal.Errors.process(Errors.java:244)
	at org.glassfish.jersey.process.internal.RequestScope.runInScope(RequestScope.java:265)
	at org.glassfish.jersey.server.ServerRuntime.process(ServerRuntime.java:235)
	at org.glassfish.jersey.server.ApplicationHandler.handle(ApplicationHandler.java:684)
	at org.glassfish.jersey.servlet.WebComponent.serviceImpl(WebComponent.java:397)
	at org.glassfish.jersey.servlet.WebComponent.service(WebComponent.java:349)
	at jetbrains.youtrack.webapp.servlets.GapRestServlet.service(GapRestServlet.kt:85)
	at org.glassfish.jersey.servlet.ServletContainer.service(ServletContainer.java:312)
	at org.glassfish.jersey.servlet.ServletContainer.service(ServletContainer.java:205)
	at org.eclipse.jetty.servlet.ServletHolder.handle(ServletHolder.java:799)
	at org.eclipse.jetty.servlet.ServletHandler$ChainEnd.doFilter(ServletHandler.java:1656)
	at jetbrains.youtrack.webapp.filters.ClearPrincipalFilter.doFilter(ClearPrincipalFilter.kt:16)
	at jetbrains.youtrack.webapp.filters.FilterAdapter.doFilter(FilterAdapter.kt:45)
	at org.eclipse.jetty.servlet.FilterHolder.doFilter(FilterHolder.java:193)
	at org.eclipse.jetty.servlet.ServletHandler$Chain.doFilter(ServletHandler.java:1626)
	at jetbrains.youtrack.webapp.filters.SecurityResponseHeadersFilter.doFilter(SecurityResponseHeadersFilter.kt:29)
	at jetbrains.youtrack.webapp.filters.FilterAdapter.doFilter(FilterAdapter.kt:45)
	at org.eclipse.jetty.servlet.FilterHolder.doFilter(FilterHolder.java:193)
	at org.eclipse.jetty.servlet.ServletHandler$Chain.doFilter(ServletHandler.java:1626)
	at jetbrains.youtrack.gaprest.filters.HttpContextAccessorFilter.doFilter(HttpContextAccessorFilter.kt:42)
	at org.eclipse.jetty.servlet.FilterHolder.doFilter(FilterHolder.java:193)
	at org.eclipse.jetty.servlet.ServletHandler$Chain.doFilter(ServletHandler.java:1626)
	at jetbrains.youtrack.spring.controller.BaseApplicationFilter.doFilter(BaseApplicationFilter.kt:23)
	at org.eclipse.jetty.servlet.FilterHolder.doFilter(FilterHolder.java:193)
	at org.eclipse.jetty.servlet.ServletHandler$Chain.doFilter(ServletHandler.java:1626)
	at jetbrains.youtrack.webapp.filters.MdcProviderServletFilter.doFilter(MdcProviderServletFilter.kt:29)
	at org.eclipse.jetty.servlet.FilterHolder.doFilter(FilterHolder.java:193)
	at org.eclipse.jetty.servlet.ServletHandler$Chain.doFilter(ServletHandler.java:1626)
	at jetbrains.youtrack.webapp.filters.SitemapFilter.doFilter(SitemapFilter.kt:16)
	at jetbrains.youtrack.webapp.filters.FilterAdapter.doFilter(FilterAdapter.kt:45)
	at org.eclipse.jetty.servlet.FilterHolder.doFilter(FilterHolder.java:193)
	at org.eclipse.jetty.servlet.ServletHandler$Chain.doFilter(ServletHandler.java:1626)
	at jetbrains.youtrack.webapp.filters.CorsRequestFilter.doFilter(CorsRequestFilter.kt:59)
	at jetbrains.youtrack.webapp.filters.FilterAdapter.doFilter(FilterAdapter.kt:45)
	at org.eclipse.jetty.servlet.FilterHolder.doFilter(FilterHolder.java:193)
	at org.eclipse.jetty.servlet.ServletHandler$Chain.doFilter(ServletHandler.java:1626)
	at jetbrains.youtrack.webapp.filters.CloudRedirectRootRequestFilter.doFilter(CloudRedirectRootRequestFilter.kt:14)
	at jetbrains.youtrack.webapp.filters.FilterAdapter.doFilter(FilterAdapter.kt:45)
	at org.eclipse.jetty.servlet.FilterHolder.doFilter(FilterHolder.java:193)
	at org.eclipse.jetty.servlet.ServletHandler$Chain.doFilter(ServletHandler.java:1626)
	at jetbrains.youtrack.webapp.filters.CloudForwardFilter.doFilter(CloudForwardFilter.kt:15)
	at jetbrains.youtrack.webapp.filters.FilterAdapter.doFilter(FilterAdapter.kt:45)
	at org.eclipse.jetty.servlet.FilterHolder.doFilter(FilterHolder.java:193)
	at org.eclipse.jetty.servlet.ServletHandler$Chain.doFilter(ServletHandler.java:1626)
	at org.eclipse.jetty.servlet.ServletHandler.doHandle(ServletHandler.java:552)
	at org.eclipse.jetty.server.handler.ScopedHandler.handle(ScopedHandler.java:143)
	at org.eclipse.jetty.server.handler.gzip.GzipHandler.handle(GzipHandler.java:772)
	at org.eclipse.jetty.security.SecurityHandler.handle(SecurityHandler.java:600)
	at org.eclipse.jetty.server.handler.HandlerWrapper.handle(HandlerWrapper.java:127)
	at org.eclipse.jetty.server.handler.ScopedHandler.nextHandle(ScopedHandler.java:235)
	at org.eclipse.jetty.server.session.SessionHandler.doHandle(SessionHandler.java:1624)
	at org.eclipse.jetty.server.handler.ScopedHandler.nextHandle(ScopedHandler.java:233)
	at org.eclipse.jetty.server.handler.ContextHandler.doHandle(ContextHandler.java:1440)
	at org.eclipse.jetty.server.handler.ScopedHandler.nextScope(ScopedHandler.java:188)
	at org.eclipse.jetty.servlet.ServletHandler.doScope(ServletHandler.java:505)
	at org.eclipse.jetty.server.session.SessionHandler.doScope(SessionHandler.java:1594)
	at org.eclipse.jetty.server.handler.ScopedHandler.nextScope(ScopedHandler.java:186)
	at org.eclipse.jetty.server.handler.ContextHandler.doScope(ContextHandler.java:1355)
	at org.eclipse.jetty.server.handler.ScopedHandler.handle(ScopedHandler.java:141)
	at org.eclipse.jetty.server.handler.ContextHandlerCollection.handle(ContextHandlerCollection.java:234)
	at org.eclipse.jetty.server.handler.HandlerCollection.handle(HandlerCollection.java:146)
	at org.eclipse.jetty.server.handler.HandlerWrapper.handle(HandlerWrapper.java:127)
	at org.eclipse.jetty.server.Server.handle(Server.java:516)
	at org.eclipse.jetty.server.HttpChannel.lambda$handle$1(HttpChannel.java:487)
	at org.eclipse.jetty.server.HttpChannel.dispatch(HttpChannel.java:732)
	at org.eclipse.jetty.server.HttpChannel.handle(HttpChannel.java:479)
	at org.eclipse.jetty.server.HttpConnection.onFillable(HttpConnection.java:277)
	at org.eclipse.jetty.io.AbstractConnection$ReadCallback.succeeded(AbstractConnection.java:311)
	at org.eclipse.jetty.io.FillInterest.fillable(FillInterest.java:105)
	at org.eclipse.jetty.io.ChannelEndPoint$1.run(ChannelEndPoint.java:104)
	at org.eclipse.jetty.util.thread.strategy.EatWhatYouKill.runTask(EatWhatYouKill.java:338)
	at org.eclipse.jetty.util.thread.strategy.EatWhatYouKill.doProduce(EatWhatYouKill.java:315)
	at org.eclipse.jetty.util.thread.strategy.EatWhatYouKill.tryProduce(EatWhatYouKill.java:173)
	at org.eclipse.jetty.util.thread.strategy.EatWhatYouKill.run(EatWhatYouKill.java:131)
	at org.eclipse.jetty.util.thread.ReservedThreadExecutor$ReservedThread.run(ReservedThreadExecutor.java:409)
	at org.eclipse.jetty.util.thread.QueuedThreadPool.runJob(QueuedThreadPool.java:883)
	at org.eclipse.jetty.util.thread.QueuedThreadPool$Runner.run(QueuedThreadPool.java:1034)
	at java.base/java.lang.Thread.run(Thread.java:1583)
19/08/26 06:33:28,914 INFO  [03e70260-bf0c-79dd-b0d1-327b75399352@t-user-action-1] [RefactoringUtil               ] [custom_fields_user_1182692756@172.19.0.1] Set null values for 100 the field 157-14 in project DEMO
 19/08/26 06:33:28,921 INFO  [03e70260-bf0c-79dd-b0d1-327b75399352@t-user-action-1] [RefactoringUtil               ] [custom_fields_user_1182692756@172.19.0.1] Set null values for 140 the field 157-14 in project DEMO
 19/08/26 06:33:28,963 INFO  [03e70260-bf0c-79dd-b0d1-327b75399352@he-calculator-1] [PermissionsCacheData          ] [custom_fields_user_1182692756@172.19.0.1] Custom field permission cache for 2 users (2 handlers) built in 1 ms
 19/08/26 06:33:28,969 INFO  [03e70260-bf0c-79dd-b0d1-327b75399352@t-user-action-1] [security                      ] [custom_fields_user_1182692756@172.19.0.1] public field ZoneOfResponsibility4[__CUSTOM_FIELD__ZoneOfResponsibility4_3] removed from project Демопроект
 19/08/26 06:33:28,995 INFO  [03e70260-bf0c-79dd-b0d1-327b75399352@t-user-action-1] [security                      ] [custom_fields_user_1182692756@172.19.0.1] Bundle with name: Демопроект: ZoneOfResponsibility4 removed
 19/08/26 06:34:05,163 INFO  [1292052f-8f52-6686-53fa-298872f3200c@p289303711-2507] [security                      ] [admin@172.19.0.1] field ZoneOfResponsibility5[__CUSTOM_FIELD__ZoneOfResponsibility5_4] created
 19/08/26 06:34:05,164 INFO  [1292052f-8f52-6686-53fa-298872f3200c@p289303711-2507] [security                      ] [admin@172.19.0.1] for field ZoneOfResponsibility5 Default bundle is set to <empty>.
 19/08/26 06:34:05,164 INFO  [1292052f-8f52-6686-53fa-298872f3200c@p289303711-2507] [security                      ] [admin@172.19.0.1] for field ZoneOfResponsibility5 default values are set to [].
 19/08/26 06:34:05,164 INFO  [1292052f-8f52-6686-53fa-298872f3200c@p289303711-2507] [security                      ] [admin@172.19.0.1] for field ZoneOfResponsibility5 default empty field text is set to null.
 19/08/26 06:34:05,713 INFO  [77088616-c160-d479-ed53-75336a96eb16@t-user-action-2] [security                      ] [custom_fields_user_1182692756@172.19.0.1] field ZoneOfResponsibility5[__CUSTOM_FIELD__ZoneOfResponsibility5_4] removed
 19/08/26 06:34:05,718 INFO  [77088616-c160-d479-ed53-75336a96eb16@t-user-action-2] [security                      ] [custom_fields_user_1182692756@172.19.0.1] defaults are being cleaned for field with name null
 19/08/26 06:34:05,719 INFO  [77088616-c160-d479-ed53-75336a96eb16@t-user-action-2] [security                      ] [custom_fields_user_1182692756@172.19.0.1] defaults are cleaned
 19/08/26 06:34:19,584 INFO  [db2e63c1-9e33-5cf8-df30-048eda680b61@p289303711-2511] [security                      ] [admin@172.19.0.1] field ZoneOfResponsibility5[__CUSTOM_FIELD__ZoneOfResponsibility5_5] created
 19/08/26 06:34:19,585 INFO  [db2e63c1-9e33-5cf8-df30-048eda680b61@p289303711-2511] [security                      ] [admin@172.19.0.1] for field ZoneOfResponsibility5 Default bundle is set to <empty>.
 19/08/26 06:34:19,588 INFO  [db2e63c1-9e33-5cf8-df30-048eda680b61@p289303711-2511] [security                      ] [admin@172.19.0.1] for field ZoneOfResponsibility5 default values are set to [].
 19/08/26 06:34:19,589 INFO  [db2e63c1-9e33-5cf8-df30-048eda680b61@p289303711-2511] [security                      ] [admin@172.19.0.1] for field ZoneOfResponsibility5 default empty field text is set to null.
 19/08/26 06:34:20,080 INFO  [4f398cb7-412f-168b-a87c-0ebe44d7caec@t-user-action-3] [security                      ] [custom_fields_user_1182692756@172.19.0.1] field ZoneOfResponsibility5[__CUSTOM_FIELD__ZoneOfResponsibility5_5] removed
 19/08/26 06:34:20,081 INFO  [4f398cb7-412f-168b-a87c-0ebe44d7caec@t-user-action-3] [security                      ] [custom_fields_user_1182692756@172.19.0.1] defaults are being cleaned for field with name null
 19/08/26 06:34:20,085 INFO  [4f398cb7-412f-168b-a87c-0ebe44d7caec@t-user-action-3] [security                      ] [custom_fields_user_1182692756@172.19.0.1] defaults are cleaned
 19/08/26 06:55:48,052 WARN  [bd779dce-ef8c-bb57-85d1-7220f91dad2d@p289303711-2468] [OAuthTokenAuthenticator       ] [@] Got invalid Hub token: Bearer ????-?????***. Error: Token is malformed
 19/08/26 07:10:33,902 INFO  [977fe698-0e3b-a87b-6389-16c1c2854b54@p289303711-2468] [security                      ] [admin@172.19.0.1] field ZoneOfResponsibility10[__CUSTOM_FIELD__ZoneOfResponsibility10_6] created
 19/08/26 07:10:33,904 INFO  [977fe698-0e3b-a87b-6389-16c1c2854b54@p289303711-2468] [security                      ] [admin@172.19.0.1] for field ZoneOfResponsibility10 Default bundle is set to <empty>.
 19/08/26 07:10:33,904 INFO  [977fe698-0e3b-a87b-6389-16c1c2854b54@p289303711-2468] [security                      ] [admin@172.19.0.1] for field ZoneOfResponsibility10 default values are set to [].
 19/08/26 07:10:33,905 INFO  [977fe698-0e3b-a87b-6389-16c1c2854b54@p289303711-2468] [security                      ] [admin@172.19.0.1] for field ZoneOfResponsibility10 default empty field text is set to null.
 19/08/26 07:10:34,446 INFO  [528cf34b-4278-0e56-51c3-6146f6ecce0f@t-user-action-4] [security                      ] [custom_fields_user_1182692756@172.19.0.1] field ZoneOfResponsibility10[__CUSTOM_FIELD__ZoneOfResponsibility10_6] removed
 19/08/26 07:10:34,448 INFO  [528cf34b-4278-0e56-51c3-6146f6ecce0f@t-user-action-4] [security                      ] [custom_fields_user_1182692756@172.19.0.1] defaults are being cleaned for field with name null
 19/08/26 07:10:34,448 INFO  [528cf34b-4278-0e56-51c3-6146f6ecce0f@t-user-action-4] [security                      ] [custom_fields_user_1182692756@172.19.0.1] defaults are cleaned
 19/08/26 07:12:30,739 INFO  [fca4ba2e-7e70-34d9-1821-1fc6afa2fea0@p289303711-2468] [security                      ] [admin@172.19.0.1] field ZoneOfResponsibility10[__CUSTOM_FIELD__ZoneOfResponsibility10_7] created
 19/08/26 07:12:30,740 INFO  [fca4ba2e-7e70-34d9-1821-1fc6afa2fea0@p289303711-2468] [security                      ] [admin@172.19.0.1] for field ZoneOfResponsibility10 Default bundle is set to <empty>.
 19/08/26 07:12:30,740 INFO  [fca4ba2e-7e70-34d9-1821-1fc6afa2fea0@p289303711-2468] [security                      ] [admin@172.19.0.1] for field ZoneOfResponsibility10 default values are set to [].
 19/08/26 07:12:30,741 INFO  [fca4ba2e-7e70-34d9-1821-1fc6afa2fea0@p289303711-2468] [security                      ] [admin@172.19.0.1] for field ZoneOfResponsibility10 default empty field text is set to null.
 19/08/26 07:12:31,255 INFO  [f2c9b34a-2b54-afe7-8ad7-d7800fe80c99@t-user-action-5] [security                      ] [custom_fields_user_1182692756@172.19.0.1] field ZoneOfResponsibility10[__CUSTOM_FIELD__ZoneOfResponsibility10_7] removed
 19/08/26 07:12:31,256 INFO  [f2c9b34a-2b54-afe7-8ad7-d7800fe80c99@t-user-action-5] [security                      ] [custom_fields_user_1182692756@172.19.0.1] defaults are being cleaned for field with name null
 19/08/26 07:12:31,257 INFO  [f2c9b34a-2b54-afe7-8ad7-d7800fe80c99@t-user-action-5] [security                      ] [custom_fields_user_1182692756@172.19.0.1] defaults are cleaned
 19/08/26 07:16:47,370 INFO  [3e7eeb2d-8f40-f7bf-fb58-a2bd15126272@p289303711-2687] [security                      ] [admin@172.19.0.1] field ZoneOfResponsibility10[__CUSTOM_FIELD__ZoneOfResponsibility10_8] created
 19/08/26 07:16:47,371 INFO  [3e7eeb2d-8f40-f7bf-fb58-a2bd15126272@p289303711-2687] [security                      ] [admin@172.19.0.1] for field ZoneOfResponsibility10 Default bundle is set to <empty>.
 19/08/26 07:16:47,371 INFO  [3e7eeb2d-8f40-f7bf-fb58-a2bd15126272@p289303711-2687] [security                      ] [admin@172.19.0.1] for field ZoneOfResponsibility10 default values are set to [].
 19/08/26 07:16:47,371 INFO  [3e7eeb2d-8f40-f7bf-fb58-a2bd15126272@p289303711-2687] [security                      ] [admin@172.19.0.1] for field ZoneOfResponsibility10 default empty field text is set to null.
 19/08/26 07:16:47,853 INFO  [d8d2e22f-b591-b86d-b5fe-8a5dfb91a979@t-user-action-6] [security                      ] [custom_fields_user_1182692756@172.19.0.1] field ZoneOfResponsibility10[__CUSTOM_FIELD__ZoneOfResponsibility10_8] removed
 19/08/26 07:16:47,853 INFO  [d8d2e22f-b591-b86d-b5fe-8a5dfb91a979@t-user-action-6] [security                      ] [custom_fields_user_1182692756@172.19.0.1] defaults are being cleaned for field with name null
 19/08/26 07:16:47,854 INFO  [d8d2e22f-b591-b86d-b5fe-8a5dfb91a979@t-user-action-6] [security                      ] [custom_fields_user_1182692756@172.19.0.1] defaults are cleaned
 19/08/26 07:17:00,786 INFO  [5daca71e-bf15-de6b-961b-785fec1211d0@p289303711-2526] [security                      ] [admin@172.19.0.1] field ZoneOfResponsibility10[__CUSTOM_FIELD__ZoneOfResponsibility10_9] created
 19/08/26 07:17:00,787 INFO  [5daca71e-bf15-de6b-961b-785fec1211d0@p289303711-2526] [security                      ] [admin@172.19.0.1] for field ZoneOfResponsibility10 Default bundle is set to <empty>.
 19/08/26 07:17:00,788 INFO  [5daca71e-bf15-de6b-961b-785fec1211d0@p289303711-2526] [security                      ] [admin@172.19.0.1] for field ZoneOfResponsibility10 default values are set to [].
 19/08/26 07:17:00,788 INFO  [5daca71e-bf15-de6b-961b-785fec1211d0@p289303711-2526] [security                      ] [admin@172.19.0.1] for field ZoneOfResponsibility10 default empty field text is set to null.
 19/08/26 07:17:01,346 INFO  [d0c5e505-2d8d-fc98-82d2-7e86994c178b@t-user-action-7] [security                      ] [custom_fields_user_1182692756@172.19.0.1] field ZoneOfResponsibility10[__CUSTOM_FIELD__ZoneOfResponsibility10_9] removed
 19/08/26 07:17:01,348 INFO  [d0c5e505-2d8d-fc98-82d2-7e86994c178b@t-user-action-7] [security                      ] [custom_fields_user_1182692756@172.19.0.1] defaults are being cleaned for field with name null
 19/08/26 07:17:01,349 INFO  [d0c5e505-2d8d-fc98-82d2-7e86994c178b@t-user-action-7] [security                      ] [custom_fields_user_1182692756@172.19.0.1] defaults are cleaned
 19/08/26 07:26:03,089 INFO  [dfdfa3a1-5c59-7aa3-e8ac-adef83f9d995@p289303711-2468] [security                      ] [admin@172.19.0.1] field ZoneOfResponsibility10[__CUSTOM_FIELD__ZoneOfResponsibility10_10] created
 19/08/26 07:26:03,090 INFO  [dfdfa3a1-5c59-7aa3-e8ac-adef83f9d995@p289303711-2468] [security                      ] [admin@172.19.0.1] for field ZoneOfResponsibility10 Default bundle is set to <empty>.
 19/08/26 07:26:03,090 INFO  [dfdfa3a1-5c59-7aa3-e8ac-adef83f9d995@p289303711-2468] [security                      ] [admin@172.19.0.1] for field ZoneOfResponsibility10 default values are set to [].
 19/08/26 07:26:03,090 INFO  [dfdfa3a1-5c59-7aa3-e8ac-adef83f9d995@p289303711-2468] [security                      ] [admin@172.19.0.1] for field ZoneOfResponsibility10 default empty field text is set to null.
 19/08/26 07:26:03,617 INFO  [bc9e4b20-2e08-5f6c-f75c-9d9169fe138f@t-user-action-8] [security                      ] [custom_fields_user_1182692756@172.19.0.1] field ZoneOfResponsibility10[__CUSTOM_FIELD__ZoneOfResponsibility10_10] removed
 19/08/26 07:26:03,619 INFO  [bc9e4b20-2e08-5f6c-f75c-9d9169fe138f@t-user-action-8] [security                      ] [custom_fields_user_1182692756@172.19.0.1] defaults are being cleaned for field with name null
 19/08/26 07:26:03,620 INFO  [bc9e4b20-2e08-5f6c-f75c-9d9169fe138f@t-user-action-8] [security                      ] [custom_fields_user_1182692756@172.19.0.1] defaults are cleaned
 19/08/26 07:26:29,904 INFO  [d4a7d0fe-30db-bc84-d5ba-8ec843cd64d3@p289303711-2615] [security                      ] [admin@172.19.0.1] field ZoneOfResponsibility10[__CUSTOM_FIELD__ZoneOfResponsibility10_11] created
 19/08/26 07:26:29,905 INFO  [d4a7d0fe-30db-bc84-d5ba-8ec843cd64d3@p289303711-2615] [security                      ] [admin@172.19.0.1] for field ZoneOfResponsibility10 Default bundle is set to <empty>.
 19/08/26 07:26:29,905 INFO  [d4a7d0fe-30db-bc84-d5ba-8ec843cd64d3@p289303711-2615] [security                      ] [admin@172.19.0.1] for field ZoneOfResponsibility10 default values are set to [].
 19/08/26 07:26:29,905 INFO  [d4a7d0fe-30db-bc84-d5ba-8ec843cd64d3@p289303711-2615] [security                      ] [admin@172.19.0.1] for field ZoneOfResponsibility10 default empty field text is set to null.
 19/08/26 07:26:30,392 INFO  [4d0220d3-ae45-707d-a7b2-7e346bd1cb96@t-user-action-9] [security                      ] [custom_fields_user_1182692756@172.19.0.1] field ZoneOfResponsibility10[__CUSTOM_FIELD__ZoneOfResponsibility10_11] removed
 19/08/26 07:26:30,392 INFO  [4d0220d3-ae45-707d-a7b2-7e346bd1cb96@t-user-action-9] [security                      ] [custom_fields_user_1182692756@172.19.0.1] defaults are being cleaned for field with name null
 19/08/26 07:26:30,393 INFO  [4d0220d3-ae45-707d-a7b2-7e346bd1cb96@t-user-action-9] [security                      ] [custom_fields_user_1182692756@172.19.0.1] defaults are cleaned
 19/08/26 07:27:04,324 INFO  [960d7b64-4a5e-68dd-c3ba-b0ab03710dfe@p289303711-2675] [security                      ] [admin@172.19.0.1] field ZoneOfResponsibility10[__CUSTOM_FIELD__ZoneOfResponsibility10_12] created
 19/08/26 07:27:04,325 INFO  [960d7b64-4a5e-68dd-c3ba-b0ab03710dfe@p289303711-2675] [security                      ] [admin@172.19.0.1] for field ZoneOfResponsibility10 Default bundle is set to <empty>.
 19/08/26 07:27:04,326 INFO  [960d7b64-4a5e-68dd-c3ba-b0ab03710dfe@p289303711-2675] [security                      ] [admin@172.19.0.1] for field ZoneOfResponsibility10 default values are set to [].
 19/08/26 07:27:04,326 INFO  [960d7b64-4a5e-68dd-c3ba-b0ab03710dfe@p289303711-2675] [security                      ] [admin@172.19.0.1] for field ZoneOfResponsibility10 default empty field text is set to null.
 19/08/26 07:27:04,813 INFO  [4acb6210-2eb0-32e9-08a7-6ae6368b84a6@-user-action-10] [security                      ] [custom_fields_user_1182692756@172.19.0.1] field ZoneOfResponsibility10[__CUSTOM_FIELD__ZoneOfResponsibility10_12] removed
 19/08/26 07:27:04,814 INFO  [4acb6210-2eb0-32e9-08a7-6ae6368b84a6@-user-action-10] [security                      ] [custom_fields_user_1182692756@172.19.0.1] defaults are being cleaned for field with name null
 19/08/26 07:27:04,815 INFO  [4acb6210-2eb0-32e9-08a7-6ae6368b84a6@-user-action-10] [security                      ] [custom_fields_user_1182692756@172.19.0.1] defaults are cleaned
 19/08/26 07:51:19,330 INFO  [ff9fe9ff-fa24-e099-9b4e-7b91b32b2f00@p289303711-2811] [security                      ] [admin@172.19.0.1] field ZoneOfResponsibility10[__CUSTOM_FIELD__ZoneOfResponsibility10_13] created
 19/08/26 07:51:19,332 INFO  [ff9fe9ff-fa24-e099-9b4e-7b91b32b2f00@p289303711-2811] [security                      ] [admin@172.19.0.1] for field ZoneOfResponsibility10 Default bundle is set to <empty>.
 19/08/26 07:51:19,332 INFO  [ff9fe9ff-fa24-e099-9b4e-7b91b32b2f00@p289303711-2811] [security                      ] [admin@172.19.0.1] for field ZoneOfResponsibility10 default values are set to [].
 19/08/26 07:51:19,332 INFO  [ff9fe9ff-fa24-e099-9b4e-7b91b32b2f00@p289303711-2811] [security                      ] [admin@172.19.0.1] for field ZoneOfResponsibility10 default empty field text is set to null.
 19/08/26 07:51:19,839 INFO  [63455cf9-678a-5847-7717-733e14d32669@-user-action-11] [security                      ] [custom_fields_user_1182692756@172.19.0.1] field ZoneOfResponsibility10[__CUSTOM_FIELD__ZoneOfResponsibility10_13] removed
 19/08/26 07:51:19,839 INFO  [63455cf9-678a-5847-7717-733e14d32669@-user-action-11] [security                      ] [custom_fields_user_1182692756@172.19.0.1] defaults are being cleaned for field with name null
 19/08/26 07:51:19,840 INFO  [63455cf9-678a-5847-7717-733e14d32669@-user-action-11] [security                      ] [custom_fields_user_1182692756@172.19.0.1] defaults are cleaned
 19/08/26 07:51:28,383 INFO  [8c6182a4-1ff8-68a5-885d-1ff3f8a5ca55@p289303711-2745] [security                      ] [admin@172.19.0.1] field ZoneOfResponsibility10[__CUSTOM_FIELD__ZoneOfResponsibility10_14] created
 19/08/26 07:51:28,383 INFO  [8c6182a4-1ff8-68a5-885d-1ff3f8a5ca55@p289303711-2745] [security                      ] [admin@172.19.0.1] for field ZoneOfResponsibility10 Default bundle is set to <empty>.
 19/08/26 07:51:28,384 INFO  [8c6182a4-1ff8-68a5-885d-1ff3f8a5ca55@p289303711-2745] [security                      ] [admin@172.19.0.1] for field ZoneOfResponsibility10 default values are set to [].
 19/08/26 07:51:28,384 INFO  [8c6182a4-1ff8-68a5-885d-1ff3f8a5ca55@p289303711-2745] [security                      ] [admin@172.19.0.1] for field ZoneOfResponsibility10 default empty field text is set to null.
 19/08/26 07:51:28,890 INFO  [281e7e99-4873-de57-bf94-ebf6b020c348@-user-action-12] [security                      ] [custom_fields_user_1182692756@172.19.0.1] field ZoneOfResponsibility10[__CUSTOM_FIELD__ZoneOfResponsibility10_14] removed
 19/08/26 07:51:28,890 INFO  [281e7e99-4873-de57-bf94-ebf6b020c348@-user-action-12] [security                      ] [custom_fields_user_1182692756@172.19.0.1] defaults are being cleaned for field with name null
 19/08/26 07:51:28,891 INFO  [281e7e99-4873-de57-bf94-ebf6b020c348@-user-action-12] [security                      ] [custom_fields_user_1182692756@172.19.0.1] defaults are cleaned
 19/08/26 07:59:14,271 INFO  [70c65601-394c-6089-5491-765e5e9739c0@p289303711-2853] [security                      ] [admin@172.19.0.1] field ZoneOfResponsibility10[__CUSTOM_FIELD__ZoneOfResponsibility10_15] created
 19/08/26 07:59:14,272 INFO  [70c65601-394c-6089-5491-765e5e9739c0@p289303711-2853] [security                      ] [admin@172.19.0.1] for field ZoneOfResponsibility10 Default bundle is set to <empty>.
 19/08/26 07:59:14,272 INFO  [70c65601-394c-6089-5491-765e5e9739c0@p289303711-2853] [security                      ] [admin@172.19.0.1] for field ZoneOfResponsibility10 default values are set to [].
 19/08/26 07:59:14,273 INFO  [70c65601-394c-6089-5491-765e5e9739c0@p289303711-2853] [security                      ] [admin@172.19.0.1] for field ZoneOfResponsibility10 default empty field text is set to null.
 19/08/26 07:59:14,276 INFO  [61abc692-3937-2409-eec6-c9cff2eb6c4d@p289303711-2860] [security                      ] [admin@172.19.0.1] field ZoneOfResponsibility10[__CUSTOM_FIELD__ZoneOfResponsibility10_16] created
 19/08/26 07:59:14,278 INFO  [61abc692-3937-2409-eec6-c9cff2eb6c4d@p289303711-2860] [security                      ] [admin@172.19.0.1] for field ZoneOfResponsibility10 Default bundle is set to <empty>.
 19/08/26 07:59:14,278 INFO  [61abc692-3937-2409-eec6-c9cff2eb6c4d@p289303711-2860] [security                      ] [admin@172.19.0.1] for field ZoneOfResponsibility10 default values are set to [].
 19/08/26 07:59:14,279 INFO  [61abc692-3937-2409-eec6-c9cff2eb6c4d@p289303711-2860] [security                      ] [admin@172.19.0.1] for field ZoneOfResponsibility10 default empty field text is set to null.
 19/08/26 07:59:14,806 INFO  [fc54728f-07ff-821a-2703-9d4564a78f77@-user-action-14] [security                      ] [custom_fields_user_1182692756@172.19.0.1] field ZoneOfResponsibility10[__CUSTOM_FIELD__ZoneOfResponsibility10_15] removed
 19/08/26 07:59:14,808 INFO  [fc54728f-07ff-821a-2703-9d4564a78f77@-user-action-14] [security                      ] [custom_fields_user_1182692756@172.19.0.1] defaults are being cleaned for field with name null
 19/08/26 07:59:14,809 INFO  [fc54728f-07ff-821a-2703-9d4564a78f77@-user-action-14] [security                      ] [custom_fields_user_1182692756@172.19.0.1] defaults are cleaned
 19/08/26 07:59:14,812 INFO  [21771885-5d10-0fb3-a672-27e0ed31889b@-user-action-13] [security                      ] [custom_fields_user_1182692756@172.19.0.1] field ZoneOfResponsibility10[__CUSTOM_FIELD__ZoneOfResponsibility10_16] removed
 19/08/26 07:59:14,812 INFO  [21771885-5d10-0fb3-a672-27e0ed31889b@-user-action-13] [security                      ] [custom_fields_user_1182692756@172.19.0.1] defaults are being cleaned for field with name null
 19/08/26 07:59:14,813 INFO  [21771885-5d10-0fb3-a672-27e0ed31889b@-user-action-13] [security                      ] [custom_fields_user_1182692756@172.19.0.1] defaults are cleaned
 19/08/26 08:00:39,200 INFO  [0602a2eb-6e5b-9aca-a1da-940ff43b5d57@p289303711-2615] [security                      ] [admin@172.19.0.1] field ZoneOfResponsibility10[__CUSTOM_FIELD__ZoneOfResponsibility10_17] created
 19/08/26 08:00:39,201 INFO  [0602a2eb-6e5b-9aca-a1da-940ff43b5d57@p289303711-2615] [security                      ] [admin@172.19.0.1] for field ZoneOfResponsibility10 Default bundle is set to <empty>.
 19/08/26 08:00:39,201 INFO  [0602a2eb-6e5b-9aca-a1da-940ff43b5d57@p289303711-2615] [security                      ] [admin@172.19.0.1] for field ZoneOfResponsibility10 default values are set to [].
 19/08/26 08:00:39,201 INFO  [0602a2eb-6e5b-9aca-a1da-940ff43b5d57@p289303711-2615] [security                      ] [admin@172.19.0.1] for field ZoneOfResponsibility10 default empty field text is set to null.
 19/08/26 08:00:39,203 INFO  [2182ff58-ec97-da51-b28e-ce6ea9ea0153@p289303711-2893] [security                      ] [admin@172.19.0.1] field ZoneOfResponsibility10[__CUSTOM_FIELD__ZoneOfResponsibility10_18] created
 19/08/26 08:00:39,203 INFO  [2182ff58-ec97-da51-b28e-ce6ea9ea0153@p289303711-2893] [security                      ] [admin@172.19.0.1] for field ZoneOfResponsibility10 Default bundle is set to <empty>.
 19/08/26 08:00:39,204 INFO  [2182ff58-ec97-da51-b28e-ce6ea9ea0153@p289303711-2893] [security                      ] [admin@172.19.0.1] for field ZoneOfResponsibility10 default values are set to [].
 19/08/26 08:00:39,204 INFO  [2182ff58-ec97-da51-b28e-ce6ea9ea0153@p289303711-2893] [security                      ] [admin@172.19.0.1] for field ZoneOfResponsibility10 default empty field text is set to null.
 19/08/26 08:00:39,724 INFO  [513369dd-e289-fff7-3898-d2967395c5f5@-user-action-15] [security                      ] [custom_fields_user_1182692756@172.19.0.1] field ZoneOfResponsibility10[__CUSTOM_FIELD__ZoneOfResponsibility10_18] removed
 19/08/26 08:00:39,725 INFO  [513369dd-e289-fff7-3898-d2967395c5f5@-user-action-15] [security                      ] [custom_fields_user_1182692756@172.19.0.1] defaults are being cleaned for field with name null
 19/08/26 08:00:39,726 INFO  [513369dd-e289-fff7-3898-d2967395c5f5@-user-action-15] [security                      ] [custom_fields_user_1182692756@172.19.0.1] defaults are cleaned
 19/08/26 08:00:39,727 INFO  [dfd6790e-1798-ce99-9c10-552c1f3d110d@-user-action-16] [security                      ] [custom_fields_user_1182692756@172.19.0.1] field ZoneOfResponsibility10[__CUSTOM_FIELD__ZoneOfResponsibility10_17] removed
 19/08/26 08:00:39,728 INFO  [dfd6790e-1798-ce99-9c10-552c1f3d110d@-user-action-16] [security                      ] [custom_fields_user_1182692756@172.19.0.1] defaults are being cleaned for field with name null
 19/08/26 08:00:39,728 INFO  [dfd6790e-1798-ce99-9c10-552c1f3d110d@-user-action-16] [security                      ] [custom_fields_user_1182692756@172.19.0.1] defaults are cleaned
 19/08/26 08:01:54,881 INFO  [0e63850c-5100-eaca-8446-fc72000a6a09@p289303711-2752] [security                      ] [admin@172.19.0.1] field ZoneOfResponsibility10[__CUSTOM_FIELD__ZoneOfResponsibility10_19] created
 19/08/26 08:01:54,882 INFO  [0e63850c-5100-eaca-8446-fc72000a6a09@p289303711-2752] [security                      ] [admin@172.19.0.1] for field ZoneOfResponsibility10 Default bundle is set to <empty>.
 19/08/26 08:01:54,883 INFO  [0e63850c-5100-eaca-8446-fc72000a6a09@p289303711-2752] [security                      ] [admin@172.19.0.1] for field ZoneOfResponsibility10 default values are set to [].
 19/08/26 08:01:54,883 INFO  [0e63850c-5100-eaca-8446-fc72000a6a09@p289303711-2752] [security                      ] [admin@172.19.0.1] for field ZoneOfResponsibility10 default empty field text is set to null.
 19/08/26 08:01:54,883 INFO  [7a437c4c-97b9-5106-5276-5883eae90199@p289303711-1398] [security                      ] [admin@172.19.0.1] field ZoneOfResponsibility10[__CUSTOM_FIELD__ZoneOfResponsibility10_20] created
 19/08/26 08:01:54,884 INFO  [7a437c4c-97b9-5106-5276-5883eae90199@p289303711-1398] [security                      ] [admin@172.19.0.1] for field ZoneOfResponsibility10 Default bundle is set to <empty>.
 19/08/26 08:01:54,885 INFO  [7a437c4c-97b9-5106-5276-5883eae90199@p289303711-1398] [security                      ] [admin@172.19.0.1] for field ZoneOfResponsibility10 default values are set to [].
 19/08/26 08:01:54,885 INFO  [7a437c4c-97b9-5106-5276-5883eae90199@p289303711-1398] [security                      ] [admin@172.19.0.1] for field ZoneOfResponsibility10 default empty field text is set to null.
 19/08/26 08:01:55,346 INFO  [de4f5f01-53c1-d329-2cb0-5c74c84206a5@p289303711-2893] [security                      ] [admin@172.19.0.1] field null[__CUSTOM_FIELD__null_21] created
 19/08/26 08:01:55,347 INFO  [de4f5f01-53c1-d329-2cb0-5c74c84206a5@p289303711-2893] [security                      ] [admin@172.19.0.1] for field null Default bundle is set to <empty>.
 19/08/26 08:01:55,347 INFO  [de4f5f01-53c1-d329-2cb0-5c74c84206a5@p289303711-2893] [security                      ] [admin@172.19.0.1] for field null default values are set to [].
 19/08/26 08:01:55,348 INFO  [de4f5f01-53c1-d329-2cb0-5c74c84206a5@p289303711-2893] [security                      ] [admin@172.19.0.1] for field null default empty field text is set to null.
 19/08/26 08:01:55,425 INFO  [3bcaee3e-c644-d0fb-5432-f46d47af6e82@-user-action-17] [security                      ] [custom_fields_user_1182692756@172.19.0.1] field ZoneOfResponsibility10[__CUSTOM_FIELD__ZoneOfResponsibility10_19] removed
 19/08/26 08:01:55,426 INFO  [3bcaee3e-c644-d0fb-5432-f46d47af6e82@-user-action-17] [security                      ] [custom_fields_user_1182692756@172.19.0.1] defaults are being cleaned for field with name null
 19/08/26 08:01:55,426 INFO  [3bcaee3e-c644-d0fb-5432-f46d47af6e82@-user-action-17] [security                      ] [custom_fields_user_1182692756@172.19.0.1] defaults are cleaned
 19/08/26 08:01:55,427 INFO  [c88e832d-7989-fc71-d0d4-21a2681a7cf2@-user-action-15] [security                      ] [custom_fields_user_1182692756@172.19.0.1] field ZoneOfResponsibility10[__CUSTOM_FIELD__ZoneOfResponsibility10_20] removed
 19/08/26 08:01:55,428 INFO  [c88e832d-7989-fc71-d0d4-21a2681a7cf2@-user-action-15] [security                      ] [custom_fields_user_1182692756@172.19.0.1] defaults are being cleaned for field with name null
 19/08/26 08:01:55,428 INFO  [c88e832d-7989-fc71-d0d4-21a2681a7cf2@-user-action-15] [security                      ] [custom_fields_user_1182692756@172.19.0.1] defaults are cleaned
 19/08/26 08:04:31,373 INFO  [694895ef-7eb8-e066-942e-7f3b6f1d0191@p289303711-2912] [security                      ] [admin@172.19.0.1] field ZoneOfResponsibility10[__CUSTOM_FIELD__ZoneOfResponsibility10_22] created
 19/08/26 08:04:31,375 INFO  [694895ef-7eb8-e066-942e-7f3b6f1d0191@p289303711-2912] [security                      ] [admin@172.19.0.1] for field ZoneOfResponsibility10 Default bundle is set to <empty>.
 19/08/26 08:04:31,376 INFO  [694895ef-7eb8-e066-942e-7f3b6f1d0191@p289303711-2912] [security                      ] [admin@172.19.0.1] for field ZoneOfResponsibility10 default values are set to [].
 19/08/26 08:04:31,377 INFO  [694895ef-7eb8-e066-942e-7f3b6f1d0191@p289303711-2912] [security                      ] [admin@172.19.0.1] for field ZoneOfResponsibility10 default empty field text is set to null.
 19/08/26 08:04:31,379 INFO  [363fc52a-d9c6-1bc2-52e5-3353b967df4b@p289303711-2752] [security                      ] [admin@172.19.0.1] field ZoneOfResponsibility10[__CUSTOM_FIELD__ZoneOfResponsibility10_23] created
 19/08/26 08:04:31,380 INFO  [363fc52a-d9c6-1bc2-52e5-3353b967df4b@p289303711-2752] [security                      ] [admin@172.19.0.1] for field ZoneOfResponsibility10 Default bundle is set to <empty>.
 19/08/26 08:04:31,381 INFO  [363fc52a-d9c6-1bc2-52e5-3353b967df4b@p289303711-2752] [security                      ] [admin@172.19.0.1] for field ZoneOfResponsibility10 default values are set to [].
 19/08/26 08:04:31,382 INFO  [363fc52a-d9c6-1bc2-52e5-3353b967df4b@p289303711-2752] [security                      ] [admin@172.19.0.1] for field ZoneOfResponsibility10 default empty field text is set to null.
 19/08/26 08:04:31,888 WARN  [b9fa991c-74e4-8c67-191b-dda56775ed44@p289303711-2898] [YouTrackLicenseFilter         ] [admin@172.19.0.1] Can't commit rest transaction
 jetbrains.exodus.database.exceptions.ConstraintsValidationException: Constrains validation exception. Causes: 
  1: Property [CustomFieldPrototype: id = 157-35.name] can't be empty.

	at com.jetbrains.teamsys.dnq.database.TransientSessionImpl.checkBeforeSaveChangesConstraints(TransientSessionImpl.kt:474)
	at com.jetbrains.teamsys.dnq.database.TransientSessionImpl.flushChanges(TransientSessionImpl.kt:518)
	at com.jetbrains.teamsys.dnq.database.TransientSessionImpl.flush(TransientSessionImpl.kt:193)
	at jetbrains.charisma.main.YouTrackTransactionalFilter.filter(RestFilters.kt:171)
	at org.glassfish.jersey.server.ContainerFilteringStage$ResponseFilterStage.apply(ContainerFilteringStage.java:172)
	at org.glassfish.jersey.server.ContainerFilteringStage$ResponseFilterStage.apply(ContainerFilteringStage.java:139)
	at org.glassfish.jersey.process.internal.Stages.process(Stages.java:147)
	at org.glassfish.jersey.server.ServerRuntime$Responder.processResponse(ServerRuntime.java:378)
	at org.glassfish.jersey.server.ServerRuntime$Responder.process(ServerRuntime.java:370)
	at org.glassfish.jersey.server.ServerRuntime$1.run(ServerRuntime.java:259)
	at org.glassfish.jersey.internal.Errors$1.call(Errors.java:248)
	at org.glassfish.jersey.internal.Errors$1.call(Errors.java:244)
	at org.glassfish.jersey.internal.Errors.process(Errors.java:292)
	at org.glassfish.jersey.internal.Errors.process(Errors.java:274)
	at org.glassfish.jersey.internal.Errors.process(Errors.java:244)
	at org.glassfish.jersey.process.internal.RequestScope.runInScope(RequestScope.java:265)
	at org.glassfish.jersey.server.ServerRuntime.process(ServerRuntime.java:235)
	at org.glassfish.jersey.server.ApplicationHandler.handle(ApplicationHandler.java:684)
	at org.glassfish.jersey.servlet.WebComponent.serviceImpl(WebComponent.java:397)
	at org.glassfish.jersey.servlet.WebComponent.service(WebComponent.java:349)
	at jetbrains.youtrack.webapp.servlets.GapRestServlet.service(GapRestServlet.kt:85)
	at org.glassfish.jersey.servlet.ServletContainer.service(ServletContainer.java:312)
	at org.glassfish.jersey.servlet.ServletContainer.service(ServletContainer.java:205)
	at org.eclipse.jetty.servlet.ServletHolder.handle(ServletHolder.java:799)
	at org.eclipse.jetty.servlet.ServletHandler$ChainEnd.doFilter(ServletHandler.java:1656)
	at jetbrains.youtrack.webapp.filters.ClearPrincipalFilter.doFilter(ClearPrincipalFilter.kt:16)
	at jetbrains.youtrack.webapp.filters.FilterAdapter.doFilter(FilterAdapter.kt:45)
	at org.eclipse.jetty.servlet.FilterHolder.doFilter(FilterHolder.java:193)
	at org.eclipse.jetty.servlet.ServletHandler$Chain.doFilter(ServletHandler.java:1626)
	at jetbrains.youtrack.webapp.filters.SecurityResponseHeadersFilter.doFilter(SecurityResponseHeadersFilter.kt:29)
	at jetbrains.youtrack.webapp.filters.FilterAdapter.doFilter(FilterAdapter.kt:45)
	at org.eclipse.jetty.servlet.FilterHolder.doFilter(FilterHolder.java:193)
	at org.eclipse.jetty.servlet.ServletHandler$Chain.doFilter(ServletHandler.java:1626)
	at jetbrains.youtrack.gaprest.filters.HttpContextAccessorFilter.doFilter(HttpContextAccessorFilter.kt:42)
	at org.eclipse.jetty.servlet.FilterHolder.doFilter(FilterHolder.java:193)
	at org.eclipse.jetty.servlet.ServletHandler$Chain.doFilter(ServletHandler.java:1626)
	at jetbrains.youtrack.spring.controller.BaseApplicationFilter.doFilter(BaseApplicationFilter.kt:23)
	at org.eclipse.jetty.servlet.FilterHolder.doFilter(FilterHolder.java:193)
	at org.eclipse.jetty.servlet.ServletHandler$Chain.doFilter(ServletHandler.java:1626)
	at jetbrains.youtrack.webapp.filters.MdcProviderServletFilter.doFilter(MdcProviderServletFilter.kt:29)
	at org.eclipse.jetty.servlet.FilterHolder.doFilter(FilterHolder.java:193)
	at org.eclipse.jetty.servlet.ServletHandler$Chain.doFilter(ServletHandler.java:1626)
	at jetbrains.youtrack.webapp.filters.SitemapFilter.doFilter(SitemapFilter.kt:16)
	at jetbrains.youtrack.webapp.filters.FilterAdapter.doFilter(FilterAdapter.kt:45)
	at org.eclipse.jetty.servlet.FilterHolder.doFilter(FilterHolder.java:193)
	at org.eclipse.jetty.servlet.ServletHandler$Chain.doFilter(ServletHandler.java:1626)
	at jetbrains.youtrack.webapp.filters.CorsRequestFilter.doFilter(CorsRequestFilter.kt:59)
	at jetbrains.youtrack.webapp.filters.FilterAdapter.doFilter(FilterAdapter.kt:45)
	at org.eclipse.jetty.servlet.FilterHolder.doFilter(FilterHolder.java:193)
	at org.eclipse.jetty.servlet.ServletHandler$Chain.doFilter(ServletHandler.java:1626)
	at jetbrains.youtrack.webapp.filters.CloudRedirectRootRequestFilter.doFilter(CloudRedirectRootRequestFilter.kt:14)
	at jetbrains.youtrack.webapp.filters.FilterAdapter.doFilter(FilterAdapter.kt:45)
	at org.eclipse.jetty.servlet.FilterHolder.doFilter(FilterHolder.java:193)
	at org.eclipse.jetty.servlet.ServletHandler$Chain.doFilter(ServletHandler.java:1626)
	at jetbrains.youtrack.webapp.filters.CloudForwardFilter.doFilter(CloudForwardFilter.kt:15)
	at jetbrains.youtrack.webapp.filters.FilterAdapter.doFilter(FilterAdapter.kt:45)
	at org.eclipse.jetty.servlet.FilterHolder.doFilter(FilterHolder.java:193)
	at org.eclipse.jetty.servlet.ServletHandler$Chain.doFilter(ServletHandler.java:1626)
	at org.eclipse.jetty.servlet.ServletHandler.doHandle(ServletHandler.java:552)
	at org.eclipse.jetty.server.handler.ScopedHandler.handle(ScopedHandler.java:143)
	at org.eclipse.jetty.server.handler.gzip.GzipHandler.handle(GzipHandler.java:772)
	at org.eclipse.jetty.security.SecurityHandler.handle(SecurityHandler.java:600)
	at org.eclipse.jetty.server.handler.HandlerWrapper.handle(HandlerWrapper.java:127)
	at org.eclipse.jetty.server.handler.ScopedHandler.nextHandle(ScopedHandler.java:235)
	at org.eclipse.jetty.server.session.SessionHandler.doHandle(SessionHandler.java:1624)
	at org.eclipse.jetty.server.handler.ScopedHandler.nextHandle(ScopedHandler.java:233)
	at org.eclipse.jetty.server.handler.ContextHandler.doHandle(ContextHandler.java:1440)
	at org.eclipse.jetty.server.handler.ScopedHandler.nextScope(ScopedHandler.java:188)
	at org.eclipse.jetty.servlet.ServletHandler.doScope(ServletHandler.java:505)
	at org.eclipse.jetty.server.session.SessionHandler.doScope(SessionHandler.java:1594)
	at org.eclipse.jetty.server.handler.ScopedHandler.nextScope(ScopedHandler.java:186)
	at org.eclipse.jetty.server.handler.ContextHandler.doScope(ContextHandler.java:1355)
	at org.eclipse.jetty.server.handler.ScopedHandler.handle(ScopedHandler.java:141)
	at org.eclipse.jetty.server.handler.ContextHandlerCollection.handle(ContextHandlerCollection.java:234)
	at org.eclipse.jetty.server.handler.HandlerCollection.handle(HandlerCollection.java:146)
	at org.eclipse.jetty.server.handler.HandlerWrapper.handle(HandlerWrapper.java:127)
	at org.eclipse.jetty.server.Server.handle(Server.java:516)
	at org.eclipse.jetty.server.HttpChannel.lambda$handle$1(HttpChannel.java:487)
	at org.eclipse.jetty.server.HttpChannel.dispatch(HttpChannel.java:732)
	at org.eclipse.jetty.server.HttpChannel.handle(HttpChannel.java:479)
	at org.eclipse.jetty.server.HttpConnection.onFillable(HttpConnection.java:277)
	at org.eclipse.jetty.io.AbstractConnection$ReadCallback.succeeded(AbstractConnection.java:311)
	at org.eclipse.jetty.io.FillInterest.fillable(FillInterest.java:105)
	at org.eclipse.jetty.io.ChannelEndPoint$1.run(ChannelEndPoint.java:104)
	at org.eclipse.jetty.util.thread.strategy.EatWhatYouKill.runTask(EatWhatYouKill.java:338)
	at org.eclipse.jetty.util.thread.strategy.EatWhatYouKill.doProduce(EatWhatYouKill.java:315)
	at org.eclipse.jetty.util.thread.strategy.EatWhatYouKill.tryProduce(EatWhatYouKill.java:173)
	at org.eclipse.jetty.util.thread.strategy.EatWhatYouKill.run(EatWhatYouKill.java:131)
	at org.eclipse.jetty.util.thread.ReservedThreadExecutor$ReservedThread.run(ReservedThreadExecutor.java:409)
	at org.eclipse.jetty.util.thread.QueuedThreadPool.runJob(QueuedThreadPool.java:883)
	at org.eclipse.jetty.util.thread.QueuedThreadPool$Runner.run(QueuedThreadPool.java:1034)
	at java.base/java.lang.Thread.run(Thread.java:1583)
19/08/26 08:04:31,893 WARN  [b9fa991c-74e4-8c67-191b-dda56775ed44@p289303711-2898] [aintsValidationExceptionMapper] [admin@172.19.0.1] Constraints validation exception at POST /api/admin/customFieldSettings/customFields requested by Apache-HttpClient/4.5.13 (Java/22.0.2)
 jetbrains.exodus.database.exceptions.ConstraintsValidationException: Constrains validation exception. Causes: 
  1: Property [CustomFieldPrototype: id = 157-35.name] can't be empty.

	at com.jetbrains.teamsys.dnq.database.TransientSessionImpl.checkBeforeSaveChangesConstraints(TransientSessionImpl.kt:474)
	at com.jetbrains.teamsys.dnq.database.TransientSessionImpl.flushChanges(TransientSessionImpl.kt:518)
	at com.jetbrains.teamsys.dnq.database.TransientSessionImpl.flush(TransientSessionImpl.kt:193)
	at jetbrains.charisma.main.YouTrackTransactionalFilter.filter(RestFilters.kt:171)
	at org.glassfish.jersey.server.ContainerFilteringStage$ResponseFilterStage.apply(ContainerFilteringStage.java:172)
	at org.glassfish.jersey.server.ContainerFilteringStage$ResponseFilterStage.apply(ContainerFilteringStage.java:139)
	at org.glassfish.jersey.process.internal.Stages.process(Stages.java:147)
	at org.glassfish.jersey.server.ServerRuntime$Responder.processResponse(ServerRuntime.java:378)
	at org.glassfish.jersey.server.ServerRuntime$Responder.process(ServerRuntime.java:370)
	at org.glassfish.jersey.server.ServerRuntime$1.run(ServerRuntime.java:259)
	at org.glassfish.jersey.internal.Errors$1.call(Errors.java:248)
	at org.glassfish.jersey.internal.Errors$1.call(Errors.java:244)
	at org.glassfish.jersey.internal.Errors.process(Errors.java:292)
	at org.glassfish.jersey.internal.Errors.process(Errors.java:274)
	at org.glassfish.jersey.internal.Errors.process(Errors.java:244)
	at org.glassfish.jersey.process.internal.RequestScope.runInScope(RequestScope.java:265)
	at org.glassfish.jersey.server.ServerRuntime.process(ServerRuntime.java:235)
	at org.glassfish.jersey.server.ApplicationHandler.handle(ApplicationHandler.java:684)
	at org.glassfish.jersey.servlet.WebComponent.serviceImpl(WebComponent.java:397)
	at org.glassfish.jersey.servlet.WebComponent.service(WebComponent.java:349)
	at jetbrains.youtrack.webapp.servlets.GapRestServlet.service(GapRestServlet.kt:85)
	at org.glassfish.jersey.servlet.ServletContainer.service(ServletContainer.java:312)
	at org.glassfish.jersey.servlet.ServletContainer.service(ServletContainer.java:205)
	at org.eclipse.jetty.servlet.ServletHolder.handle(ServletHolder.java:799)
	at org.eclipse.jetty.servlet.ServletHandler$ChainEnd.doFilter(ServletHandler.java:1656)
	at jetbrains.youtrack.webapp.filters.ClearPrincipalFilter.doFilter(ClearPrincipalFilter.kt:16)
	at jetbrains.youtrack.webapp.filters.FilterAdapter.doFilter(FilterAdapter.kt:45)
	at org.eclipse.jetty.servlet.FilterHolder.doFilter(FilterHolder.java:193)
	at org.eclipse.jetty.servlet.ServletHandler$Chain.doFilter(ServletHandler.java:1626)
	at jetbrains.youtrack.webapp.filters.SecurityResponseHeadersFilter.doFilter(SecurityResponseHeadersFilter.kt:29)
	at jetbrains.youtrack.webapp.filters.FilterAdapter.doFilter(FilterAdapter.kt:45)
	at org.eclipse.jetty.servlet.FilterHolder.doFilter(FilterHolder.java:193)
	at org.eclipse.jetty.servlet.ServletHandler$Chain.doFilter(ServletHandler.java:1626)
	at jetbrains.youtrack.gaprest.filters.HttpContextAccessorFilter.doFilter(HttpContextAccessorFilter.kt:42)
	at org.eclipse.jetty.servlet.FilterHolder.doFilter(FilterHolder.java:193)
	at org.eclipse.jetty.servlet.ServletHandler$Chain.doFilter(ServletHandler.java:1626)
	at jetbrains.youtrack.spring.controller.BaseApplicationFilter.doFilter(BaseApplicationFilter.kt:23)
	at org.eclipse.jetty.servlet.FilterHolder.doFilter(FilterHolder.java:193)
	at org.eclipse.jetty.servlet.ServletHandler$Chain.doFilter(ServletHandler.java:1626)
	at jetbrains.youtrack.webapp.filters.MdcProviderServletFilter.doFilter(MdcProviderServletFilter.kt:29)
	at org.eclipse.jetty.servlet.FilterHolder.doFilter(FilterHolder.java:193)
	at org.eclipse.jetty.servlet.ServletHandler$Chain.doFilter(ServletHandler.java:1626)
	at jetbrains.youtrack.webapp.filters.SitemapFilter.doFilter(SitemapFilter.kt:16)
	at jetbrains.youtrack.webapp.filters.FilterAdapter.doFilter(FilterAdapter.kt:45)
	at org.eclipse.jetty.servlet.FilterHolder.doFilter(FilterHolder.java:193)
	at org.eclipse.jetty.servlet.ServletHandler$Chain.doFilter(ServletHandler.java:1626)
	at jetbrains.youtrack.webapp.filters.CorsRequestFilter.doFilter(CorsRequestFilter.kt:59)
	at jetbrains.youtrack.webapp.filters.FilterAdapter.doFilter(FilterAdapter.kt:45)
	at org.eclipse.jetty.servlet.FilterHolder.doFilter(FilterHolder.java:193)
	at org.eclipse.jetty.servlet.ServletHandler$Chain.doFilter(ServletHandler.java:1626)
	at jetbrains.youtrack.webapp.filters.CloudRedirectRootRequestFilter.doFilter(CloudRedirectRootRequestFilter.kt:14)
	at jetbrains.youtrack.webapp.filters.FilterAdapter.doFilter(FilterAdapter.kt:45)
	at org.eclipse.jetty.servlet.FilterHolder.doFilter(FilterHolder.java:193)
	at org.eclipse.jetty.servlet.ServletHandler$Chain.doFilter(ServletHandler.java:1626)
	at jetbrains.youtrack.webapp.filters.CloudForwardFilter.doFilter(CloudForwardFilter.kt:15)
	at jetbrains.youtrack.webapp.filters.FilterAdapter.doFilter(FilterAdapter.kt:45)
	at org.eclipse.jetty.servlet.FilterHolder.doFilter(FilterHolder.java:193)
	at org.eclipse.jetty.servlet.ServletHandler$Chain.doFilter(ServletHandler.java:1626)
	at org.eclipse.jetty.servlet.ServletHandler.doHandle(ServletHandler.java:552)
	at org.eclipse.jetty.server.handler.ScopedHandler.handle(ScopedHandler.java:143)
	at org.eclipse.jetty.server.handler.gzip.GzipHandler.handle(GzipHandler.java:772)
	at org.eclipse.jetty.security.SecurityHandler.handle(SecurityHandler.java:600)
	at org.eclipse.jetty.server.handler.HandlerWrapper.handle(HandlerWrapper.java:127)
	at org.eclipse.jetty.server.handler.ScopedHandler.nextHandle(ScopedHandler.java:235)
	at org.eclipse.jetty.server.session.SessionHandler.doHandle(SessionHandler.java:1624)
	at org.eclipse.jetty.server.handler.ScopedHandler.nextHandle(ScopedHandler.java:233)
	at org.eclipse.jetty.server.handler.ContextHandler.doHandle(ContextHandler.java:1440)
	at org.eclipse.jetty.server.handler.ScopedHandler.nextScope(ScopedHandler.java:188)
	at org.eclipse.jetty.servlet.ServletHandler.doScope(ServletHandler.java:505)
	at org.eclipse.jetty.server.session.SessionHandler.doScope(SessionHandler.java:1594)
	at org.eclipse.jetty.server.handler.ScopedHandler.nextScope(ScopedHandler.java:186)
	at org.eclipse.jetty.server.handler.ContextHandler.doScope(ContextHandler.java:1355)
	at org.eclipse.jetty.server.handler.ScopedHandler.handle(ScopedHandler.java:141)
	at org.eclipse.jetty.server.handler.ContextHandlerCollection.handle(ContextHandlerCollection.java:234)
	at org.eclipse.jetty.server.handler.HandlerCollection.handle(HandlerCollection.java:146)
	at org.eclipse.jetty.server.handler.HandlerWrapper.handle(HandlerWrapper.java:127)
	at org.eclipse.jetty.server.Server.handle(Server.java:516)
	at org.eclipse.jetty.server.HttpChannel.lambda$handle$1(HttpChannel.java:487)
	at org.eclipse.jetty.server.HttpChannel.dispatch(HttpChannel.java:732)
	at org.eclipse.jetty.server.HttpChannel.handle(HttpChannel.java:479)
	at org.eclipse.jetty.server.HttpConnection.onFillable(HttpConnection.java:277)
	at org.eclipse.jetty.io.AbstractConnection$ReadCallback.succeeded(AbstractConnection.java:311)
	at org.eclipse.jetty.io.FillInterest.fillable(FillInterest.java:105)
	at org.eclipse.jetty.io.ChannelEndPoint$1.run(ChannelEndPoint.java:104)
	at org.eclipse.jetty.util.thread.strategy.EatWhatYouKill.runTask(EatWhatYouKill.java:338)
	at org.eclipse.jetty.util.thread.strategy.EatWhatYouKill.doProduce(EatWhatYouKill.java:315)
	at org.eclipse.jetty.util.thread.strategy.EatWhatYouKill.tryProduce(EatWhatYouKill.java:173)
	at org.eclipse.jetty.util.thread.strategy.EatWhatYouKill.run(EatWhatYouKill.java:131)
	at org.eclipse.jetty.util.thread.ReservedThreadExecutor$ReservedThread.run(ReservedThreadExecutor.java:409)
	at org.eclipse.jetty.util.thread.QueuedThreadPool.runJob(QueuedThreadPool.java:883)
	at org.eclipse.jetty.util.thread.QueuedThreadPool$Runner.run(QueuedThreadPool.java:1034)
	at java.base/java.lang.Thread.run(Thread.java:1583)
19/08/26 08:04:31,952 INFO  [5e0c8110-7182-97c7-6b9b-9fa1d3cc5aa7@-user-action-19] [security                      ] [custom_fields_user_1182692756@172.19.0.1] field ZoneOfResponsibility10[__CUSTOM_FIELD__ZoneOfResponsibility10_22] removed
 19/08/26 08:04:31,953 INFO  [5e0c8110-7182-97c7-6b9b-9fa1d3cc5aa7@-user-action-19] [security                      ] [custom_fields_user_1182692756@172.19.0.1] defaults are being cleaned for field with name null
 19/08/26 08:04:31,953 INFO  [5e0c8110-7182-97c7-6b9b-9fa1d3cc5aa7@-user-action-19] [security                      ] [custom_fields_user_1182692756@172.19.0.1] defaults are cleaned
 19/08/26 08:04:31,957 INFO  [09d0cebb-e294-3fe6-4fb1-d6007634b5e5@-user-action-18] [security                      ] [custom_fields_user_1182692756@172.19.0.1] field ZoneOfResponsibility10[__CUSTOM_FIELD__ZoneOfResponsibility10_23] removed
 19/08/26 08:04:31,958 INFO  [09d0cebb-e294-3fe6-4fb1-d6007634b5e5@-user-action-18] [security                      ] [custom_fields_user_1182692756@172.19.0.1] defaults are being cleaned for field with name null
 19/08/26 08:04:31,958 INFO  [09d0cebb-e294-3fe6-4fb1-d6007634b5e5@-user-action-18] [security                      ] [custom_fields_user_1182692756@172.19.0.1] defaults are cleaned
 19/08/26 08:05:05,707 ERROR [8ba3b2a3-98c3-2e3b-6328-0687979e611d@p289303711-2893] [ServerRuntime$Responder       ] [guest@172.19.0.1] An I/O error has occurred while writing a response message entity to the container output stream.
 org.glassfish.jersey.server.internal.process.MappableException: org.eclipse.jetty.io.EofException
	at org.glassfish.jersey.server.internal.MappableExceptionWrapperInterceptor.aroundWriteTo(MappableExceptionWrapperInterceptor.java:67)
	at org.glassfish.jersey.message.internal.WriterInterceptorExecutor.proceed(WriterInterceptorExecutor.java:139)
	at jetbrains.gap.resource.pojo.CustomTypeResolverHeaderWriterInterceptor.aroundWriteTo(CustomTypeResolverHeaderFilters.kt:29)
	at org.glassfish.jersey.message.internal.WriterInterceptorExecutor.proceed(WriterInterceptorExecutor.java:139)
	at org.glassfish.jersey.message.internal.MessageBodyFactory.writeTo(MessageBodyFactory.java:1116)
	at org.glassfish.jersey.server.ServerRuntime$Responder.writeResponse(ServerRuntime.java:649)
	at org.glassfish.jersey.server.ServerRuntime$Responder.processResponse(ServerRuntime.java:380)
	at org.glassfish.jersey.server.ServerRuntime$Responder.process(ServerRuntime.java:370)
	at org.glassfish.jersey.server.ServerRuntime$1.run(ServerRuntime.java:259)
	at org.glassfish.jersey.internal.Errors$1.call(Errors.java:248)
	at org.glassfish.jersey.internal.Errors$1.call(Errors.java:244)
	at org.glassfish.jersey.internal.Errors.process(Errors.java:292)
	at org.glassfish.jersey.internal.Errors.process(Errors.java:274)
	at org.glassfish.jersey.internal.Errors.process(Errors.java:244)
	at org.glassfish.jersey.process.internal.RequestScope.runInScope(RequestScope.java:265)
	at org.glassfish.jersey.server.ServerRuntime.process(ServerRuntime.java:235)
	at org.glassfish.jersey.server.ApplicationHandler.handle(ApplicationHandler.java:684)
	at org.glassfish.jersey.servlet.WebComponent.serviceImpl(WebComponent.java:397)
	at org.glassfish.jersey.servlet.WebComponent.service(WebComponent.java:349)
	at jetbrains.youtrack.webapp.servlets.GapRestServlet.service(GapRestServlet.kt:85)
	at org.glassfish.jersey.servlet.ServletContainer.service(ServletContainer.java:312)
	at org.glassfish.jersey.servlet.ServletContainer.service(ServletContainer.java:205)
	at org.eclipse.jetty.servlet.ServletHolder.handle(ServletHolder.java:799)
	at org.eclipse.jetty.servlet.ServletHandler$ChainEnd.doFilter(ServletHandler.java:1656)
	at jetbrains.youtrack.webapp.filters.ClearPrincipalFilter.doFilter(ClearPrincipalFilter.kt:16)
	at jetbrains.youtrack.webapp.filters.FilterAdapter.doFilter(FilterAdapter.kt:45)
	at org.eclipse.jetty.servlet.FilterHolder.doFilter(FilterHolder.java:193)
	at org.eclipse.jetty.servlet.ServletHandler$Chain.doFilter(ServletHandler.java:1626)
	at jetbrains.youtrack.webapp.filters.SecurityResponseHeadersFilter.doFilter(SecurityResponseHeadersFilter.kt:29)
	at jetbrains.youtrack.webapp.filters.FilterAdapter.doFilter(FilterAdapter.kt:45)
	at org.eclipse.jetty.servlet.FilterHolder.doFilter(FilterHolder.java:193)
	at org.eclipse.jetty.servlet.ServletHandler$Chain.doFilter(ServletHandler.java:1626)
	at jetbrains.youtrack.gaprest.filters.HttpContextAccessorFilter.doFilter(HttpContextAccessorFilter.kt:42)
	at org.eclipse.jetty.servlet.FilterHolder.doFilter(FilterHolder.java:193)
	at org.eclipse.jetty.servlet.ServletHandler$Chain.doFilter(ServletHandler.java:1626)
	at jetbrains.youtrack.webapp.filters.PluginAppResourcesCacheFilter.doFilter(PluginAppResourcesCacheFilter.kt:32)
	at jetbrains.youtrack.webapp.filters.FilterAdapter.doFilter(FilterAdapter.kt:45)
	at org.eclipse.jetty.servlet.FilterHolder.doFilter(FilterHolder.java:193)
	at org.eclipse.jetty.servlet.ServletHandler$Chain.doFilter(ServletHandler.java:1626)
	at jetbrains.youtrack.spring.controller.BaseApplicationFilter.doFilter(BaseApplicationFilter.kt:23)
	at org.eclipse.jetty.servlet.FilterHolder.doFilter(FilterHolder.java:193)
	at org.eclipse.jetty.servlet.ServletHandler$Chain.doFilter(ServletHandler.java:1626)
	at jetbrains.youtrack.webapp.filters.MdcProviderServletFilter.doFilter(MdcProviderServletFilter.kt:29)
	at org.eclipse.jetty.servlet.FilterHolder.doFilter(FilterHolder.java:193)
	at org.eclipse.jetty.servlet.ServletHandler$Chain.doFilter(ServletHandler.java:1626)
	at jetbrains.youtrack.webapp.filters.SitemapFilter.doFilter(SitemapFilter.kt:16)
	at jetbrains.youtrack.webapp.filters.FilterAdapter.doFilter(FilterAdapter.kt:45)
	at org.eclipse.jetty.servlet.FilterHolder.doFilter(FilterHolder.java:193)
	at org.eclipse.jetty.servlet.ServletHandler$Chain.doFilter(ServletHandler.java:1626)
	at jetbrains.youtrack.webapp.filters.CorsRequestFilter.doFilter(CorsRequestFilter.kt:59)
	at jetbrains.youtrack.webapp.filters.FilterAdapter.doFilter(FilterAdapter.kt:45)
	at org.eclipse.jetty.servlet.FilterHolder.doFilter(FilterHolder.java:193)
	at org.eclipse.jetty.servlet.ServletHandler$Chain.doFilter(ServletHandler.java:1626)
	at jetbrains.youtrack.webapp.filters.CloudRedirectRootRequestFilter.doFilter(CloudRedirectRootRequestFilter.kt:14)
	at jetbrains.youtrack.webapp.filters.FilterAdapter.doFilter(FilterAdapter.kt:45)
	at org.eclipse.jetty.servlet.FilterHolder.doFilter(FilterHolder.java:193)
	at org.eclipse.jetty.servlet.ServletHandler$Chain.doFilter(ServletHandler.java:1626)
	at jetbrains.youtrack.webapp.filters.CloudForwardFilter.doFilter(CloudForwardFilter.kt:15)
	at jetbrains.youtrack.webapp.filters.FilterAdapter.doFilter(FilterAdapter.kt:45)
	at org.eclipse.jetty.servlet.FilterHolder.doFilter(FilterHolder.java:193)
	at org.eclipse.jetty.servlet.ServletHandler$Chain.doFilter(ServletHandler.java:1626)
	at org.eclipse.jetty.servlet.ServletHandler.doHandle(ServletHandler.java:552)
	at org.eclipse.jetty.server.handler.ScopedHandler.handle(ScopedHandler.java:143)
	at org.eclipse.jetty.server.handler.gzip.GzipHandler.handle(GzipHandler.java:772)
	at org.eclipse.jetty.security.SecurityHandler.handle(SecurityHandler.java:600)
	at org.eclipse.jetty.server.handler.HandlerWrapper.handle(HandlerWrapper.java:127)
	at org.eclipse.jetty.server.handler.ScopedHandler.nextHandle(ScopedHandler.java:235)
	at org.eclipse.jetty.server.session.SessionHandler.doHandle(SessionHandler.java:1624)
	at org.eclipse.jetty.server.handler.ScopedHandler.nextHandle(ScopedHandler.java:233)
	at org.eclipse.jetty.server.handler.ContextHandler.doHandle(ContextHandler.java:1440)
	at org.eclipse.jetty.server.handler.ScopedHandler.nextScope(ScopedHandler.java:188)
	at org.eclipse.jetty.servlet.ServletHandler.doScope(ServletHandler.java:505)
	at org.eclipse.jetty.server.session.SessionHandler.doScope(SessionHandler.java:1594)
	at org.eclipse.jetty.server.handler.ScopedHandler.nextScope(ScopedHandler.java:186)
	at org.eclipse.jetty.server.handler.ContextHandler.doScope(ContextHandler.java:1355)
	at org.eclipse.jetty.server.handler.ScopedHandler.handle(ScopedHandler.java:141)
	at org.eclipse.jetty.server.handler.ContextHandlerCollection.handle(ContextHandlerCollection.java:234)
	at org.eclipse.jetty.server.handler.HandlerCollection.handle(HandlerCollection.java:146)
	at org.eclipse.jetty.server.handler.HandlerWrapper.handle(HandlerWrapper.java:127)
	at org.eclipse.jetty.server.Server.handle(Server.java:516)
	at org.eclipse.jetty.server.HttpChannel.lambda$handle$1(HttpChannel.java:487)
	at org.eclipse.jetty.server.HttpChannel.dispatch(HttpChannel.java:732)
	at org.eclipse.jetty.server.HttpChannel.handle(HttpChannel.java:479)
	at org.eclipse.jetty.server.HttpConnection.onFillable(HttpConnection.java:277)
	at org.eclipse.jetty.io.AbstractConnection$ReadCallback.succeeded(AbstractConnection.java:311)
	at org.eclipse.jetty.io.FillInterest.fillable(FillInterest.java:105)
	at org.eclipse.jetty.io.ChannelEndPoint$1.run(ChannelEndPoint.java:104)
	at org.eclipse.jetty.util.thread.strategy.EatWhatYouKill.runTask(EatWhatYouKill.java:338)
	at org.eclipse.jetty.util.thread.strategy.EatWhatYouKill.doProduce(EatWhatYouKill.java:315)
	at org.eclipse.jetty.util.thread.strategy.EatWhatYouKill.tryProduce(EatWhatYouKill.java:173)
	at org.eclipse.jetty.util.thread.strategy.EatWhatYouKill.run(EatWhatYouKill.java:131)
	at org.eclipse.jetty.util.thread.ReservedThreadExecutor$ReservedThread.run(ReservedThreadExecutor.java:409)
	at org.eclipse.jetty.util.thread.QueuedThreadPool.runJob(QueuedThreadPool.java:883)
	at org.eclipse.jetty.util.thread.QueuedThreadPool$Runner.run(QueuedThreadPool.java:1034)
	at java.base/java.lang.Thread.run(Thread.java:1583)
Caused by: org.eclipse.jetty.io.EofException
	at org.eclipse.jetty.io.ChannelEndPoint.flush(ChannelEndPoint.java:280)
	at org.eclipse.jetty.io.WriteFlusher.flush(WriteFlusher.java:422)
	at org.eclipse.jetty.io.WriteFlusher.write(WriteFlusher.java:277)
	at org.eclipse.jetty.io.AbstractEndPoint.write(AbstractEndPoint.java:381)
	at org.eclipse.jetty.server.HttpConnection$SendCallback.process(HttpConnection.java:831)
	at org.eclipse.jetty.util.IteratingCallback.processing(IteratingCallback.java:248)
	at org.eclipse.jetty.util.IteratingCallback.iterate(IteratingCallback.java:229)
	at org.eclipse.jetty.server.HttpConnection.send(HttpConnection.java:555)
	at org.eclipse.jetty.server.HttpChannel.sendResponse(HttpChannel.java:1014)
	at org.eclipse.jetty.server.HttpChannel.write(HttpChannel.java:1086)
	at org.eclipse.jetty.server.handler.gzip.GzipHttpOutputInterceptor$GzipBufferCB.process(GzipHttpOutputInterceptor.java:414)
	at org.eclipse.jetty.util.IteratingCallback.processing(IteratingCallback.java:248)
	at org.eclipse.jetty.util.IteratingCallback.iterate(IteratingCallback.java:229)
	at org.eclipse.jetty.server.handler.gzip.GzipHttpOutputInterceptor.gzip(GzipHttpOutputInterceptor.java:137)
	at org.eclipse.jetty.server.handler.gzip.GzipHttpOutputInterceptor.write(GzipHttpOutputInterceptor.java:119)
	at org.eclipse.jetty.server.HttpOutput.channelWrite(HttpOutput.java:285)
	at org.eclipse.jetty.server.HttpOutput.channelWrite(HttpOutput.java:269)
	at org.eclipse.jetty.server.HttpOutput.write(HttpOutput.java:873)
	at org.glassfish.jersey.servlet.internal.ResponseWriter$NonCloseableOutputStreamWrapper.write(ResponseWriter.java:303)
	at org.glassfish.jersey.message.internal.CommittingOutputStream.write(CommittingOutputStream.java:203)
	at org.glassfish.jersey.message.internal.WriterInterceptorExecutor$UnCloseableOutputStream.write(WriterInterceptorExecutor.java:276)
	at org.glassfish.jersey.message.internal.ReaderWriter.writeTo(ReaderWriter.java:99)
	at org.glassfish.jersey.message.internal.InputStreamProvider.writeTo(InputStreamProvider.java:82)
	at org.glassfish.jersey.message.internal.InputStreamProvider.writeTo(InputStreamProvider.java:37)
	at org.glassfish.jersey.message.internal.WriterInterceptorExecutor$TerminalWriterInterceptor.invokeWriteTo(WriterInterceptorExecutor.java:242)
	at org.glassfish.jersey.message.internal.WriterInterceptorExecutor$TerminalWriterInterceptor.aroundWriteTo(WriterInterceptorExecutor.java:227)
	at org.glassfish.jersey.message.internal.WriterInterceptorExecutor.proceed(WriterInterceptorExecutor.java:139)
	at org.glassfish.jersey.server.internal.JsonWithPaddingInterceptor.aroundWriteTo(JsonWithPaddingInterceptor.java:85)
	at org.glassfish.jersey.message.internal.WriterInterceptorExecutor.proceed(WriterInterceptorExecutor.java:139)
	at org.glassfish.jersey.server.internal.MappableExceptionWrapperInterceptor.aroundWriteTo(MappableExceptionWrapperInterceptor.java:61)
	... 94 more
Caused by: java.io.IOException: Broken pipe
	at java.base/sun.nio.ch.SocketDispatcher.writev0(Native Method)
	at java.base/sun.nio.ch.SocketDispatcher.writev(SocketDispatcher.java:70)
	at java.base/sun.nio.ch.IOUtil.write(IOUtil.java:227)
	at java.base/sun.nio.ch.IOUtil.write(IOUtil.java:158)
	at java.base/sun.nio.ch.SocketChannelImpl.write(SocketChannelImpl.java:574)
	at java.base/java.nio.channels.SocketChannel.write(SocketChannel.java:660)
	at org.eclipse.jetty.io.ChannelEndPoint.flush(ChannelEndPoint.java:274)
	... 123 more
20/08/26 07:47:32,851 ERROR [b525f998-ccb6-a6d9-24dd-d4ac11a524ed@user-action-4  ] [UpdateCheckerImpl             ] [@] Update check failed with: java.net.UnknownHostException: www.jetbrains.com
 javax.ws.rs.ProcessingException: java.net.UnknownHostException: www.jetbrains.com
	at org.glassfish.jersey.client.internal.HttpUrlConnector.apply(HttpUrlConnector.java:288)
	at org.glassfish.jersey.client.ClientRuntime.invoke(ClientRuntime.java:300)
	at org.glassfish.jersey.client.JerseyInvocation.lambda$invoke$1(JerseyInvocation.java:687)
	at org.glassfish.jersey.client.JerseyInvocation.call(JerseyInvocation.java:709)
	at org.glassfish.jersey.client.JerseyInvocation.lambda$runInScope$3(JerseyInvocation.java:703)
	at org.glassfish.jersey.internal.Errors.process(Errors.java:292)
	at org.glassfish.jersey.internal.Errors.process(Errors.java:274)
	at org.glassfish.jersey.internal.Errors.process(Errors.java:205)
	at org.glassfish.jersey.process.internal.RequestScope.runInScope(RequestScope.java:390)
	at org.glassfish.jersey.client.JerseyInvocation.runInScope(JerseyInvocation.java:703)
	at org.glassfish.jersey.client.JerseyInvocation.invoke(JerseyInvocation.java:686)
	at org.glassfish.jersey.client.JerseyInvocation$Builder.method(JerseyInvocation.java:422)
	at org.glassfish.jersey.client.JerseyInvocation$Builder.get(JerseyInvocation.java:318)
	at jetbrains.youtrack.maintenance.updates.UpdateRest.getProducts(UpdateRest.kt:40)
	at jetbrains.youtrack.maintenance.updates.UpdateRest.getProduct(UpdateRest.kt:44)
	at jetbrains.youtrack.maintenance.updates.UpdateRest.getChannel(UpdateRest.kt:49)
	at jetbrains.youtrack.maintenance.updates.UpdateRest.getNewerBuild(UpdateRest.kt:64)
	at jetbrains.youtrack.maintenance.updates.UpdateCheckerImpl.checkForUpdate$lambda$0(UpdateCheckerImpl.kt:56)
	at jetbrains.charisma.executor.UserActionJob.execute(UserActionJob.kt:11)
	at jetbrains.youtrack.core.job.AbstractJob.doExecute(AbstractJob.kt:114)
	at jetbrains.youtrack.core.job.AbstractJob.tryExecute$youtrack_core(AbstractJob.kt:102)
	at jetbrains.youtrack.core.job.AbstractJobProcessor$JobExecutionTask.executeJob(AbstractJobProcessor.kt:229)
	at jetbrains.youtrack.core.job.AbstractJobProcessor$JobExecutionTask.runInContext(AbstractJobProcessor.kt:213)
	at jetbrains.youtrack.core.job.AbstractJobProcessor$JobExecutionTask.run$lambda$0(AbstractJobProcessor.kt:201)
	at jetbrains.youtrack.core.job.context.BeanContainerContext.doApply(ExecutionContexts.kt:47)
	at jetbrains.youtrack.core.job.context.ChainedExecutionContext.apply(ChainedExecutionContext.kt:29)
	at jetbrains.youtrack.core.job.context.ChainedExecutionContext.apply$lambda$0(ChainedExecutionContext.kt:26)
	at jetbrains.youtrack.core.job.context.LogExecutionContext.doApply(ExecutionContexts.kt:24)
	at jetbrains.youtrack.core.job.context.ChainedExecutionContext.apply(ChainedExecutionContext.kt:25)
	at jetbrains.youtrack.core.job.AbstractJobProcessor$JobExecutionTask.run(AbstractJobProcessor.kt:201)
	at java.base/java.util.concurrent.Executors$RunnableAdapter.call(Executors.java:572)
	at java.base/java.util.concurrent.FutureTask.run(FutureTask.java:317)
	at java.base/java.util.concurrent.ThreadPoolExecutor.runWorker(ThreadPoolExecutor.java:1144)
	at java.base/java.util.concurrent.ThreadPoolExecutor$Worker.run(ThreadPoolExecutor.java:642)
	at java.base/java.lang.Thread.run(Thread.java:1583)
Caused by: java.net.UnknownHostException: www.jetbrains.com
	at java.base/sun.nio.ch.NioSocketImpl.connect(NioSocketImpl.java:567)
	at java.base/java.net.SocksSocketImpl.connect(SocksSocketImpl.java:327)
	at java.base/java.net.Socket.connect(Socket.java:751)
	at java.base/sun.security.ssl.SSLSocketImpl.connect(SSLSocketImpl.java:304)
	at java.base/sun.net.NetworkClient.doConnect(NetworkClient.java:178)
	at java.base/sun.net.www.http.HttpClient.openServer(HttpClient.java:531)
	at java.base/sun.net.www.http.HttpClient.openServer(HttpClient.java:636)
	at java.base/sun.net.www.protocol.https.HttpsClient.<init>(HttpsClient.java:265)
	at java.base/sun.net.www.protocol.https.HttpsClient.New(HttpsClient.java:378)
	at java.base/sun.net.www.protocol.https.AbstractDelegateHttpsURLConnection.getNewHttpClient(AbstractDelegateHttpsURLConnection.java:196)
	at java.base/sun.net.www.protocol.http.HttpURLConnection.plainConnect0(HttpURLConnection.java:1257)
	at java.base/sun.net.www.protocol.http.HttpURLConnection.plainConnect(HttpURLConnection.java:1143)
	at java.base/sun.net.www.protocol.http.HttpURLConnection.connect(HttpURLConnection.java:1072)
	at java.base/sun.net.www.protocol.https.AbstractDelegateHttpsURLConnection.connect(AbstractDelegateHttpsURLConnection.java:181)
	at java.base/sun.net.www.protocol.http.HttpURLConnection.getInputStream0(HttpURLConnection.java:1705)
	at java.base/sun.net.www.protocol.http.HttpURLConnection.getInputStream(HttpURLConnection.java:1629)
	at java.base/java.net.HttpURLConnection.getResponseCode(HttpURLConnection.java:531)
	at java.base/sun.net.www.protocol.https.HttpsURLConnectionImpl.getResponseCode(HttpsURLConnectionImpl.java:307)
	at org.glassfish.jersey.client.internal.HttpUrlConnector._apply(HttpUrlConnector.java:453)
	at org.glassfish.jersey.client.internal.HttpUrlConnector.apply(HttpUrlConnector.java:286)
	... 34 more
20/08/26 07:47:32,887 ERROR [b525f998-ccb6-a6d9-24dd-d4ac11a524ed@user-action-4  ] [UpdateCheckResult             ] [@] DNS record for jetbrains.com cannot be resolved, skipping update check
 20/08/26 07:56:07,732 INFO  [@ Daemon Proxy 2] [ServletContextDestroyListener ] [@] Destroyed event for context local
 20/08/26 07:56:07,744 INFO  [@ Daemon Proxy 2] [ApplicationStateHolderImpl    ] [@] Application state changed from RUNNING to SHUTTING_DOWN
 20/08/26 07:56:07,798 INFO  [@ Daemon Proxy 2] [YouTrackShutdown              ] [@] Stopping appLifecycleListeners
 20/08/26 07:56:07,798 INFO  [@ Daemon Proxy 2] [ApplicationStateHolderImpl    ] [@] Application state changed from SHUTTING_DOWN to APP_LIFECYCLE_STOP
 20/08/26 07:56:07,830 INFO  [@ Daemon Proxy 2] [JobProcessorsShutDown         ] [@] Stopping job processors
 20/08/26 07:56:07,830 INFO  [@ Daemon Proxy 2] [JobProcessorsShutDown         ] [@] Stopping job processor GlobalSchedulingJobProcessor
 20/08/26 07:56:07,830 INFO  [@ Daemon Proxy 2] [JobProcessorsShutDown         ] [@] Finished all jobs for job processor GlobalSchedulingJobProcessor
 20/08/26 07:56:07,830 INFO  [@ Daemon Proxy 2] [JobProcessorsShutDown         ] [@] Stopping job processor LocalSchedulingJobProcessor
 20/08/26 07:56:07,830 INFO  [@ Daemon Proxy 2] [JobProcessorsShutDown         ] [@] Finished all jobs for job processor LocalSchedulingJobProcessor
 20/08/26 07:56:07,831 INFO  [@ Daemon Proxy 2] [JobProcessorsShutDown         ] [@] Stopping job processor AsyncUIJobProcessor
 20/08/26 07:56:07,831 INFO  [@ Daemon Proxy 2] [JobProcessorsShutDown         ] [@] Finished all jobs for job processor AsyncUIJobProcessor
 20/08/26 07:56:07,831 INFO  [@ Daemon Proxy 2] [JobProcessorsShutDown         ] [@] Stopping job processor HeavyPersistentUserActionJobProcessor
 20/08/26 07:56:07,831 INFO  [@ Daemon Proxy 2] [JobProcessorsShutDown         ] [@] Finished all jobs for job processor HeavyPersistentUserActionJobProcessor
 20/08/26 07:56:07,831 INFO  [@ Daemon Proxy 2] [JobProcessorsShutDown         ] [@] Stopping job processor MaintenanceJobProcessor
 20/08/26 07:56:07,831 INFO  [@ Daemon Proxy 2] [JobProcessorsShutDown         ] [@] Finished all jobs for job processor MaintenanceJobProcessor
 20/08/26 07:56:07,831 INFO  [@ Daemon Proxy 2] [JobProcessorsShutDown         ] [@] Stopping job processor PersistentUserActionJobProcessor
 20/08/26 07:56:07,831 INFO  [@ Daemon Proxy 2] [JobProcessorsShutDown         ] [@] Finished all jobs for job processor PersistentUserActionJobProcessor
 20/08/26 07:56:07,831 INFO  [@ Daemon Proxy 2] [JobProcessorsShutDown         ] [@] Stopping job processor SpentTimeCorrectionJobProcessor
 20/08/26 07:56:07,831 INFO  [@ Daemon Proxy 2] [JobProcessorsShutDown         ] [@] Finished all jobs for job processor SpentTimeCorrectionJobProcessor
 20/08/26 07:56:07,831 INFO  [@ Daemon Proxy 2] [JobProcessorsShutDown         ] [@] Stopping job processor AICommandsJobProcessor
 20/08/26 07:56:07,831 INFO  [@ Daemon Proxy 2] [JobProcessorsShutDown         ] [@] Finished all jobs for job processor AICommandsJobProcessor
 20/08/26 07:56:07,831 INFO  [@ Daemon Proxy 2] [JobProcessorsShutDown         ] [@] Stopping job processor AiDuplicateSuggestionsJobProcessor
 20/08/26 07:56:07,831 INFO  [@ Daemon Proxy 2] [JobProcessorsShutDown         ] [@] Finished all jobs for job processor AiDuplicateSuggestionsJobProcessor
 20/08/26 07:56:07,831 INFO  [@ Daemon Proxy 2] [JobProcessorsShutDown         ] [@] Stopping job processor AiLinkSuggestionsJobProcessor
 20/08/26 07:56:07,831 INFO  [@ Daemon Proxy 2] [JobProcessorsShutDown         ] [@] Finished all jobs for job processor AiLinkSuggestionsJobProcessor
 20/08/26 07:56:07,831 INFO  [@ Daemon Proxy 2] [JobProcessorsShutDown         ] [@] Stopping job processor AiReplySuggestionsJobProcessor
 20/08/26 07:56:07,831 INFO  [@ Daemon Proxy 2] [JobProcessorsShutDown         ] [@] Finished all jobs for job processor AiReplySuggestionsJobProcessor
 20/08/26 07:56:07,831 INFO  [@ Daemon Proxy 2] [JobProcessorsShutDown         ] [@] Stopping job processor DuplicatesSuggestionResponseJobProcessor
 20/08/26 07:56:07,831 INFO  [@ Daemon Proxy 2] [JobProcessorsShutDown         ] [@] Finished all jobs for job processor DuplicatesSuggestionResponseJobProcessor
 20/08/26 07:56:07,831 INFO  [@ Daemon Proxy 2] [JobProcessorsShutDown         ] [@] Stopping job processor GrazieTasksAPIJobProcessor
 20/08/26 07:56:07,831 INFO  [@ Daemon Proxy 2] [JobProcessorsShutDown         ] [@] Finished all jobs for job processor GrazieTasksAPIJobProcessor
 20/08/26 07:56:07,831 INFO  [@ Daemon Proxy 2] [JobProcessorsShutDown         ] [@] Stopping job processor LinkSuggestionResponseJobProcessor
 20/08/26 07:56:07,831 INFO  [@ Daemon Proxy 2] [JobProcessorsShutDown         ] [@] Finished all jobs for job processor LinkSuggestionResponseJobProcessor
 20/08/26 07:56:07,831 INFO  [@ Daemon Proxy 2] [JobProcessorsShutDown         ] [@] Stopping job processor NaturalSearchResponseJobProcessor
 20/08/26 07:56:07,831 INFO  [@ Daemon Proxy 2] [JobProcessorsShutDown         ] [@] Finished all jobs for job processor NaturalSearchResponseJobProcessor
 20/08/26 07:56:07,831 INFO  [@ Daemon Proxy 2] [JobProcessorsShutDown         ] [@] Stopping job processor ThreadToIssueJobProcessor
 20/08/26 07:56:07,831 INFO  [@ Daemon Proxy 2] [JobProcessorsShutDown         ] [@] Finished all jobs for job processor ThreadToIssueJobProcessor
 20/08/26 07:56:07,831 INFO  [@ Daemon Proxy 2] [JobProcessorsShutDown         ] [@] Stopping job processor SmartSearchResponseJobProcessor
 20/08/26 07:56:07,831 INFO  [@ Daemon Proxy 2] [JobProcessorsShutDown         ] [@] Finished all jobs for job processor SmartSearchResponseJobProcessor
 20/08/26 07:56:07,831 INFO  [@ Daemon Proxy 2] [JobProcessorsShutDown         ] [@] Stopping job processor PredefinedScriptJobProcessor
 20/08/26 07:56:07,831 INFO  [@ Daemon Proxy 2] [JobProcessorsShutDown         ] [@] Finished all jobs for job processor PredefinedScriptJobProcessor
 20/08/26 07:56:07,831 INFO  [@ Daemon Proxy 2] [JobProcessorsShutDown         ] [@] Stopping job processor AsyncFunctionJobProcessor
 20/08/26 07:56:07,831 INFO  [@ Daemon Proxy 2] [JobProcessorsShutDown         ] [@] Finished all jobs for job processor AsyncFunctionJobProcessor
 20/08/26 07:56:07,831 INFO  [@ Daemon Proxy 2] [JobProcessorsShutDown         ] [@] Stopping job processor AgileUserProfileJobProcessor
 20/08/26 07:56:07,831 INFO  [@ Daemon Proxy 2] [JobProcessorsShutDown         ] [@] Finished all jobs for job processor AgileUserProfileJobProcessor
 20/08/26 07:56:07,831 INFO  [@ Daemon Proxy 2] [JobProcessorsShutDown         ] [@] Stopping job processor VcsJobProcessor
 20/08/26 07:56:07,831 INFO  [@ Daemon Proxy 2] [JobProcessorsShutDown         ] [@] Finished all jobs for job processor VcsJobProcessor
 20/08/26 07:56:07,831 INFO  [@ Daemon Proxy 2] [JobProcessorsShutDown         ] [@] Stopping job processor WorkflowEventJobProcessor
 20/08/26 07:56:07,831 INFO  [@ Daemon Proxy 2] [JobProcessorsShutDown         ] [@] Finished all jobs for job processor WorkflowEventJobProcessor
 20/08/26 07:56:07,831 INFO  [@ Daemon Proxy 2] [JobProcessorsShutDown         ] [@] Stopping job processor WorkflowScheduledJobProcessor
 20/08/26 07:56:07,831 INFO  [@ Daemon Proxy 2] [JobProcessorsShutDown         ] [@] Finished all jobs for job processor WorkflowScheduledJobProcessor
 20/08/26 07:56:07,831 INFO  [@ Daemon Proxy 2] [JobProcessorsShutDown         ] [@] Stopping job processor UserProfileJobProcessor
 20/08/26 07:56:07,831 INFO  [@ Daemon Proxy 2] [JobProcessorsShutDown         ] [@] Finished all jobs for job processor UserProfileJobProcessor
 20/08/26 07:56:07,831 INFO  [@ Daemon Proxy 2] [JobProcessorsShutDown         ] [@] Stopping job processor CleanupJobProcessor
 20/08/26 07:56:07,831 INFO  [@ Daemon Proxy 2] [JobProcessorsShutDown         ] [@] Finished all jobs for job processor CleanupJobProcessor
 20/08/26 07:56:07,831 INFO  [@ Daemon Proxy 2] [JobProcessorsShutDown         ] [@] Stopping job processor ArticlesExportJobProcessor
 20/08/26 07:56:07,831 INFO  [@ Daemon Proxy 2] [JobProcessorsShutDown         ] [@] Finished all jobs for job processor ArticlesExportJobProcessor
 20/08/26 07:56:07,831 INFO  [@ Daemon Proxy 2] [JobProcessorsShutDown         ] [@] Stopping job processor SimilarIssuesResponseJobProcessor
 20/08/26 07:56:07,831 INFO  [@ Daemon Proxy 2] [JobProcessorsShutDown         ] [@] Finished all jobs for job processor SimilarIssuesResponseJobProcessor
 20/08/26 07:56:07,831 INFO  [@ Daemon Proxy 2] [JobProcessorsShutDown         ] [@] Stopping job processor ArticleAnalysisDurabilityJobProcessor
 20/08/26 07:56:07,831 INFO  [@ Daemon Proxy 2] [JobProcessorsShutDown         ] [@] Finished all jobs for job processor ArticleAnalysisDurabilityJobProcessor
 20/08/26 07:56:07,831 INFO  [@ Daemon Proxy 2] [JobProcessorsShutDown         ] [@] Stopping job processor GanttJobProcessor
 20/08/26 07:56:07,831 INFO  [@ Daemon Proxy 2] [JobProcessorsShutDown         ] [@] Finished all jobs for job processor GanttJobProcessor
 20/08/26 07:56:07,831 INFO  [@ Daemon Proxy 2] [JobProcessorsShutDown         ] [@] Stopping job processor ImportsJobProcessor
 20/08/26 07:56:07,831 INFO  [@ Daemon Proxy 2] [JobProcessorsShutDown         ] [@] Finished all jobs for job processor ImportsJobProcessor
 20/08/26 07:56:07,831 INFO  [@ Daemon Proxy 2] [JobProcessorsShutDown         ] [@] Stopping job processor MailboxJobProcessor
 20/08/26 07:56:07,831 INFO  [@ Daemon Proxy 2] [JobProcessorsShutDown         ] [@] Finished all jobs for job processor MailboxJobProcessor
 20/08/26 07:56:07,831 INFO  [@ Daemon Proxy 2] [JobProcessorsShutDown         ] [@] Stopping job processor NotificationAnalyzerJobProcessor
 20/08/26 07:56:07,831 INFO  [@ Daemon Proxy 2] [JobProcessorsShutDown         ] [@] Finished all jobs for job processor NotificationAnalyzerJobProcessor
 20/08/26 07:56:07,831 INFO  [@ Daemon Proxy 2] [JobProcessorsShutDown         ] [@] Stopping job processor IssueAnalysisDurabilityJobProcessor
 20/08/26 07:56:07,831 INFO  [@ Daemon Proxy 2] [JobProcessorsShutDown         ] [@] Finished all jobs for job processor IssueAnalysisDurabilityJobProcessor
 20/08/26 07:56:07,831 INFO  [@ Daemon Proxy 2] [JobProcessorsShutDown         ] [@] Stopping job processor SendingDurabilityJobProcessor
 20/08/26 07:56:07,831 INFO  [@ Daemon Proxy 2] [JobProcessorsShutDown         ] [@] Finished all jobs for job processor SendingDurabilityJobProcessor
 20/08/26 07:56:07,831 INFO  [@ Daemon Proxy 2] [JobProcessorsShutDown         ] [@] Stopping job processor NotificationJobProcessor
 20/08/26 07:56:07,832 INFO  [@ Daemon Proxy 2] [JobProcessorsShutDown         ] [@] Finished all jobs for job processor NotificationJobProcessor
 20/08/26 07:56:07,832 INFO  [@ Daemon Proxy 2] [JobProcessorsShutDown         ] [@] Stopping job processor ReportsJobProcessor
 20/08/26 07:56:07,832 INFO  [@ Daemon Proxy 2] [JobProcessorsShutDown         ] [@] Finished all jobs for job processor ReportsJobProcessor
 20/08/26 07:56:07,832 INFO  [@ Daemon Proxy 2] [JobProcessorsShutDown         ] [@] Stopping job processor AuditJobProcessor
 20/08/26 07:56:07,832 INFO  [@ Daemon Proxy 2] [JobProcessorsShutDown         ] [@] Finished all jobs for job processor AuditJobProcessor
 20/08/26 07:56:07,832 INFO  [@ Daemon Proxy 2] [JobProcessorsShutDown         ] [@] Stopping job processor HubIntegrationJobProcessor
 20/08/26 07:56:07,832 INFO  [@ Daemon Proxy 2] [JobProcessorsShutDown         ] [@] Finished all jobs for job processor HubIntegrationJobProcessor
 20/08/26 07:56:07,832 INFO  [@ Daemon Proxy 2] [JobProcessorsShutDown         ] [@] Stopping job processor UserPrefixTreeCalculator
 20/08/26 07:56:07,832 INFO  [@ Daemon Proxy 2] [JobProcessorsShutDown         ] [@] Finished all jobs for job processor UserPrefixTreeCalculator
 20/08/26 07:56:07,832 INFO  [@ Daemon Proxy 2] [JobProcessorsShutDown         ] [@] Stopping job processor PermissionCacheCalculator
 20/08/26 07:56:07,832 INFO  [@ Daemon Proxy 2] [JobProcessorsShutDown         ] [@] Finished all jobs for job processor PermissionCacheCalculator
 20/08/26 07:56:07,832 INFO  [@ Daemon Proxy 2] [JobProcessorsShutDown         ] [@] Stopping job processor TextIndexManagerImpl
 20/08/26 07:56:07,832 INFO  [@ Daemon Proxy 2] [JobProcessorsShutDown         ] [@] Finished all jobs for job processor TextIndexManagerImpl
 20/08/26 07:56:07,832 INFO  [@ Daemon Proxy 2] [JobProcessorsShutDown         ] [@] Stopping job processor ZendeskIntegrationJobProcessor
 20/08/26 07:56:07,832 INFO  [@ Daemon Proxy 2] [JobProcessorsShutDown         ] [@] Finished all jobs for job processor ZendeskIntegrationJobProcessor
 20/08/26 07:56:07,832 INFO  [@ Daemon Proxy 2] [JobProcessorsShutDown         ] [@] Stopping job processor ImageOcrJobProcessor
 20/08/26 07:56:07,832 INFO  [@ Daemon Proxy 2] [JobProcessorsShutDown         ] [@] Finished all jobs for job processor ImageOcrJobProcessor
 20/08/26 07:56:07,832 INFO  [@ Daemon Proxy 2] [JobProcessorsShutDown         ] [@] Stopping job processor ImageOcrJobProcessor
 20/08/26 07:56:07,832 INFO  [@ Daemon Proxy 2] [JobProcessorsShutDown         ] [@] Finished all jobs for job processor ImageOcrJobProcessor
 20/08/26 07:56:07,837 INFO  [@ Daemon Proxy 2] [ingCanvasCDEWorkspaceContainer] [@] Closing planning canvas workspaces related to related to store /opt/youtrack/data/youtrack
 20/08/26 07:56:07,847 INFO  [@ Daemon Proxy 2] [ApplicationStateHolderImpl    ] [@] Application state changed from APP_LIFECYCLE_STOP to SHUT_DOWN
 20/08/26 07:56:07,848 INFO  [@ Daemon Proxy 2] [YouTrackShutdown              ] [@] Putting DB in readonly mode in shutdown
 20/08/26 07:56:07,861 INFO  [@ Daemon Proxy 2] [YouTrackShutdown              ] [@] Waiting for transactions
 20/08/26 07:56:07,861 INFO  [@ Daemon Proxy 2] [YouTrackShutdown              ] [@] No more transactions
 20/08/26 07:56:07,862 INFO  [@ Daemon Proxy 2] [ocalClasspathXmlServiceLocator] [@] Closing local web appplication's scope.
 20/08/26 07:56:07,872 INFO  [@ Daemon Proxy 2] [TextSearcherImpl              ] [@] Closing text searcher
 20/08/26 07:56:07,877 INFO  [@ Daemon Proxy 2] [TextSearcherImpl              ] [@] Queries cache hit rate: 86.36364%
 20/08/26 07:56:07,882 INFO  [@ Daemon Proxy 2] [TextIndexManager              ] [@] Closing...
 20/08/26 07:56:07,882 INFO  [@ Daemon Proxy 2] [TextIndexManager              ] [@] RAMIndicesCache hit rate: 0.0%
 20/08/26 07:56:08,727 INFO  [@ Daemon Proxy 2] [ocalClasspathXmlServiceLocator] [@] Closing global web appplication's scope.
 20/08/26 07:58:09,961 INFO  [2fb041fb-e854-7258-2ad9-bc92e34c8685@init servlet   ] [Reflections                   ] [init@] Reflections took 433 ms to scan 44 urls, producing 2190 keys and 51931 values
 20/08/26 07:58:14,329 INFO  [2fb041fb-e854-7258-2ad9-bc92e34c8685@init servlet   ] [Reflections                   ] [init@] Reflections took 312 ms to scan 44 urls, producing 2190 keys and 51931 values
 20/08/26 07:58:15,164 INFO  [2fb041fb-e854-7258-2ad9-bc92e34c8685@init servlet   ] [Reflections                   ] [init@] Reflections took 274 ms to scan 43 urls, producing 2163 keys and 51528 values
 20/08/26 07:58:17,137 INFO  [2fb041fb-e854-7258-2ad9-bc92e34c8685@init servlet   ] [WebClasspathXmlServiceLocator ] [init@] Adding default placeholder resolver: PropertySourcesPlaceholderConfigurer
 20/08/26 07:58:22,491 INFO  [2fb041fb-e854-7258-2ad9-bc92e34c8685@init servlet   ] [MessagesContainer             ] [init@] Default locale messages loaded
 20/08/26 07:58:23,210 INFO  [2fb041fb-e854-7258-2ad9-bc92e34c8685@init servlet   ] [SystemTimeServiceConfiguration] [init@] SystemTimeService: using service with real start='2026-08-20T07:58:23.209Z
 20/08/26 07:58:23,978 INFO  [2fb041fb-e854-7258-2ad9-bc92e34c8685@init servlet   ] [Reflections                   ] [init@] Reflections took 475 ms to scan 44 urls, producing 2263 keys and 89553 values
 20/08/26 07:58:25,069 INFO  [2fb041fb-e854-7258-2ad9-bc92e34c8685@init servlet   ] [EnvironmentImpl               ] [@] Exodus environment created: /opt/youtrack/data/youtrack
 20/08/26 07:58:25,118 INFO  [2fb041fb-e854-7258-2ad9-bc92e34c8685@init servlet   ] [EntityIterableCacheAdapter    ] [@] Using weighted eviction for entity iterable cache, maxWeight = 4473924
 20/08/26 07:58:25,974 INFO  [2fb041fb-e854-7258-2ad9-bc92e34c8685@init servlet   ] [PersistentEntityStoreImpl     ] [@] Blob vault has been created at /opt/youtrack/data/youtrack/blobs
 20/08/26 07:58:26,334 INFO  [2fb041fb-e854-7258-2ad9-bc92e34c8685@init servlet   ] [EnvironmentImpl               ] [@] Exodus environment created: /opt/youtrack/data/youtrack/textindex
 20/08/26 07:58:26,447 INFO  [2fb041fb-e854-7258-2ad9-bc92e34c8685@init servlet   ] [TextIndexManager              ] [@] Initializing text index. Timestamp of last updated entry: 304
 20/08/26 07:58:27,046 INFO  [2fb041fb-e854-7258-2ad9-bc92e34c8685@init servlet   ] [TextIndexManager              ] [@] Initializing text index. Last update timestamp: 305
 20/08/26 07:58:27,054 INFO  [2fb041fb-e854-7258-2ad9-bc92e34c8685@init servlet   ] [DnqUtils                      ] [@] Execute entities initializers
 20/08/26 07:58:27,061 INFO  [2fb041fb-e854-7258-2ad9-bc92e34c8685@init servlet   ] [YouTrackInit                  ] [@] Initializing YouTrack 2026.2.18194
 20/08/26 07:58:27,235 INFO  [2fb041fb-e854-7258-2ad9-bc92e34c8685@init servlet   ] [ApplicationStateHolderImpl    ] [@] Application state changed from SPRING_STARTING to SPRING_INITIALIZED
 20/08/26 07:58:27,241 WARN  [2fb041fb-e854-7258-2ad9-bc92e34c8685@init servlet   ] [XdStorage                     ] [@] Auxiliary truststore /opt/youtrack/conf/internal/keystore.jks does not exist, skipping
 20/08/26 07:58:27,285 INFO  [2fb041fb-e854-7258-2ad9-bc92e34c8685@init servlet   ] [ApplicationStateHolderImpl    ] [@] Application state changed from SPRING_INITIALIZED to LOCALIZATION_SERVICE_INITIALIZED
 20/08/26 07:58:27,287 INFO  [2fb041fb-e854-7258-2ad9-bc92e34c8685@init servlet   ] [ApplicationStateHolderImpl    ] [@] Application state changed from LOCALIZATION_SERVICE_INITIALIZED to USER_SERVICE_INITIALIZED
 20/08/26 07:58:27,319 INFO  [2fb041fb-e854-7258-2ad9-bc92e34c8685@init servlet   ] [StandaloneLicenseUpdater      ] [@] License details. Name: `null`; expiration time: 292278994-08-17 07:12:55; generation time: 2015-05-12 12:55:16;  upgrade expiration time: 2099-12-31 12:55:16
 20/08/26 07:58:27,323 INFO  [2fb041fb-e854-7258-2ad9-bc92e34c8685@init servlet   ] [ApplicationStateHolderImpl    ] [@] Application state changed from USER_SERVICE_INITIALIZED to LICENSE_AND_LIABILITY_CHECKED
 20/08/26 07:58:27,376 INFO  [2fb041fb-e854-7258-2ad9-bc92e34c8685@init servlet   ] [ApplicationStateHolderImpl    ] [@] Application state changed from LICENSE_AND_LIABILITY_CHECKED to REFACTORINGS_STARTED
 20/08/26 07:58:27,377 INFO  [2fb041fb-e854-7258-2ad9-bc92e34c8685@init servlet   ] [XdRefactoring                 ] [@] Starting youtrack-only refactorings...
 20/08/26 07:58:27,400 INFO  [2fb041fb-e854-7258-2ad9-bc92e34c8685@init servlet   ] [XdRefactoring                 ] [@] Apply refactoring: jetbrains.youtrack.refactoring.RefactoringRestoreAllUndeletedProjects
 20/08/26 07:58:27,434 INFO  [2fb041fb-e854-7258-2ad9-bc92e34c8685@init servlet   ] [XdRefactoring                 ] [@] Apply refactoring: jetbrains.youtrack.event.refactoring.recursive.UserJobRefactoringChangeDiff
 20/08/26 07:58:27,435 INFO  [2fb041fb-e854-7258-2ad9-bc92e34c8685@init servlet   ] [UserJobRecursiveRefactoring   ] [@] UserJobRefactoringChangeDiff refactoring is disabled
 20/08/26 07:58:27,442 INFO  [2fb041fb-e854-7258-2ad9-bc92e34c8685@init servlet   ] [XdRefactoring                 ] [@] Apply refactoring: jetbrains.youtrack.reports.refactorings.RefactoringResetCalculatingReportsStatus
 20/08/26 07:58:27,442 ERROR [2fb041fb-e854-7258-2ad9-bc92e34c8685@user-action-1  ] [UpdateCheckerImpl             ] [@] Update check failed with: java.net.UnknownHostException: www.jetbrains.com
 javax.ws.rs.ProcessingException: java.net.UnknownHostException: www.jetbrains.com
	at org.glassfish.jersey.client.internal.HttpUrlConnector.apply(HttpUrlConnector.java:288)
	at org.glassfish.jersey.client.ClientRuntime.invoke(ClientRuntime.java:300)
	at org.glassfish.jersey.client.JerseyInvocation.lambda$invoke$1(JerseyInvocation.java:687)
	at org.glassfish.jersey.client.JerseyInvocation.call(JerseyInvocation.java:709)
	at org.glassfish.jersey.client.JerseyInvocation.lambda$runInScope$3(JerseyInvocation.java:703)
	at org.glassfish.jersey.internal.Errors.process(Errors.java:292)
	at org.glassfish.jersey.internal.Errors.process(Errors.java:274)
	at org.glassfish.jersey.internal.Errors.process(Errors.java:205)
	at org.glassfish.jersey.process.internal.RequestScope.runInScope(RequestScope.java:390)
	at org.glassfish.jersey.client.JerseyInvocation.runInScope(JerseyInvocation.java:703)
	at org.glassfish.jersey.client.JerseyInvocation.invoke(JerseyInvocation.java:686)
	at org.glassfish.jersey.client.JerseyInvocation$Builder.method(JerseyInvocation.java:422)
	at org.glassfish.jersey.client.JerseyInvocation$Builder.get(JerseyInvocation.java:318)
	at jetbrains.youtrack.maintenance.updates.UpdateRest.getProducts(UpdateRest.kt:40)
	at jetbrains.youtrack.maintenance.updates.UpdateRest.getProduct(UpdateRest.kt:44)
	at jetbrains.youtrack.maintenance.updates.UpdateRest.getChannel(UpdateRest.kt:49)
	at jetbrains.youtrack.maintenance.updates.UpdateRest.getNewerBuild(UpdateRest.kt:64)
	at jetbrains.youtrack.maintenance.updates.UpdateCheckerImpl.checkForUpdate$lambda$0(UpdateCheckerImpl.kt:56)
	at jetbrains.charisma.executor.UserActionJob.execute(UserActionJob.kt:11)
	at jetbrains.youtrack.core.job.AbstractJob.doExecute(AbstractJob.kt:114)
	at jetbrains.youtrack.core.job.AbstractJob.tryExecute$youtrack_core(AbstractJob.kt:102)
	at jetbrains.youtrack.core.job.AbstractJobProcessor$JobExecutionTask.executeJob(AbstractJobProcessor.kt:229)
	at jetbrains.youtrack.core.job.AbstractJobProcessor$JobExecutionTask.runInContext(AbstractJobProcessor.kt:213)
	at jetbrains.youtrack.core.job.AbstractJobProcessor$JobExecutionTask.run$lambda$0(AbstractJobProcessor.kt:201)
	at jetbrains.youtrack.core.job.context.BeanContainerContext.doApply(ExecutionContexts.kt:47)
	at jetbrains.youtrack.core.job.context.ChainedExecutionContext.apply(ChainedExecutionContext.kt:29)
	at jetbrains.youtrack.core.job.context.ChainedExecutionContext.apply$lambda$0(ChainedExecutionContext.kt:26)
	at jetbrains.youtrack.core.job.context.LogExecutionContext.doApply(ExecutionContexts.kt:24)
	at jetbrains.youtrack.core.job.context.ChainedExecutionContext.apply(ChainedExecutionContext.kt:25)
	at jetbrains.youtrack.core.job.AbstractJobProcessor$JobExecutionTask.run(AbstractJobProcessor.kt:201)
	at java.base/java.util.concurrent.Executors$RunnableAdapter.call(Executors.java:572)
	at java.base/java.util.concurrent.FutureTask.run(FutureTask.java:317)
	at java.base/java.util.concurrent.ThreadPoolExecutor.runWorker(ThreadPoolExecutor.java:1144)
	at java.base/java.util.concurrent.ThreadPoolExecutor$Worker.run(ThreadPoolExecutor.java:642)
	at java.base/java.lang.Thread.run(Thread.java:1583)
Caused by: java.net.UnknownHostException: www.jetbrains.com
	at java.base/sun.nio.ch.NioSocketImpl.connect(NioSocketImpl.java:567)
	at java.base/java.net.SocksSocketImpl.connect(SocksSocketImpl.java:327)
	at java.base/java.net.Socket.connect(Socket.java:751)
	at java.base/sun.security.ssl.SSLSocketImpl.connect(SSLSocketImpl.java:304)
	at java.base/sun.net.NetworkClient.doConnect(NetworkClient.java:178)
	at java.base/sun.net.www.http.HttpClient.openServer(HttpClient.java:531)
	at java.base/sun.net.www.http.HttpClient.openServer(HttpClient.java:636)
	at java.base/sun.net.www.protocol.https.HttpsClient.<init>(HttpsClient.java:265)
	at java.base/sun.net.www.protocol.https.HttpsClient.New(HttpsClient.java:378)
	at java.base/sun.net.www.protocol.https.AbstractDelegateHttpsURLConnection.getNewHttpClient(AbstractDelegateHttpsURLConnection.java:196)
	at java.base/sun.net.www.protocol.http.HttpURLConnection.plainConnect0(HttpURLConnection.java:1257)
	at java.base/sun.net.www.protocol.http.HttpURLConnection.plainConnect(HttpURLConnection.java:1143)
	at java.base/sun.net.www.protocol.http.HttpURLConnection.connect(HttpURLConnection.java:1072)
	at java.base/sun.net.www.protocol.https.AbstractDelegateHttpsURLConnection.connect(AbstractDelegateHttpsURLConnection.java:181)
	at java.base/sun.net.www.protocol.http.HttpURLConnection.getInputStream0(HttpURLConnection.java:1705)
	at java.base/sun.net.www.protocol.http.HttpURLConnection.getInputStream(HttpURLConnection.java:1629)
	at java.base/java.net.HttpURLConnection.getResponseCode(HttpURLConnection.java:531)
	at java.base/sun.net.www.protocol.https.HttpsURLConnectionImpl.getResponseCode(HttpsURLConnectionImpl.java:307)
	at org.glassfish.jersey.client.internal.HttpUrlConnector._apply(HttpUrlConnector.java:453)
	at org.glassfish.jersey.client.internal.HttpUrlConnector.apply(HttpUrlConnector.java:286)
	... 34 more
20/08/26 07:58:27,446 ERROR [2fb041fb-e854-7258-2ad9-bc92e34c8685@user-action-1  ] [UpdateCheckResult             ] [@] DNS record for jetbrains.com cannot be resolved, skipping update check
 20/08/26 07:58:27,461 INFO  [2fb041fb-e854-7258-2ad9-bc92e34c8685@init servlet   ] [XdRefactoring                 ] [@] Completed youtrack-only refactorings in 0 min 0 sec
 20/08/26 07:58:27,461 INFO  [2fb041fb-e854-7258-2ad9-bc92e34c8685@init servlet   ] [ApplicationStateHolderImpl    ] [@] Application state changed from REFACTORINGS_STARTED to REFACTORINGS_FINISHED
 20/08/26 07:58:32,442 INFO  [2fb041fb-e854-7258-2ad9-bc92e34c8685@init servlet   ] [PermissionCacheImpl           ] [@] Start recalculating permissions cache
 20/08/26 07:58:32,483 INFO  [2fb041fb-e854-7258-2ad9-bc92e34c8685@init servlet   ] [PermissionCacheImpl           ] [@] Finish recalculating permissions cache in: 0.039652889s, total user clusters: 2
 20/08/26 07:58:32,483 INFO  [2fb041fb-e854-7258-2ad9-bc92e34c8685@init servlet   ] [DnqUtils                      ] [@] Init indexes for unique properties and composite keys
 20/08/26 07:58:32,546 INFO  [2fb041fb-e854-7258-2ad9-bc92e34c8685@init servlet   ] [YouTrackWarmUp                ] [@] EntityIterableCache warm-up started
 20/08/26 07:58:32,596 INFO  [2fb041fb-e854-7258-2ad9-bc92e34c8685@init servlet   ] [YouTrackWarmUp                ] [@] EntityIterableCache warm-up took 50 ms.
 20/08/26 07:58:32,596 INFO  [2fb041fb-e854-7258-2ad9-bc92e34c8685@init servlet   ] [ApplicationStateHolderImpl    ] [@] Application state changed from REFACTORINGS_FINISHED to UNIQUE_INDEXES_INITIALIZED
 20/08/26 07:58:32,603 INFO  [2fb041fb-e854-7258-2ad9-bc92e34c8685@init servlet   ] [ApplicationStateHolderImpl    ] [@] Application state changed from UNIQUE_INDEXES_INITIALIZED to BACKUP_AND_TEXT_INDEX_INITIALIZED
 20/08/26 07:58:32,909 INFO  [2fb041fb-e854-7258-2ad9-bc92e34c8685@init servlet   ] [PrefixTrees                   ] [@] Finish creating keyword index in [143 ms]
 20/08/26 07:58:32,909 INFO  [2fb041fb-e854-7258-2ad9-bc92e34c8685@init servlet   ] [ApplicationStateHolderImpl    ] [@] Application state changed from BACKUP_AND_TEXT_INDEX_INITIALIZED to PREFIX_TREES_INITIALIZED
 20/08/26 07:58:32,910 INFO  [2fb041fb-e854-7258-2ad9-bc92e34c8685@init servlet   ] [ApplicationStateHolderImpl    ] [@] Application state changed from PREFIX_TREES_INITIALIZED to HUB_INTEGRATION_STARTING
 20/08/26 07:58:33,660 INFO  [2fb041fb-e854-7258-2ad9-bc92e34c8685@init servlet   ] [XdRefactoring                 ] [@] Starting Hub context aware refactorings...
 20/08/26 07:58:33,664 INFO  [2fb041fb-e854-7258-2ad9-bc92e34c8685@init servlet   ] [XdRefactoring                 ] [@] Completed Hub context aware refactorings in 0 min 0 sec
 20/08/26 07:58:33,678 INFO  [2fb041fb-e854-7258-2ad9-bc92e34c8685@init servlet   ] [ApplicationStateHolderImpl    ] [@] Application state changed from HUB_INTEGRATION_STARTING to HUB_INTEGRATION_STARTED
 20/08/26 07:58:33,804 INFO  [2fb041fb-e854-7258-2ad9-bc92e34c8685@init servlet   ] [PermissionsCacheData          ] [@] Custom field permission cache for 0 users (0 handlers) built in 1 ms
 20/08/26 07:58:33,808 INFO  [2fb041fb-e854-7258-2ad9-bc92e34c8685@init servlet   ] [CustomFieldsPermissionsCache  ] [@] Custom field permission cache initialized
 20/08/26 07:58:36,449 INFO  [2fb041fb-e854-7258-2ad9-bc92e34c8685@init servlet   ] [ApplicationStateHolderImpl    ] [@] Application state changed from HUB_INTEGRATION_STARTED to APP_LIFECYCLE_START
 20/08/26 07:58:36,450 INFO  [2fb041fb-e854-7258-2ad9-bc92e34c8685@init servlet   ] [emTimeServiceLifecycleListener] [@] SystemTimeService Lifecycle: '' is not set; skipping validation
 20/08/26 07:58:41,623 INFO  [2fb041fb-e854-7258-2ad9-bc92e34c8685@init servlet   ] [ApplicationStateHolderImpl    ] [@] Application state changed from APP_LIFECYCLE_START to RUNNING
 20/08/26 07:58:41,635 INFO  [2fb041fb-e854-7258-2ad9-bc92e34c8685@init servlet   ] [YouTrackInit                  ] [@] YouTrack init complete
 20/08/26 07:59:29,789 INFO  [fce9015c-23f6-d776-d3eb-957fadf61ad6@qtp30800650-59 ] [security                      ] [admin@172.19.0.1] field ZoneOfResponsibility10[__CUSTOM_FIELD__ZoneOfResponsibility10_26] created
 20/08/26 07:59:29,786 INFO  [a543dbe3-644f-02f2-ce39-1b877fca46ba@qtp30800650-60 ] [security                      ] [admin@172.19.0.1] field ZoneOfResponsibility10[__CUSTOM_FIELD__ZoneOfResponsibility10_25] created
 20/08/26 07:59:29,798 INFO  [fce9015c-23f6-d776-d3eb-957fadf61ad6@qtp30800650-59 ] [security                      ] [admin@172.19.0.1] for field ZoneOfResponsibility10 Default bundle is set to <empty>.
 20/08/26 07:59:29,798 INFO  [a543dbe3-644f-02f2-ce39-1b877fca46ba@qtp30800650-60 ] [security                      ] [admin@172.19.0.1] for field ZoneOfResponsibility10 Default bundle is set to <empty>.
 20/08/26 07:59:29,799 INFO  [a543dbe3-644f-02f2-ce39-1b877fca46ba@qtp30800650-60 ] [security                      ] [admin@172.19.0.1] for field ZoneOfResponsibility10 default values are set to [].
 20/08/26 07:59:29,799 INFO  [fce9015c-23f6-d776-d3eb-957fadf61ad6@qtp30800650-59 ] [security                      ] [admin@172.19.0.1] for field ZoneOfResponsibility10 default values are set to [].
 20/08/26 07:59:29,799 INFO  [a543dbe3-644f-02f2-ce39-1b877fca46ba@qtp30800650-60 ] [security                      ] [admin@172.19.0.1] for field ZoneOfResponsibility10 default empty field text is set to null.
 20/08/26 07:59:29,800 INFO  [fce9015c-23f6-d776-d3eb-957fadf61ad6@qtp30800650-59 ] [security                      ] [admin@172.19.0.1] for field ZoneOfResponsibility10 default empty field text is set to null.
 20/08/26 07:59:30,230 WARN  [6c589812-571a-3170-93e3-38e0c0147fd8@qtp30800650-51 ] [YouTrackLicenseFilter         ] [admin@172.19.0.1] Can't commit rest transaction
 jetbrains.exodus.database.exceptions.ConstraintsValidationException: Constrains validation exception. Causes: 
  1: Property [CustomFieldPrototype: id = 157-38.name] can't be empty.

	at com.jetbrains.teamsys.dnq.database.TransientSessionImpl.checkBeforeSaveChangesConstraints(TransientSessionImpl.kt:474)
	at com.jetbrains.teamsys.dnq.database.TransientSessionImpl.flushChanges(TransientSessionImpl.kt:518)
	at com.jetbrains.teamsys.dnq.database.TransientSessionImpl.flush(TransientSessionImpl.kt:193)
	at jetbrains.charisma.main.YouTrackTransactionalFilter.filter(RestFilters.kt:171)
	at org.glassfish.jersey.server.ContainerFilteringStage$ResponseFilterStage.apply(ContainerFilteringStage.java:172)
	at org.glassfish.jersey.server.ContainerFilteringStage$ResponseFilterStage.apply(ContainerFilteringStage.java:139)
	at org.glassfish.jersey.process.internal.Stages.process(Stages.java:147)
	at org.glassfish.jersey.server.ServerRuntime$Responder.processResponse(ServerRuntime.java:378)
	at org.glassfish.jersey.server.ServerRuntime$Responder.process(ServerRuntime.java:370)
	at org.glassfish.jersey.server.ServerRuntime$1.run(ServerRuntime.java:259)
	at org.glassfish.jersey.internal.Errors$1.call(Errors.java:248)
	at org.glassfish.jersey.internal.Errors$1.call(Errors.java:244)
	at org.glassfish.jersey.internal.Errors.process(Errors.java:292)
	at org.glassfish.jersey.internal.Errors.process(Errors.java:274)
	at org.glassfish.jersey.internal.Errors.process(Errors.java:244)
	at org.glassfish.jersey.process.internal.RequestScope.runInScope(RequestScope.java:265)
	at org.glassfish.jersey.server.ServerRuntime.process(ServerRuntime.java:235)
	at org.glassfish.jersey.server.ApplicationHandler.handle(ApplicationHandler.java:684)
	at org.glassfish.jersey.servlet.WebComponent.serviceImpl(WebComponent.java:397)
	at org.glassfish.jersey.servlet.WebComponent.service(WebComponent.java:349)
	at jetbrains.youtrack.webapp.servlets.GapRestServlet.service(GapRestServlet.kt:85)
	at org.glassfish.jersey.servlet.ServletContainer.service(ServletContainer.java:312)
	at org.glassfish.jersey.servlet.ServletContainer.service(ServletContainer.java:205)
	at org.eclipse.jetty.servlet.ServletHolder.handle(ServletHolder.java:799)
	at org.eclipse.jetty.servlet.ServletHandler$ChainEnd.doFilter(ServletHandler.java:1656)
	at jetbrains.youtrack.webapp.filters.ClearPrincipalFilter.doFilter(ClearPrincipalFilter.kt:16)
	at jetbrains.youtrack.webapp.filters.FilterAdapter.doFilter(FilterAdapter.kt:45)
	at org.eclipse.jetty.servlet.FilterHolder.doFilter(FilterHolder.java:193)
	at org.eclipse.jetty.servlet.ServletHandler$Chain.doFilter(ServletHandler.java:1626)
	at jetbrains.youtrack.webapp.filters.SecurityResponseHeadersFilter.doFilter(SecurityResponseHeadersFilter.kt:29)
	at jetbrains.youtrack.webapp.filters.FilterAdapter.doFilter(FilterAdapter.kt:45)
	at org.eclipse.jetty.servlet.FilterHolder.doFilter(FilterHolder.java:193)
	at org.eclipse.jetty.servlet.ServletHandler$Chain.doFilter(ServletHandler.java:1626)
	at jetbrains.youtrack.gaprest.filters.HttpContextAccessorFilter.doFilter(HttpContextAccessorFilter.kt:42)
	at org.eclipse.jetty.servlet.FilterHolder.doFilter(FilterHolder.java:193)
	at org.eclipse.jetty.servlet.ServletHandler$Chain.doFilter(ServletHandler.java:1626)
	at jetbrains.youtrack.spring.controller.BaseApplicationFilter.doFilter(BaseApplicationFilter.kt:23)
	at org.eclipse.jetty.servlet.FilterHolder.doFilter(FilterHolder.java:193)
	at org.eclipse.jetty.servlet.ServletHandler$Chain.doFilter(ServletHandler.java:1626)
	at jetbrains.youtrack.webapp.filters.MdcProviderServletFilter.doFilter(MdcProviderServletFilter.kt:29)
	at org.eclipse.jetty.servlet.FilterHolder.doFilter(FilterHolder.java:193)
	at org.eclipse.jetty.servlet.ServletHandler$Chain.doFilter(ServletHandler.java:1626)
	at jetbrains.youtrack.webapp.filters.SitemapFilter.doFilter(SitemapFilter.kt:16)
	at jetbrains.youtrack.webapp.filters.FilterAdapter.doFilter(FilterAdapter.kt:45)
	at org.eclipse.jetty.servlet.FilterHolder.doFilter(FilterHolder.java:193)
	at org.eclipse.jetty.servlet.ServletHandler$Chain.doFilter(ServletHandler.java:1626)
	at jetbrains.youtrack.webapp.filters.CorsRequestFilter.doFilter(CorsRequestFilter.kt:59)
	at jetbrains.youtrack.webapp.filters.FilterAdapter.doFilter(FilterAdapter.kt:45)
	at org.eclipse.jetty.servlet.FilterHolder.doFilter(FilterHolder.java:193)
	at org.eclipse.jetty.servlet.ServletHandler$Chain.doFilter(ServletHandler.java:1626)
	at jetbrains.youtrack.webapp.filters.CloudRedirectRootRequestFilter.doFilter(CloudRedirectRootRequestFilter.kt:14)
	at jetbrains.youtrack.webapp.filters.FilterAdapter.doFilter(FilterAdapter.kt:45)
	at org.eclipse.jetty.servlet.FilterHolder.doFilter(FilterHolder.java:193)
	at org.eclipse.jetty.servlet.ServletHandler$Chain.doFilter(ServletHandler.java:1626)
	at jetbrains.youtrack.webapp.filters.CloudForwardFilter.doFilter(CloudForwardFilter.kt:15)
	at jetbrains.youtrack.webapp.filters.FilterAdapter.doFilter(FilterAdapter.kt:45)
	at org.eclipse.jetty.servlet.FilterHolder.doFilter(FilterHolder.java:193)
	at org.eclipse.jetty.servlet.ServletHandler$Chain.doFilter(ServletHandler.java:1626)
	at org.eclipse.jetty.servlet.ServletHandler.doHandle(ServletHandler.java:552)
	at org.eclipse.jetty.server.handler.ScopedHandler.handle(ScopedHandler.java:143)
	at org.eclipse.jetty.server.handler.gzip.GzipHandler.handle(GzipHandler.java:772)
	at org.eclipse.jetty.security.SecurityHandler.handle(SecurityHandler.java:600)
	at org.eclipse.jetty.server.handler.HandlerWrapper.handle(HandlerWrapper.java:127)
	at org.eclipse.jetty.server.handler.ScopedHandler.nextHandle(ScopedHandler.java:235)
	at org.eclipse.jetty.server.session.SessionHandler.doHandle(SessionHandler.java:1624)
	at org.eclipse.jetty.server.handler.ScopedHandler.nextHandle(ScopedHandler.java:233)
	at org.eclipse.jetty.server.handler.ContextHandler.doHandle(ContextHandler.java:1440)
	at org.eclipse.jetty.server.handler.ScopedHandler.nextScope(ScopedHandler.java:188)
	at org.eclipse.jetty.servlet.ServletHandler.doScope(ServletHandler.java:505)
	at org.eclipse.jetty.server.session.SessionHandler.doScope(SessionHandler.java:1594)
	at org.eclipse.jetty.server.handler.ScopedHandler.nextScope(ScopedHandler.java:186)
	at org.eclipse.jetty.server.handler.ContextHandler.doScope(ContextHandler.java:1355)
	at org.eclipse.jetty.server.handler.ScopedHandler.handle(ScopedHandler.java:141)
	at org.eclipse.jetty.server.handler.ContextHandlerCollection.handle(ContextHandlerCollection.java:234)
	at org.eclipse.jetty.server.handler.HandlerCollection.handle(HandlerCollection.java:146)
	at org.eclipse.jetty.server.handler.HandlerWrapper.handle(HandlerWrapper.java:127)
	at org.eclipse.jetty.server.Server.handle(Server.java:516)
	at org.eclipse.jetty.server.HttpChannel.lambda$handle$1(HttpChannel.java:487)
	at org.eclipse.jetty.server.HttpChannel.dispatch(HttpChannel.java:732)
	at org.eclipse.jetty.server.HttpChannel.handle(HttpChannel.java:479)
	at org.eclipse.jetty.server.HttpConnection.onFillable(HttpConnection.java:277)
	at org.eclipse.jetty.io.AbstractConnection$ReadCallback.succeeded(AbstractConnection.java:311)
	at org.eclipse.jetty.io.FillInterest.fillable(FillInterest.java:105)
	at org.eclipse.jetty.io.ChannelEndPoint$1.run(ChannelEndPoint.java:104)
	at org.eclipse.jetty.util.thread.strategy.EatWhatYouKill.runTask(EatWhatYouKill.java:338)
	at org.eclipse.jetty.util.thread.strategy.EatWhatYouKill.doProduce(EatWhatYouKill.java:315)
	at org.eclipse.jetty.util.thread.strategy.EatWhatYouKill.tryProduce(EatWhatYouKill.java:173)
	at org.eclipse.jetty.util.thread.strategy.EatWhatYouKill.run(EatWhatYouKill.java:131)
	at org.eclipse.jetty.util.thread.ReservedThreadExecutor$ReservedThread.run(ReservedThreadExecutor.java:409)
	at org.eclipse.jetty.util.thread.QueuedThreadPool.runJob(QueuedThreadPool.java:883)
	at org.eclipse.jetty.util.thread.QueuedThreadPool$Runner.run(QueuedThreadPool.java:1034)
	at java.base/java.lang.Thread.run(Thread.java:1583)
20/08/26 07:59:30,284 WARN  [6c589812-571a-3170-93e3-38e0c0147fd8@qtp30800650-51 ] [aintsValidationExceptionMapper] [admin@172.19.0.1] Constraints validation exception at POST /api/admin/customFieldSettings/customFields requested by Apache-HttpClient/4.5.13 (Java/22.0.2)
 jetbrains.exodus.database.exceptions.ConstraintsValidationException: Constrains validation exception. Causes: 
  1: Property [CustomFieldPrototype: id = 157-38.name] can't be empty.

	at com.jetbrains.teamsys.dnq.database.TransientSessionImpl.checkBeforeSaveChangesConstraints(TransientSessionImpl.kt:474)
	at com.jetbrains.teamsys.dnq.database.TransientSessionImpl.flushChanges(TransientSessionImpl.kt:518)
	at com.jetbrains.teamsys.dnq.database.TransientSessionImpl.flush(TransientSessionImpl.kt:193)
	at jetbrains.charisma.main.YouTrackTransactionalFilter.filter(RestFilters.kt:171)
	at org.glassfish.jersey.server.ContainerFilteringStage$ResponseFilterStage.apply(ContainerFilteringStage.java:172)
	at org.glassfish.jersey.server.ContainerFilteringStage$ResponseFilterStage.apply(ContainerFilteringStage.java:139)
	at org.glassfish.jersey.process.internal.Stages.process(Stages.java:147)
	at org.glassfish.jersey.server.ServerRuntime$Responder.processResponse(ServerRuntime.java:378)
	at org.glassfish.jersey.server.ServerRuntime$Responder.process(ServerRuntime.java:370)
	at org.glassfish.jersey.server.ServerRuntime$1.run(ServerRuntime.java:259)
	at org.glassfish.jersey.internal.Errors$1.call(Errors.java:248)
	at org.glassfish.jersey.internal.Errors$1.call(Errors.java:244)
	at org.glassfish.jersey.internal.Errors.process(Errors.java:292)
	at org.glassfish.jersey.internal.Errors.process(Errors.java:274)
	at org.glassfish.jersey.internal.Errors.process(Errors.java:244)
	at org.glassfish.jersey.process.internal.RequestScope.runInScope(RequestScope.java:265)
	at org.glassfish.jersey.server.ServerRuntime.process(ServerRuntime.java:235)
	at org.glassfish.jersey.server.ApplicationHandler.handle(ApplicationHandler.java:684)
	at org.glassfish.jersey.servlet.WebComponent.serviceImpl(WebComponent.java:397)
	at org.glassfish.jersey.servlet.WebComponent.service(WebComponent.java:349)
	at jetbrains.youtrack.webapp.servlets.GapRestServlet.service(GapRestServlet.kt:85)
	at org.glassfish.jersey.servlet.ServletContainer.service(ServletContainer.java:312)
	at org.glassfish.jersey.servlet.ServletContainer.service(ServletContainer.java:205)
	at org.eclipse.jetty.servlet.ServletHolder.handle(ServletHolder.java:799)
	at org.eclipse.jetty.servlet.ServletHandler$ChainEnd.doFilter(ServletHandler.java:1656)
	at jetbrains.youtrack.webapp.filters.ClearPrincipalFilter.doFilter(ClearPrincipalFilter.kt:16)
	at jetbrains.youtrack.webapp.filters.FilterAdapter.doFilter(FilterAdapter.kt:45)
	at org.eclipse.jetty.servlet.FilterHolder.doFilter(FilterHolder.java:193)
	at org.eclipse.jetty.servlet.ServletHandler$Chain.doFilter(ServletHandler.java:1626)
	at jetbrains.youtrack.webapp.filters.SecurityResponseHeadersFilter.doFilter(SecurityResponseHeadersFilter.kt:29)
	at jetbrains.youtrack.webapp.filters.FilterAdapter.doFilter(FilterAdapter.kt:45)
	at org.eclipse.jetty.servlet.FilterHolder.doFilter(FilterHolder.java:193)
	at org.eclipse.jetty.servlet.ServletHandler$Chain.doFilter(ServletHandler.java:1626)
	at jetbrains.youtrack.gaprest.filters.HttpContextAccessorFilter.doFilter(HttpContextAccessorFilter.kt:42)
	at org.eclipse.jetty.servlet.FilterHolder.doFilter(FilterHolder.java:193)
	at org.eclipse.jetty.servlet.ServletHandler$Chain.doFilter(ServletHandler.java:1626)
	at jetbrains.youtrack.spring.controller.BaseApplicationFilter.doFilter(BaseApplicationFilter.kt:23)
	at org.eclipse.jetty.servlet.FilterHolder.doFilter(FilterHolder.java:193)
	at org.eclipse.jetty.servlet.ServletHandler$Chain.doFilter(ServletHandler.java:1626)
	at jetbrains.youtrack.webapp.filters.MdcProviderServletFilter.doFilter(MdcProviderServletFilter.kt:29)
	at org.eclipse.jetty.servlet.FilterHolder.doFilter(FilterHolder.java:193)
	at org.eclipse.jetty.servlet.ServletHandler$Chain.doFilter(ServletHandler.java:1626)
	at jetbrains.youtrack.webapp.filters.SitemapFilter.doFilter(SitemapFilter.kt:16)
	at jetbrains.youtrack.webapp.filters.FilterAdapter.doFilter(FilterAdapter.kt:45)
	at org.eclipse.jetty.servlet.FilterHolder.doFilter(FilterHolder.java:193)
	at org.eclipse.jetty.servlet.ServletHandler$Chain.doFilter(ServletHandler.java:1626)
	at jetbrains.youtrack.webapp.filters.CorsRequestFilter.doFilter(CorsRequestFilter.kt:59)
	at jetbrains.youtrack.webapp.filters.FilterAdapter.doFilter(FilterAdapter.kt:45)
	at org.eclipse.jetty.servlet.FilterHolder.doFilter(FilterHolder.java:193)
	at org.eclipse.jetty.servlet.ServletHandler$Chain.doFilter(ServletHandler.java:1626)
	at jetbrains.youtrack.webapp.filters.CloudRedirectRootRequestFilter.doFilter(CloudRedirectRootRequestFilter.kt:14)
	at jetbrains.youtrack.webapp.filters.FilterAdapter.doFilter(FilterAdapter.kt:45)
	at org.eclipse.jetty.servlet.FilterHolder.doFilter(FilterHolder.java:193)
	at org.eclipse.jetty.servlet.ServletHandler$Chain.doFilter(ServletHandler.java:1626)
	at jetbrains.youtrack.webapp.filters.CloudForwardFilter.doFilter(CloudForwardFilter.kt:15)
	at jetbrains.youtrack.webapp.filters.FilterAdapter.doFilter(FilterAdapter.kt:45)
	at org.eclipse.jetty.servlet.FilterHolder.doFilter(FilterHolder.java:193)
	at org.eclipse.jetty.servlet.ServletHandler$Chain.doFilter(ServletHandler.java:1626)
	at org.eclipse.jetty.servlet.ServletHandler.doHandle(ServletHandler.java:552)
	at org.eclipse.jetty.server.handler.ScopedHandler.handle(ScopedHandler.java:143)
	at org.eclipse.jetty.server.handler.gzip.GzipHandler.handle(GzipHandler.java:772)
	at org.eclipse.jetty.security.SecurityHandler.handle(SecurityHandler.java:600)
	at org.eclipse.jetty.server.handler.HandlerWrapper.handle(HandlerWrapper.java:127)
	at org.eclipse.jetty.server.handler.ScopedHandler.nextHandle(ScopedHandler.java:235)
	at org.eclipse.jetty.server.session.SessionHandler.doHandle(SessionHandler.java:1624)
	at org.eclipse.jetty.server.handler.ScopedHandler.nextHandle(ScopedHandler.java:233)
	at org.eclipse.jetty.server.handler.ContextHandler.doHandle(ContextHandler.java:1440)
	at org.eclipse.jetty.server.handler.ScopedHandler.nextScope(ScopedHandler.java:188)
	at org.eclipse.jetty.servlet.ServletHandler.doScope(ServletHandler.java:505)
	at org.eclipse.jetty.server.session.SessionHandler.doScope(SessionHandler.java:1594)
	at org.eclipse.jetty.server.handler.ScopedHandler.nextScope(ScopedHandler.java:186)
	at org.eclipse.jetty.server.handler.ContextHandler.doScope(ContextHandler.java:1355)
	at org.eclipse.jetty.server.handler.ScopedHandler.handle(ScopedHandler.java:141)
	at org.eclipse.jetty.server.handler.ContextHandlerCollection.handle(ContextHandlerCollection.java:234)
	at org.eclipse.jetty.server.handler.HandlerCollection.handle(HandlerCollection.java:146)
	at org.eclipse.jetty.server.handler.HandlerWrapper.handle(HandlerWrapper.java:127)
	at org.eclipse.jetty.server.Server.handle(Server.java:516)
	at org.eclipse.jetty.server.HttpChannel.lambda$handle$1(HttpChannel.java:487)
	at org.eclipse.jetty.server.HttpChannel.dispatch(HttpChannel.java:732)
	at org.eclipse.jetty.server.HttpChannel.handle(HttpChannel.java:479)
	at org.eclipse.jetty.server.HttpConnection.onFillable(HttpConnection.java:277)
	at org.eclipse.jetty.io.AbstractConnection$ReadCallback.succeeded(AbstractConnection.java:311)
	at org.eclipse.jetty.io.FillInterest.fillable(FillInterest.java:105)
	at org.eclipse.jetty.io.ChannelEndPoint$1.run(ChannelEndPoint.java:104)
	at org.eclipse.jetty.util.thread.strategy.EatWhatYouKill.runTask(EatWhatYouKill.java:338)
	at org.eclipse.jetty.util.thread.strategy.EatWhatYouKill.doProduce(EatWhatYouKill.java:315)
	at org.eclipse.jetty.util.thread.strategy.EatWhatYouKill.tryProduce(EatWhatYouKill.java:173)
	at org.eclipse.jetty.util.thread.strategy.EatWhatYouKill.run(EatWhatYouKill.java:131)
	at org.eclipse.jetty.util.thread.ReservedThreadExecutor$ReservedThread.run(ReservedThreadExecutor.java:409)
	at org.eclipse.jetty.util.thread.QueuedThreadPool.runJob(QueuedThreadPool.java:883)
	at org.eclipse.jetty.util.thread.QueuedThreadPool$Runner.run(QueuedThreadPool.java:1034)
	at java.base/java.lang.Thread.run(Thread.java:1583)
20/08/26 07:59:30,391 INFO  [2b25eddf-ccf9-e7f0-55a4-8d5e5eae297c@t-user-action-1] [security                      ] [custom_fields_user_1182692756@172.19.0.1] field ZoneOfResponsibility10[__CUSTOM_FIELD__ZoneOfResponsibility10_26] removed
 20/08/26 07:59:30,392 INFO  [2b25eddf-ccf9-e7f0-55a4-8d5e5eae297c@t-user-action-1] [security                      ] [custom_fields_user_1182692756@172.19.0.1] defaults are being cleaned for field with name null
 20/08/26 07:59:30,393 INFO  [2b25eddf-ccf9-e7f0-55a4-8d5e5eae297c@t-user-action-1] [security                      ] [custom_fields_user_1182692756@172.19.0.1] defaults are cleaned
 20/08/26 07:59:30,394 INFO  [d158bbc2-0f9a-4d10-8e11-180113c1e763@t-user-action-2] [security                      ] [custom_fields_user_1182692756@172.19.0.1] field ZoneOfResponsibility10[__CUSTOM_FIELD__ZoneOfResponsibility10_25] removed
 20/08/26 07:59:30,395 INFO  [d158bbc2-0f9a-4d10-8e11-180113c1e763@t-user-action-2] [security                      ] [custom_fields_user_1182692756@172.19.0.1] defaults are being cleaned for field with name null
 20/08/26 07:59:30,395 INFO  [d158bbc2-0f9a-4d10-8e11-180113c1e763@t-user-action-2] [security                      ] [custom_fields_user_1182692756@172.19.0.1] defaults are cleaned
 20/08/26 07:59:37,705 INFO  [a5e003e7-1930-1b9c-432e-d4163d93418f@qtp30800650-51 ] [security                      ] [admin@172.19.0.1] field ZoneOfResponsibility10[__CUSTOM_FIELD__ZoneOfResponsibility10_28] created
 20/08/26 07:59:37,706 INFO  [a5e003e7-1930-1b9c-432e-d4163d93418f@qtp30800650-51 ] [security                      ] [admin@172.19.0.1] for field ZoneOfResponsibility10 Default bundle is set to <empty>.
 20/08/26 07:59:37,706 INFO  [a5e003e7-1930-1b9c-432e-d4163d93418f@qtp30800650-51 ] [security                      ] [admin@172.19.0.1] for field ZoneOfResponsibility10 default values are set to [].
 20/08/26 07:59:37,706 INFO  [a5e003e7-1930-1b9c-432e-d4163d93418f@qtp30800650-51 ] [security                      ] [admin@172.19.0.1] for field ZoneOfResponsibility10 default empty field text is set to null.
 20/08/26 07:59:38,183 INFO  [9ac842dc-f3ee-9216-35c9-f1af1cf14da8@t-user-action-3] [security                      ] [custom_fields_user_1182692756@172.19.0.1] field ZoneOfResponsibility10[__CUSTOM_FIELD__ZoneOfResponsibility10_28] removed
 20/08/26 07:59:38,188 INFO  [9ac842dc-f3ee-9216-35c9-f1af1cf14da8@t-user-action-3] [security                      ] [custom_fields_user_1182692756@172.19.0.1] defaults are being cleaned for field with name null
 20/08/26 07:59:38,188 INFO  [9ac842dc-f3ee-9216-35c9-f1af1cf14da8@t-user-action-3] [security                      ] [custom_fields_user_1182692756@172.19.0.1] defaults are cleaned
 20/08/26 07:59:40,515 INFO  [89cd5e54-e853-91a2-d534-0c00b5ba6ad5@qtp30800650-65 ] [security                      ] [admin@172.19.0.1] field ZoneOfResponsibility10[__CUSTOM_FIELD__ZoneOfResponsibility10_29] created
 20/08/26 07:59:40,516 INFO  [89cd5e54-e853-91a2-d534-0c00b5ba6ad5@qtp30800650-65 ] [security                      ] [admin@172.19.0.1] for field ZoneOfResponsibility10 Default bundle is set to <empty>.
 20/08/26 07:59:40,516 INFO  [89cd5e54-e853-91a2-d534-0c00b5ba6ad5@qtp30800650-65 ] [security                      ] [admin@172.19.0.1] for field ZoneOfResponsibility10 default values are set to [].
 20/08/26 07:59:40,516 INFO  [89cd5e54-e853-91a2-d534-0c00b5ba6ad5@qtp30800650-65 ] [security                      ] [admin@172.19.0.1] for field ZoneOfResponsibility10 default empty field text is set to null.
 20/08/26 07:59:40,988 INFO  [0dcb8df3-fed9-3855-372b-f0569a3b2fa5@t-user-action-2] [security                      ] [custom_fields_user_1182692756@172.19.0.1] field ZoneOfResponsibility10[__CUSTOM_FIELD__ZoneOfResponsibility10_29] removed
 20/08/26 07:59:40,990 INFO  [0dcb8df3-fed9-3855-372b-f0569a3b2fa5@t-user-action-2] [security                      ] [custom_fields_user_1182692756@172.19.0.1] defaults are being cleaned for field with name null
 20/08/26 07:59:40,991 INFO  [0dcb8df3-fed9-3855-372b-f0569a3b2fa5@t-user-action-2] [security                      ] [custom_fields_user_1182692756@172.19.0.1] defaults are cleaned
 20/08/26 08:00:03,912 INFO  [@ Daemon Proxy 3] [ServletContextDestroyListener ] [@] Destroyed event for context local
 20/08/26 08:00:03,913 INFO  [@ Daemon Proxy 3] [ApplicationStateHolderImpl    ] [@] Application state changed from RUNNING to SHUTTING_DOWN
 20/08/26 08:00:03,915 INFO  [@ Daemon Proxy 3] [YouTrackShutdown              ] [@] Stopping appLifecycleListeners
 20/08/26 08:00:03,915 INFO  [@ Daemon Proxy 3] [ApplicationStateHolderImpl    ] [@] Application state changed from SHUTTING_DOWN to APP_LIFECYCLE_STOP
 20/08/26 08:00:03,921 INFO  [@ Daemon Proxy 3] [JobProcessorsShutDown         ] [@] Stopping job processors
 20/08/26 08:00:03,921 INFO  [@ Daemon Proxy 3] [JobProcessorsShutDown         ] [@] Stopping job processor GlobalSchedulingJobProcessor
 20/08/26 08:00:03,921 INFO  [@ Daemon Proxy 3] [JobProcessorsShutDown         ] [@] Finished all jobs for job processor GlobalSchedulingJobProcessor
 20/08/26 08:00:03,921 INFO  [@ Daemon Proxy 3] [JobProcessorsShutDown         ] [@] Stopping job processor LocalSchedulingJobProcessor
 20/08/26 08:00:03,921 INFO  [@ Daemon Proxy 3] [JobProcessorsShutDown         ] [@] Finished all jobs for job processor LocalSchedulingJobProcessor
 20/08/26 08:00:03,921 INFO  [@ Daemon Proxy 3] [JobProcessorsShutDown         ] [@] Stopping job processor AsyncUIJobProcessor
 20/08/26 08:00:03,921 INFO  [@ Daemon Proxy 3] [JobProcessorsShutDown         ] [@] Finished all jobs for job processor AsyncUIJobProcessor
 20/08/26 08:00:03,921 INFO  [@ Daemon Proxy 3] [JobProcessorsShutDown         ] [@] Stopping job processor HeavyPersistentUserActionJobProcessor
 20/08/26 08:00:03,921 INFO  [@ Daemon Proxy 3] [JobProcessorsShutDown         ] [@] Finished all jobs for job processor HeavyPersistentUserActionJobProcessor
 20/08/26 08:00:03,921 INFO  [@ Daemon Proxy 3] [JobProcessorsShutDown         ] [@] Stopping job processor MaintenanceJobProcessor
 20/08/26 08:00:03,921 INFO  [@ Daemon Proxy 3] [JobProcessorsShutDown         ] [@] Finished all jobs for job processor MaintenanceJobProcessor
 20/08/26 08:00:03,921 INFO  [@ Daemon Proxy 3] [JobProcessorsShutDown         ] [@] Stopping job processor PersistentUserActionJobProcessor
 20/08/26 08:00:03,921 INFO  [@ Daemon Proxy 3] [JobProcessorsShutDown         ] [@] Finished all jobs for job processor PersistentUserActionJobProcessor
 20/08/26 08:00:03,921 INFO  [@ Daemon Proxy 3] [JobProcessorsShutDown         ] [@] Stopping job processor SpentTimeCorrectionJobProcessor
 20/08/26 08:00:03,921 INFO  [@ Daemon Proxy 3] [JobProcessorsShutDown         ] [@] Finished all jobs for job processor SpentTimeCorrectionJobProcessor
 20/08/26 08:00:03,921 INFO  [@ Daemon Proxy 3] [JobProcessorsShutDown         ] [@] Stopping job processor AICommandsJobProcessor
 20/08/26 08:00:03,921 INFO  [@ Daemon Proxy 3] [JobProcessorsShutDown         ] [@] Finished all jobs for job processor AICommandsJobProcessor
 20/08/26 08:00:03,921 INFO  [@ Daemon Proxy 3] [JobProcessorsShutDown         ] [@] Stopping job processor AiDuplicateSuggestionsJobProcessor
 20/08/26 08:00:03,921 INFO  [@ Daemon Proxy 3] [JobProcessorsShutDown         ] [@] Finished all jobs for job processor AiDuplicateSuggestionsJobProcessor
 20/08/26 08:00:03,921 INFO  [@ Daemon Proxy 3] [JobProcessorsShutDown         ] [@] Stopping job processor AiLinkSuggestionsJobProcessor
 20/08/26 08:00:03,921 INFO  [@ Daemon Proxy 3] [JobProcessorsShutDown         ] [@] Finished all jobs for job processor AiLinkSuggestionsJobProcessor
 20/08/26 08:00:03,921 INFO  [@ Daemon Proxy 3] [JobProcessorsShutDown         ] [@] Stopping job processor AiReplySuggestionsJobProcessor
 20/08/26 08:00:03,921 INFO  [@ Daemon Proxy 3] [JobProcessorsShutDown         ] [@] Finished all jobs for job processor AiReplySuggestionsJobProcessor
 20/08/26 08:00:03,921 INFO  [@ Daemon Proxy 3] [JobProcessorsShutDown         ] [@] Stopping job processor DuplicatesSuggestionResponseJobProcessor
 20/08/26 08:00:03,921 INFO  [@ Daemon Proxy 3] [JobProcessorsShutDown         ] [@] Finished all jobs for job processor DuplicatesSuggestionResponseJobProcessor
 20/08/26 08:00:03,921 INFO  [@ Daemon Proxy 3] [JobProcessorsShutDown         ] [@] Stopping job processor GrazieTasksAPIJobProcessor
 20/08/26 08:00:03,921 INFO  [@ Daemon Proxy 3] [JobProcessorsShutDown         ] [@] Finished all jobs for job processor GrazieTasksAPIJobProcessor
 20/08/26 08:00:03,921 INFO  [@ Daemon Proxy 3] [JobProcessorsShutDown         ] [@] Stopping job processor LinkSuggestionResponseJobProcessor
 20/08/26 08:00:03,921 INFO  [@ Daemon Proxy 3] [JobProcessorsShutDown         ] [@] Finished all jobs for job processor LinkSuggestionResponseJobProcessor
 20/08/26 08:00:03,921 INFO  [@ Daemon Proxy 3] [JobProcessorsShutDown         ] [@] Stopping job processor NaturalSearchResponseJobProcessor
 20/08/26 08:00:03,921 INFO  [@ Daemon Proxy 3] [JobProcessorsShutDown         ] [@] Finished all jobs for job processor NaturalSearchResponseJobProcessor
 20/08/26 08:00:03,921 INFO  [@ Daemon Proxy 3] [JobProcessorsShutDown         ] [@] Stopping job processor ThreadToIssueJobProcessor
 20/08/26 08:00:03,921 INFO  [@ Daemon Proxy 3] [JobProcessorsShutDown         ] [@] Finished all jobs for job processor ThreadToIssueJobProcessor
 20/08/26 08:00:03,921 INFO  [@ Daemon Proxy 3] [JobProcessorsShutDown         ] [@] Stopping job processor SmartSearchResponseJobProcessor
 20/08/26 08:00:03,921 INFO  [@ Daemon Proxy 3] [JobProcessorsShutDown         ] [@] Finished all jobs for job processor SmartSearchResponseJobProcessor
 20/08/26 08:00:03,921 INFO  [@ Daemon Proxy 3] [JobProcessorsShutDown         ] [@] Stopping job processor PredefinedScriptJobProcessor
 20/08/26 08:00:03,921 INFO  [@ Daemon Proxy 3] [JobProcessorsShutDown         ] [@] Finished all jobs for job processor PredefinedScriptJobProcessor
 20/08/26 08:00:03,921 INFO  [@ Daemon Proxy 3] [JobProcessorsShutDown         ] [@] Stopping job processor AsyncFunctionJobProcessor
 20/08/26 08:00:03,921 INFO  [@ Daemon Proxy 3] [JobProcessorsShutDown         ] [@] Finished all jobs for job processor AsyncFunctionJobProcessor
 20/08/26 08:00:03,921 INFO  [@ Daemon Proxy 3] [JobProcessorsShutDown         ] [@] Stopping job processor AgileUserProfileJobProcessor
 20/08/26 08:00:03,921 INFO  [@ Daemon Proxy 3] [JobProcessorsShutDown         ] [@] Finished all jobs for job processor AgileUserProfileJobProcessor
 20/08/26 08:00:03,921 INFO  [@ Daemon Proxy 3] [JobProcessorsShutDown         ] [@] Stopping job processor VcsJobProcessor
 20/08/26 08:00:03,921 INFO  [@ Daemon Proxy 3] [JobProcessorsShutDown         ] [@] Finished all jobs for job processor VcsJobProcessor
 20/08/26 08:00:03,921 INFO  [@ Daemon Proxy 3] [JobProcessorsShutDown         ] [@] Stopping job processor WorkflowEventJobProcessor
 20/08/26 08:00:03,921 INFO  [@ Daemon Proxy 3] [JobProcessorsShutDown         ] [@] Finished all jobs for job processor WorkflowEventJobProcessor
 20/08/26 08:00:03,921 INFO  [@ Daemon Proxy 3] [JobProcessorsShutDown         ] [@] Stopping job processor WorkflowScheduledJobProcessor
 20/08/26 08:00:03,921 INFO  [@ Daemon Proxy 3] [JobProcessorsShutDown         ] [@] Finished all jobs for job processor WorkflowScheduledJobProcessor
 20/08/26 08:00:03,921 INFO  [@ Daemon Proxy 3] [JobProcessorsShutDown         ] [@] Stopping job processor UserProfileJobProcessor
 20/08/26 08:00:03,921 INFO  [@ Daemon Proxy 3] [JobProcessorsShutDown         ] [@] Finished all jobs for job processor UserProfileJobProcessor
 20/08/26 08:00:03,921 INFO  [@ Daemon Proxy 3] [JobProcessorsShutDown         ] [@] Stopping job processor CleanupJobProcessor
 20/08/26 08:00:03,921 INFO  [@ Daemon Proxy 3] [JobProcessorsShutDown         ] [@] Finished all jobs for job processor CleanupJobProcessor
 20/08/26 08:00:03,921 INFO  [@ Daemon Proxy 3] [JobProcessorsShutDown         ] [@] Stopping job processor ArticlesExportJobProcessor
 20/08/26 08:00:03,921 INFO  [@ Daemon Proxy 3] [JobProcessorsShutDown         ] [@] Finished all jobs for job processor ArticlesExportJobProcessor
 20/08/26 08:00:03,921 INFO  [@ Daemon Proxy 3] [JobProcessorsShutDown         ] [@] Stopping job processor SimilarIssuesResponseJobProcessor
 20/08/26 08:00:03,921 INFO  [@ Daemon Proxy 3] [JobProcessorsShutDown         ] [@] Finished all jobs for job processor SimilarIssuesResponseJobProcessor
 20/08/26 08:00:03,921 INFO  [@ Daemon Proxy 3] [JobProcessorsShutDown         ] [@] Stopping job processor ArticleAnalysisDurabilityJobProcessor
 20/08/26 08:00:03,922 INFO  [@ Daemon Proxy 3] [JobProcessorsShutDown         ] [@] Finished all jobs for job processor ArticleAnalysisDurabilityJobProcessor
 20/08/26 08:00:03,922 INFO  [@ Daemon Proxy 3] [JobProcessorsShutDown         ] [@] Stopping job processor GanttJobProcessor
 20/08/26 08:00:03,922 INFO  [@ Daemon Proxy 3] [JobProcessorsShutDown         ] [@] Finished all jobs for job processor GanttJobProcessor
 20/08/26 08:00:03,922 INFO  [@ Daemon Proxy 3] [JobProcessorsShutDown         ] [@] Stopping job processor ImportsJobProcessor
 20/08/26 08:00:03,922 INFO  [@ Daemon Proxy 3] [JobProcessorsShutDown         ] [@] Finished all jobs for job processor ImportsJobProcessor
 20/08/26 08:00:03,922 INFO  [@ Daemon Proxy 3] [JobProcessorsShutDown         ] [@] Stopping job processor MailboxJobProcessor
 20/08/26 08:00:03,922 INFO  [@ Daemon Proxy 3] [JobProcessorsShutDown         ] [@] Finished all jobs for job processor MailboxJobProcessor
 20/08/26 08:00:03,922 INFO  [@ Daemon Proxy 3] [JobProcessorsShutDown         ] [@] Stopping job processor NotificationAnalyzerJobProcessor
 20/08/26 08:00:03,922 INFO  [@ Daemon Proxy 3] [JobProcessorsShutDown         ] [@] Finished all jobs for job processor NotificationAnalyzerJobProcessor
 20/08/26 08:00:03,922 INFO  [@ Daemon Proxy 3] [JobProcessorsShutDown         ] [@] Stopping job processor IssueAnalysisDurabilityJobProcessor
 20/08/26 08:00:03,922 INFO  [@ Daemon Proxy 3] [JobProcessorsShutDown         ] [@] Finished all jobs for job processor IssueAnalysisDurabilityJobProcessor
 20/08/26 08:00:03,922 INFO  [@ Daemon Proxy 3] [JobProcessorsShutDown         ] [@] Stopping job processor SendingDurabilityJobProcessor
 20/08/26 08:00:03,922 INFO  [@ Daemon Proxy 3] [JobProcessorsShutDown         ] [@] Finished all jobs for job processor SendingDurabilityJobProcessor
 20/08/26 08:00:03,922 INFO  [@ Daemon Proxy 3] [JobProcessorsShutDown         ] [@] Stopping job processor NotificationJobProcessor
 20/08/26 08:00:03,922 INFO  [@ Daemon Proxy 3] [JobProcessorsShutDown         ] [@] Finished all jobs for job processor NotificationJobProcessor
 20/08/26 08:00:03,922 INFO  [@ Daemon Proxy 3] [JobProcessorsShutDown         ] [@] Stopping job processor ReportsJobProcessor
 20/08/26 08:00:03,922 INFO  [@ Daemon Proxy 3] [JobProcessorsShutDown         ] [@] Finished all jobs for job processor ReportsJobProcessor
 20/08/26 08:00:03,922 INFO  [@ Daemon Proxy 3] [JobProcessorsShutDown         ] [@] Stopping job processor AuditJobProcessor
 20/08/26 08:00:03,922 INFO  [@ Daemon Proxy 3] [JobProcessorsShutDown         ] [@] Finished all jobs for job processor AuditJobProcessor
 20/08/26 08:00:03,922 INFO  [@ Daemon Proxy 3] [JobProcessorsShutDown         ] [@] Stopping job processor HubIntegrationJobProcessor
 20/08/26 08:00:03,922 INFO  [@ Daemon Proxy 3] [JobProcessorsShutDown         ] [@] Finished all jobs for job processor HubIntegrationJobProcessor
 20/08/26 08:00:03,922 INFO  [@ Daemon Proxy 3] [JobProcessorsShutDown         ] [@] Stopping job processor UserPrefixTreeCalculator
 20/08/26 08:00:03,922 INFO  [@ Daemon Proxy 3] [JobProcessorsShutDown         ] [@] Finished all jobs for job processor UserPrefixTreeCalculator
 20/08/26 08:00:03,922 INFO  [@ Daemon Proxy 3] [JobProcessorsShutDown         ] [@] Stopping job processor PermissionCacheCalculator
 20/08/26 08:00:03,922 INFO  [@ Daemon Proxy 3] [JobProcessorsShutDown         ] [@] Finished all jobs for job processor PermissionCacheCalculator
 20/08/26 08:00:03,922 INFO  [@ Daemon Proxy 3] [JobProcessorsShutDown         ] [@] Stopping job processor TextIndexManagerImpl
 20/08/26 08:00:03,922 INFO  [@ Daemon Proxy 3] [JobProcessorsShutDown         ] [@] Finished all jobs for job processor TextIndexManagerImpl
 20/08/26 08:00:03,922 INFO  [@ Daemon Proxy 3] [JobProcessorsShutDown         ] [@] Stopping job processor ZendeskIntegrationJobProcessor
 20/08/26 08:00:03,922 INFO  [@ Daemon Proxy 3] [JobProcessorsShutDown         ] [@] Finished all jobs for job processor ZendeskIntegrationJobProcessor
 20/08/26 08:00:03,922 INFO  [@ Daemon Proxy 3] [JobProcessorsShutDown         ] [@] Stopping job processor ImageOcrJobProcessor
 20/08/26 08:00:03,922 INFO  [@ Daemon Proxy 3] [JobProcessorsShutDown         ] [@] Finished all jobs for job processor ImageOcrJobProcessor
 20/08/26 08:00:03,922 INFO  [@ Daemon Proxy 3] [JobProcessorsShutDown         ] [@] Stopping job processor ImageOcrJobProcessor
 20/08/26 08:00:03,922 INFO  [@ Daemon Proxy 3] [JobProcessorsShutDown         ] [@] Finished all jobs for job processor ImageOcrJobProcessor
 20/08/26 08:00:03,926 INFO  [@ Daemon Proxy 3] [ingCanvasCDEWorkspaceContainer] [@] Closing planning canvas workspaces related to related to store /opt/youtrack/data/youtrack
 20/08/26 08:00:03,930 INFO  [@ Daemon Proxy 3] [ApplicationStateHolderImpl    ] [@] Application state changed from APP_LIFECYCLE_STOP to SHUT_DOWN
 20/08/26 08:00:03,930 INFO  [@ Daemon Proxy 3] [YouTrackShutdown              ] [@] Putting DB in readonly mode in shutdown
 20/08/26 08:00:03,936 INFO  [@ Daemon Proxy 3] [YouTrackShutdown              ] [@] Waiting for transactions
 20/08/26 08:00:03,936 INFO  [@ Daemon Proxy 3] [YouTrackShutdown              ] [@] No more transactions
 20/08/26 08:00:03,936 INFO  [@ Daemon Proxy 3] [ocalClasspathXmlServiceLocator] [@] Closing local web appplication's scope.
 20/08/26 08:00:03,938 INFO  [@ Daemon Proxy 3] [TextSearcherImpl              ] [@] Closing text searcher
 20/08/26 08:00:03,938 INFO  [@ Daemon Proxy 3] [TextSearcherImpl              ] [@] Queries cache hit rate: 75.0%
 20/08/26 08:00:03,940 INFO  [@ Daemon Proxy 3] [TextIndexManager              ] [@] Closing...
 20/08/26 08:00:03,942 INFO  [@ Daemon Proxy 3] [TextIndexManager              ] [@] RAMIndicesCache hit rate: 0.0%
 20/08/26 08:00:04,018 INFO  [@ Daemon Proxy 3] [ocalClasspathXmlServiceLocator] [@] Closing global web appplication's scope.
 21/08/26 09:27:39,968 INFO  [9ac88591-a1e5-3143-1c6b-8f7ec0d3987d@init servlet   ] [Reflections                   ] [init@] Reflections took 490 ms to scan 44 urls, producing 2190 keys and 51931 values
 21/08/26 09:27:43,393 INFO  [9ac88591-a1e5-3143-1c6b-8f7ec0d3987d@init servlet   ] [Reflections                   ] [init@] Reflections took 344 ms to scan 44 urls, producing 2190 keys and 51931 values
 21/08/26 09:27:44,374 INFO  [9ac88591-a1e5-3143-1c6b-8f7ec0d3987d@init servlet   ] [Reflections                   ] [init@] Reflections took 310 ms to scan 43 urls, producing 2163 keys and 51528 values
 21/08/26 09:27:46,479 INFO  [9ac88591-a1e5-3143-1c6b-8f7ec0d3987d@init servlet   ] [WebClasspathXmlServiceLocator ] [init@] Adding default placeholder resolver: PropertySourcesPlaceholderConfigurer
 21/08/26 09:27:52,679 INFO  [9ac88591-a1e5-3143-1c6b-8f7ec0d3987d@init servlet   ] [MessagesContainer             ] [init@] Default locale messages loaded
 21/08/26 09:27:53,362 INFO  [9ac88591-a1e5-3143-1c6b-8f7ec0d3987d@init servlet   ] [SystemTimeServiceConfiguration] [init@] SystemTimeService: using service with real start='2026-08-21T09:27:53.360Z
 21/08/26 09:27:54,020 INFO  [9ac88591-a1e5-3143-1c6b-8f7ec0d3987d@init servlet   ] [Reflections                   ] [init@] Reflections took 428 ms to scan 44 urls, producing 2263 keys and 89553 values
 21/08/26 09:27:55,199 INFO  [9ac88591-a1e5-3143-1c6b-8f7ec0d3987d@init servlet   ] [EnvironmentImpl               ] [@] Exodus environment created: /opt/youtrack/data/youtrack
 21/08/26 09:27:55,264 INFO  [9ac88591-a1e5-3143-1c6b-8f7ec0d3987d@init servlet   ] [EntityIterableCacheAdapter    ] [@] Using weighted eviction for entity iterable cache, maxWeight = 4473924
 21/08/26 09:27:55,977 INFO  [9ac88591-a1e5-3143-1c6b-8f7ec0d3987d@init servlet   ] [PersistentEntityStoreImpl     ] [@] Blob vault has been created at /opt/youtrack/data/youtrack/blobs
 21/08/26 09:27:56,417 INFO  [9ac88591-a1e5-3143-1c6b-8f7ec0d3987d@init servlet   ] [EnvironmentImpl               ] [@] Exodus environment created: /opt/youtrack/data/youtrack/textindex
 21/08/26 09:27:56,517 INFO  [9ac88591-a1e5-3143-1c6b-8f7ec0d3987d@init servlet   ] [TextIndexManager              ] [@] Initializing text index. Timestamp of last updated entry: 304
 21/08/26 09:27:57,967 INFO  [9ac88591-a1e5-3143-1c6b-8f7ec0d3987d@init servlet   ] [TextIndexManager              ] [@] Initializing text index. Last update timestamp: 305
 21/08/26 09:27:57,976 INFO  [9ac88591-a1e5-3143-1c6b-8f7ec0d3987d@init servlet   ] [DnqUtils                      ] [@] Execute entities initializers
 21/08/26 09:27:57,984 INFO  [9ac88591-a1e5-3143-1c6b-8f7ec0d3987d@init servlet   ] [YouTrackInit                  ] [@] Initializing YouTrack 2026.2.18194
 21/08/26 09:27:58,246 INFO  [9ac88591-a1e5-3143-1c6b-8f7ec0d3987d@init servlet   ] [ApplicationStateHolderImpl    ] [@] Application state changed from SPRING_STARTING to SPRING_INITIALIZED
 21/08/26 09:27:58,252 WARN  [9ac88591-a1e5-3143-1c6b-8f7ec0d3987d@init servlet   ] [XdStorage                     ] [@] Auxiliary truststore /opt/youtrack/conf/internal/keystore.jks does not exist, skipping
 21/08/26 09:27:58,310 INFO  [9ac88591-a1e5-3143-1c6b-8f7ec0d3987d@init servlet   ] [ApplicationStateHolderImpl    ] [@] Application state changed from SPRING_INITIALIZED to LOCALIZATION_SERVICE_INITIALIZED
 21/08/26 09:27:58,311 INFO  [9ac88591-a1e5-3143-1c6b-8f7ec0d3987d@init servlet   ] [ApplicationStateHolderImpl    ] [@] Application state changed from LOCALIZATION_SERVICE_INITIALIZED to USER_SERVICE_INITIALIZED
 21/08/26 09:27:58,343 INFO  [9ac88591-a1e5-3143-1c6b-8f7ec0d3987d@init servlet   ] [StandaloneLicenseUpdater      ] [@] License details. Name: `null`; expiration time: 292278994-08-17 07:12:55; generation time: 2015-05-12 12:55:16;  upgrade expiration time: 2099-12-31 12:55:16
 21/08/26 09:27:58,346 INFO  [9ac88591-a1e5-3143-1c6b-8f7ec0d3987d@init servlet   ] [ApplicationStateHolderImpl    ] [@] Application state changed from USER_SERVICE_INITIALIZED to LICENSE_AND_LIABILITY_CHECKED
 21/08/26 09:27:58,412 INFO  [9ac88591-a1e5-3143-1c6b-8f7ec0d3987d@init servlet   ] [ApplicationStateHolderImpl    ] [@] Application state changed from LICENSE_AND_LIABILITY_CHECKED to REFACTORINGS_STARTED
 21/08/26 09:27:58,413 INFO  [9ac88591-a1e5-3143-1c6b-8f7ec0d3987d@init servlet   ] [XdRefactoring                 ] [@] Starting youtrack-only refactorings...
 21/08/26 09:27:58,443 INFO  [9ac88591-a1e5-3143-1c6b-8f7ec0d3987d@init servlet   ] [XdRefactoring                 ] [@] Apply refactoring: jetbrains.youtrack.refactoring.RefactoringRestoreAllUndeletedProjects
 21/08/26 09:27:58,494 INFO  [9ac88591-a1e5-3143-1c6b-8f7ec0d3987d@init servlet   ] [XdRefactoring                 ] [@] Apply refactoring: jetbrains.youtrack.event.refactoring.recursive.UserJobRefactoringChangeDiff
 21/08/26 09:27:58,495 INFO  [9ac88591-a1e5-3143-1c6b-8f7ec0d3987d@init servlet   ] [UserJobRecursiveRefactoring   ] [@] UserJobRefactoringChangeDiff refactoring is disabled
 21/08/26 09:27:58,504 INFO  [9ac88591-a1e5-3143-1c6b-8f7ec0d3987d@init servlet   ] [XdRefactoring                 ] [@] Apply refactoring: jetbrains.youtrack.reports.refactorings.RefactoringResetCalculatingReportsStatus
 21/08/26 09:27:58,526 INFO  [9ac88591-a1e5-3143-1c6b-8f7ec0d3987d@init servlet   ] [XdRefactoring                 ] [@] Completed youtrack-only refactorings in 0 min 0 sec
 21/08/26 09:27:58,526 INFO  [9ac88591-a1e5-3143-1c6b-8f7ec0d3987d@init servlet   ] [ApplicationStateHolderImpl    ] [@] Application state changed from REFACTORINGS_STARTED to REFACTORINGS_FINISHED
 21/08/26 09:28:05,031 INFO  [9ac88591-a1e5-3143-1c6b-8f7ec0d3987d@init servlet   ] [PermissionCacheImpl           ] [@] Start recalculating permissions cache
 21/08/26 09:28:05,089 INFO  [9ac88591-a1e5-3143-1c6b-8f7ec0d3987d@init servlet   ] [PermissionCacheImpl           ] [@] Finish recalculating permissions cache in: 0.05610882s, total user clusters: 2
 21/08/26 09:28:05,089 INFO  [9ac88591-a1e5-3143-1c6b-8f7ec0d3987d@init servlet   ] [DnqUtils                      ] [@] Init indexes for unique properties and composite keys
 21/08/26 09:28:05,167 INFO  [9ac88591-a1e5-3143-1c6b-8f7ec0d3987d@init servlet   ] [YouTrackWarmUp                ] [@] EntityIterableCache warm-up started
 21/08/26 09:28:05,235 INFO  [9ac88591-a1e5-3143-1c6b-8f7ec0d3987d@init servlet   ] [YouTrackWarmUp                ] [@] EntityIterableCache warm-up took 68 ms.
 21/08/26 09:28:05,235 INFO  [9ac88591-a1e5-3143-1c6b-8f7ec0d3987d@init servlet   ] [ApplicationStateHolderImpl    ] [@] Application state changed from REFACTORINGS_FINISHED to UNIQUE_INDEXES_INITIALIZED
 21/08/26 09:28:05,243 INFO  [9ac88591-a1e5-3143-1c6b-8f7ec0d3987d@init servlet   ] [ApplicationStateHolderImpl    ] [@] Application state changed from UNIQUE_INDEXES_INITIALIZED to BACKUP_AND_TEXT_INDEX_INITIALIZED
 21/08/26 09:28:05,590 INFO  [9ac88591-a1e5-3143-1c6b-8f7ec0d3987d@init servlet   ] [PrefixTrees                   ] [@] Finish creating keyword index in [148 ms]
 21/08/26 09:28:05,591 INFO  [9ac88591-a1e5-3143-1c6b-8f7ec0d3987d@init servlet   ] [ApplicationStateHolderImpl    ] [@] Application state changed from BACKUP_AND_TEXT_INDEX_INITIALIZED to PREFIX_TREES_INITIALIZED
 21/08/26 09:28:05,593 INFO  [9ac88591-a1e5-3143-1c6b-8f7ec0d3987d@init servlet   ] [ApplicationStateHolderImpl    ] [@] Application state changed from PREFIX_TREES_INITIALIZED to HUB_INTEGRATION_STARTING
 21/08/26 09:28:06,867 INFO  [9ac88591-a1e5-3143-1c6b-8f7ec0d3987d@init servlet   ] [XdRefactoring                 ] [@] Starting Hub context aware refactorings...
 21/08/26 09:28:06,871 INFO  [9ac88591-a1e5-3143-1c6b-8f7ec0d3987d@init servlet   ] [XdRefactoring                 ] [@] Completed Hub context aware refactorings in 0 min 0 sec
 21/08/26 09:28:06,888 INFO  [9ac88591-a1e5-3143-1c6b-8f7ec0d3987d@init servlet   ] [ApplicationStateHolderImpl    ] [@] Application state changed from HUB_INTEGRATION_STARTING to HUB_INTEGRATION_STARTED
 21/08/26 09:28:07,112 INFO  [9ac88591-a1e5-3143-1c6b-8f7ec0d3987d@init servlet   ] [PermissionsCacheData          ] [@] Custom field permission cache for 0 users (0 handlers) built in 1 ms
 21/08/26 09:28:07,118 INFO  [9ac88591-a1e5-3143-1c6b-8f7ec0d3987d@init servlet   ] [CustomFieldsPermissionsCache  ] [@] Custom field permission cache initialized
 21/08/26 09:28:09,662 INFO  [9ac88591-a1e5-3143-1c6b-8f7ec0d3987d@init servlet   ] [ApplicationStateHolderImpl    ] [@] Application state changed from HUB_INTEGRATION_STARTED to APP_LIFECYCLE_START
 21/08/26 09:28:09,663 INFO  [9ac88591-a1e5-3143-1c6b-8f7ec0d3987d@init servlet   ] [emTimeServiceLifecycleListener] [@] SystemTimeService Lifecycle: '' is not set; skipping validation
 21/08/26 09:28:15,799 INFO  [9ac88591-a1e5-3143-1c6b-8f7ec0d3987d@init servlet   ] [ApplicationStateHolderImpl    ] [@] Application state changed from APP_LIFECYCLE_START to RUNNING
 21/08/26 09:28:15,816 INFO  [9ac88591-a1e5-3143-1c6b-8f7ec0d3987d@init servlet   ] [YouTrackInit                  ] [@] YouTrack init complete
 21/08/26 09:29:34,034 INFO  [2b29490c-36f8-185b-3b13-8904d5f3195d@qtp403945022-60] [MLDocumentsSorter             ] [admin@172.19.0.1] ML ranking model has been loaded successfully: DefaultArticlesModelProvider
 21/08/26 10:02:11,326 INFO  [49376413-635b-46de-c195-412965bd0a29@reports-1      ] [ReportsCalculationExecutor    ] [@172.19.0.1] Calculation of [221-0:FlatDistributionReport:Демопроект — задачи по подсистемам] took 64 ms. Report available at http://youtrack-server:8080/reports/flatDistribution/221-0
 21/08/26 10:44:24,830 INFO  [04cd157c-d827-d0bf-2603-55f755978817@tp403945022-447] [security                      ] [admin@172.19.0.1] Article DEMO-A-4 has been marked for removal
 21/08/26 10:52:47,401 INFO  [c8c93373-d829-6839-69d6-3f656c0912c8@he-calculator-1] [PermissionCacheImpl           ] [admin@172.19.0.1] Start recalculating permissions cache
 21/08/26 10:52:47,404 INFO  [c8c93373-d829-6839-69d6-3f656c0912c8@he-calculator-1] [PermissionCacheImpl           ] [admin@172.19.0.1] Finish recalculating permissions cache in: 0.003085694s, total user clusters: 3
 21/08/26 10:52:47,409 INFO  [c8c93373-d829-6839-69d6-3f656c0912c8@he-calculator-1] [PermissionsCacheData          ] [admin@172.19.0.1] Custom field permission cache for 2 users (2 handlers) built in 3 ms
 21/08/26 10:52:47,497 INFO  [c8c93373-d829-6839-69d6-3f656c0912c8@tp403945022-523] [security                      ] [admin@172.19.0.1] bundle Test_Project: Исполнитель set to field Assignee[__CUSTOM_FIELD__Assignee_3] in project Test_Project with default value(s) []
 21/08/26 10:52:47,500 INFO  [c8c93373-d829-6839-69d6-3f656c0912c8@tp403945022-523] [security                      ] [admin@172.19.0.1] public field Assignee[__CUSTOM_FIELD__Assignee_3] added to project Test_Project with null value text: Нет исполнителя
 21/08/26 10:52:47,508 INFO  [c8c93373-d829-6839-69d6-3f656c0912c8@tp403945022-523] [security                      ] [admin@172.19.0.1] User bundle with name: Test_Project: Исполнитель created with individual users  and groups 
 21/08/26 10:52:47,512 INFO  [c8c93373-d829-6839-69d6-3f656c0912c8@tp403945022-523] [security                      ] [admin@172.19.0.1] bundle Приоритеты set to field Priority[__CUSTOM_FIELD__Priority_0] in project Test_Project with default value(s) [Normal]
 21/08/26 10:52:47,513 INFO  [c8c93373-d829-6839-69d6-3f656c0912c8@tp403945022-523] [security                      ] [admin@172.19.0.1] public field Priority[__CUSTOM_FIELD__Priority_0] added to project Test_Project with null value text: Нет приоритета
 21/08/26 10:52:47,560 INFO  [c8c93373-d829-6839-69d6-3f656c0912c8@he-calculator-1] [PermissionsCacheData          ] [admin@172.19.0.1] Custom field permission cache for 2 users (2 handlers) built in 1 ms
 21/08/26 10:52:47,563 INFO  [c8c93373-d829-6839-69d6-3f656c0912c8@tp403945022-523] [security                      ] [admin@172.19.0.1] Bundle Test_Project: Исполнитель groups changed. New value: [Test_Project Team]
 21/08/26 10:52:47,565 INFO  [c8c93373-d829-6839-69d6-3f656c0912c8@tp403945022-523] [security                      ] [admin@172.19.0.1] bundle Test_ProjectState297d5f95-208b-42ed-bf90-95fc1bdce67a set to field State[__CUSTOM_FIELD__State_2] in project Test_Project with default value(s) [To do]
 21/08/26 10:52:47,567 INFO  [c8c93373-d829-6839-69d6-3f656c0912c8@tp403945022-523] [security                      ] [admin@172.19.0.1] public field State[__CUSTOM_FIELD__State_2] added to project Test_Project with null value text: No состояние
 21/08/26 10:52:47,570 INFO  [c8c93373-d829-6839-69d6-3f656c0912c8@tp403945022-523] [security                      ] [admin@172.19.0.1] Bundle with name: Test_ProjectState297d5f95-208b-42ed-bf90-95fc1bdce67a created with fields [To do,In Progress,Done]
 21/08/26 10:52:47,652 INFO  [c8c93373-d829-6839-69d6-3f656c0912c8@he-calculator-1] [PermissionsCacheData          ] [admin@172.19.0.1] Custom field permission cache for 2 users (2 handlers) built in 0 ms
 21/08/26 10:52:47,678 INFO  [c8c93373-d829-6839-69d6-3f656c0912c8@tp403945022-523] [security                      ] [admin@172.19.0.1] Script [@jetbrains/youtrack-workflow-clone-issue/clone-to-draft] attached to project: Test_Project
 21/08/26 10:52:47,679 INFO  [c8c93373-d829-6839-69d6-3f656c0912c8@tp403945022-523] [security                      ] [admin@172.19.0.1] Script [@jetbrains/youtrack-workflow-clone-issue/clone] attached to project: Test_Project
 21/08/26 10:52:47,680 INFO  [c8c93373-d829-6839-69d6-3f656c0912c8@tp403945022-523] [security                      ] [admin@172.19.0.1] Script [@jetbrains/youtrack-workflow-one-vote-comment/vote-for-issue] attached to project: Test_Project
 21/08/26 10:52:47,680 INFO  [c8c93373-d829-6839-69d6-3f656c0912c8@tp403945022-523] [security                      ] [admin@172.19.0.1] Script [@jetbrains/youtrack-workflow-assignee-visibility-group/assignee-not-in-group] attached to project: Test_Project
 21/08/26 10:52:47,681 INFO  [c8c93373-d829-6839-69d6-3f656c0912c8@tp403945022-523] [security                      ] [admin@172.19.0.1] Script [@jetbrains/youtrack-workflow-due-date/notify-assignee-on-overdue] attached to project: Test_Project
 21/08/26 10:52:47,689 INFO  [c8c93373-d829-6839-69d6-3f656c0912c8@tp403945022-523] [security                      ] [admin@172.19.0.1] public field Due Date[__CUSTOM_FIELD__Due Date_8] added to project Test_Project with null value text: No срок
 21/08/26 10:52:47,720 INFO  [c8c93373-d829-6839-69d6-3f656c0912c8@tp403945022-523] [security                      ] [admin@172.19.0.1] Add sprint Первый спринт to the board Test_Project Task Management Board (201-1)
 21/08/26 11:12:15,963 WARN  [b92a2b86-063f-9059-9aea-39c841cd3244@tp403945022-528] [ErrorExceptionMapper          ] [admin@172.19.0.1] IllegalArgumentException at POST /api/articles requested by Apache-HttpClient/4.5.13 (Java/22.0.2)
 21/08/26 11:12:15,963 ERROR [b92a2b86-063f-9059-9aea-39c841cd3244@tp403945022-528] [ErrorExceptionMapper          ] [admin@172.19.0.1] Caught exception during request processing at POST /api/articles requested by Apache-HttpClient/4.5.13 (Java/22.0.2)
 java.lang.IllegalArgumentException: Invalid structure of entity id: TES
	at jetbrains.exodus.entitystore.EntityIdCache.getEntityId(EntityIdCache.kt:34)
	at jetbrains.exodus.entitystore.PersistentEntityId.toEntityId(PersistentEntityId.java:100)
	at jetbrains.exodus.entitystore.PersistentStoreTransaction.toEntityId(PersistentStoreTransaction.java:597)
	at com.jetbrains.teamsys.dnq.database.TransientSessionImpl.toEntityId(TransientSessionImpl.kt:268)
	at jetbrains.youtrack.gaprest.db.XodusDatabaseKt.find(XodusDatabase.kt:154)
	at jetbrains.youtrack.gaprest.db.util.HelpersKt.findEntityById(Helpers.kt:81)
	at jetbrains.youtrack.gaprest.db.DatabaseEntity.doFind(DatabaseEntity.kt:127)
	at jetbrains.charisma.persistent.Project.doFind(Project.kt:281)
	at jetbrains.youtrack.gaprest.db.util.HelpersKt.find(Helpers.kt:69)
	at jetbrains.youtrack.gaprest.db.util.HelpersKt.find$default(Helpers.kt:68)
	at jetbrains.charisma.persistent.Project$Companion.find(Project.kt:167)
	at jetbrains.youtrack.article.gaprest.Article.updateWithUpdatePermissionFrom(Article.kt:188)
	at jetbrains.youtrack.article.gaprest.Article.updateFrom(Article.kt:176)
	at jetbrains.youtrack.gaprest.resource.util.DatabaseEntityUtil.doCreate(DatabaseEntityUtil.kt:22)
	at jetbrains.youtrack.gaprest.resource.util.DatabaseEntityUtil.doCreate$default(DatabaseEntityUtil.kt:13)
	at jetbrains.youtrack.gaprest.resource.sequence.RootEntitySequenceResource.doCreate(RootEntitySequenceResource.kt:86)
	at jetbrains.youtrack.article.gaprest.ArticlesResource.doCreate(ArticlesResource.kt:159)
	at jetbrains.youtrack.article.gaprest.ArticlesResource.doCreate(ArticlesResource.kt:42)
	at jetbrains.youtrack.gaprest.resource.sequence.MutableSequenceResource.assertAccessAndCreate(MutableSequenceResource.kt:62)
	at jetbrains.youtrack.gaprest.resource.sequence.RootEntitySequenceResource.assertAccessAndCreate(RootEntitySequenceResource.kt:26)
	at jetbrains.youtrack.gaprest.resource.sequence.RootEntitySequenceResource.assertAccessAndCreate(RootEntitySequenceResource.kt:26)
	at jetbrains.youtrack.gaprest.resource.sequence.MutableSequenceResource.post(MutableSequenceResource.kt:37)
	at jetbrains.youtrack.gaprest.resource.sequence.RootEntitySequenceResource.post(RootEntitySequenceResource.kt:26)
	at java.base/jdk.internal.reflect.DirectMethodHandleAccessor.invoke(DirectMethodHandleAccessor.java:103)
	at java.base/java.lang.reflect.Method.invoke(Method.java:580)
	at org.glassfish.jersey.server.model.internal.ResourceMethodInvocationHandlerFactory.lambda$static$0(ResourceMethodInvocationHandlerFactory.java:52)
	at org.glassfish.jersey.server.model.internal.AbstractJavaResourceMethodDispatcher$1.run(AbstractJavaResourceMethodDispatcher.java:146)
	at org.glassfish.jersey.server.model.internal.AbstractJavaResourceMethodDispatcher.invoke(AbstractJavaResourceMethodDispatcher.java:189)
	at org.glassfish.jersey.server.model.internal.JavaResourceMethodDispatcherProvider$TypeOutInvoker.doDispatch(JavaResourceMethodDispatcherProvider.java:219)
	at org.glassfish.jersey.server.model.internal.AbstractJavaResourceMethodDispatcher.dispatch(AbstractJavaResourceMethodDispatcher.java:93)
	at org.glassfish.jersey.server.model.ResourceMethodInvoker.invoke(ResourceMethodInvoker.java:478)
	at org.glassfish.jersey.server.model.ResourceMethodInvoker.apply(ResourceMethodInvoker.java:400)
	at org.glassfish.jersey.server.model.ResourceMethodInvoker.apply(ResourceMethodInvoker.java:81)
	at org.glassfish.jersey.server.ServerRuntime$1.run(ServerRuntime.java:256)
	at org.glassfish.jersey.internal.Errors$1.call(Errors.java:248)
	at org.glassfish.jersey.internal.Errors$1.call(Errors.java:244)
	at org.glassfish.jersey.internal.Errors.process(Errors.java:292)
	at org.glassfish.jersey.internal.Errors.process(Errors.java:274)
	at org.glassfish.jersey.internal.Errors.process(Errors.java:244)
	at org.glassfish.jersey.process.internal.RequestScope.runInScope(RequestScope.java:265)
	at org.glassfish.jersey.server.ServerRuntime.process(ServerRuntime.java:235)
	at org.glassfish.jersey.server.ApplicationHandler.handle(ApplicationHandler.java:684)
	at org.glassfish.jersey.servlet.WebComponent.serviceImpl(WebComponent.java:397)
	at org.glassfish.jersey.servlet.WebComponent.service(WebComponent.java:349)
	at jetbrains.youtrack.webapp.servlets.GapRestServlet.service(GapRestServlet.kt:85)
	at org.glassfish.jersey.servlet.ServletContainer.service(ServletContainer.java:312)
	at org.glassfish.jersey.servlet.ServletContainer.service(ServletContainer.java:205)
	at org.eclipse.jetty.servlet.ServletHolder.handle(ServletHolder.java:799)
	at org.eclipse.jetty.servlet.ServletHandler$ChainEnd.doFilter(ServletHandler.java:1656)
	at jetbrains.youtrack.webapp.filters.ClearPrincipalFilter.doFilter(ClearPrincipalFilter.kt:16)
	at jetbrains.youtrack.webapp.filters.FilterAdapter.doFilter(FilterAdapter.kt:45)
	at org.eclipse.jetty.servlet.FilterHolder.doFilter(FilterHolder.java:193)
	at org.eclipse.jetty.servlet.ServletHandler$Chain.doFilter(ServletHandler.java:1626)
	at jetbrains.youtrack.webapp.filters.SecurityResponseHeadersFilter.doFilter(SecurityResponseHeadersFilter.kt:29)
	at jetbrains.youtrack.webapp.filters.FilterAdapter.doFilter(FilterAdapter.kt:45)
	at org.eclipse.jetty.servlet.FilterHolder.doFilter(FilterHolder.java:193)
	at org.eclipse.jetty.servlet.ServletHandler$Chain.doFilter(ServletHandler.java:1626)
	at jetbrains.youtrack.gaprest.filters.HttpContextAccessorFilter.doFilter(HttpContextAccessorFilter.kt:42)
	at org.eclipse.jetty.servlet.FilterHolder.doFilter(FilterHolder.java:193)
	at org.eclipse.jetty.servlet.ServletHandler$Chain.doFilter(ServletHandler.java:1626)
	at jetbrains.youtrack.spring.controller.BaseApplicationFilter.doFilter(BaseApplicationFilter.kt:23)
	at org.eclipse.jetty.servlet.FilterHolder.doFilter(FilterHolder.java:193)
	at org.eclipse.jetty.servlet.ServletHandler$Chain.doFilter(ServletHandler.java:1626)
	at jetbrains.youtrack.webapp.filters.MdcProviderServletFilter.doFilter(MdcProviderServletFilter.kt:29)
	at org.eclipse.jetty.servlet.FilterHolder.doFilter(FilterHolder.java:193)
	at org.eclipse.jetty.servlet.ServletHandler$Chain.doFilter(ServletHandler.java:1626)
	at jetbrains.youtrack.webapp.filters.SitemapFilter.doFilter(SitemapFilter.kt:16)
	at jetbrains.youtrack.webapp.filters.FilterAdapter.doFilter(FilterAdapter.kt:45)
	at org.eclipse.jetty.servlet.FilterHolder.doFilter(FilterHolder.java:193)
	at org.eclipse.jetty.servlet.ServletHandler$Chain.doFilter(ServletHandler.java:1626)
	at jetbrains.youtrack.webapp.filters.CorsRequestFilter.doFilter(CorsRequestFilter.kt:59)
	at jetbrains.youtrack.webapp.filters.FilterAdapter.doFilter(FilterAdapter.kt:45)
	at org.eclipse.jetty.servlet.FilterHolder.doFilter(FilterHolder.java:193)
	at org.eclipse.jetty.servlet.ServletHandler$Chain.doFilter(ServletHandler.java:1626)
	at jetbrains.youtrack.webapp.filters.CloudRedirectRootRequestFilter.doFilter(CloudRedirectRootRequestFilter.kt:14)
	at jetbrains.youtrack.webapp.filters.FilterAdapter.doFilter(FilterAdapter.kt:45)
	at org.eclipse.jetty.servlet.FilterHolder.doFilter(FilterHolder.java:193)
	at org.eclipse.jetty.servlet.ServletHandler$Chain.doFilter(ServletHandler.java:1626)
	at jetbrains.youtrack.webapp.filters.CloudForwardFilter.doFilter(CloudForwardFilter.kt:15)
	at jetbrains.youtrack.webapp.filters.FilterAdapter.doFilter(FilterAdapter.kt:45)
	at org.eclipse.jetty.servlet.FilterHolder.doFilter(FilterHolder.java:193)
	at org.eclipse.jetty.servlet.ServletHandler$Chain.doFilter(ServletHandler.java:1626)
	at org.eclipse.jetty.servlet.ServletHandler.doHandle(ServletHandler.java:552)
	at org.eclipse.jetty.server.handler.ScopedHandler.handle(ScopedHandler.java:143)
	at org.eclipse.jetty.server.handler.gzip.GzipHandler.handle(GzipHandler.java:772)
	at org.eclipse.jetty.security.SecurityHandler.handle(SecurityHandler.java:600)
	at org.eclipse.jetty.server.handler.HandlerWrapper.handle(HandlerWrapper.java:127)
	at org.eclipse.jetty.server.handler.ScopedHandler.nextHandle(ScopedHandler.java:235)
	at org.eclipse.jetty.server.session.SessionHandler.doHandle(SessionHandler.java:1624)
	at org.eclipse.jetty.server.handler.ScopedHandler.nextHandle(ScopedHandler.java:233)
	at org.eclipse.jetty.server.handler.ContextHandler.doHandle(ContextHandler.java:1440)
	at org.eclipse.jetty.server.handler.ScopedHandler.nextScope(ScopedHandler.java:188)
	at org.eclipse.jetty.servlet.ServletHandler.doScope(ServletHandler.java:505)
	at org.eclipse.jetty.server.session.SessionHandler.doScope(SessionHandler.java:1594)
	at org.eclipse.jetty.server.handler.ScopedHandler.nextScope(ScopedHandler.java:186)
	at org.eclipse.jetty.server.handler.ContextHandler.doScope(ContextHandler.java:1355)
	at org.eclipse.jetty.server.handler.ScopedHandler.handle(ScopedHandler.java:141)
	at org.eclipse.jetty.server.handler.ContextHandlerCollection.handle(ContextHandlerCollection.java:234)
	at org.eclipse.jetty.server.handler.HandlerCollection.handle(HandlerCollection.java:146)
	at org.eclipse.jetty.server.handler.HandlerWrapper.handle(HandlerWrapper.java:127)
	at org.eclipse.jetty.server.Server.handle(Server.java:516)
	at org.eclipse.jetty.server.HttpChannel.lambda$handle$1(HttpChannel.java:487)
	at org.eclipse.jetty.server.HttpChannel.dispatch(HttpChannel.java:732)
	at org.eclipse.jetty.server.HttpChannel.handle(HttpChannel.java:479)
	at org.eclipse.jetty.server.HttpConnection.onFillable(HttpConnection.java:277)
	at org.eclipse.jetty.io.AbstractConnection$ReadCallback.succeeded(AbstractConnection.java:311)
	at org.eclipse.jetty.io.FillInterest.fillable(FillInterest.java:105)
	at org.eclipse.jetty.io.ChannelEndPoint$1.run(ChannelEndPoint.java:104)
	at org.eclipse.jetty.util.thread.strategy.EatWhatYouKill.runTask(EatWhatYouKill.java:338)
	at org.eclipse.jetty.util.thread.strategy.EatWhatYouKill.doProduce(EatWhatYouKill.java:315)
	at org.eclipse.jetty.util.thread.strategy.EatWhatYouKill.tryProduce(EatWhatYouKill.java:173)
	at org.eclipse.jetty.util.thread.strategy.EatWhatYouKill.run(EatWhatYouKill.java:131)
	at org.eclipse.jetty.util.thread.ReservedThreadExecutor$ReservedThread.run(ReservedThreadExecutor.java:409)
	at org.eclipse.jetty.util.thread.QueuedThreadPool.runJob(QueuedThreadPool.java:883)
	at org.eclipse.jetty.util.thread.QueuedThreadPool$Runner.run(QueuedThreadPool.java:1034)
	at java.base/java.lang.Thread.run(Thread.java:1583)
21/08/26 11:14:09,924 WARN  [985f379f-125f-4263-bc36-77adc3a70da4@tp403945022-491] [ErrorExceptionMapper          ] [admin@172.19.0.1] IllegalArgumentException at POST /api/articles requested by Apache-HttpClient/4.5.13 (Java/22.0.2)
 21/08/26 11:14:09,924 ERROR [985f379f-125f-4263-bc36-77adc3a70da4@tp403945022-491] [ErrorExceptionMapper          ] [admin@172.19.0.1] Caught exception during request processing at POST /api/articles requested by Apache-HttpClient/4.5.13 (Java/22.0.2)
 java.lang.IllegalArgumentException: Invalid structure of entity id: TES
	at jetbrains.exodus.entitystore.EntityIdCache.getEntityId(EntityIdCache.kt:34)
	at jetbrains.exodus.entitystore.PersistentEntityId.toEntityId(PersistentEntityId.java:100)
	at jetbrains.exodus.entitystore.PersistentStoreTransaction.toEntityId(PersistentStoreTransaction.java:597)
	at com.jetbrains.teamsys.dnq.database.TransientSessionImpl.toEntityId(TransientSessionImpl.kt:268)
	at jetbrains.youtrack.gaprest.db.XodusDatabaseKt.find(XodusDatabase.kt:154)
	at jetbrains.youtrack.gaprest.db.util.HelpersKt.findEntityById(Helpers.kt:81)
	at jetbrains.youtrack.gaprest.db.DatabaseEntity.doFind(DatabaseEntity.kt:127)
	at jetbrains.charisma.persistent.Project.doFind(Project.kt:281)
	at jetbrains.youtrack.gaprest.db.util.HelpersKt.find(Helpers.kt:69)
	at jetbrains.youtrack.gaprest.db.util.HelpersKt.find$default(Helpers.kt:68)
	at jetbrains.charisma.persistent.Project$Companion.find(Project.kt:167)
	at jetbrains.youtrack.article.gaprest.Article.updateWithUpdatePermissionFrom(Article.kt:188)
	at jetbrains.youtrack.article.gaprest.Article.updateFrom(Article.kt:176)
	at jetbrains.youtrack.gaprest.resource.util.DatabaseEntityUtil.doCreate(DatabaseEntityUtil.kt:22)
	at jetbrains.youtrack.gaprest.resource.util.DatabaseEntityUtil.doCreate$default(DatabaseEntityUtil.kt:13)
	at jetbrains.youtrack.gaprest.resource.sequence.RootEntitySequenceResource.doCreate(RootEntitySequenceResource.kt:86)
	at jetbrains.youtrack.article.gaprest.ArticlesResource.doCreate(ArticlesResource.kt:159)
	at jetbrains.youtrack.article.gaprest.ArticlesResource.doCreate(ArticlesResource.kt:42)
	at jetbrains.youtrack.gaprest.resource.sequence.MutableSequenceResource.assertAccessAndCreate(MutableSequenceResource.kt:62)
	at jetbrains.youtrack.gaprest.resource.sequence.RootEntitySequenceResource.assertAccessAndCreate(RootEntitySequenceResource.kt:26)
	at jetbrains.youtrack.gaprest.resource.sequence.RootEntitySequenceResource.assertAccessAndCreate(RootEntitySequenceResource.kt:26)
	at jetbrains.youtrack.gaprest.resource.sequence.MutableSequenceResource.post(MutableSequenceResource.kt:37)
	at jetbrains.youtrack.gaprest.resource.sequence.RootEntitySequenceResource.post(RootEntitySequenceResource.kt:26)
	at java.base/jdk.internal.reflect.DirectMethodHandleAccessor.invoke(DirectMethodHandleAccessor.java:103)
	at java.base/java.lang.reflect.Method.invoke(Method.java:580)
	at org.glassfish.jersey.server.model.internal.ResourceMethodInvocationHandlerFactory.lambda$static$0(ResourceMethodInvocationHandlerFactory.java:52)
	at org.glassfish.jersey.server.model.internal.AbstractJavaResourceMethodDispatcher$1.run(AbstractJavaResourceMethodDispatcher.java:146)
	at org.glassfish.jersey.server.model.internal.AbstractJavaResourceMethodDispatcher.invoke(AbstractJavaResourceMethodDispatcher.java:189)
	at org.glassfish.jersey.server.model.internal.JavaResourceMethodDispatcherProvider$TypeOutInvoker.doDispatch(JavaResourceMethodDispatcherProvider.java:219)
	at org.glassfish.jersey.server.model.internal.AbstractJavaResourceMethodDispatcher.dispatch(AbstractJavaResourceMethodDispatcher.java:93)
	at org.glassfish.jersey.server.model.ResourceMethodInvoker.invoke(ResourceMethodInvoker.java:478)
	at org.glassfish.jersey.server.model.ResourceMethodInvoker.apply(ResourceMethodInvoker.java:400)
	at org.glassfish.jersey.server.model.ResourceMethodInvoker.apply(ResourceMethodInvoker.java:81)
	at org.glassfish.jersey.server.ServerRuntime$1.run(ServerRuntime.java:256)
	at org.glassfish.jersey.internal.Errors$1.call(Errors.java:248)
	at org.glassfish.jersey.internal.Errors$1.call(Errors.java:244)
	at org.glassfish.jersey.internal.Errors.process(Errors.java:292)
	at org.glassfish.jersey.internal.Errors.process(Errors.java:274)
	at org.glassfish.jersey.internal.Errors.process(Errors.java:244)
	at org.glassfish.jersey.process.internal.RequestScope.runInScope(RequestScope.java:265)
	at org.glassfish.jersey.server.ServerRuntime.process(ServerRuntime.java:235)
	at org.glassfish.jersey.server.ApplicationHandler.handle(ApplicationHandler.java:684)
	at org.glassfish.jersey.servlet.WebComponent.serviceImpl(WebComponent.java:397)
	at org.glassfish.jersey.servlet.WebComponent.service(WebComponent.java:349)
	at jetbrains.youtrack.webapp.servlets.GapRestServlet.service(GapRestServlet.kt:85)
	at org.glassfish.jersey.servlet.ServletContainer.service(ServletContainer.java:312)
	at org.glassfish.jersey.servlet.ServletContainer.service(ServletContainer.java:205)
	at org.eclipse.jetty.servlet.ServletHolder.handle(ServletHolder.java:799)
	at org.eclipse.jetty.servlet.ServletHandler$ChainEnd.doFilter(ServletHandler.java:1656)
	at jetbrains.youtrack.webapp.filters.ClearPrincipalFilter.doFilter(ClearPrincipalFilter.kt:16)
	at jetbrains.youtrack.webapp.filters.FilterAdapter.doFilter(FilterAdapter.kt:45)
	at org.eclipse.jetty.servlet.FilterHolder.doFilter(FilterHolder.java:193)
	at org.eclipse.jetty.servlet.ServletHandler$Chain.doFilter(ServletHandler.java:1626)
	at jetbrains.youtrack.webapp.filters.SecurityResponseHeadersFilter.doFilter(SecurityResponseHeadersFilter.kt:29)
	at jetbrains.youtrack.webapp.filters.FilterAdapter.doFilter(FilterAdapter.kt:45)
	at org.eclipse.jetty.servlet.FilterHolder.doFilter(FilterHolder.java:193)
	at org.eclipse.jetty.servlet.ServletHandler$Chain.doFilter(ServletHandler.java:1626)
	at jetbrains.youtrack.gaprest.filters.HttpContextAccessorFilter.doFilter(HttpContextAccessorFilter.kt:42)
	at org.eclipse.jetty.servlet.FilterHolder.doFilter(FilterHolder.java:193)
	at org.eclipse.jetty.servlet.ServletHandler$Chain.doFilter(ServletHandler.java:1626)
	at jetbrains.youtrack.spring.controller.BaseApplicationFilter.doFilter(BaseApplicationFilter.kt:23)
	at org.eclipse.jetty.servlet.FilterHolder.doFilter(FilterHolder.java:193)
	at org.eclipse.jetty.servlet.ServletHandler$Chain.doFilter(ServletHandler.java:1626)
	at jetbrains.youtrack.webapp.filters.MdcProviderServletFilter.doFilter(MdcProviderServletFilter.kt:29)
	at org.eclipse.jetty.servlet.FilterHolder.doFilter(FilterHolder.java:193)
	at org.eclipse.jetty.servlet.ServletHandler$Chain.doFilter(ServletHandler.java:1626)
	at jetbrains.youtrack.webapp.filters.SitemapFilter.doFilter(SitemapFilter.kt:16)
	at jetbrains.youtrack.webapp.filters.FilterAdapter.doFilter(FilterAdapter.kt:45)
	at org.eclipse.jetty.servlet.FilterHolder.doFilter(FilterHolder.java:193)
	at org.eclipse.jetty.servlet.ServletHandler$Chain.doFilter(ServletHandler.java:1626)
	at jetbrains.youtrack.webapp.filters.CorsRequestFilter.doFilter(CorsRequestFilter.kt:59)
	at jetbrains.youtrack.webapp.filters.FilterAdapter.doFilter(FilterAdapter.kt:45)
	at org.eclipse.jetty.servlet.FilterHolder.doFilter(FilterHolder.java:193)
	at org.eclipse.jetty.servlet.ServletHandler$Chain.doFilter(ServletHandler.java:1626)
	at jetbrains.youtrack.webapp.filters.CloudRedirectRootRequestFilter.doFilter(CloudRedirectRootRequestFilter.kt:14)
	at jetbrains.youtrack.webapp.filters.FilterAdapter.doFilter(FilterAdapter.kt:45)
	at org.eclipse.jetty.servlet.FilterHolder.doFilter(FilterHolder.java:193)
	at org.eclipse.jetty.servlet.ServletHandler$Chain.doFilter(ServletHandler.java:1626)
	at jetbrains.youtrack.webapp.filters.CloudForwardFilter.doFilter(CloudForwardFilter.kt:15)
	at jetbrains.youtrack.webapp.filters.FilterAdapter.doFilter(FilterAdapter.kt:45)
	at org.eclipse.jetty.servlet.FilterHolder.doFilter(FilterHolder.java:193)
	at org.eclipse.jetty.servlet.ServletHandler$Chain.doFilter(ServletHandler.java:1626)
	at org.eclipse.jetty.servlet.ServletHandler.doHandle(ServletHandler.java:552)
	at org.eclipse.jetty.server.handler.ScopedHandler.handle(ScopedHandler.java:143)
	at org.eclipse.jetty.server.handler.gzip.GzipHandler.handle(GzipHandler.java:772)
	at org.eclipse.jetty.security.SecurityHandler.handle(SecurityHandler.java:600)
	at org.eclipse.jetty.server.handler.HandlerWrapper.handle(HandlerWrapper.java:127)
	at org.eclipse.jetty.server.handler.ScopedHandler.nextHandle(ScopedHandler.java:235)
	at org.eclipse.jetty.server.session.SessionHandler.doHandle(SessionHandler.java:1624)
	at org.eclipse.jetty.server.handler.ScopedHandler.nextHandle(ScopedHandler.java:233)
	at org.eclipse.jetty.server.handler.ContextHandler.doHandle(ContextHandler.java:1440)
	at org.eclipse.jetty.server.handler.ScopedHandler.nextScope(ScopedHandler.java:188)
	at org.eclipse.jetty.servlet.ServletHandler.doScope(ServletHandler.java:505)
	at org.eclipse.jetty.server.session.SessionHandler.doScope(SessionHandler.java:1594)
	at org.eclipse.jetty.server.handler.ScopedHandler.nextScope(ScopedHandler.java:186)
	at org.eclipse.jetty.server.handler.ContextHandler.doScope(ContextHandler.java:1355)
	at org.eclipse.jetty.server.handler.ScopedHandler.handle(ScopedHandler.java:141)
	at org.eclipse.jetty.server.handler.ContextHandlerCollection.handle(ContextHandlerCollection.java:234)
	at org.eclipse.jetty.server.handler.HandlerCollection.handle(HandlerCollection.java:146)
	at org.eclipse.jetty.server.handler.HandlerWrapper.handle(HandlerWrapper.java:127)
	at org.eclipse.jetty.server.Server.handle(Server.java:516)
	at org.eclipse.jetty.server.HttpChannel.lambda$handle$1(HttpChannel.java:487)
	at org.eclipse.jetty.server.HttpChannel.dispatch(HttpChannel.java:732)
	at org.eclipse.jetty.server.HttpChannel.handle(HttpChannel.java:479)
	at org.eclipse.jetty.server.HttpConnection.onFillable(HttpConnection.java:277)
	at org.eclipse.jetty.io.AbstractConnection$ReadCallback.succeeded(AbstractConnection.java:311)
	at org.eclipse.jetty.io.FillInterest.fillable(FillInterest.java:105)
	at org.eclipse.jetty.io.ChannelEndPoint$1.run(ChannelEndPoint.java:104)
	at org.eclipse.jetty.util.thread.strategy.EatWhatYouKill.runTask(EatWhatYouKill.java:338)
	at org.eclipse.jetty.util.thread.strategy.EatWhatYouKill.doProduce(EatWhatYouKill.java:315)
	at org.eclipse.jetty.util.thread.strategy.EatWhatYouKill.tryProduce(EatWhatYouKill.java:173)
	at org.eclipse.jetty.util.thread.strategy.EatWhatYouKill.run(EatWhatYouKill.java:131)
	at org.eclipse.jetty.util.thread.ReservedThreadExecutor$ReservedThread.run(ReservedThreadExecutor.java:409)
	at org.eclipse.jetty.util.thread.QueuedThreadPool.runJob(QueuedThreadPool.java:883)
	at org.eclipse.jetty.util.thread.QueuedThreadPool$Runner.run(QueuedThreadPool.java:1034)
	at java.base/java.lang.Thread.run(Thread.java:1583)
21/08/26 11:17:16,050 INFO  [4ddc121c-f372-458d-0f49-f8f38a6a0fa1@tp403945022-528] [security                      ] [admin@172.19.0.1] Article TES-A-1 has been marked for removal
 21/08/26 11:18:07,016 INFO  [65806189-2fdf-092d-b27e-1af23db0f77a@tp403945022-573] [security                      ] [admin@172.19.0.1] Article TES-A-3 has been marked for removal
 21/08/26 11:20:51,329 INFO  [383c74c4-57cd-2288-cd31-5746bc9400d8@tp403945022-578] [security                      ] [admin@172.19.0.1] Article TES-A-4 has been marked for removal
 21/08/26 11:21:21,925 INFO  [8088acd8-ed1f-a377-fc23-019db632c483@tp403945022-527] [security                      ] [admin@172.19.0.1] Article TES-A-5 has been marked for removal
 21/08/26 11:21:39,365 INFO  [6b9bac37-6071-3cfd-9da9-265c5b8ee61c@tp403945022-641] [security                      ] [admin@172.19.0.1] Article TES-A-6 has been marked for removal
 21/08/26 11:33:44,277 INFO  [097930d4-1f33-fe70-5954-477c9f7602cb@tp403945022-640] [security                      ] [admin@172.19.0.1] Article TES-A-7 has been marked for removal
 21/08/26 11:37:54,369 INFO  [c07865ba-32cf-60a8-78af-6c3663fd26e0@tp403945022-641] [security                      ] [admin@172.19.0.1] Article TES-A-8 has been marked for removal
 21/08/26 11:38:39,585 INFO  [1854f187-67ea-7282-4bd0-136d2daa0e4d@tp403945022-527] [security                      ] [admin@172.19.0.1] Article TES-A-9 has been marked for removal
 21/08/26 11:38:48,921 INFO  [17e354ea-5f1f-1560-1401-f63bad53f527@tp403945022-708] [security                      ] [admin@172.19.0.1] Article TES-A-10 has been marked for removal
 21/08/26 11:39:44,137 INFO  [f0ea345a-82bb-df5d-998f-5b5753cf7b5b@tp403945022-573] [security                      ] [admin@172.19.0.1] Article TES-A-11 has been marked for removal
 21/08/26 11:39:44,138 INFO  [fba54ea3-e0dd-8b41-0230-b510df2d0530@tp403945022-641] [security                      ] [admin@172.19.0.1] Article TES-A-12 has been marked for removal
 21/08/26 11:40:47,326 INFO  [@ Daemon Proxy 2] [ServletContextDestroyListener ] [@] Destroyed event for context local
 21/08/26 11:40:47,331 INFO  [@ Daemon Proxy 2] [ApplicationStateHolderImpl    ] [@] Application state changed from RUNNING to SHUTTING_DOWN
 21/08/26 11:40:47,340 INFO  [@ Daemon Proxy 2] [YouTrackShutdown              ] [@] Stopping appLifecycleListeners
 21/08/26 11:40:47,340 INFO  [@ Daemon Proxy 2] [ApplicationStateHolderImpl    ] [@] Application state changed from SHUTTING_DOWN to APP_LIFECYCLE_STOP
 21/08/26 11:40:47,351 INFO  [@ Daemon Proxy 2] [JobProcessorsShutDown         ] [@] Stopping job processors
 21/08/26 11:40:47,351 INFO  [@ Daemon Proxy 2] [JobProcessorsShutDown         ] [@] Stopping job processor GlobalSchedulingJobProcessor
 21/08/26 11:40:47,351 INFO  [@ Daemon Proxy 2] [JobProcessorsShutDown         ] [@] Finished all jobs for job processor GlobalSchedulingJobProcessor
 21/08/26 11:40:47,351 INFO  [@ Daemon Proxy 2] [JobProcessorsShutDown         ] [@] Stopping job processor LocalSchedulingJobProcessor
 21/08/26 11:40:47,351 INFO  [@ Daemon Proxy 2] [JobProcessorsShutDown         ] [@] Finished all jobs for job processor LocalSchedulingJobProcessor
 21/08/26 11:40:47,351 INFO  [@ Daemon Proxy 2] [JobProcessorsShutDown         ] [@] Stopping job processor AsyncUIJobProcessor
 21/08/26 11:40:47,351 INFO  [@ Daemon Proxy 2] [JobProcessorsShutDown         ] [@] Finished all jobs for job processor AsyncUIJobProcessor
 21/08/26 11:40:47,351 INFO  [@ Daemon Proxy 2] [JobProcessorsShutDown         ] [@] Stopping job processor HeavyPersistentUserActionJobProcessor
 21/08/26 11:40:47,351 INFO  [@ Daemon Proxy 2] [JobProcessorsShutDown         ] [@] Finished all jobs for job processor HeavyPersistentUserActionJobProcessor
 21/08/26 11:40:47,351 INFO  [@ Daemon Proxy 2] [JobProcessorsShutDown         ] [@] Stopping job processor MaintenanceJobProcessor
 21/08/26 11:40:47,351 INFO  [@ Daemon Proxy 2] [JobProcessorsShutDown         ] [@] Finished all jobs for job processor MaintenanceJobProcessor
 21/08/26 11:40:47,351 INFO  [@ Daemon Proxy 2] [JobProcessorsShutDown         ] [@] Stopping job processor PersistentUserActionJobProcessor
 21/08/26 11:40:47,351 INFO  [@ Daemon Proxy 2] [JobProcessorsShutDown         ] [@] Finished all jobs for job processor PersistentUserActionJobProcessor
 21/08/26 11:40:47,351 INFO  [@ Daemon Proxy 2] [JobProcessorsShutDown         ] [@] Stopping job processor SpentTimeCorrectionJobProcessor
 21/08/26 11:40:47,351 INFO  [@ Daemon Proxy 2] [JobProcessorsShutDown         ] [@] Finished all jobs for job processor SpentTimeCorrectionJobProcessor
 21/08/26 11:40:47,351 INFO  [@ Daemon Proxy 2] [JobProcessorsShutDown         ] [@] Stopping job processor AICommandsJobProcessor
 21/08/26 11:40:47,351 INFO  [@ Daemon Proxy 2] [JobProcessorsShutDown         ] [@] Finished all jobs for job processor AICommandsJobProcessor
 21/08/26 11:40:47,351 INFO  [@ Daemon Proxy 2] [JobProcessorsShutDown         ] [@] Stopping job processor AiDuplicateSuggestionsJobProcessor
 21/08/26 11:40:47,351 INFO  [@ Daemon Proxy 2] [JobProcessorsShutDown         ] [@] Finished all jobs for job processor AiDuplicateSuggestionsJobProcessor
 21/08/26 11:40:47,351 INFO  [@ Daemon Proxy 2] [JobProcessorsShutDown         ] [@] Stopping job processor AiLinkSuggestionsJobProcessor
 21/08/26 11:40:47,351 INFO  [@ Daemon Proxy 2] [JobProcessorsShutDown         ] [@] Finished all jobs for job processor AiLinkSuggestionsJobProcessor
 21/08/26 11:40:47,351 INFO  [@ Daemon Proxy 2] [JobProcessorsShutDown         ] [@] Stopping job processor AiReplySuggestionsJobProcessor
 21/08/26 11:40:47,351 INFO  [@ Daemon Proxy 2] [JobProcessorsShutDown         ] [@] Finished all jobs for job processor AiReplySuggestionsJobProcessor
 21/08/26 11:40:47,351 INFO  [@ Daemon Proxy 2] [JobProcessorsShutDown         ] [@] Stopping job processor DuplicatesSuggestionResponseJobProcessor
 21/08/26 11:40:47,351 INFO  [@ Daemon Proxy 2] [JobProcessorsShutDown         ] [@] Finished all jobs for job processor DuplicatesSuggestionResponseJobProcessor
 21/08/26 11:40:47,351 INFO  [@ Daemon Proxy 2] [JobProcessorsShutDown         ] [@] Stopping job processor GrazieTasksAPIJobProcessor
 21/08/26 11:40:47,351 INFO  [@ Daemon Proxy 2] [JobProcessorsShutDown         ] [@] Finished all jobs for job processor GrazieTasksAPIJobProcessor
 21/08/26 11:40:47,351 INFO  [@ Daemon Proxy 2] [JobProcessorsShutDown         ] [@] Stopping job processor LinkSuggestionResponseJobProcessor
 21/08/26 11:40:47,351 INFO  [@ Daemon Proxy 2] [JobProcessorsShutDown         ] [@] Finished all jobs for job processor LinkSuggestionResponseJobProcessor
 21/08/26 11:40:47,351 INFO  [@ Daemon Proxy 2] [JobProcessorsShutDown         ] [@] Stopping job processor NaturalSearchResponseJobProcessor
 21/08/26 11:40:47,351 INFO  [@ Daemon Proxy 2] [JobProcessorsShutDown         ] [@] Finished all jobs for job processor NaturalSearchResponseJobProcessor
 21/08/26 11:40:47,351 INFO  [@ Daemon Proxy 2] [JobProcessorsShutDown         ] [@] Stopping job processor ThreadToIssueJobProcessor
 21/08/26 11:40:47,351 INFO  [@ Daemon Proxy 2] [JobProcessorsShutDown         ] [@] Finished all jobs for job processor ThreadToIssueJobProcessor
 21/08/26 11:40:47,351 INFO  [@ Daemon Proxy 2] [JobProcessorsShutDown         ] [@] Stopping job processor SmartSearchResponseJobProcessor
 21/08/26 11:40:47,351 INFO  [@ Daemon Proxy 2] [JobProcessorsShutDown         ] [@] Finished all jobs for job processor SmartSearchResponseJobProcessor
 21/08/26 11:40:47,351 INFO  [@ Daemon Proxy 2] [JobProcessorsShutDown         ] [@] Stopping job processor PredefinedScriptJobProcessor
 21/08/26 11:40:47,351 INFO  [@ Daemon Proxy 2] [JobProcessorsShutDown         ] [@] Finished all jobs for job processor PredefinedScriptJobProcessor
 21/08/26 11:40:47,351 INFO  [@ Daemon Proxy 2] [JobProcessorsShutDown         ] [@] Stopping job processor AsyncFunctionJobProcessor
 21/08/26 11:40:47,351 INFO  [@ Daemon Proxy 2] [JobProcessorsShutDown         ] [@] Finished all jobs for job processor AsyncFunctionJobProcessor
 21/08/26 11:40:47,351 INFO  [@ Daemon Proxy 2] [JobProcessorsShutDown         ] [@] Stopping job processor AgileUserProfileJobProcessor
 21/08/26 11:40:47,351 INFO  [@ Daemon Proxy 2] [JobProcessorsShutDown         ] [@] Finished all jobs for job processor AgileUserProfileJobProcessor
 21/08/26 11:40:47,351 INFO  [@ Daemon Proxy 2] [JobProcessorsShutDown         ] [@] Stopping job processor VcsJobProcessor
 21/08/26 11:40:47,351 INFO  [@ Daemon Proxy 2] [JobProcessorsShutDown         ] [@] Finished all jobs for job processor VcsJobProcessor
 21/08/26 11:40:47,351 INFO  [@ Daemon Proxy 2] [JobProcessorsShutDown         ] [@] Stopping job processor WorkflowEventJobProcessor
 21/08/26 11:40:47,351 INFO  [@ Daemon Proxy 2] [JobProcessorsShutDown         ] [@] Finished all jobs for job processor WorkflowEventJobProcessor
 21/08/26 11:40:47,351 INFO  [@ Daemon Proxy 2] [JobProcessorsShutDown         ] [@] Stopping job processor WorkflowScheduledJobProcessor
 21/08/26 11:40:47,351 INFO  [@ Daemon Proxy 2] [JobProcessorsShutDown         ] [@] Finished all jobs for job processor WorkflowScheduledJobProcessor
 21/08/26 11:40:47,351 INFO  [@ Daemon Proxy 2] [JobProcessorsShutDown         ] [@] Stopping job processor UserProfileJobProcessor
 21/08/26 11:40:47,351 INFO  [@ Daemon Proxy 2] [JobProcessorsShutDown         ] [@] Finished all jobs for job processor UserProfileJobProcessor
 21/08/26 11:40:47,351 INFO  [@ Daemon Proxy 2] [JobProcessorsShutDown         ] [@] Stopping job processor CleanupJobProcessor
 21/08/26 11:40:47,351 INFO  [@ Daemon Proxy 2] [JobProcessorsShutDown         ] [@] Finished all jobs for job processor CleanupJobProcessor
 21/08/26 11:40:47,351 INFO  [@ Daemon Proxy 2] [JobProcessorsShutDown         ] [@] Stopping job processor ArticlesExportJobProcessor
 21/08/26 11:40:47,351 INFO  [@ Daemon Proxy 2] [JobProcessorsShutDown         ] [@] Finished all jobs for job processor ArticlesExportJobProcessor
 21/08/26 11:40:47,351 INFO  [@ Daemon Proxy 2] [JobProcessorsShutDown         ] [@] Stopping job processor SimilarIssuesResponseJobProcessor
 21/08/26 11:40:47,351 INFO  [@ Daemon Proxy 2] [JobProcessorsShutDown         ] [@] Finished all jobs for job processor SimilarIssuesResponseJobProcessor
 21/08/26 11:40:47,351 INFO  [@ Daemon Proxy 2] [JobProcessorsShutDown         ] [@] Stopping job processor ArticleAnalysisDurabilityJobProcessor
 21/08/26 11:40:47,351 INFO  [@ Daemon Proxy 2] [JobProcessorsShutDown         ] [@] Finished all jobs for job processor ArticleAnalysisDurabilityJobProcessor
 21/08/26 11:40:47,351 INFO  [@ Daemon Proxy 2] [JobProcessorsShutDown         ] [@] Stopping job processor GanttJobProcessor
 21/08/26 11:40:47,351 INFO  [@ Daemon Proxy 2] [JobProcessorsShutDown         ] [@] Finished all jobs for job processor GanttJobProcessor
 21/08/26 11:40:47,351 INFO  [@ Daemon Proxy 2] [JobProcessorsShutDown         ] [@] Stopping job processor ImportsJobProcessor
 21/08/26 11:40:47,351 INFO  [@ Daemon Proxy 2] [JobProcessorsShutDown         ] [@] Finished all jobs for job processor ImportsJobProcessor
 21/08/26 11:40:47,351 INFO  [@ Daemon Proxy 2] [JobProcessorsShutDown         ] [@] Stopping job processor MailboxJobProcessor
 21/08/26 11:40:47,351 INFO  [@ Daemon Proxy 2] [JobProcessorsShutDown         ] [@] Finished all jobs for job processor MailboxJobProcessor
 21/08/26 11:40:47,351 INFO  [@ Daemon Proxy 2] [JobProcessorsShutDown         ] [@] Stopping job processor NotificationAnalyzerJobProcessor
 21/08/26 11:40:47,351 INFO  [@ Daemon Proxy 2] [JobProcessorsShutDown         ] [@] Finished all jobs for job processor NotificationAnalyzerJobProcessor
 21/08/26 11:40:47,351 INFO  [@ Daemon Proxy 2] [JobProcessorsShutDown         ] [@] Stopping job processor IssueAnalysisDurabilityJobProcessor
 21/08/26 11:40:47,351 INFO  [@ Daemon Proxy 2] [JobProcessorsShutDown         ] [@] Finished all jobs for job processor IssueAnalysisDurabilityJobProcessor
 21/08/26 11:40:47,351 INFO  [@ Daemon Proxy 2] [JobProcessorsShutDown         ] [@] Stopping job processor SendingDurabilityJobProcessor
 21/08/26 11:40:47,351 INFO  [@ Daemon Proxy 2] [JobProcessorsShutDown         ] [@] Finished all jobs for job processor SendingDurabilityJobProcessor
 21/08/26 11:40:47,351 INFO  [@ Daemon Proxy 2] [JobProcessorsShutDown         ] [@] Stopping job processor NotificationJobProcessor
 21/08/26 11:40:47,351 INFO  [@ Daemon Proxy 2] [JobProcessorsShutDown         ] [@] Finished all jobs for job processor NotificationJobProcessor
 21/08/26 11:40:47,351 INFO  [@ Daemon Proxy 2] [JobProcessorsShutDown         ] [@] Stopping job processor ReportsJobProcessor
 21/08/26 11:40:47,351 INFO  [@ Daemon Proxy 2] [JobProcessorsShutDown         ] [@] Finished all jobs for job processor ReportsJobProcessor
 21/08/26 11:40:47,351 INFO  [@ Daemon Proxy 2] [JobProcessorsShutDown         ] [@] Stopping job processor AuditJobProcessor
 21/08/26 11:40:47,351 INFO  [@ Daemon Proxy 2] [JobProcessorsShutDown         ] [@] Finished all jobs for job processor AuditJobProcessor
 21/08/26 11:40:47,351 INFO  [@ Daemon Proxy 2] [JobProcessorsShutDown         ] [@] Stopping job processor HubIntegrationJobProcessor
 21/08/26 11:40:47,351 INFO  [@ Daemon Proxy 2] [JobProcessorsShutDown         ] [@] Finished all jobs for job processor HubIntegrationJobProcessor
 21/08/26 11:40:47,351 INFO  [@ Daemon Proxy 2] [JobProcessorsShutDown         ] [@] Stopping job processor UserPrefixTreeCalculator
 21/08/26 11:40:47,351 INFO  [@ Daemon Proxy 2] [JobProcessorsShutDown         ] [@] Finished all jobs for job processor UserPrefixTreeCalculator
 21/08/26 11:40:47,351 INFO  [@ Daemon Proxy 2] [JobProcessorsShutDown         ] [@] Stopping job processor PermissionCacheCalculator
 21/08/26 11:40:47,351 INFO  [@ Daemon Proxy 2] [JobProcessorsShutDown         ] [@] Finished all jobs for job processor PermissionCacheCalculator
 21/08/26 11:40:47,351 INFO  [@ Daemon Proxy 2] [JobProcessorsShutDown         ] [@] Stopping job processor TextIndexManagerImpl
 21/08/26 11:40:47,351 INFO  [@ Daemon Proxy 2] [JobProcessorsShutDown         ] [@] Finished all jobs for job processor TextIndexManagerImpl
 21/08/26 11:40:47,351 INFO  [@ Daemon Proxy 2] [JobProcessorsShutDown         ] [@] Stopping job processor ZendeskIntegrationJobProcessor
 21/08/26 11:40:47,351 INFO  [@ Daemon Proxy 2] [JobProcessorsShutDown         ] [@] Finished all jobs for job processor ZendeskIntegrationJobProcessor
 21/08/26 11:40:47,351 INFO  [@ Daemon Proxy 2] [JobProcessorsShutDown         ] [@] Stopping job processor ImageOcrJobProcessor
 21/08/26 11:40:47,351 INFO  [@ Daemon Proxy 2] [JobProcessorsShutDown         ] [@] Finished all jobs for job processor ImageOcrJobProcessor
 21/08/26 11:40:47,351 INFO  [@ Daemon Proxy 2] [JobProcessorsShutDown         ] [@] Stopping job processor ImageOcrJobProcessor
 21/08/26 11:40:47,351 INFO  [@ Daemon Proxy 2] [JobProcessorsShutDown         ] [@] Finished all jobs for job processor ImageOcrJobProcessor
 21/08/26 11:40:47,352 INFO  [@ Daemon Proxy 2] [ingCanvasCDEWorkspaceContainer] [@] Closing planning canvas workspaces related to related to store /opt/youtrack/data/youtrack
 21/08/26 11:40:47,355 INFO  [@ Daemon Proxy 2] [ApplicationStateHolderImpl    ] [@] Application state changed from APP_LIFECYCLE_STOP to SHUT_DOWN
 21/08/26 11:40:47,355 INFO  [@ Daemon Proxy 2] [YouTrackShutdown              ] [@] Putting DB in readonly mode in shutdown
 21/08/26 11:40:47,357 INFO  [@ Daemon Proxy 2] [YouTrackShutdown              ] [@] Waiting for transactions
 21/08/26 11:40:47,357 INFO  [@ Daemon Proxy 2] [YouTrackShutdown              ] [@] No more transactions
 21/08/26 11:40:47,357 INFO  [@ Daemon Proxy 2] [ocalClasspathXmlServiceLocator] [@] Closing local web appplication's scope.
 21/08/26 11:40:47,359 INFO  [@ Daemon Proxy 2] [TextSearcherImpl              ] [@] Closing text searcher
 21/08/26 11:40:47,360 INFO  [@ Daemon Proxy 2] [TextSearcherImpl              ] [@] Queries cache hit rate: 93.75%
 21/08/26 11:40:47,361 INFO  [@ Daemon Proxy 2] [TextIndexManager              ] [@] Closing...
 21/08/26 11:40:47,363 INFO  [@ Daemon Proxy 2] [TextIndexManager              ] [@] RAMIndicesCache hit rate: 0.0%
 21/08/26 11:40:47,413 INFO  [@ Daemon Proxy 2] [ocalClasspathXmlServiceLocator] [@] Closing global web appplication's scope.
 24/08/26 12:13:52,713 INFO  [41b228ff-69ef-b9e3-7f1f-ced14e4505d8@init servlet   ] [Reflections                   ] [init@] Reflections took 472 ms to scan 44 urls, producing 2190 keys and 51931 values
 24/08/26 12:13:55,979 INFO  [41b228ff-69ef-b9e3-7f1f-ced14e4505d8@init servlet   ] [Reflections                   ] [init@] Reflections took 396 ms to scan 44 urls, producing 2190 keys and 51931 values
 24/08/26 12:13:56,888 INFO  [41b228ff-69ef-b9e3-7f1f-ced14e4505d8@init servlet   ] [Reflections                   ] [init@] Reflections took 291 ms to scan 43 urls, producing 2163 keys and 51528 values
 24/08/26 12:13:58,860 INFO  [41b228ff-69ef-b9e3-7f1f-ced14e4505d8@init servlet   ] [WebClasspathXmlServiceLocator ] [init@] Adding default placeholder resolver: PropertySourcesPlaceholderConfigurer
 24/08/26 12:14:04,671 INFO  [41b228ff-69ef-b9e3-7f1f-ced14e4505d8@init servlet   ] [MessagesContainer             ] [init@] Default locale messages loaded
 24/08/26 12:14:05,354 INFO  [41b228ff-69ef-b9e3-7f1f-ced14e4505d8@init servlet   ] [SystemTimeServiceConfiguration] [init@] SystemTimeService: using service with real start='2026-08-24T12:14:05.353Z
 24/08/26 12:14:05,940 INFO  [41b228ff-69ef-b9e3-7f1f-ced14e4505d8@init servlet   ] [Reflections                   ] [init@] Reflections took 457 ms to scan 44 urls, producing 2263 keys and 89553 values
 24/08/26 12:14:07,267 INFO  [41b228ff-69ef-b9e3-7f1f-ced14e4505d8@init servlet   ] [EnvironmentImpl               ] [@] Exodus environment created: /opt/youtrack/data/youtrack
 24/08/26 12:14:07,376 INFO  [41b228ff-69ef-b9e3-7f1f-ced14e4505d8@init servlet   ] [EntityIterableCacheAdapter    ] [@] Using weighted eviction for entity iterable cache, maxWeight = 4473924
 24/08/26 12:14:07,930 INFO  [41b228ff-69ef-b9e3-7f1f-ced14e4505d8@init servlet   ] [PersistentEntityStoreImpl     ] [@] Blob vault has been created at /opt/youtrack/data/youtrack/blobs
 24/08/26 12:14:08,399 INFO  [41b228ff-69ef-b9e3-7f1f-ced14e4505d8@init servlet   ] [EnvironmentImpl               ] [@] Exodus environment created: /opt/youtrack/data/youtrack/textindex
 24/08/26 12:14:08,479 INFO  [41b228ff-69ef-b9e3-7f1f-ced14e4505d8@init servlet   ] [TextIndexManager              ] [@] Initializing text index. Timestamp of last updated entry: 417
 24/08/26 12:14:09,753 INFO  [41b228ff-69ef-b9e3-7f1f-ced14e4505d8@init servlet   ] [TextIndexManager              ] [@] Initializing text index. Last update timestamp: 418
 24/08/26 12:14:09,765 INFO  [41b228ff-69ef-b9e3-7f1f-ced14e4505d8@init servlet   ] [DnqUtils                      ] [@] Execute entities initializers
 24/08/26 12:14:09,776 INFO  [41b228ff-69ef-b9e3-7f1f-ced14e4505d8@init servlet   ] [YouTrackInit                  ] [@] Initializing YouTrack 2026.2.18194
 24/08/26 12:14:10,000 INFO  [41b228ff-69ef-b9e3-7f1f-ced14e4505d8@init servlet   ] [ApplicationStateHolderImpl    ] [@] Application state changed from SPRING_STARTING to SPRING_INITIALIZED
 24/08/26 12:14:10,011 WARN  [41b228ff-69ef-b9e3-7f1f-ced14e4505d8@init servlet   ] [XdStorage                     ] [@] Auxiliary truststore /opt/youtrack/conf/internal/keystore.jks does not exist, skipping
 24/08/26 12:14:10,105 INFO  [41b228ff-69ef-b9e3-7f1f-ced14e4505d8@init servlet   ] [ApplicationStateHolderImpl    ] [@] Application state changed from SPRING_INITIALIZED to LOCALIZATION_SERVICE_INITIALIZED
 24/08/26 12:14:10,106 INFO  [41b228ff-69ef-b9e3-7f1f-ced14e4505d8@init servlet   ] [ApplicationStateHolderImpl    ] [@] Application state changed from LOCALIZATION_SERVICE_INITIALIZED to USER_SERVICE_INITIALIZED
 24/08/26 12:14:10,139 INFO  [41b228ff-69ef-b9e3-7f1f-ced14e4505d8@init servlet   ] [StandaloneLicenseUpdater      ] [@] License details. Name: `null`; expiration time: 292278994-08-17 07:12:55; generation time: 2015-05-12 12:55:16;  upgrade expiration time: 2099-12-31 12:55:16
 24/08/26 12:14:10,142 INFO  [41b228ff-69ef-b9e3-7f1f-ced14e4505d8@init servlet   ] [ApplicationStateHolderImpl    ] [@] Application state changed from USER_SERVICE_INITIALIZED to LICENSE_AND_LIABILITY_CHECKED
 24/08/26 12:14:10,192 INFO  [41b228ff-69ef-b9e3-7f1f-ced14e4505d8@init servlet   ] [ApplicationStateHolderImpl    ] [@] Application state changed from LICENSE_AND_LIABILITY_CHECKED to REFACTORINGS_STARTED
 24/08/26 12:14:10,193 INFO  [41b228ff-69ef-b9e3-7f1f-ced14e4505d8@init servlet   ] [XdRefactoring                 ] [@] Starting youtrack-only refactorings...
 24/08/26 12:14:10,217 INFO  [41b228ff-69ef-b9e3-7f1f-ced14e4505d8@init servlet   ] [XdRefactoring                 ] [@] Apply refactoring: jetbrains.youtrack.refactoring.RefactoringRestoreAllUndeletedProjects
 24/08/26 12:14:10,250 INFO  [41b228ff-69ef-b9e3-7f1f-ced14e4505d8@init servlet   ] [XdRefactoring                 ] [@] Apply refactoring: jetbrains.youtrack.event.refactoring.recursive.UserJobRefactoringChangeDiff
 24/08/26 12:14:10,251 INFO  [41b228ff-69ef-b9e3-7f1f-ced14e4505d8@init servlet   ] [UserJobRecursiveRefactoring   ] [@] UserJobRefactoringChangeDiff refactoring is disabled
 24/08/26 12:14:10,259 INFO  [41b228ff-69ef-b9e3-7f1f-ced14e4505d8@init servlet   ] [XdRefactoring                 ] [@] Apply refactoring: jetbrains.youtrack.reports.refactorings.RefactoringResetCalculatingReportsStatus
 24/08/26 12:14:10,273 INFO  [41b228ff-69ef-b9e3-7f1f-ced14e4505d8@init servlet   ] [XdRefactoring                 ] [@] Completed youtrack-only refactorings in 0 min 0 sec
 24/08/26 12:14:10,273 INFO  [41b228ff-69ef-b9e3-7f1f-ced14e4505d8@init servlet   ] [ApplicationStateHolderImpl    ] [@] Application state changed from REFACTORINGS_STARTED to REFACTORINGS_FINISHED
 24/08/26 12:14:15,940 INFO  [41b228ff-69ef-b9e3-7f1f-ced14e4505d8@init servlet   ] [PermissionCacheImpl           ] [@] Start recalculating permissions cache
 24/08/26 12:14:15,971 INFO  [41b228ff-69ef-b9e3-7f1f-ced14e4505d8@init servlet   ] [PermissionCacheImpl           ] [@] Finish recalculating permissions cache in: 0.030898074s, total user clusters: 2
 24/08/26 12:14:15,971 INFO  [41b228ff-69ef-b9e3-7f1f-ced14e4505d8@init servlet   ] [DnqUtils                      ] [@] Init indexes for unique properties and composite keys
 24/08/26 12:14:16,022 INFO  [41b228ff-69ef-b9e3-7f1f-ced14e4505d8@init servlet   ] [YouTrackWarmUp                ] [@] EntityIterableCache warm-up started
 24/08/26 12:14:16,089 INFO  [41b228ff-69ef-b9e3-7f1f-ced14e4505d8@init servlet   ] [YouTrackWarmUp                ] [@] EntityIterableCache warm-up took 67 ms.
 24/08/26 12:14:16,089 INFO  [41b228ff-69ef-b9e3-7f1f-ced14e4505d8@init servlet   ] [ApplicationStateHolderImpl    ] [@] Application state changed from REFACTORINGS_FINISHED to UNIQUE_INDEXES_INITIALIZED
 24/08/26 12:14:16,097 INFO  [41b228ff-69ef-b9e3-7f1f-ced14e4505d8@init servlet   ] [ApplicationStateHolderImpl    ] [@] Application state changed from UNIQUE_INDEXES_INITIALIZED to BACKUP_AND_TEXT_INDEX_INITIALIZED
 24/08/26 12:14:16,407 INFO  [41b228ff-69ef-b9e3-7f1f-ced14e4505d8@init servlet   ] [PrefixTrees                   ] [@] Finish creating keyword index in [139 ms]
 24/08/26 12:14:16,408 INFO  [41b228ff-69ef-b9e3-7f1f-ced14e4505d8@init servlet   ] [ApplicationStateHolderImpl    ] [@] Application state changed from BACKUP_AND_TEXT_INDEX_INITIALIZED to PREFIX_TREES_INITIALIZED
 24/08/26 12:14:16,409 INFO  [41b228ff-69ef-b9e3-7f1f-ced14e4505d8@init servlet   ] [ApplicationStateHolderImpl    ] [@] Application state changed from PREFIX_TREES_INITIALIZED to HUB_INTEGRATION_STARTING
 24/08/26 12:14:17,482 INFO  [41b228ff-69ef-b9e3-7f1f-ced14e4505d8@init servlet   ] [XdRefactoring                 ] [@] Starting Hub context aware refactorings...
 24/08/26 12:14:17,487 INFO  [41b228ff-69ef-b9e3-7f1f-ced14e4505d8@init servlet   ] [XdRefactoring                 ] [@] Completed Hub context aware refactorings in 0 min 0 sec
 24/08/26 12:14:17,500 INFO  [41b228ff-69ef-b9e3-7f1f-ced14e4505d8@init servlet   ] [ApplicationStateHolderImpl    ] [@] Application state changed from HUB_INTEGRATION_STARTING to HUB_INTEGRATION_STARTED
 24/08/26 12:14:17,621 INFO  [41b228ff-69ef-b9e3-7f1f-ced14e4505d8@init servlet   ] [PermissionsCacheData          ] [@] Custom field permission cache for 0 users (0 handlers) built in 0 ms
 24/08/26 12:14:17,624 INFO  [41b228ff-69ef-b9e3-7f1f-ced14e4505d8@init servlet   ] [CustomFieldsPermissionsCache  ] [@] Custom field permission cache initialized
 24/08/26 12:14:20,728 INFO  [41b228ff-69ef-b9e3-7f1f-ced14e4505d8@init servlet   ] [ApplicationStateHolderImpl    ] [@] Application state changed from HUB_INTEGRATION_STARTED to APP_LIFECYCLE_START
 24/08/26 12:14:20,729 INFO  [41b228ff-69ef-b9e3-7f1f-ced14e4505d8@init servlet   ] [emTimeServiceLifecycleListener] [@] SystemTimeService Lifecycle: '' is not set; skipping validation
 24/08/26 12:14:26,644 INFO  [41b228ff-69ef-b9e3-7f1f-ced14e4505d8@init servlet   ] [ApplicationStateHolderImpl    ] [@] Application state changed from APP_LIFECYCLE_START to RUNNING
 24/08/26 12:14:26,662 INFO  [41b228ff-69ef-b9e3-7f1f-ced14e4505d8@init servlet   ] [YouTrackInit                  ] [@] YouTrack init complete
 24/08/26 12:38:05,236 INFO  [52684ffe-bb8f-f629-a1f2-e1261c7d8319@tp289303711-270] [security                      ] [admin@172.19.0.1] Article TES-A-13 has been marked for removal
 27/08/26 07:16:09,381 ERROR [67930f9c-b8bf-095f-d6c7-9adb396284c9@user-action-4  ] [UpdateCheckerImpl             ] [@] Update check failed with: java.net.UnknownHostException: www.jetbrains.com
 javax.ws.rs.ProcessingException: java.net.UnknownHostException: www.jetbrains.com
	at org.glassfish.jersey.client.internal.HttpUrlConnector.apply(HttpUrlConnector.java:288)
	at org.glassfish.jersey.client.ClientRuntime.invoke(ClientRuntime.java:300)
	at org.glassfish.jersey.client.JerseyInvocation.lambda$invoke$1(JerseyInvocation.java:687)
	at org.glassfish.jersey.client.JerseyInvocation.call(JerseyInvocation.java:709)
	at org.glassfish.jersey.client.JerseyInvocation.lambda$runInScope$3(JerseyInvocation.java:703)
	at org.glassfish.jersey.internal.Errors.process(Errors.java:292)
	at org.glassfish.jersey.internal.Errors.process(Errors.java:274)
	at org.glassfish.jersey.internal.Errors.process(Errors.java:205)
	at org.glassfish.jersey.process.internal.RequestScope.runInScope(RequestScope.java:390)
	at org.glassfish.jersey.client.JerseyInvocation.runInScope(JerseyInvocation.java:703)
	at org.glassfish.jersey.client.JerseyInvocation.invoke(JerseyInvocation.java:686)
	at org.glassfish.jersey.client.JerseyInvocation$Builder.method(JerseyInvocation.java:422)
	at org.glassfish.jersey.client.JerseyInvocation$Builder.get(JerseyInvocation.java:318)
	at jetbrains.youtrack.maintenance.updates.UpdateRest.getProducts(UpdateRest.kt:40)
	at jetbrains.youtrack.maintenance.updates.UpdateRest.getProduct(UpdateRest.kt:44)
	at jetbrains.youtrack.maintenance.updates.UpdateRest.getChannel(UpdateRest.kt:49)
	at jetbrains.youtrack.maintenance.updates.UpdateRest.getNewerBuild(UpdateRest.kt:64)
	at jetbrains.youtrack.maintenance.updates.UpdateCheckerImpl.checkForUpdate$lambda$0(UpdateCheckerImpl.kt:56)
	at jetbrains.charisma.executor.UserActionJob.execute(UserActionJob.kt:11)
	at jetbrains.youtrack.core.job.AbstractJob.doExecute(AbstractJob.kt:114)
	at jetbrains.youtrack.core.job.AbstractJob.tryExecute$youtrack_core(AbstractJob.kt:102)
	at jetbrains.youtrack.core.job.AbstractJobProcessor$JobExecutionTask.executeJob(AbstractJobProcessor.kt:229)
	at jetbrains.youtrack.core.job.AbstractJobProcessor$JobExecutionTask.runInContext(AbstractJobProcessor.kt:213)
	at jetbrains.youtrack.core.job.AbstractJobProcessor$JobExecutionTask.run$lambda$0(AbstractJobProcessor.kt:201)
	at jetbrains.youtrack.core.job.context.BeanContainerContext.doApply(ExecutionContexts.kt:47)
	at jetbrains.youtrack.core.job.context.ChainedExecutionContext.apply(ChainedExecutionContext.kt:29)
	at jetbrains.youtrack.core.job.context.ChainedExecutionContext.apply$lambda$0(ChainedExecutionContext.kt:26)
	at jetbrains.youtrack.core.job.context.LogExecutionContext.doApply(ExecutionContexts.kt:24)
	at jetbrains.youtrack.core.job.context.ChainedExecutionContext.apply(ChainedExecutionContext.kt:25)
	at jetbrains.youtrack.core.job.AbstractJobProcessor$JobExecutionTask.run(AbstractJobProcessor.kt:201)
	at java.base/java.util.concurrent.Executors$RunnableAdapter.call(Executors.java:572)
	at java.base/java.util.concurrent.FutureTask.run(FutureTask.java:317)
	at java.base/java.util.concurrent.ThreadPoolExecutor.runWorker(ThreadPoolExecutor.java:1144)
	at java.base/java.util.concurrent.ThreadPoolExecutor$Worker.run(ThreadPoolExecutor.java:642)
	at java.base/java.lang.Thread.run(Thread.java:1583)
Caused by: java.net.UnknownHostException: www.jetbrains.com
	at java.base/sun.nio.ch.NioSocketImpl.connect(NioSocketImpl.java:567)
	at java.base/java.net.SocksSocketImpl.connect(SocksSocketImpl.java:327)
	at java.base/java.net.Socket.connect(Socket.java:751)
	at java.base/sun.security.ssl.SSLSocketImpl.connect(SSLSocketImpl.java:304)
	at java.base/sun.net.NetworkClient.doConnect(NetworkClient.java:178)
	at java.base/sun.net.www.http.HttpClient.openServer(HttpClient.java:531)
	at java.base/sun.net.www.http.HttpClient.openServer(HttpClient.java:636)
	at java.base/sun.net.www.protocol.https.HttpsClient.<init>(HttpsClient.java:265)
	at java.base/sun.net.www.protocol.https.HttpsClient.New(HttpsClient.java:378)
	at java.base/sun.net.www.protocol.https.AbstractDelegateHttpsURLConnection.getNewHttpClient(AbstractDelegateHttpsURLConnection.java:196)
	at java.base/sun.net.www.protocol.http.HttpURLConnection.plainConnect0(HttpURLConnection.java:1257)
	at java.base/sun.net.www.protocol.http.HttpURLConnection.plainConnect(HttpURLConnection.java:1143)
	at java.base/sun.net.www.protocol.http.HttpURLConnection.connect(HttpURLConnection.java:1072)
	at java.base/sun.net.www.protocol.https.AbstractDelegateHttpsURLConnection.connect(AbstractDelegateHttpsURLConnection.java:181)
	at java.base/sun.net.www.protocol.http.HttpURLConnection.getInputStream0(HttpURLConnection.java:1705)
	at java.base/sun.net.www.protocol.http.HttpURLConnection.getInputStream(HttpURLConnection.java:1629)
	at java.base/java.net.HttpURLConnection.getResponseCode(HttpURLConnection.java:531)
	at java.base/sun.net.www.protocol.https.HttpsURLConnectionImpl.getResponseCode(HttpsURLConnectionImpl.java:307)
	at org.glassfish.jersey.client.internal.HttpUrlConnector._apply(HttpUrlConnector.java:453)
	at org.glassfish.jersey.client.internal.HttpUrlConnector.apply(HttpUrlConnector.java:286)
	... 34 more
27/08/26 07:16:09,424 ERROR [67930f9c-b8bf-095f-d6c7-9adb396284c9@user-action-4  ] [UpdateCheckResult             ] [@] DNS record for jetbrains.com cannot be resolved, skipping update check
 27/08/26 10:02:36,202 INFO  [1e6e6398-1f22-7c5f-7065-1ac6f379164e@p289303711-3951] [security                      ] [admin@172.19.0.1] field ZoneOfResponsibility10[__CUSTOM_FIELD__ZoneOfResponsibility10_31] created
 27/08/26 10:02:36,202 INFO  [6ce5e465-9a35-3aee-bf34-22402d963524@p289303711-1649] [security                      ] [admin@172.19.0.1] field ZoneOfResponsibility10[__CUSTOM_FIELD__ZoneOfResponsibility10_30] created
 27/08/26 10:02:36,205 INFO  [1e6e6398-1f22-7c5f-7065-1ac6f379164e@p289303711-3951] [security                      ] [admin@172.19.0.1] for field ZoneOfResponsibility10 Default bundle is set to <empty>.
 27/08/26 10:02:36,205 INFO  [6ce5e465-9a35-3aee-bf34-22402d963524@p289303711-1649] [security                      ] [admin@172.19.0.1] for field ZoneOfResponsibility10 Default bundle is set to <empty>.
 27/08/26 10:02:36,206 INFO  [1e6e6398-1f22-7c5f-7065-1ac6f379164e@p289303711-3951] [security                      ] [admin@172.19.0.1] for field ZoneOfResponsibility10 default values are set to [].
 27/08/26 10:02:36,207 INFO  [1e6e6398-1f22-7c5f-7065-1ac6f379164e@p289303711-3951] [security                      ] [admin@172.19.0.1] for field ZoneOfResponsibility10 default empty field text is set to null.
 27/08/26 10:02:36,207 INFO  [6ce5e465-9a35-3aee-bf34-22402d963524@p289303711-1649] [security                      ] [admin@172.19.0.1] for field ZoneOfResponsibility10 default values are set to [].
 27/08/26 10:02:36,208 INFO  [6ce5e465-9a35-3aee-bf34-22402d963524@p289303711-1649] [security                      ] [admin@172.19.0.1] for field ZoneOfResponsibility10 default empty field text is set to null.
 27/08/26 10:02:36,744 WARN  [69ef54b6-d730-6a1c-674e-e52a76963aba@p289303711-2101] [YouTrackLicenseFilter         ] [admin@172.19.0.1] Can't commit rest transaction
 jetbrains.exodus.database.exceptions.ConstraintsValidationException: Constrains validation exception. Causes: 
  1: Property [CustomFieldPrototype: id = 157-43.name] can't be empty.

	at com.jetbrains.teamsys.dnq.database.TransientSessionImpl.checkBeforeSaveChangesConstraints(TransientSessionImpl.kt:474)
	at com.jetbrains.teamsys.dnq.database.TransientSessionImpl.flushChanges(TransientSessionImpl.kt:518)
	at com.jetbrains.teamsys.dnq.database.TransientSessionImpl.flush(TransientSessionImpl.kt:193)
	at jetbrains.charisma.main.YouTrackTransactionalFilter.filter(RestFilters.kt:171)
	at org.glassfish.jersey.server.ContainerFilteringStage$ResponseFilterStage.apply(ContainerFilteringStage.java:172)
	at org.glassfish.jersey.server.ContainerFilteringStage$ResponseFilterStage.apply(ContainerFilteringStage.java:139)
	at org.glassfish.jersey.process.internal.Stages.process(Stages.java:147)
	at org.glassfish.jersey.server.ServerRuntime$Responder.processResponse(ServerRuntime.java:378)
	at org.glassfish.jersey.server.ServerRuntime$Responder.process(ServerRuntime.java:370)
	at org.glassfish.jersey.server.ServerRuntime$1.run(ServerRuntime.java:259)
	at org.glassfish.jersey.internal.Errors$1.call(Errors.java:248)
	at org.glassfish.jersey.internal.Errors$1.call(Errors.java:244)
	at org.glassfish.jersey.internal.Errors.process(Errors.java:292)
	at org.glassfish.jersey.internal.Errors.process(Errors.java:274)
	at org.glassfish.jersey.internal.Errors.process(Errors.java:244)
	at org.glassfish.jersey.process.internal.RequestScope.runInScope(RequestScope.java:265)
	at org.glassfish.jersey.server.ServerRuntime.process(ServerRuntime.java:235)
	at org.glassfish.jersey.server.ApplicationHandler.handle(ApplicationHandler.java:684)
	at org.glassfish.jersey.servlet.WebComponent.serviceImpl(WebComponent.java:397)
	at org.glassfish.jersey.servlet.WebComponent.service(WebComponent.java:349)
	at jetbrains.youtrack.webapp.servlets.GapRestServlet.service(GapRestServlet.kt:85)
	at org.glassfish.jersey.servlet.ServletContainer.service(ServletContainer.java:312)
	at org.glassfish.jersey.servlet.ServletContainer.service(ServletContainer.java:205)
	at org.eclipse.jetty.servlet.ServletHolder.handle(ServletHolder.java:799)
	at org.eclipse.jetty.servlet.ServletHandler$ChainEnd.doFilter(ServletHandler.java:1656)
	at jetbrains.youtrack.webapp.filters.ClearPrincipalFilter.doFilter(ClearPrincipalFilter.kt:16)
	at jetbrains.youtrack.webapp.filters.FilterAdapter.doFilter(FilterAdapter.kt:45)
	at org.eclipse.jetty.servlet.FilterHolder.doFilter(FilterHolder.java:193)
	at org.eclipse.jetty.servlet.ServletHandler$Chain.doFilter(ServletHandler.java:1626)
	at jetbrains.youtrack.webapp.filters.SecurityResponseHeadersFilter.doFilter(SecurityResponseHeadersFilter.kt:29)
	at jetbrains.youtrack.webapp.filters.FilterAdapter.doFilter(FilterAdapter.kt:45)
	at org.eclipse.jetty.servlet.FilterHolder.doFilter(FilterHolder.java:193)
	at org.eclipse.jetty.servlet.ServletHandler$Chain.doFilter(ServletHandler.java:1626)
	at jetbrains.youtrack.gaprest.filters.HttpContextAccessorFilter.doFilter(HttpContextAccessorFilter.kt:42)
	at org.eclipse.jetty.servlet.FilterHolder.doFilter(FilterHolder.java:193)
	at org.eclipse.jetty.servlet.ServletHandler$Chain.doFilter(ServletHandler.java:1626)
	at jetbrains.youtrack.spring.controller.BaseApplicationFilter.doFilter(BaseApplicationFilter.kt:23)
	at org.eclipse.jetty.servlet.FilterHolder.doFilter(FilterHolder.java:193)
	at org.eclipse.jetty.servlet.ServletHandler$Chain.doFilter(ServletHandler.java:1626)
	at jetbrains.youtrack.webapp.filters.MdcProviderServletFilter.doFilter(MdcProviderServletFilter.kt:29)
	at org.eclipse.jetty.servlet.FilterHolder.doFilter(FilterHolder.java:193)
	at org.eclipse.jetty.servlet.ServletHandler$Chain.doFilter(ServletHandler.java:1626)
	at jetbrains.youtrack.webapp.filters.SitemapFilter.doFilter(SitemapFilter.kt:16)
	at jetbrains.youtrack.webapp.filters.FilterAdapter.doFilter(FilterAdapter.kt:45)
	at org.eclipse.jetty.servlet.FilterHolder.doFilter(FilterHolder.java:193)
	at org.eclipse.jetty.servlet.ServletHandler$Chain.doFilter(ServletHandler.java:1626)
	at jetbrains.youtrack.webapp.filters.CorsRequestFilter.doFilter(CorsRequestFilter.kt:59)
	at jetbrains.youtrack.webapp.filters.FilterAdapter.doFilter(FilterAdapter.kt:45)
	at org.eclipse.jetty.servlet.FilterHolder.doFilter(FilterHolder.java:193)
	at org.eclipse.jetty.servlet.ServletHandler$Chain.doFilter(ServletHandler.java:1626)
	at jetbrains.youtrack.webapp.filters.CloudRedirectRootRequestFilter.doFilter(CloudRedirectRootRequestFilter.kt:14)
	at jetbrains.youtrack.webapp.filters.FilterAdapter.doFilter(FilterAdapter.kt:45)
	at org.eclipse.jetty.servlet.FilterHolder.doFilter(FilterHolder.java:193)
	at org.eclipse.jetty.servlet.ServletHandler$Chain.doFilter(ServletHandler.java:1626)
	at jetbrains.youtrack.webapp.filters.CloudForwardFilter.doFilter(CloudForwardFilter.kt:15)
	at jetbrains.youtrack.webapp.filters.FilterAdapter.doFilter(FilterAdapter.kt:45)
	at org.eclipse.jetty.servlet.FilterHolder.doFilter(FilterHolder.java:193)
	at org.eclipse.jetty.servlet.ServletHandler$Chain.doFilter(ServletHandler.java:1626)
	at org.eclipse.jetty.servlet.ServletHandler.doHandle(ServletHandler.java:552)
	at org.eclipse.jetty.server.handler.ScopedHandler.handle(ScopedHandler.java:143)
	at org.eclipse.jetty.server.handler.gzip.GzipHandler.handle(GzipHandler.java:772)
	at org.eclipse.jetty.security.SecurityHandler.handle(SecurityHandler.java:600)
	at org.eclipse.jetty.server.handler.HandlerWrapper.handle(HandlerWrapper.java:127)
	at org.eclipse.jetty.server.handler.ScopedHandler.nextHandle(ScopedHandler.java:235)
	at org.eclipse.jetty.server.session.SessionHandler.doHandle(SessionHandler.java:1624)
	at org.eclipse.jetty.server.handler.ScopedHandler.nextHandle(ScopedHandler.java:233)
	at org.eclipse.jetty.server.handler.ContextHandler.doHandle(ContextHandler.java:1440)
	at org.eclipse.jetty.server.handler.ScopedHandler.nextScope(ScopedHandler.java:188)
	at org.eclipse.jetty.servlet.ServletHandler.doScope(ServletHandler.java:505)
	at org.eclipse.jetty.server.session.SessionHandler.doScope(SessionHandler.java:1594)
	at org.eclipse.jetty.server.handler.ScopedHandler.nextScope(ScopedHandler.java:186)
	at org.eclipse.jetty.server.handler.ContextHandler.doScope(ContextHandler.java:1355)
	at org.eclipse.jetty.server.handler.ScopedHandler.handle(ScopedHandler.java:141)
	at org.eclipse.jetty.server.handler.ContextHandlerCollection.handle(ContextHandlerCollection.java:234)
	at org.eclipse.jetty.server.handler.HandlerCollection.handle(HandlerCollection.java:146)
	at org.eclipse.jetty.server.handler.HandlerWrapper.handle(HandlerWrapper.java:127)
	at org.eclipse.jetty.server.Server.handle(Server.java:516)
	at org.eclipse.jetty.server.HttpChannel.lambda$handle$1(HttpChannel.java:487)
	at org.eclipse.jetty.server.HttpChannel.dispatch(HttpChannel.java:732)
	at org.eclipse.jetty.server.HttpChannel.handle(HttpChannel.java:479)
	at org.eclipse.jetty.server.HttpConnection.onFillable(HttpConnection.java:277)
	at org.eclipse.jetty.io.AbstractConnection$ReadCallback.succeeded(AbstractConnection.java:311)
	at org.eclipse.jetty.io.FillInterest.fillable(FillInterest.java:105)
	at org.eclipse.jetty.io.ChannelEndPoint$1.run(ChannelEndPoint.java:104)
	at org.eclipse.jetty.util.thread.strategy.EatWhatYouKill.runTask(EatWhatYouKill.java:338)
	at org.eclipse.jetty.util.thread.strategy.EatWhatYouKill.doProduce(EatWhatYouKill.java:315)
	at org.eclipse.jetty.util.thread.strategy.EatWhatYouKill.tryProduce(EatWhatYouKill.java:173)
	at org.eclipse.jetty.util.thread.strategy.EatWhatYouKill.run(EatWhatYouKill.java:131)
	at org.eclipse.jetty.util.thread.ReservedThreadExecutor$ReservedThread.run(ReservedThreadExecutor.java:409)
	at org.eclipse.jetty.util.thread.QueuedThreadPool.runJob(QueuedThreadPool.java:883)
	at org.eclipse.jetty.util.thread.QueuedThreadPool$Runner.run(QueuedThreadPool.java:1034)
	at java.base/java.lang.Thread.run(Thread.java:1583)
27/08/26 10:02:36,839 WARN  [69ef54b6-d730-6a1c-674e-e52a76963aba@p289303711-2101] [aintsValidationExceptionMapper] [admin@172.19.0.1] Constraints validation exception at POST /api/admin/customFieldSettings/customFields requested by Apache-HttpClient/4.5.13 (Java/22.0.2)
 jetbrains.exodus.database.exceptions.ConstraintsValidationException: Constrains validation exception. Causes: 
  1: Property [CustomFieldPrototype: id = 157-43.name] can't be empty.

	at com.jetbrains.teamsys.dnq.database.TransientSessionImpl.checkBeforeSaveChangesConstraints(TransientSessionImpl.kt:474)
	at com.jetbrains.teamsys.dnq.database.TransientSessionImpl.flushChanges(TransientSessionImpl.kt:518)
	at com.jetbrains.teamsys.dnq.database.TransientSessionImpl.flush(TransientSessionImpl.kt:193)
	at jetbrains.charisma.main.YouTrackTransactionalFilter.filter(RestFilters.kt:171)
	at org.glassfish.jersey.server.ContainerFilteringStage$ResponseFilterStage.apply(ContainerFilteringStage.java:172)
	at org.glassfish.jersey.server.ContainerFilteringStage$ResponseFilterStage.apply(ContainerFilteringStage.java:139)
	at org.glassfish.jersey.process.internal.Stages.process(Stages.java:147)
	at org.glassfish.jersey.server.ServerRuntime$Responder.processResponse(ServerRuntime.java:378)
	at org.glassfish.jersey.server.ServerRuntime$Responder.process(ServerRuntime.java:370)
	at org.glassfish.jersey.server.ServerRuntime$1.run(ServerRuntime.java:259)
	at org.glassfish.jersey.internal.Errors$1.call(Errors.java:248)
	at org.glassfish.jersey.internal.Errors$1.call(Errors.java:244)
	at org.glassfish.jersey.internal.Errors.process(Errors.java:292)
	at org.glassfish.jersey.internal.Errors.process(Errors.java:274)
	at org.glassfish.jersey.internal.Errors.process(Errors.java:244)
	at org.glassfish.jersey.process.internal.RequestScope.runInScope(RequestScope.java:265)
	at org.glassfish.jersey.server.ServerRuntime.process(ServerRuntime.java:235)
	at org.glassfish.jersey.server.ApplicationHandler.handle(ApplicationHandler.java:684)
	at org.glassfish.jersey.servlet.WebComponent.serviceImpl(WebComponent.java:397)
	at org.glassfish.jersey.servlet.WebComponent.service(WebComponent.java:349)
	at jetbrains.youtrack.webapp.servlets.GapRestServlet.service(GapRestServlet.kt:85)
	at org.glassfish.jersey.servlet.ServletContainer.service(ServletContainer.java:312)
	at org.glassfish.jersey.servlet.ServletContainer.service(ServletContainer.java:205)
	at org.eclipse.jetty.servlet.ServletHolder.handle(ServletHolder.java:799)
	at org.eclipse.jetty.servlet.ServletHandler$ChainEnd.doFilter(ServletHandler.java:1656)
	at jetbrains.youtrack.webapp.filters.ClearPrincipalFilter.doFilter(ClearPrincipalFilter.kt:16)
	at jetbrains.youtrack.webapp.filters.FilterAdapter.doFilter(FilterAdapter.kt:45)
	at org.eclipse.jetty.servlet.FilterHolder.doFilter(FilterHolder.java:193)
	at org.eclipse.jetty.servlet.ServletHandler$Chain.doFilter(ServletHandler.java:1626)
	at jetbrains.youtrack.webapp.filters.SecurityResponseHeadersFilter.doFilter(SecurityResponseHeadersFilter.kt:29)
	at jetbrains.youtrack.webapp.filters.FilterAdapter.doFilter(FilterAdapter.kt:45)
	at org.eclipse.jetty.servlet.FilterHolder.doFilter(FilterHolder.java:193)
	at org.eclipse.jetty.servlet.ServletHandler$Chain.doFilter(ServletHandler.java:1626)
	at jetbrains.youtrack.gaprest.filters.HttpContextAccessorFilter.doFilter(HttpContextAccessorFilter.kt:42)
	at org.eclipse.jetty.servlet.FilterHolder.doFilter(FilterHolder.java:193)
	at org.eclipse.jetty.servlet.ServletHandler$Chain.doFilter(ServletHandler.java:1626)
	at jetbrains.youtrack.spring.controller.BaseApplicationFilter.doFilter(BaseApplicationFilter.kt:23)
	at org.eclipse.jetty.servlet.FilterHolder.doFilter(FilterHolder.java:193)
	at org.eclipse.jetty.servlet.ServletHandler$Chain.doFilter(ServletHandler.java:1626)
	at jetbrains.youtrack.webapp.filters.MdcProviderServletFilter.doFilter(MdcProviderServletFilter.kt:29)
	at org.eclipse.jetty.servlet.FilterHolder.doFilter(FilterHolder.java:193)
	at org.eclipse.jetty.servlet.ServletHandler$Chain.doFilter(ServletHandler.java:1626)
	at jetbrains.youtrack.webapp.filters.SitemapFilter.doFilter(SitemapFilter.kt:16)
	at jetbrains.youtrack.webapp.filters.FilterAdapter.doFilter(FilterAdapter.kt:45)
	at org.eclipse.jetty.servlet.FilterHolder.doFilter(FilterHolder.java:193)
	at org.eclipse.jetty.servlet.ServletHandler$Chain.doFilter(ServletHandler.java:1626)
	at jetbrains.youtrack.webapp.filters.CorsRequestFilter.doFilter(CorsRequestFilter.kt:59)
	at jetbrains.youtrack.webapp.filters.FilterAdapter.doFilter(FilterAdapter.kt:45)
	at org.eclipse.jetty.servlet.FilterHolder.doFilter(FilterHolder.java:193)
	at org.eclipse.jetty.servlet.ServletHandler$Chain.doFilter(ServletHandler.java:1626)
	at jetbrains.youtrack.webapp.filters.CloudRedirectRootRequestFilter.doFilter(CloudRedirectRootRequestFilter.kt:14)
	at jetbrains.youtrack.webapp.filters.FilterAdapter.doFilter(FilterAdapter.kt:45)
	at org.eclipse.jetty.servlet.FilterHolder.doFilter(FilterHolder.java:193)
	at org.eclipse.jetty.servlet.ServletHandler$Chain.doFilter(ServletHandler.java:1626)
	at jetbrains.youtrack.webapp.filters.CloudForwardFilter.doFilter(CloudForwardFilter.kt:15)
	at jetbrains.youtrack.webapp.filters.FilterAdapter.doFilter(FilterAdapter.kt:45)
	at org.eclipse.jetty.servlet.FilterHolder.doFilter(FilterHolder.java:193)
	at org.eclipse.jetty.servlet.ServletHandler$Chain.doFilter(ServletHandler.java:1626)
	at org.eclipse.jetty.servlet.ServletHandler.doHandle(ServletHandler.java:552)
	at org.eclipse.jetty.server.handler.ScopedHandler.handle(ScopedHandler.java:143)
	at org.eclipse.jetty.server.handler.gzip.GzipHandler.handle(GzipHandler.java:772)
	at org.eclipse.jetty.security.SecurityHandler.handle(SecurityHandler.java:600)
	at org.eclipse.jetty.server.handler.HandlerWrapper.handle(HandlerWrapper.java:127)
	at org.eclipse.jetty.server.handler.ScopedHandler.nextHandle(ScopedHandler.java:235)
	at org.eclipse.jetty.server.session.SessionHandler.doHandle(SessionHandler.java:1624)
	at org.eclipse.jetty.server.handler.ScopedHandler.nextHandle(ScopedHandler.java:233)
	at org.eclipse.jetty.server.handler.ContextHandler.doHandle(ContextHandler.java:1440)
	at org.eclipse.jetty.server.handler.ScopedHandler.nextScope(ScopedHandler.java:188)
	at org.eclipse.jetty.servlet.ServletHandler.doScope(ServletHandler.java:505)
	at org.eclipse.jetty.server.session.SessionHandler.doScope(SessionHandler.java:1594)
	at org.eclipse.jetty.server.handler.ScopedHandler.nextScope(ScopedHandler.java:186)
	at org.eclipse.jetty.server.handler.ContextHandler.doScope(ContextHandler.java:1355)
	at org.eclipse.jetty.server.handler.ScopedHandler.handle(ScopedHandler.java:141)
	at org.eclipse.jetty.server.handler.ContextHandlerCollection.handle(ContextHandlerCollection.java:234)
	at org.eclipse.jetty.server.handler.HandlerCollection.handle(HandlerCollection.java:146)
	at org.eclipse.jetty.server.handler.HandlerWrapper.handle(HandlerWrapper.java:127)
	at org.eclipse.jetty.server.Server.handle(Server.java:516)
	at org.eclipse.jetty.server.HttpChannel.lambda$handle$1(HttpChannel.java:487)
	at org.eclipse.jetty.server.HttpChannel.dispatch(HttpChannel.java:732)
	at org.eclipse.jetty.server.HttpChannel.handle(HttpChannel.java:479)
	at org.eclipse.jetty.server.HttpConnection.onFillable(HttpConnection.java:277)
	at org.eclipse.jetty.io.AbstractConnection$ReadCallback.succeeded(AbstractConnection.java:311)
	at org.eclipse.jetty.io.FillInterest.fillable(FillInterest.java:105)
	at org.eclipse.jetty.io.ChannelEndPoint$1.run(ChannelEndPoint.java:104)
	at org.eclipse.jetty.util.thread.strategy.EatWhatYouKill.runTask(EatWhatYouKill.java:338)
	at org.eclipse.jetty.util.thread.strategy.EatWhatYouKill.doProduce(EatWhatYouKill.java:315)
	at org.eclipse.jetty.util.thread.strategy.EatWhatYouKill.tryProduce(EatWhatYouKill.java:173)
	at org.eclipse.jetty.util.thread.strategy.EatWhatYouKill.run(EatWhatYouKill.java:131)
	at org.eclipse.jetty.util.thread.ReservedThreadExecutor$ReservedThread.run(ReservedThreadExecutor.java:409)
	at org.eclipse.jetty.util.thread.QueuedThreadPool.runJob(QueuedThreadPool.java:883)
	at org.eclipse.jetty.util.thread.QueuedThreadPool$Runner.run(QueuedThreadPool.java:1034)
	at java.base/java.lang.Thread.run(Thread.java:1583)
27/08/26 10:02:37,009 INFO  [d469a263-8156-5699-e0aa-26d6d0e06a98@t-user-action-2] [security                      ] [custom_fields_user_1182692756@172.19.0.1] field ZoneOfResponsibility10[__CUSTOM_FIELD__ZoneOfResponsibility10_31] removed
 27/08/26 10:02:37,014 INFO  [d469a263-8156-5699-e0aa-26d6d0e06a98@t-user-action-2] [security                      ] [custom_fields_user_1182692756@172.19.0.1] defaults are being cleaned for field with name null
 27/08/26 10:02:37,014 INFO  [d469a263-8156-5699-e0aa-26d6d0e06a98@t-user-action-2] [security                      ] [custom_fields_user_1182692756@172.19.0.1] defaults are cleaned
 27/08/26 10:02:37,016 INFO  [49db7d30-184b-b614-b4ff-492111ad2348@t-user-action-1] [security                      ] [custom_fields_user_1182692756@172.19.0.1] field ZoneOfResponsibility10[__CUSTOM_FIELD__ZoneOfResponsibility10_30] removed
 27/08/26 10:02:37,017 INFO  [49db7d30-184b-b614-b4ff-492111ad2348@t-user-action-1] [security                      ] [custom_fields_user_1182692756@172.19.0.1] defaults are being cleaned for field with name null
 27/08/26 10:02:37,018 INFO  [49db7d30-184b-b614-b4ff-492111ad2348@t-user-action-1] [security                      ] [custom_fields_user_1182692756@172.19.0.1] defaults are cleaned
 28/08/26 06:07:11,633 ERROR [67930f9c-b8bf-095f-d6c7-9adb396284c9@user-action-5  ] [UpdateCheckerImpl             ] [@] Update check failed with: javax.net.ssl.SSLHandshakeException: Remote host terminated the handshake
 javax.ws.rs.ProcessingException: javax.net.ssl.SSLHandshakeException: Remote host terminated the handshake
	at org.glassfish.jersey.client.internal.HttpUrlConnector.apply(HttpUrlConnector.java:288)
	at org.glassfish.jersey.client.ClientRuntime.invoke(ClientRuntime.java:300)
	at org.glassfish.jersey.client.JerseyInvocation.lambda$invoke$1(JerseyInvocation.java:687)
	at org.glassfish.jersey.client.JerseyInvocation.call(JerseyInvocation.java:709)
	at org.glassfish.jersey.client.JerseyInvocation.lambda$runInScope$3(JerseyInvocation.java:703)
	at org.glassfish.jersey.internal.Errors.process(Errors.java:292)
	at org.glassfish.jersey.internal.Errors.process(Errors.java:274)
	at org.glassfish.jersey.internal.Errors.process(Errors.java:205)
	at org.glassfish.jersey.process.internal.RequestScope.runInScope(RequestScope.java:390)
	at org.glassfish.jersey.client.JerseyInvocation.runInScope(JerseyInvocation.java:703)
	at org.glassfish.jersey.client.JerseyInvocation.invoke(JerseyInvocation.java:686)
	at org.glassfish.jersey.client.JerseyInvocation$Builder.method(JerseyInvocation.java:422)
	at org.glassfish.jersey.client.JerseyInvocation$Builder.get(JerseyInvocation.java:318)
	at jetbrains.youtrack.maintenance.updates.UpdateRest.getProducts(UpdateRest.kt:40)
	at jetbrains.youtrack.maintenance.updates.UpdateRest.getProduct(UpdateRest.kt:44)
	at jetbrains.youtrack.maintenance.updates.UpdateRest.getChannel(UpdateRest.kt:49)
	at jetbrains.youtrack.maintenance.updates.UpdateRest.getNewerBuild(UpdateRest.kt:64)
	at jetbrains.youtrack.maintenance.updates.UpdateCheckerImpl.checkForUpdate$lambda$0(UpdateCheckerImpl.kt:56)
	at jetbrains.charisma.executor.UserActionJob.execute(UserActionJob.kt:11)
	at jetbrains.youtrack.core.job.AbstractJob.doExecute(AbstractJob.kt:114)
	at jetbrains.youtrack.core.job.AbstractJob.tryExecute$youtrack_core(AbstractJob.kt:102)
	at jetbrains.youtrack.core.job.AbstractJobProcessor$JobExecutionTask.executeJob(AbstractJobProcessor.kt:229)
	at jetbrains.youtrack.core.job.AbstractJobProcessor$JobExecutionTask.runInContext(AbstractJobProcessor.kt:213)
	at jetbrains.youtrack.core.job.AbstractJobProcessor$JobExecutionTask.run$lambda$0(AbstractJobProcessor.kt:201)
	at jetbrains.youtrack.core.job.context.BeanContainerContext.doApply(ExecutionContexts.kt:47)
	at jetbrains.youtrack.core.job.context.ChainedExecutionContext.apply(ChainedExecutionContext.kt:29)
	at jetbrains.youtrack.core.job.context.ChainedExecutionContext.apply$lambda$0(ChainedExecutionContext.kt:26)
	at jetbrains.youtrack.core.job.context.LogExecutionContext.doApply(ExecutionContexts.kt:24)
	at jetbrains.youtrack.core.job.context.ChainedExecutionContext.apply(ChainedExecutionContext.kt:25)
	at jetbrains.youtrack.core.job.AbstractJobProcessor$JobExecutionTask.run(AbstractJobProcessor.kt:201)
	at java.base/java.util.concurrent.Executors$RunnableAdapter.call(Executors.java:572)
	at java.base/java.util.concurrent.FutureTask.run(FutureTask.java:317)
	at java.base/java.util.concurrent.ThreadPoolExecutor.runWorker(ThreadPoolExecutor.java:1144)
	at java.base/java.util.concurrent.ThreadPoolExecutor$Worker.run(ThreadPoolExecutor.java:642)
	at java.base/java.lang.Thread.run(Thread.java:1583)
Caused by: javax.net.ssl.SSLHandshakeException: Remote host terminated the handshake
	at java.base/sun.security.ssl.SSLSocketImpl.handleEOF(SSLSocketImpl.java:1715)
	at java.base/sun.security.ssl.SSLSocketImpl.decode(SSLSocketImpl.java:1513)
	at java.base/sun.security.ssl.SSLSocketImpl.readHandshakeRecord(SSLSocketImpl.java:1420)
	at java.base/sun.security.ssl.SSLSocketImpl.startHandshake(SSLSocketImpl.java:455)
	at java.base/sun.security.ssl.SSLSocketImpl.startHandshake(SSLSocketImpl.java:426)
	at java.base/sun.net.www.protocol.https.HttpsClient.afterConnect(HttpsClient.java:593)
	at java.base/sun.net.www.protocol.https.AbstractDelegateHttpsURLConnection.connect(AbstractDelegateHttpsURLConnection.java:190)
	at java.base/sun.net.www.protocol.http.HttpURLConnection.getInputStream0(HttpURLConnection.java:1705)
	at java.base/sun.net.www.protocol.http.HttpURLConnection.getInputStream(HttpURLConnection.java:1629)
	at java.base/java.net.HttpURLConnection.getResponseCode(HttpURLConnection.java:531)
	at java.base/sun.net.www.protocol.https.HttpsURLConnectionImpl.getResponseCode(HttpsURLConnectionImpl.java:307)
	at org.glassfish.jersey.client.internal.HttpUrlConnector._apply(HttpUrlConnector.java:453)
	at org.glassfish.jersey.client.internal.HttpUrlConnector.apply(HttpUrlConnector.java:286)
	... 34 more
Caused by: java.io.EOFException: SSL peer shut down incorrectly
	at java.base/sun.security.ssl.SSLSocketInputRecord.read(SSLSocketInputRecord.java:494)
	at java.base/sun.security.ssl.SSLSocketInputRecord.readHeader(SSLSocketInputRecord.java:483)
	at java.base/sun.security.ssl.SSLSocketInputRecord.decode(SSLSocketInputRecord.java:160)
	at java.base/sun.security.ssl.SSLTransport.decode(SSLTransport.java:111)
	at java.base/sun.security.ssl.SSLSocketImpl.decode(SSLSocketImpl.java:1505)
	... 45 more
28/08/26 06:07:11,667 WARN  [67930f9c-b8bf-095f-d6c7-9adb396284c9@user-action-5  ] [UpdateCheckResult             ] [@] javax.ws.rs.ProcessingException: javax.net.ssl.SSLHandshakeException: Remote host terminated the handshake
 29/08/26 16:02:58,761 INFO  [fb77d329-efc1-1ebd-4746-4ffd49411a38@cleanup-201    ] [security                      ] [@] Issue DEMO-59 (3-98) has been removed
 29/08/26 16:02:58,802 INFO  [fb77d329-efc1-1ebd-4746-4ffd49411a38@cleanup-201    ] [security                      ] [@] Star[XdStarWatchFolder wrapper for StarWatchFolder: id = 128-1] for user admin[2-1] updated
 29/08/26 16:02:58,851 INFO  [fb77d329-efc1-1ebd-4746-4ffd49411a38@cleanup-201    ] [security                      ] [@] Issue DEMO-58 (3-96) has been removed
 29/08/26 16:02:58,879 INFO  [fb77d329-efc1-1ebd-4746-4ffd49411a38@cleanup-201    ] [security                      ] [@] Star[XdStarWatchFolder wrapper for StarWatchFolder: id = 128-1] for user admin[2-1] updated
 29/08/26 16:02:58,929 INFO  [fb77d329-efc1-1ebd-4746-4ffd49411a38@cleanup-201    ] [security                      ] [@] Issue DEMO-55 (3-90) has been removed
 29/08/26 16:02:58,945 INFO  [fb77d329-efc1-1ebd-4746-4ffd49411a38@cleanup-201    ] [security                      ] [@] Star[XdStarWatchFolder wrapper for StarWatchFolder: id = 128-1] for user admin[2-1] updated
 29/08/26 16:02:59,036 INFO  [fb77d329-efc1-1ebd-4746-4ffd49411a38@cleanup-201    ] [security                      ] [@] Issue DEMO-56 (3-92) has been removed
 29/08/26 16:02:59,048 INFO  [fb77d329-efc1-1ebd-4746-4ffd49411a38@cleanup-201    ] [security                      ] [@] Star[XdStarWatchFolder wrapper for StarWatchFolder: id = 128-1] for user admin[2-1] updated
 29/08/26 16:02:59,077 INFO  [fb77d329-efc1-1ebd-4746-4ffd49411a38@cleanup-201    ] [security                      ] [@] Issue DEMO-57 (3-94) has been removed
 29/08/26 16:02:59,102 INFO  [fb77d329-efc1-1ebd-4746-4ffd49411a38@cleanup-201    ] [security                      ] [@] Star[XdStarWatchFolder wrapper for StarWatchFolder: id = 128-1] for user admin[2-1] updated
 29/08/26 16:02:59,142 INFO  [fb77d329-efc1-1ebd-4746-4ffd49411a38@cleanup-201    ] [security                      ] [@] Issue DEMO-47 (3-74) has been removed
 29/08/26 16:02:59,148 INFO  [fb77d329-efc1-1ebd-4746-4ffd49411a38@cleanup-201    ] [security                      ] [@] Star[XdStarWatchFolder wrapper for StarWatchFolder: id = 128-1] for user admin[2-1] updated
 29/08/26 16:02:59,177 INFO  [fb77d329-efc1-1ebd-4746-4ffd49411a38@cleanup-201    ] [security                      ] [@] Issue DEMO-48 (3-77) has been removed
 29/08/26 16:02:59,186 INFO  [fb77d329-efc1-1ebd-4746-4ffd49411a38@cleanup-201    ] [security                      ] [@] Star[XdStarWatchFolder wrapper for StarWatchFolder: id = 128-1] for user admin[2-1] updated
 29/08/26 16:02:59,237 INFO  [fb77d329-efc1-1ebd-4746-4ffd49411a38@cleanup-201    ] [security                      ] [@] Issue DEMO-49 (3-78) has been removed
 29/08/26 16:02:59,252 INFO  [fb77d329-efc1-1ebd-4746-4ffd49411a38@cleanup-201    ] [security                      ] [@] Star[XdStarWatchFolder wrapper for StarWatchFolder: id = 128-1] for user admin[2-1] updated
 29/08/26 16:02:59,279 INFO  [fb77d329-efc1-1ebd-4746-4ffd49411a38@cleanup-201    ] [security                      ] [@] Issue DEMO-50 (3-80) has been removed
 29/08/26 16:02:59,312 INFO  [fb77d329-efc1-1ebd-4746-4ffd49411a38@cleanup-201    ] [security                      ] [@] Star[XdStarWatchFolder wrapper for StarWatchFolder: id = 128-1] for user admin[2-1] updated
 29/08/26 16:02:59,345 INFO  [fb77d329-efc1-1ebd-4746-4ffd49411a38@cleanup-201    ] [security                      ] [@] Issue DEMO-51 (3-82) has been removed
 29/08/26 16:02:59,353 INFO  [fb77d329-efc1-1ebd-4746-4ffd49411a38@cleanup-201    ] [security                      ] [@] Star[XdStarWatchFolder wrapper for StarWatchFolder: id = 128-1] for user admin[2-1] updated
 29/08/26 16:02:59,389 INFO  [fb77d329-efc1-1ebd-4746-4ffd49411a38@cleanup-201    ] [security                      ] [@] Issue DEMO-52 (3-84) has been removed
 29/08/26 16:02:59,414 INFO  [fb77d329-efc1-1ebd-4746-4ffd49411a38@cleanup-201    ] [security                      ] [@] Star[XdStarWatchFolder wrapper for StarWatchFolder: id = 128-1] for user admin[2-1] updated
 29/08/26 16:02:59,469 INFO  [fb77d329-efc1-1ebd-4746-4ffd49411a38@cleanup-201    ] [security                      ] [@] Issue DEMO-53 (3-86) has been removed
 29/08/26 16:02:59,479 INFO  [fb77d329-efc1-1ebd-4746-4ffd49411a38@cleanup-201    ] [security                      ] [@] Star[XdStarWatchFolder wrapper for StarWatchFolder: id = 128-1] for user admin[2-1] updated
 29/08/26 16:02:59,525 INFO  [fb77d329-efc1-1ebd-4746-4ffd49411a38@cleanup-201    ] [security                      ] [@] Issue DEMO-54 (3-88) has been removed
 29/08/26 16:02:59,534 INFO  [fb77d329-efc1-1ebd-4746-4ffd49411a38@cleanup-201    ] [security                      ] [@] Star[XdStarWatchFolder wrapper for StarWatchFolder: id = 128-1] for user admin[2-1] updated
 29/08/26 16:02:59,589 INFO  [fb77d329-efc1-1ebd-4746-4ffd49411a38@cleanup-201    ] [security                      ] [@] Issue DEMO-41 (3-62) has been removed
 29/08/26 16:02:59,599 INFO  [fb77d329-efc1-1ebd-4746-4ffd49411a38@cleanup-201    ] [security                      ] [@] Star[XdStarWatchFolder wrapper for StarWatchFolder: id = 128-1] for user admin[2-1] updated
 29/08/26 16:02:59,627 INFO  [fb77d329-efc1-1ebd-4746-4ffd49411a38@cleanup-201    ] [security                      ] [@] Issue DEMO-42 (3-64) has been removed
 29/08/26 16:02:59,641 INFO  [fb77d329-efc1-1ebd-4746-4ffd49411a38@cleanup-201    ] [security                      ] [@] Star[XdStarWatchFolder wrapper for StarWatchFolder: id = 128-1] for user admin[2-1] updated
 29/08/26 16:02:59,670 INFO  [fb77d329-efc1-1ebd-4746-4ffd49411a38@cleanup-201    ] [security                      ] [@] Issue DEMO-43 (3-66) has been removed
 29/08/26 16:02:59,706 INFO  [fb77d329-efc1-1ebd-4746-4ffd49411a38@cleanup-201    ] [security                      ] [@] Star[XdStarWatchFolder wrapper for StarWatchFolder: id = 128-1] for user admin[2-1] updated
 29/08/26 16:02:59,724 INFO  [fb77d329-efc1-1ebd-4746-4ffd49411a38@cleanup-201    ] [security                      ] [@] Issue DEMO-44 (3-69) has been removed
 29/08/26 16:02:59,757 INFO  [fb77d329-efc1-1ebd-4746-4ffd49411a38@cleanup-201    ] [security                      ] [@] Star[XdStarWatchFolder wrapper for StarWatchFolder: id = 128-1] for user admin[2-1] updated
 29/08/26 16:02:59,786 INFO  [fb77d329-efc1-1ebd-4746-4ffd49411a38@cleanup-201    ] [security                      ] [@] Issue DEMO-45 (3-70) has been removed
 29/08/26 16:02:59,810 INFO  [fb77d329-efc1-1ebd-4746-4ffd49411a38@cleanup-201    ] [security                      ] [@] Star[XdStarWatchFolder wrapper for StarWatchFolder: id = 128-1] for user admin[2-1] updated
 29/08/26 16:02:59,849 INFO  [fb77d329-efc1-1ebd-4746-4ffd49411a38@cleanup-201    ] [security                      ] [@] Issue DEMO-46 (3-73) has been removed
 29/08/26 16:02:59,853 INFO  [fb77d329-efc1-1ebd-4746-4ffd49411a38@cleanup-201    ] [security                      ] [@] Star[XdStarWatchFolder wrapper for StarWatchFolder: id = 128-1] for user admin[2-1] updated
 29/08/26 16:02:59,876 INFO  [fb77d329-efc1-1ebd-4746-4ffd49411a38@cleanup-201    ] [security                      ] [@] Issue DEMO-35 (3-50) has been removed
 29/08/26 16:02:59,882 INFO  [fb77d329-efc1-1ebd-4746-4ffd49411a38@cleanup-201    ] [security                      ] [@] Star[XdStarWatchFolder wrapper for StarWatchFolder: id = 128-1] for user admin[2-1] updated
 29/08/26 16:02:59,923 INFO  [fb77d329-efc1-1ebd-4746-4ffd49411a38@cleanup-201    ] [security                      ] [@] Issue DEMO-36 (3-52) has been removed
 29/08/26 16:02:59,962 INFO  [fb77d329-efc1-1ebd-4746-4ffd49411a38@cleanup-201    ] [security                      ] [@] Star[XdStarWatchFolder wrapper for StarWatchFolder: id = 128-1] for user admin[2-1] updated
 29/08/26 16:02:59,985 INFO  [fb77d329-efc1-1ebd-4746-4ffd49411a38@cleanup-201    ] [security                      ] [@] Issue DEMO-37 (3-54) has been removed
 29/08/26 16:03:00,012 INFO  [fb77d329-efc1-1ebd-4746-4ffd49411a38@cleanup-201    ] [security                      ] [@] Star[XdStarWatchFolder wrapper for StarWatchFolder: id = 128-1] for user admin[2-1] updated
 29/08/26 16:03:00,024 INFO  [fb77d329-efc1-1ebd-4746-4ffd49411a38@cleanup-201    ] [security                      ] [@] Issue DEMO-38 (3-56) has been removed
 29/08/26 16:03:00,028 INFO  [fb77d329-efc1-1ebd-4746-4ffd49411a38@cleanup-201    ] [security                      ] [@] Star[XdStarWatchFolder wrapper for StarWatchFolder: id = 128-1] for user admin[2-1] updated
 29/08/26 16:03:00,062 INFO  [fb77d329-efc1-1ebd-4746-4ffd49411a38@cleanup-201    ] [security                      ] [@] Issue DEMO-39 (3-58) has been removed
 29/08/26 16:03:00,068 INFO  [fb77d329-efc1-1ebd-4746-4ffd49411a38@cleanup-201    ] [security                      ] [@] Star[XdStarWatchFolder wrapper for StarWatchFolder: id = 128-1] for user admin[2-1] updated
 29/08/26 16:03:00,100 INFO  [fb77d329-efc1-1ebd-4746-4ffd49411a38@cleanup-201    ] [security                      ] [@] Issue DEMO-40 (3-60) has been removed
 29/08/26 16:03:00,126 INFO  [fb77d329-efc1-1ebd-4746-4ffd49411a38@cleanup-201    ] [security                      ] [@] Star[XdStarWatchFolder wrapper for StarWatchFolder: id = 128-1] for user admin[2-1] updated
 29/08/26 16:03:00,148 INFO  [fb77d329-efc1-1ebd-4746-4ffd49411a38@cleanup-201    ] [security                      ] [@] Issue DEMO-29 (3-38) has been removed
 29/08/26 16:03:00,179 INFO  [fb77d329-efc1-1ebd-4746-4ffd49411a38@cleanup-201    ] [security                      ] [@] Star[XdStarWatchFolder wrapper for StarWatchFolder: id = 128-1] for user admin[2-1] updated
 29/08/26 16:03:00,225 INFO  [fb77d329-efc1-1ebd-4746-4ffd49411a38@cleanup-201    ] [security                      ] [@] Issue DEMO-30 (3-40) has been removed
 29/08/26 16:03:00,229 INFO  [fb77d329-efc1-1ebd-4746-4ffd49411a38@cleanup-201    ] [security                      ] [@] Star[XdStarWatchFolder wrapper for StarWatchFolder: id = 128-1] for user admin[2-1] updated
 29/08/26 16:03:00,264 INFO  [fb77d329-efc1-1ebd-4746-4ffd49411a38@cleanup-201    ] [security                      ] [@] Issue DEMO-31 (3-42) has been removed
 29/08/26 16:03:00,278 INFO  [fb77d329-efc1-1ebd-4746-4ffd49411a38@cleanup-201    ] [security                      ] [@] Star[XdStarWatchFolder wrapper for StarWatchFolder: id = 128-1] for user admin[2-1] updated
 29/08/26 16:03:00,300 INFO  [fb77d329-efc1-1ebd-4746-4ffd49411a38@cleanup-201    ] [security                      ] [@] Issue DEMO-32 (3-44) has been removed
 29/08/26 16:03:00,318 INFO  [fb77d329-efc1-1ebd-4746-4ffd49411a38@cleanup-201    ] [security                      ] [@] Star[XdStarWatchFolder wrapper for StarWatchFolder: id = 128-1] for user admin[2-1] updated
 29/08/26 16:03:00,339 INFO  [fb77d329-efc1-1ebd-4746-4ffd49411a38@cleanup-201    ] [security                      ] [@] Issue DEMO-33 (3-46) has been removed
 29/08/26 16:03:00,349 INFO  [fb77d329-efc1-1ebd-4746-4ffd49411a38@cleanup-201    ] [security                      ] [@] Star[XdStarWatchFolder wrapper for StarWatchFolder: id = 128-1] for user admin[2-1] updated
 29/08/26 16:03:00,390 INFO  [fb77d329-efc1-1ebd-4746-4ffd49411a38@cleanup-201    ] [security                      ] [@] Issue DEMO-34 (3-48) has been removed
 29/08/26 16:03:00,395 INFO  [fb77d329-efc1-1ebd-4746-4ffd49411a38@cleanup-201    ] [security                      ] [@] Star[XdStarWatchFolder wrapper for StarWatchFolder: id = 128-1] for user admin[2-1] updated
 29/08/26 16:03:00,411 INFO  [fb77d329-efc1-1ebd-4746-4ffd49411a38@cleanup-201    ] [security                      ] [@] Issue DEMO-22 (3-24) has been removed
 29/08/26 16:03:00,419 INFO  [fb77d329-efc1-1ebd-4746-4ffd49411a38@cleanup-201    ] [security                      ] [@] Star[XdStarWatchFolder wrapper for StarWatchFolder: id = 128-1] for user admin[2-1] updated
 29/08/26 16:03:00,486 INFO  [fb77d329-efc1-1ebd-4746-4ffd49411a38@cleanup-201    ] [security                      ] [@] Issue DEMO-23 (3-26) has been removed
 29/08/26 16:03:00,496 INFO  [fb77d329-efc1-1ebd-4746-4ffd49411a38@cleanup-201    ] [security                      ] [@] Star[XdStarWatchFolder wrapper for StarWatchFolder: id = 128-1] for user admin[2-1] updated
 29/08/26 16:03:00,532 INFO  [fb77d329-efc1-1ebd-4746-4ffd49411a38@cleanup-201    ] [security                      ] [@] Issue DEMO-24 (3-28) has been removed
 29/08/26 16:03:00,545 INFO  [fb77d329-efc1-1ebd-4746-4ffd49411a38@cleanup-201    ] [security                      ] [@] Star[XdStarWatchFolder wrapper for StarWatchFolder: id = 128-1] for user admin[2-1] updated
 29/08/26 16:03:00,574 INFO  [fb77d329-efc1-1ebd-4746-4ffd49411a38@cleanup-201    ] [security                      ] [@] Issue DEMO-25 (3-30) has been removed
 29/08/26 16:03:00,595 INFO  [fb77d329-efc1-1ebd-4746-4ffd49411a38@cleanup-201    ] [security                      ] [@] Star[XdStarWatchFolder wrapper for StarWatchFolder: id = 128-1] for user admin[2-1] updated
 29/08/26 16:03:00,627 INFO  [fb77d329-efc1-1ebd-4746-4ffd49411a38@cleanup-201    ] [security                      ] [@] Issue DEMO-26 (3-32) has been removed
 29/08/26 16:03:00,629 INFO  [fb77d329-efc1-1ebd-4746-4ffd49411a38@cleanup-201    ] [security                      ] [@] Star[XdStarWatchFolder wrapper for StarWatchFolder: id = 128-1] for user admin[2-1] updated
 29/08/26 16:03:00,665 INFO  [fb77d329-efc1-1ebd-4746-4ffd49411a38@cleanup-201    ] [security                      ] [@] Issue DEMO-27 (3-34) has been removed
 29/08/26 16:03:00,719 INFO  [fb77d329-efc1-1ebd-4746-4ffd49411a38@cleanup-201    ] [security                      ] [@] Star[XdStarWatchFolder wrapper for StarWatchFolder: id = 128-1] for user admin[2-1] updated
 29/08/26 16:03:00,751 INFO  [fb77d329-efc1-1ebd-4746-4ffd49411a38@cleanup-201    ] [security                      ] [@] Issue DEMO-28 (3-36) has been removed
 29/08/26 16:03:00,768 INFO  [fb77d329-efc1-1ebd-4746-4ffd49411a38@cleanup-201    ] [security                      ] [@] Star[XdStarWatchFolder wrapper for StarWatchFolder: id = 128-1] for user admin[2-1] updated
 29/08/26 16:03:00,982 INFO  [fb77d329-efc1-1ebd-4746-4ffd49411a38@cleanup-201    ] [security                      ] [@] Issue DEMO-1 (3-0) has been removed
 29/08/26 16:03:01,025 INFO  [fb77d329-efc1-1ebd-4746-4ffd49411a38@cleanup-201    ] [security                      ] [@] Issue DEMO-3 (3-2) has been removed
 29/08/26 16:03:01,039 INFO  [fb77d329-efc1-1ebd-4746-4ffd49411a38@cleanup-201    ] [security                      ] [@] Issue DEMO-4 (3-3) has been removed
 29/08/26 16:03:01,076 INFO  [fb77d329-efc1-1ebd-4746-4ffd49411a38@cleanup-201    ] [security                      ] [@] Issue DEMO-5 (3-4) has been removed
 29/08/26 16:03:01,094 INFO  [fb77d329-efc1-1ebd-4746-4ffd49411a38@cleanup-201    ] [security                      ] [@] Issue DEMO-6 (3-5) has been removed
 29/08/26 16:03:01,119 INFO  [fb77d329-efc1-1ebd-4746-4ffd49411a38@cleanup-201    ] [security                      ] [@] Issue DEMO-8 (3-7) has been removed
 29/08/26 16:03:01,136 INFO  [fb77d329-efc1-1ebd-4746-4ffd49411a38@cleanup-201    ] [security                      ] [@] Issue DEMO-10 (3-9) has been removed
 29/08/26 16:03:01,156 INFO  [fb77d329-efc1-1ebd-4746-4ffd49411a38@cleanup-201    ] [security                      ] [@] Issue DEMO-11 (3-10) has been removed
 29/08/26 16:03:01,223 INFO  [fb77d329-efc1-1ebd-4746-4ffd49411a38@cleanup-201    ] [security                      ] [@] Issue DEMO-18 (3-17) has been removed
 29/08/26 16:03:01,243 INFO  [fb77d329-efc1-1ebd-4746-4ffd49411a38@cleanup-201    ] [security                      ] [@] Issue DEMO-19 (3-18) has been removed
 29/08/26 16:03:01,260 INFO  [fb77d329-efc1-1ebd-4746-4ffd49411a38@cleanup-201    ] [security                      ] [@] Issue DEMO-20 (3-20) has been removed
 29/08/26 16:03:01,265 INFO  [fb77d329-efc1-1ebd-4746-4ffd49411a38@cleanup-201    ] [security                      ] [@] Star[XdStarWatchFolder wrapper for StarWatchFolder: id = 128-1] for user admin[2-1] updated
 29/08/26 16:03:01,285 INFO  [fb77d329-efc1-1ebd-4746-4ffd49411a38@cleanup-201    ] [security                      ] [@] Issue DEMO-21 (3-22) has been removed
 29/08/26 16:03:01,322 INFO  [fb77d329-efc1-1ebd-4746-4ffd49411a38@cleanup-201    ] [security                      ] [@] Star[XdStarWatchFolder wrapper for StarWatchFolder: id = 128-1] for user admin[2-1] updated
 29/08/26 16:03:01,382 INFO  [fb77d329-efc1-1ebd-4746-4ffd49411a38@cleanup-201    ] [security                      ] [@] Issue DEMO-7 (3-6) has been removed
 29/08/26 16:03:01,402 INFO  [fb77d329-efc1-1ebd-4746-4ffd49411a38@cleanup-201    ] [security                      ] [@] Issue DEMO-9 (3-8) has been removed
 29/08/26 16:03:01,449 INFO  [fb77d329-efc1-1ebd-4746-4ffd49411a38@cleanup-201    ] [security                      ] [@] Issue DEMO-2 (3-1) has been removed
 29/08/26 16:03:01,504 INFO  [fb77d329-efc1-1ebd-4746-4ffd49411a38@cleanup-201    ] [security                      ] [@] Issue DEMO-12 (3-11) has been removed
 29/08/26 16:03:01,645 INFO  [fb77d329-efc1-1ebd-4746-4ffd49411a38@cleanup-201    ] [security                      ] [@] Issue DEMO-13 (3-12) has been removed
 29/08/26 16:03:01,682 INFO  [fb77d329-efc1-1ebd-4746-4ffd49411a38@cleanup-201    ] [security                      ] [@] Issue DEMO-14 (3-13) has been removed
 29/08/26 16:03:01,706 INFO  [fb77d329-efc1-1ebd-4746-4ffd49411a38@cleanup-201    ] [security                      ] [@] Issue DEMO-15 (3-14) has been removed
 29/08/26 16:03:01,739 INFO  [fb77d329-efc1-1ebd-4746-4ffd49411a38@cleanup-201    ] [security                      ] [@] Issue DEMO-16 (3-15) has been removed
 29/08/26 16:03:01,764 INFO  [fb77d329-efc1-1ebd-4746-4ffd49411a38@cleanup-201    ] [security                      ] [@] Issue DEMO-17 (3-16) has been removed
 29/08/26 16:03:02,073 INFO  [fb77d329-efc1-1ebd-4746-4ffd49411a38@cleanup-201    ] [AbstractCleanupLocalScheduling] [@] Completed quartz cleanup job [standalone]: removed 119 issues
 29/08/26 16:03:02,074 INFO  [fb77d329-efc1-1ebd-4746-4ffd49411a38@cleanup-201    ] [AbstractCleanupLocalScheduling] [@] Issues cleaned up by quartz job [standalone]: Issue.Draft, Issue.Draft, Issue.Draft, Issue.Draft, Issue.Draft, Issue.Draft, Issue.Draft, Issue.Draft, Issue.Draft, Issue.Draft, Issue.Draft, Issue.Draft, Issue.Draft, Issue.Draft, Issue.Draft, Issue.Draft, Issue.Draft, Issue.Draft, Issue.Draft, Issue.Draft, Issue.Draft, Issue.Draft, Issue.Draft, Issue.Draft, Issue.Draft, Issue.Draft, Issue.Draft, Issue.Draft, Issue.Draft, Issue.Draft, Issue.Draft, Issue.Draft, Issue.Draft, Issue.Draft, Issue.Draft, Issue.Draft, Issue.Draft, Issue.Draft, Issue.Draft, Issue.Draft, DEMO-59, DEMO-58, DEMO-55, DEMO-56, DEMO-57, DEMO-47, DEMO-48, DEMO-49, DEMO-50, DEMO-51, DEMO-52, DEMO-53, DEMO-54, DEMO-41, DEMO-42, DEMO-43, DEMO-44, DEMO-45, DEMO-46, DEMO-35, DEMO-36, DEMO-37, DEMO-38, DEMO-39, DEMO-40, DEMO-29, DEMO-30, DEMO-31, DEMO-32, DEMO-33, DEMO-34, DEMO-22, DEMO-23, DEMO-24, DEMO-25, DEMO-26, DEMO-27, DEMO-28, DEMO-1, DEMO-3, DEMO-4, DEMO-5, DEMO-6, DEMO-8, DEMO-10, DEMO-11, DEMO-18, DEMO-19, DEMO-20, DEMO-21, DEMO-7, DEMO-9, DEMO-2, DEMO-12, DEMO-13, DEMO-14, DEMO-15, DEMO-16, DEMO-17, Issue.Draft, Issue.Draft, Issue.Draft, Issue.Draft, Issue.Draft, Issue.Draft, Issue.Draft, Issue.Draft, Issue.Draft, Issue.Draft, Issue.Draft, Issue.Draft, Issue.Draft, Issue.Draft, Issue.Draft, Issue.Draft, Issue.Draft, Issue.Draft, Issue.Draft, Issue.Draft
 29/08/26 18:15:22,946 INFO  [@ Daemon Proxy 2] [ServletContextDestroyListener ] [@] Destroyed event for context local
 29/08/26 18:15:22,951 INFO  [@ Daemon Proxy 2] [ApplicationStateHolderImpl    ] [@] Application state changed from RUNNING to SHUTTING_DOWN
 29/08/26 18:15:22,966 INFO  [@ Daemon Proxy 2] [YouTrackShutdown              ] [@] Stopping appLifecycleListeners
 29/08/26 18:15:22,966 INFO  [@ Daemon Proxy 2] [ApplicationStateHolderImpl    ] [@] Application state changed from SHUTTING_DOWN to APP_LIFECYCLE_STOP
 29/08/26 18:15:22,989 INFO  [@ Daemon Proxy 2] [JobProcessorsShutDown         ] [@] Stopping job processors
 29/08/26 18:15:22,989 INFO  [@ Daemon Proxy 2] [JobProcessorsShutDown         ] [@] Stopping job processor GlobalSchedulingJobProcessor
 29/08/26 18:15:22,989 INFO  [@ Daemon Proxy 2] [JobProcessorsShutDown         ] [@] Finished all jobs for job processor GlobalSchedulingJobProcessor
 29/08/26 18:15:22,989 INFO  [@ Daemon Proxy 2] [JobProcessorsShutDown         ] [@] Stopping job processor LocalSchedulingJobProcessor
 29/08/26 18:15:22,989 INFO  [@ Daemon Proxy 2] [JobProcessorsShutDown         ] [@] Finished all jobs for job processor LocalSchedulingJobProcessor
 29/08/26 18:15:22,990 INFO  [@ Daemon Proxy 2] [JobProcessorsShutDown         ] [@] Stopping job processor AsyncUIJobProcessor
 29/08/26 18:15:22,990 INFO  [@ Daemon Proxy 2] [JobProcessorsShutDown         ] [@] Finished all jobs for job processor AsyncUIJobProcessor
 29/08/26 18:15:22,990 INFO  [@ Daemon Proxy 2] [JobProcessorsShutDown         ] [@] Stopping job processor HeavyPersistentUserActionJobProcessor
 29/08/26 18:15:22,990 INFO  [@ Daemon Proxy 2] [JobProcessorsShutDown         ] [@] Finished all jobs for job processor HeavyPersistentUserActionJobProcessor
 29/08/26 18:15:22,990 INFO  [@ Daemon Proxy 2] [JobProcessorsShutDown         ] [@] Stopping job processor MaintenanceJobProcessor
 29/08/26 18:15:22,990 INFO  [@ Daemon Proxy 2] [JobProcessorsShutDown         ] [@] Finished all jobs for job processor MaintenanceJobProcessor
 29/08/26 18:15:22,990 INFO  [@ Daemon Proxy 2] [JobProcessorsShutDown         ] [@] Stopping job processor PersistentUserActionJobProcessor
 29/08/26 18:15:22,990 INFO  [@ Daemon Proxy 2] [JobProcessorsShutDown         ] [@] Finished all jobs for job processor PersistentUserActionJobProcessor
 29/08/26 18:15:22,990 INFO  [@ Daemon Proxy 2] [JobProcessorsShutDown         ] [@] Stopping job processor SpentTimeCorrectionJobProcessor
 29/08/26 18:15:22,990 INFO  [@ Daemon Proxy 2] [JobProcessorsShutDown         ] [@] Finished all jobs for job processor SpentTimeCorrectionJobProcessor
 29/08/26 18:15:22,990 INFO  [@ Daemon Proxy 2] [JobProcessorsShutDown         ] [@] Stopping job processor AICommandsJobProcessor
 29/08/26 18:15:22,990 INFO  [@ Daemon Proxy 2] [JobProcessorsShutDown         ] [@] Finished all jobs for job processor AICommandsJobProcessor
 29/08/26 18:15:22,990 INFO  [@ Daemon Proxy 2] [JobProcessorsShutDown         ] [@] Stopping job processor AiDuplicateSuggestionsJobProcessor
 29/08/26 18:15:22,990 INFO  [@ Daemon Proxy 2] [JobProcessorsShutDown         ] [@] Finished all jobs for job processor AiDuplicateSuggestionsJobProcessor
 29/08/26 18:15:22,990 INFO  [@ Daemon Proxy 2] [JobProcessorsShutDown         ] [@] Stopping job processor AiLinkSuggestionsJobProcessor
 29/08/26 18:15:22,990 INFO  [@ Daemon Proxy 2] [JobProcessorsShutDown         ] [@] Finished all jobs for job processor AiLinkSuggestionsJobProcessor
 29/08/26 18:15:22,990 INFO  [@ Daemon Proxy 2] [JobProcessorsShutDown         ] [@] Stopping job processor AiReplySuggestionsJobProcessor
 29/08/26 18:15:22,990 INFO  [@ Daemon Proxy 2] [JobProcessorsShutDown         ] [@] Finished all jobs for job processor AiReplySuggestionsJobProcessor
 29/08/26 18:15:22,990 INFO  [@ Daemon Proxy 2] [JobProcessorsShutDown         ] [@] Stopping job processor DuplicatesSuggestionResponseJobProcessor
 29/08/26 18:15:22,990 INFO  [@ Daemon Proxy 2] [JobProcessorsShutDown         ] [@] Finished all jobs for job processor DuplicatesSuggestionResponseJobProcessor
 29/08/26 18:15:22,990 INFO  [@ Daemon Proxy 2] [JobProcessorsShutDown         ] [@] Stopping job processor GrazieTasksAPIJobProcessor
 29/08/26 18:15:22,990 INFO  [@ Daemon Proxy 2] [JobProcessorsShutDown         ] [@] Finished all jobs for job processor GrazieTasksAPIJobProcessor
 29/08/26 18:15:22,990 INFO  [@ Daemon Proxy 2] [JobProcessorsShutDown         ] [@] Stopping job processor LinkSuggestionResponseJobProcessor
 29/08/26 18:15:22,990 INFO  [@ Daemon Proxy 2] [JobProcessorsShutDown         ] [@] Finished all jobs for job processor LinkSuggestionResponseJobProcessor
 29/08/26 18:15:22,990 INFO  [@ Daemon Proxy 2] [JobProcessorsShutDown         ] [@] Stopping job processor NaturalSearchResponseJobProcessor
 29/08/26 18:15:22,990 INFO  [@ Daemon Proxy 2] [JobProcessorsShutDown         ] [@] Finished all jobs for job processor NaturalSearchResponseJobProcessor
 29/08/26 18:15:22,990 INFO  [@ Daemon Proxy 2] [JobProcessorsShutDown         ] [@] Stopping job processor ThreadToIssueJobProcessor
 29/08/26 18:15:22,990 INFO  [@ Daemon Proxy 2] [JobProcessorsShutDown         ] [@] Finished all jobs for job processor ThreadToIssueJobProcessor
 29/08/26 18:15:22,990 INFO  [@ Daemon Proxy 2] [JobProcessorsShutDown         ] [@] Stopping job processor SmartSearchResponseJobProcessor
 29/08/26 18:15:22,990 INFO  [@ Daemon Proxy 2] [JobProcessorsShutDown         ] [@] Finished all jobs for job processor SmartSearchResponseJobProcessor
 29/08/26 18:15:22,990 INFO  [@ Daemon Proxy 2] [JobProcessorsShutDown         ] [@] Stopping job processor PredefinedScriptJobProcessor
 29/08/26 18:15:22,990 INFO  [@ Daemon Proxy 2] [JobProcessorsShutDown         ] [@] Finished all jobs for job processor PredefinedScriptJobProcessor
 29/08/26 18:15:22,991 INFO  [@ Daemon Proxy 2] [JobProcessorsShutDown         ] [@] Stopping job processor AsyncFunctionJobProcessor
 29/08/26 18:15:22,991 INFO  [@ Daemon Proxy 2] [JobProcessorsShutDown         ] [@] Finished all jobs for job processor AsyncFunctionJobProcessor
 29/08/26 18:15:22,991 INFO  [@ Daemon Proxy 2] [JobProcessorsShutDown         ] [@] Stopping job processor AgileUserProfileJobProcessor
 29/08/26 18:15:22,991 INFO  [@ Daemon Proxy 2] [JobProcessorsShutDown         ] [@] Finished all jobs for job processor AgileUserProfileJobProcessor
 29/08/26 18:15:22,991 INFO  [@ Daemon Proxy 2] [JobProcessorsShutDown         ] [@] Stopping job processor VcsJobProcessor
 29/08/26 18:15:22,991 INFO  [@ Daemon Proxy 2] [JobProcessorsShutDown         ] [@] Finished all jobs for job processor VcsJobProcessor
 29/08/26 18:15:22,991 INFO  [@ Daemon Proxy 2] [JobProcessorsShutDown         ] [@] Stopping job processor WorkflowEventJobProcessor
 29/08/26 18:15:22,991 INFO  [@ Daemon Proxy 2] [JobProcessorsShutDown         ] [@] Finished all jobs for job processor WorkflowEventJobProcessor
 29/08/26 18:15:22,991 INFO  [@ Daemon Proxy 2] [JobProcessorsShutDown         ] [@] Stopping job processor WorkflowScheduledJobProcessor
 29/08/26 18:15:22,991 INFO  [@ Daemon Proxy 2] [JobProcessorsShutDown         ] [@] Finished all jobs for job processor WorkflowScheduledJobProcessor
 29/08/26 18:15:22,991 INFO  [@ Daemon Proxy 2] [JobProcessorsShutDown         ] [@] Stopping job processor UserProfileJobProcessor
 29/08/26 18:15:22,991 INFO  [@ Daemon Proxy 2] [JobProcessorsShutDown         ] [@] Finished all jobs for job processor UserProfileJobProcessor
 29/08/26 18:15:22,991 INFO  [@ Daemon Proxy 2] [JobProcessorsShutDown         ] [@] Stopping job processor CleanupJobProcessor
 29/08/26 18:15:22,991 INFO  [@ Daemon Proxy 2] [JobProcessorsShutDown         ] [@] Finished all jobs for job processor CleanupJobProcessor
 29/08/26 18:15:22,991 INFO  [@ Daemon Proxy 2] [JobProcessorsShutDown         ] [@] Stopping job processor ArticlesExportJobProcessor
 29/08/26 18:15:22,991 INFO  [@ Daemon Proxy 2] [JobProcessorsShutDown         ] [@] Finished all jobs for job processor ArticlesExportJobProcessor
 29/08/26 18:15:22,991 INFO  [@ Daemon Proxy 2] [JobProcessorsShutDown         ] [@] Stopping job processor SimilarIssuesResponseJobProcessor
 29/08/26 18:15:22,991 INFO  [@ Daemon Proxy 2] [JobProcessorsShutDown         ] [@] Finished all jobs for job processor SimilarIssuesResponseJobProcessor
 29/08/26 18:15:22,991 INFO  [@ Daemon Proxy 2] [JobProcessorsShutDown         ] [@] Stopping job processor ArticleAnalysisDurabilityJobProcessor
 29/08/26 18:15:22,991 INFO  [@ Daemon Proxy 2] [JobProcessorsShutDown         ] [@] Finished all jobs for job processor ArticleAnalysisDurabilityJobProcessor
 29/08/26 18:15:22,991 INFO  [@ Daemon Proxy 2] [JobProcessorsShutDown         ] [@] Stopping job processor GanttJobProcessor
 29/08/26 18:15:22,991 INFO  [@ Daemon Proxy 2] [JobProcessorsShutDown         ] [@] Finished all jobs for job processor GanttJobProcessor
 29/08/26 18:15:22,991 INFO  [@ Daemon Proxy 2] [JobProcessorsShutDown         ] [@] Stopping job processor ImportsJobProcessor
 29/08/26 18:15:22,991 INFO  [@ Daemon Proxy 2] [JobProcessorsShutDown         ] [@] Finished all jobs for job processor ImportsJobProcessor
 29/08/26 18:15:22,991 INFO  [@ Daemon Proxy 2] [JobProcessorsShutDown         ] [@] Stopping job processor MailboxJobProcessor
 29/08/26 18:15:22,991 INFO  [@ Daemon Proxy 2] [JobProcessorsShutDown         ] [@] Finished all jobs for job processor MailboxJobProcessor
 29/08/26 18:15:22,991 INFO  [@ Daemon Proxy 2] [JobProcessorsShutDown         ] [@] Stopping job processor NotificationAnalyzerJobProcessor
 29/08/26 18:15:22,991 INFO  [@ Daemon Proxy 2] [JobProcessorsShutDown         ] [@] Finished all jobs for job processor NotificationAnalyzerJobProcessor
 29/08/26 18:15:22,991 INFO  [@ Daemon Proxy 2] [JobProcessorsShutDown         ] [@] Stopping job processor IssueAnalysisDurabilityJobProcessor
 29/08/26 18:15:22,992 INFO  [@ Daemon Proxy 2] [JobProcessorsShutDown         ] [@] Finished all jobs for job processor IssueAnalysisDurabilityJobProcessor
 29/08/26 18:15:22,992 INFO  [@ Daemon Proxy 2] [JobProcessorsShutDown         ] [@] Stopping job processor SendingDurabilityJobProcessor
 29/08/26 18:15:22,992 INFO  [@ Daemon Proxy 2] [JobProcessorsShutDown         ] [@] Finished all jobs for job processor SendingDurabilityJobProcessor
 29/08/26 18:15:22,992 INFO  [@ Daemon Proxy 2] [JobProcessorsShutDown         ] [@] Stopping job processor NotificationJobProcessor
 29/08/26 18:15:22,992 INFO  [@ Daemon Proxy 2] [JobProcessorsShutDown         ] [@] Finished all jobs for job processor NotificationJobProcessor
 29/08/26 18:15:22,992 INFO  [@ Daemon Proxy 2] [JobProcessorsShutDown         ] [@] Stopping job processor ReportsJobProcessor
 29/08/26 18:15:22,992 INFO  [@ Daemon Proxy 2] [JobProcessorsShutDown         ] [@] Finished all jobs for job processor ReportsJobProcessor
 29/08/26 18:15:22,992 INFO  [@ Daemon Proxy 2] [JobProcessorsShutDown         ] [@] Stopping job processor AuditJobProcessor
 29/08/26 18:15:22,992 INFO  [@ Daemon Proxy 2] [JobProcessorsShutDown         ] [@] Finished all jobs for job processor AuditJobProcessor
 29/08/26 18:15:22,992 INFO  [@ Daemon Proxy 2] [JobProcessorsShutDown         ] [@] Stopping job processor HubIntegrationJobProcessor
 29/08/26 18:15:22,992 INFO  [@ Daemon Proxy 2] [JobProcessorsShutDown         ] [@] Finished all jobs for job processor HubIntegrationJobProcessor
 29/08/26 18:15:22,992 INFO  [@ Daemon Proxy 2] [JobProcessorsShutDown         ] [@] Stopping job processor UserPrefixTreeCalculator
 29/08/26 18:15:22,992 INFO  [@ Daemon Proxy 2] [JobProcessorsShutDown         ] [@] Finished all jobs for job processor UserPrefixTreeCalculator
 29/08/26 18:15:22,992 INFO  [@ Daemon Proxy 2] [JobProcessorsShutDown         ] [@] Stopping job processor PermissionCacheCalculator
 29/08/26 18:15:22,992 INFO  [@ Daemon Proxy 2] [JobProcessorsShutDown         ] [@] Finished all jobs for job processor PermissionCacheCalculator
 29/08/26 18:15:22,992 INFO  [@ Daemon Proxy 2] [JobProcessorsShutDown         ] [@] Stopping job processor TextIndexManagerImpl
 29/08/26 18:15:22,992 INFO  [@ Daemon Proxy 2] [JobProcessorsShutDown         ] [@] Finished all jobs for job processor TextIndexManagerImpl
 29/08/26 18:15:22,992 INFO  [@ Daemon Proxy 2] [JobProcessorsShutDown         ] [@] Stopping job processor ZendeskIntegrationJobProcessor
 29/08/26 18:15:22,992 INFO  [@ Daemon Proxy 2] [JobProcessorsShutDown         ] [@] Finished all jobs for job processor ZendeskIntegrationJobProcessor
 29/08/26 18:15:22,992 INFO  [@ Daemon Proxy 2] [JobProcessorsShutDown         ] [@] Stopping job processor ImageOcrJobProcessor
 29/08/26 18:15:22,992 INFO  [@ Daemon Proxy 2] [JobProcessorsShutDown         ] [@] Finished all jobs for job processor ImageOcrJobProcessor
 29/08/26 18:15:22,992 INFO  [@ Daemon Proxy 2] [JobProcessorsShutDown         ] [@] Stopping job processor ImageOcrJobProcessor
 29/08/26 18:15:22,992 INFO  [@ Daemon Proxy 2] [JobProcessorsShutDown         ] [@] Finished all jobs for job processor ImageOcrJobProcessor
 29/08/26 18:15:22,996 INFO  [@ Daemon Proxy 2] [ingCanvasCDEWorkspaceContainer] [@] Closing planning canvas workspaces related to related to store /opt/youtrack/data/youtrack
 29/08/26 18:15:23,004 INFO  [@ Daemon Proxy 2] [ApplicationStateHolderImpl    ] [@] Application state changed from APP_LIFECYCLE_STOP to SHUT_DOWN
 29/08/26 18:15:23,004 INFO  [@ Daemon Proxy 2] [YouTrackShutdown              ] [@] Putting DB in readonly mode in shutdown
 29/08/26 18:15:23,009 INFO  [@ Daemon Proxy 2] [YouTrackShutdown              ] [@] Waiting for transactions
 29/08/26 18:15:23,009 INFO  [@ Daemon Proxy 2] [YouTrackShutdown              ] [@] No more transactions
 29/08/26 18:15:23,009 INFO  [@ Daemon Proxy 2] [ocalClasspathXmlServiceLocator] [@] Closing local web appplication's scope.
 29/08/26 18:15:23,015 INFO  [@ Daemon Proxy 2] [TextIndexManager              ] [@] Closing...
 29/08/26 18:15:23,020 INFO  [@ Daemon Proxy 2] [TextIndexManager              ] [@] RAMIndicesCache hit rate: 0.0%
 29/08/26 18:15:23,105 INFO  [@ Daemon Proxy 2] [ocalClasspathXmlServiceLocator] [@] Closing global web appplication's scope.
 01/09/26 07:40:30,339 INFO  [b0d8f1ea-d3fe-618c-257a-5841115f2e4e@init servlet   ] [Reflections                   ] [init@] Reflections took 823 ms to scan 44 urls, producing 2190 keys and 51931 values
 01/09/26 07:40:35,174 INFO  [b0d8f1ea-d3fe-618c-257a-5841115f2e4e@init servlet   ] [Reflections                   ] [init@] Reflections took 352 ms to scan 44 urls, producing 2190 keys and 51931 values
 01/09/26 07:40:36,130 INFO  [b0d8f1ea-d3fe-618c-257a-5841115f2e4e@init servlet   ] [Reflections                   ] [init@] Reflections took 287 ms to scan 43 urls, producing 2163 keys and 51528 values
 01/09/26 07:40:40,160 INFO  [b0d8f1ea-d3fe-618c-257a-5841115f2e4e@init servlet   ] [WebClasspathXmlServiceLocator ] [init@] Adding default placeholder resolver: PropertySourcesPlaceholderConfigurer
 01/09/26 07:40:47,015 INFO  [b0d8f1ea-d3fe-618c-257a-5841115f2e4e@init servlet   ] [MessagesContainer             ] [init@] Default locale messages loaded
 01/09/26 07:40:47,646 INFO  [b0d8f1ea-d3fe-618c-257a-5841115f2e4e@init servlet   ] [SystemTimeServiceConfiguration] [init@] SystemTimeService: using service with real start='2026-09-01T07:40:47.645Z
 01/09/26 07:40:48,277 INFO  [b0d8f1ea-d3fe-618c-257a-5841115f2e4e@init servlet   ] [Reflections                   ] [init@] Reflections took 481 ms to scan 44 urls, producing 2263 keys and 89553 values
 01/09/26 07:40:49,346 INFO  [b0d8f1ea-d3fe-618c-257a-5841115f2e4e@init servlet   ] [EnvironmentImpl               ] [@] Exodus environment created: /opt/youtrack/data/youtrack
 01/09/26 07:40:49,401 INFO  [b0d8f1ea-d3fe-618c-257a-5841115f2e4e@init servlet   ] [EntityIterableCacheAdapter    ] [@] Using weighted eviction for entity iterable cache, maxWeight = 4473924
 01/09/26 07:40:50,170 INFO  [b0d8f1ea-d3fe-618c-257a-5841115f2e4e@init servlet   ] [PersistentEntityStoreImpl     ] [@] Blob vault has been created at /opt/youtrack/data/youtrack/blobs
 01/09/26 07:40:50,579 INFO  [b0d8f1ea-d3fe-618c-257a-5841115f2e4e@init servlet   ] [EnvironmentImpl               ] [@] Exodus environment created: /opt/youtrack/data/youtrack/textindex
 01/09/26 07:40:50,680 INFO  [b0d8f1ea-d3fe-618c-257a-5841115f2e4e@init servlet   ] [TextIndexManager              ] [@] Initializing text index. Timestamp of last updated entry: 432
 01/09/26 07:40:51,750 INFO  [b0d8f1ea-d3fe-618c-257a-5841115f2e4e@init servlet   ] [TextIndexManager              ] [@] Initializing text index. Last update timestamp: 433
 01/09/26 07:40:51,759 INFO  [b0d8f1ea-d3fe-618c-257a-5841115f2e4e@init servlet   ] [DnqUtils                      ] [@] Execute entities initializers
 01/09/26 07:40:51,765 INFO  [b0d8f1ea-d3fe-618c-257a-5841115f2e4e@init servlet   ] [YouTrackInit                  ] [@] Initializing YouTrack 2026.2.18194
 01/09/26 07:40:51,981 INFO  [b0d8f1ea-d3fe-618c-257a-5841115f2e4e@init servlet   ] [ApplicationStateHolderImpl    ] [@] Application state changed from SPRING_STARTING to SPRING_INITIALIZED
 01/09/26 07:40:51,988 WARN  [b0d8f1ea-d3fe-618c-257a-5841115f2e4e@init servlet   ] [XdStorage                     ] [@] Auxiliary truststore /opt/youtrack/conf/internal/keystore.jks does not exist, skipping
 01/09/26 07:40:52,045 INFO  [b0d8f1ea-d3fe-618c-257a-5841115f2e4e@init servlet   ] [ApplicationStateHolderImpl    ] [@] Application state changed from SPRING_INITIALIZED to LOCALIZATION_SERVICE_INITIALIZED
 01/09/26 07:40:52,046 INFO  [b0d8f1ea-d3fe-618c-257a-5841115f2e4e@init servlet   ] [ApplicationStateHolderImpl    ] [@] Application state changed from LOCALIZATION_SERVICE_INITIALIZED to USER_SERVICE_INITIALIZED
 01/09/26 07:40:52,070 INFO  [b0d8f1ea-d3fe-618c-257a-5841115f2e4e@init servlet   ] [StandaloneLicenseUpdater      ] [@] License details. Name: `null`; expiration time: 292278994-08-17 07:12:55; generation time: 2015-05-12 12:55:16;  upgrade expiration time: 2099-12-31 12:55:16
 01/09/26 07:40:52,072 INFO  [b0d8f1ea-d3fe-618c-257a-5841115f2e4e@init servlet   ] [ApplicationStateHolderImpl    ] [@] Application state changed from USER_SERVICE_INITIALIZED to LICENSE_AND_LIABILITY_CHECKED
 01/09/26 07:40:52,125 INFO  [b0d8f1ea-d3fe-618c-257a-5841115f2e4e@init servlet   ] [ApplicationStateHolderImpl    ] [@] Application state changed from LICENSE_AND_LIABILITY_CHECKED to REFACTORINGS_STARTED
 01/09/26 07:40:52,126 INFO  [b0d8f1ea-d3fe-618c-257a-5841115f2e4e@init servlet   ] [XdRefactoring                 ] [@] Starting youtrack-only refactorings...
 01/09/26 07:40:52,153 INFO  [b0d8f1ea-d3fe-618c-257a-5841115f2e4e@init servlet   ] [XdRefactoring                 ] [@] Apply refactoring: jetbrains.youtrack.refactoring.RefactoringRestoreAllUndeletedProjects
 01/09/26 07:40:52,188 INFO  [b0d8f1ea-d3fe-618c-257a-5841115f2e4e@init servlet   ] [XdRefactoring                 ] [@] Apply refactoring: jetbrains.youtrack.event.refactoring.recursive.UserJobRefactoringChangeDiff
 01/09/26 07:40:52,188 INFO  [b0d8f1ea-d3fe-618c-257a-5841115f2e4e@init servlet   ] [UserJobRecursiveRefactoring   ] [@] UserJobRefactoringChangeDiff refactoring is disabled
 01/09/26 07:40:52,197 INFO  [b0d8f1ea-d3fe-618c-257a-5841115f2e4e@init servlet   ] [XdRefactoring                 ] [@] Apply refactoring: jetbrains.youtrack.reports.refactorings.RefactoringResetCalculatingReportsStatus
 01/09/26 07:40:52,217 INFO  [b0d8f1ea-d3fe-618c-257a-5841115f2e4e@init servlet   ] [XdRefactoring                 ] [@] Completed youtrack-only refactorings in 0 min 0 sec
 01/09/26 07:40:52,217 INFO  [b0d8f1ea-d3fe-618c-257a-5841115f2e4e@init servlet   ] [ApplicationStateHolderImpl    ] [@] Application state changed from REFACTORINGS_STARTED to REFACTORINGS_FINISHED
 01/09/26 07:40:57,856 INFO  [b0d8f1ea-d3fe-618c-257a-5841115f2e4e@init servlet   ] [PermissionCacheImpl           ] [@] Start recalculating permissions cache
 01/09/26 07:40:57,910 INFO  [b0d8f1ea-d3fe-618c-257a-5841115f2e4e@init servlet   ] [PermissionCacheImpl           ] [@] Finish recalculating permissions cache in: 0.052758167s, total user clusters: 2
 01/09/26 07:40:57,911 INFO  [b0d8f1ea-d3fe-618c-257a-5841115f2e4e@init servlet   ] [DnqUtils                      ] [@] Init indexes for unique properties and composite keys
 01/09/26 07:40:58,007 INFO  [b0d8f1ea-d3fe-618c-257a-5841115f2e4e@init servlet   ] [YouTrackWarmUp                ] [@] EntityIterableCache warm-up started
 01/09/26 07:40:58,045 INFO  [b0d8f1ea-d3fe-618c-257a-5841115f2e4e@init servlet   ] [YouTrackWarmUp                ] [@] EntityIterableCache warm-up took 38 ms.
 01/09/26 07:40:58,045 INFO  [b0d8f1ea-d3fe-618c-257a-5841115f2e4e@init servlet   ] [ApplicationStateHolderImpl    ] [@] Application state changed from REFACTORINGS_FINISHED to UNIQUE_INDEXES_INITIALIZED
 01/09/26 07:40:58,053 INFO  [b0d8f1ea-d3fe-618c-257a-5841115f2e4e@init servlet   ] [ApplicationStateHolderImpl    ] [@] Application state changed from UNIQUE_INDEXES_INITIALIZED to BACKUP_AND_TEXT_INDEX_INITIALIZED
 01/09/26 07:40:58,551 INFO  [b0d8f1ea-d3fe-618c-257a-5841115f2e4e@init servlet   ] [PrefixTrees                   ] [@] Finish creating keyword index in [181 ms]
 01/09/26 07:40:58,551 INFO  [b0d8f1ea-d3fe-618c-257a-5841115f2e4e@init servlet   ] [ApplicationStateHolderImpl    ] [@] Application state changed from BACKUP_AND_TEXT_INDEX_INITIALIZED to PREFIX_TREES_INITIALIZED
 01/09/26 07:40:58,553 INFO  [b0d8f1ea-d3fe-618c-257a-5841115f2e4e@init servlet   ] [ApplicationStateHolderImpl    ] [@] Application state changed from PREFIX_TREES_INITIALIZED to HUB_INTEGRATION_STARTING
 01/09/26 07:40:59,639 INFO  [b0d8f1ea-d3fe-618c-257a-5841115f2e4e@init servlet   ] [XdRefactoring                 ] [@] Starting Hub context aware refactorings...
 01/09/26 07:40:59,642 INFO  [b0d8f1ea-d3fe-618c-257a-5841115f2e4e@init servlet   ] [XdRefactoring                 ] [@] Completed Hub context aware refactorings in 0 min 0 sec
 01/09/26 07:40:59,655 INFO  [b0d8f1ea-d3fe-618c-257a-5841115f2e4e@init servlet   ] [ApplicationStateHolderImpl    ] [@] Application state changed from HUB_INTEGRATION_STARTING to HUB_INTEGRATION_STARTED
 01/09/26 07:40:59,787 INFO  [b0d8f1ea-d3fe-618c-257a-5841115f2e4e@init servlet   ] [PermissionsCacheData          ] [@] Custom field permission cache for 0 users (0 handlers) built in 0 ms
 01/09/26 07:40:59,792 INFO  [b0d8f1ea-d3fe-618c-257a-5841115f2e4e@init servlet   ] [CustomFieldsPermissionsCache  ] [@] Custom field permission cache initialized
 01/09/26 07:41:02,301 INFO  [b0d8f1ea-d3fe-618c-257a-5841115f2e4e@init servlet   ] [ApplicationStateHolderImpl    ] [@] Application state changed from HUB_INTEGRATION_STARTED to APP_LIFECYCLE_START
 01/09/26 07:41:02,301 INFO  [b0d8f1ea-d3fe-618c-257a-5841115f2e4e@init servlet   ] [emTimeServiceLifecycleListener] [@] SystemTimeService Lifecycle: '' is not set; skipping validation
 01/09/26 07:41:07,864 INFO  [b0d8f1ea-d3fe-618c-257a-5841115f2e4e@init servlet   ] [ApplicationStateHolderImpl    ] [@] Application state changed from APP_LIFECYCLE_START to RUNNING
 01/09/26 07:41:07,883 INFO  [b0d8f1ea-d3fe-618c-257a-5841115f2e4e@init servlet   ] [YouTrackInit                  ] [@] YouTrack init complete
 