13 Aug 2026 13:03:21,709 INFO  [Reflections         ] [APP-WRAPPER] Proxy 1] [init] [init] Reflections took 530 ms to scan 8 urls, producing 908 keys and 28987 values
13 Aug 2026 13:03:26,236 INFO  [chedulerSignalerImpl] [APP-WRAPPER] Proxy 1] [init] [init] Initialized Scheduler Signaler of type: class org.quartz.core.SchedulerSignalerImpl
13 Aug 2026 13:03:26,237 INFO  [RAMJobStore         ] [APP-WRAPPER] Proxy 1] [init] [init] RAMJobStore initialized.
13 Aug 2026 13:03:26,237 INFO  [ShutdownHookPlugin  ] [APP-WRAPPER] Proxy 1] [init] [init] Registering Quartz shutdown hook.
13 Aug 2026 13:03:26,447 INFO  [CacheUpdaterListener] [APP-WRAPPER] Proxy 1] [init] [init] Starting permission cache updater
13 Aug 2026 13:03:26,955 INFO  [QuartzScheduler     ] [APP-WRAPPER] Proxy 1] [init] [init] Scheduler started.
13 Aug 2026 13:03:28,356 INFO  [SpringInitializer   ] [APP-WRAPPER] Proxy 1] [init] [init] Initializing DNQ...
13 Aug 2026 13:03:28,543 INFO  [EnvironmentImpl     ] [APP-WRAPPER] Proxy 1] [init] [init] Exodus environment created: /opt/youtrack/data/hub
13 Aug 2026 13:03:28,562 INFO  [IterableCacheAdapter] [APP-WRAPPER] Proxy 1] [init] [init] Using weighted eviction for entity iterable cache, maxWeight = 4473924
13 Aug 2026 13:03:29,026 INFO  [stentEntityStoreImpl] [APP-WRAPPER] Proxy 1] [init] [init] Blob vault has been created at /opt/youtrack/data/hub/blobs
13 Aug 2026 13:03:29,122 INFO  [KeyUtils            ] [APP-WRAPPER] Proxy 1] [init] [init] Generating token signing key pair for RSA
13 Aug 2026 13:03:29,357 INFO  [KeyUtils            ] [APP-WRAPPER] Proxy 1] [init] [init] Token signing key pair for RSA created
13 Aug 2026 13:03:29,369 INFO  [KeyUtils            ] [APP-WRAPPER] Proxy 1] [init] [init] Generating token signing key pair for EC
13 Aug 2026 13:03:29,408 INFO  [KeyUtils            ] [APP-WRAPPER] Proxy 1] [init] [init] Token signing key pair for EC created
13 Aug 2026 13:03:29,501 INFO  [App                 ] [APP-WRAPPER] Proxy 1] [init] [init] Begin Event Listening process...
13 Aug 2026 13:03:29,509 INFO  [App                 ] [APP-WRAPPER] Proxy 1] [init] [init] Start PermissionCache Updater...
13 Aug 2026 13:03:29,515 INFO  [App                 ] [APP-WRAPPER] Proxy 1] [init] [init] Loading Constraints...
13 Aug 2026 13:03:29,515 INFO  [App                 ] [APP-WRAPPER] Proxy 1] [init] [init] Initializing Cache Event Etag...
13 Aug 2026 13:03:29,520 INFO  [App                 ] [APP-WRAPPER] Proxy 1] [init] [init] All Hub Facilities Were Successfully Initialized
13 Aug 2026 13:03:29,541 INFO  [PreloadService      ] [APP-WRAPPER] Proxy 1] [init] [init] Creating empty root service record...
13 Aug 2026 13:03:29,561 INFO  [sersGroupFactoryImpl] [APP-WRAPPER] Proxy 1] [init] [init] New immutable Registered Users group was created
13 Aug 2026 13:03:29,561 INFO  [PreloadService      ] [APP-WRAPPER] Proxy 1] [init] [init] Creating empty root service record... DONE
13 Aug 2026 13:03:29,706 INFO  [PreloadService      ] [APP-WRAPPER] Proxy 1] [init] [init] Running preloaders...
13 Aug 2026 13:03:29,708 INFO  [PreloadService      ] [APP-WRAPPER] Proxy 1] [init] [init] Running preloader: HubDefaultServicePreloader
13 Aug 2026 13:03:30,011 INFO  [XdDefaultRole       ] [APP-WRAPPER] Proxy 1] [init] [init] new default role: System Admin [system-admin]
13 Aug 2026 13:03:30,033 INFO  [XdDefaultRole       ] [APP-WRAPPER] Proxy 1] [init] [init] new default role: Observer [observer]
13 Aug 2026 13:03:30,046 INFO  [PreloadService      ] [APP-WRAPPER] Proxy 1] [init] [init] Running preloader: DefaultRolesPreload
13 Aug 2026 13:03:30,053 INFO  [XdRole              ] [APP-WRAPPER] Proxy 1] [init] [init] new role: system-admin - System Admin
13 Aug 2026 13:03:30,057 INFO  [XdRole              ] [APP-WRAPPER] Proxy 1] [init] [init] new role: observer - Observer
13 Aug 2026 13:03:30,154 INFO  [EventProcessor      ] [APP-WRAPPER] Proxy 1] [init] [init] Collected changes
Update by Hub[0-0-0-0-0] @2026-08-13T13:03:30.120+0000
	UPDATE: JPRootService[0-0-0-0-0](Hub)
		applicationName[String]: null -> Hub
		defaultRoles[JPDefaultRole]: 
			permissions[JPPermission]: [] -> [23-10(Hub/jetbrains.jetpass.user-read-basic)[7dff95b9-cf69-4916-b1b0-efcde919c1ef], 23-12(Hub/jetbrains.jetpass.profile-updateSelf)[6f67fca4-0523-4ba8-ab9f-7cf344e8aba4]]
			key[String]: null -> observer
			uuid[String]: null -> b1666745-4288-4e8d-8cc8-a5924aa7dff5
			name[String]: null -> Observer
		defaultRoles[JPDefaultRole]: 
			permissions[JPPermission]: [] -> [23-0(Hub/jetbrains.jetpass.project-create)[4233d936-a62e-402d-b097-f580f2a3178f], 23-1(Hub/jetbrains.jetpass.project-read-basic)[cd057b3d-7cea-4f04-96d1-83cee0b23a2f], 23-2(Hub/jetbrains.jetpass.project-read)[0f3003e2-548a-4ece-9b56-0028007a5668], 23-3(Hub/jetbrains.jetpass.project-update)[df89c8ae-0ba7-4e2f-86d1-109248f51eea], 23-4(Hub/jetbrains.jetpass.project-delete)[368eda71-b992-4c32-b126-3307ede441d7], 23-5(Hub/jetbrains.jetpass.role-read)[fe1f1dcb-81fd-4285-b69e-ccfc5ddef99d], 23-6(Hub/jetbrains.jetpass.role-manage)[a97d3dff-73e0-494b-8b08-a987f217f91e], 23-7(Hub/jetbrains.jetpass.service-read)[15f86cac-e9e9-416a-b0fa-5ecf6cb22623], 23-8(Hub/jetbrains.jetpass.service-manage)[ab579018-107e-4606-ac1a-1829df972653], 23-9(Hub/jetbrains.jetpass.user-create)[3f468ddd-78b1-4e73-985a-f912e6b8b05b], 23-10(Hub/jetbrains.jetpass.user-read-basic)[7dff95b9-cf69-4916-b1b0-efcde919c1ef], 23-11(Hub/jetbrains.jetpass.user-read)[866aed88-ec75-4c9e-b7a9-aca330269e48], 23-12(Hub/jetbrains.jetpass.profile-updateSelf)[6f67fca4-0523-4ba8-ab9f-7cf344e8aba4], 23-13(Hub/jetbrains.jetpass.user-update)[0ce33d07-7a03-4826-8901-0bf4874791a9], 23-14(Hub/jetbrains.jetpass.user-delete)[8c69298f-8769-4eb0-8b02-038edc324c00], 23-15(Hub/jetbrains.jetpass.group-create)[99e1faa5-d92e-4b3b-a15e-40c21699e9c4], 23-16(Hub/jetbrains.jetpass.group-read)[cc214379-fb52-45af-b9cb-a79886945720], 23-17(Hub/jetbrains.jetpass.group-update)[91337691-74ad-44b6-a030-ec3cf8efec5d], 23-18(Hub/jetbrains.jetpass.group-delete)[b9a446cc-6ccc-4b66-a5ec-0523af77072a], 23-19(Hub/jetbrains.jetpass.low-level-read)[0dd4ffa6-7bfb-481e-b659-a531dc05cc84], 23-20(Hub/jetbrains.jetpass.low-level)[e84d6ea3-0699-4c4f-8f9a-09f1202025a8]]
			key[String]: null -> system-admin
			uuid[String]: null -> 6495bd99-4d2e-421b-805a-ef0896450129
			name[String]: null -> System Admin
		defaultRoles[JPDefaultRole]: [] -> [24-0(Hub/system-admin)[6495bd99-4d2e-421b-805a-ef0896450129], 24-1(Hub/observer)[b1666745-4288-4e8d-8cc8-a5924aa7dff5]]
		groupUriPattern[String]: null -> ./groups/:id
		homeUrl[String]: null -> http://localhost:8080/hub
		icon[PersistentFile]: [] -> [22-0]
		permissions[JPPermission]: [] -> [23-0(Hub/jetbrains.jetpass.project-create)[4233d936-a62e-402d-b097-f580f2a3178f], 23-1(Hub/jetbrains.jetpass.project-read-basic)[cd057b3d-7cea-4f04-96d1-83cee0b23a2f], 23-2(Hub/jetbrains.jetpass.project-read)[0f3003e2-548a-4ece-9b56-0028007a5668], 23-3(Hub/jetbrains.jetpass.project-update)[df89c8ae-0ba7-4e2f-86d1-109248f51eea], 23-4(Hub/jetbrains.jetpass.project-delete)[368eda71-b992-4c32-b126-3307ede441d7], 23-5(Hub/jetbrains.jetpass.role-read)[fe1f1dcb-81fd-4285-b69e-ccfc5ddef99d], 23-6(Hub/jetbrains.jetpass.role-manage)[a97d3dff-73e0-494b-8b08-a987f217f91e], 23-7(Hub/jetbrains.jetpass.service-read)[15f86cac-e9e9-416a-b0fa-5ecf6cb22623], 23-8(Hub/jetbrains.jetpass.service-manage)[ab579018-107e-4606-ac1a-1829df972653], 23-9(Hub/jetbrains.jetpass.user-create)[3f468ddd-78b1-4e73-985a-f912e6b8b05b], 23-10(Hub/jetbrains.jetpass.user-read-basic)[7dff95b9-cf69-4916-b1b0-efcde919c1ef], 23-11(Hub/jetbrains.jetpass.user-read)[866aed88-ec75-4c9e-b7a9-aca330269e48], 23-12(Hub/jetbrains.jetpass.profile-updateSelf)[6f67fca4-0523-4ba8-ab9f-7cf344e8aba4], 23-13(Hub/jetbrains.jetpass.user-update)[0ce33d07-7a03-4826-8901-0bf4874791a9], 23-14(Hub/jetbrains.jetpass.user-delete)[8c69298f-8769-4eb0-8b02-038edc324c00], 23-15(Hub/jetbrains.jetpass.group-create)[99e1faa5-d92e-4b3b-a15e-40c21699e9c4], 23-16(Hub/jetbrains.jetpass.group-read)[cc214379-fb52-45af-b9cb-a79886945720], 23-17(Hub/jetbrains.jetpass.group-update)[91337691-74ad-44b6-a030-ec3cf8efec5d], 23-18(Hub/jetbrains.jetpass.group-delete)[b9a446cc-6ccc-4b66-a5ec-0523af77072a], 23-19(Hub/jetbrains.jetpass.low-level-read)[0dd4ffa6-7bfb-481e-b659-a531dc05cc84], 23-20(Hub/jetbrains.jetpass.low-level)[e84d6ea3-0699-4c4f-8f9a-09f1202025a8]]
		redirectUri[String]: null -> http://localhost:8080/hub/
../admin/hub
./api/rest/saml2/oauth
./api/rest/saml2/logout/oauth
./
		releaseDate[DateTime]: null -> 1785369600000
		scopeItems[JPServiceScopeItem]: [] -> [25-0, 25-1, 25-2, 25-3, 25-4]
		userUriPattern[String]: null -> ./users/:id
		vendor[String]: null -> JetBrains
		version[String]: null -> 2026.2.52366
	CREATE: JPPermission[4233d936-a62e-402d-b097-f580f2a3178f](Hub/jetbrains.jetpass.project-create)
		description[String]: null -> Create new projects.
		displayName[String]: null -> Create Project
		entityType[String]: null -> Project
		global[boolean]: false -> true
		key[String]: null -> jetbrains.jetpass.project-create
		operationType[String]: null -> CREATE
		service[JPService]: [] -> [19-0(Hub)[0-0-0-0-0]]
		uuid[String]: null -> 4233d936-a62e-402d-b097-f580f2a3178f
	CREATE: JPPermission[cd057b3d-7cea-4f04-96d1-83cee0b23a2f](Hub/jetbrains.jetpass.project-read-basic)
		description[String]: null -> View basic project properties and content. With Read User Basic, view the members of the project team. With shared services or Read Service, view the list of resources for a project.
		displayName[String]: null -> Read Project Basic
		entityType[String]: null -> Project
		key[String]: null -> jetbrains.jetpass.project-read-basic
		operationType[String]: null -> READ BASIC
		service[JPService]: [] -> [19-0(Hub)[0-0-0-0-0]]
		uuid[String]: null -> cd057b3d-7cea-4f04-96d1-83cee0b23a2f
	CREATE: JPPermission[0f3003e2-548a-4ece-9b56-0028007a5668](Hub/jetbrains.jetpass.project-read)
		description[String]: null -> View all project properties and content. With Read Role, view roles that are granted to the project team and the roles that are assigned to other users and groups in the project. With shared services or Read Service, view the list of resources for a project.
		displayName[String]: null -> Read Project Full
		entityType[String]: null -> Project
		impliedPermissions[JPPermission]: [] -> [23-1(Hub/jetbrains.jetpass.project-read-basic)[cd057b3d-7cea-4f04-96d1-83cee0b23a2f]]
		key[String]: null -> jetbrains.jetpass.project-read
		operationType[String]: null -> READ
		service[JPService]: [] -> [19-0(Hub)[0-0-0-0-0]]
		uuid[String]: null -> 0f3003e2-548a-4ece-9b56-0028007a5668
	CREATE: JPPermission[df89c8ae-0ba7-4e2f-86d1-109248f51eea](Hub/jetbrains.jetpass.project-update)
		description[String]: null -> Edit project properties and content, manage resources and access.
		displayName[String]: null -> Update Project
		entityType[String]: null -> Project
		impliedPermissions[JPPermission]: [] -> [23-2(Hub/jetbrains.jetpass.project-read)[0f3003e2-548a-4ece-9b56-0028007a5668]]
		key[String]: null -> jetbrains.jetpass.project-update
		operationType[String]: null -> UPDATE
		service[JPService]: [] -> [19-0(Hub)[0-0-0-0-0]]
		uuid[String]: null -> df89c8ae-0ba7-4e2f-86d1-109248f51eea
	CREATE: JPPermission[368eda71-b992-4c32-b126-3307ede441d7](Hub/jetbrains.jetpass.project-delete)
		description[String]: null -> Delete projects.
		displayName[String]: null -> Delete Project
		entityType[String]: null -> Project
		impliedPermissions[JPPermission]: [] -> [23-2(Hub/jetbrains.jetpass.project-read)[0f3003e2-548a-4ece-9b56-0028007a5668]]
		key[String]: null -> jetbrains.jetpass.project-delete
		operationType[String]: null -> DELETE
		service[JPService]: [] -> [19-0(Hub)[0-0-0-0-0]]
		uuid[String]: null -> 368eda71-b992-4c32-b126-3307ede441d7
	CREATE: JPPermission[fe1f1dcb-81fd-4285-b69e-ccfc5ddef99d](Hub/jetbrains.jetpass.role-read)
		description[String]: null -> View the list of roles and the set of permissions that are assigned to each role. With Read Project Full, view roles that are granted to the project team and the roles that are assigned to other users and groups in the project. With Read Service, view service-specific permissions.
		displayName[String]: null -> Read Role
		entityType[String]: null -> Role
		global[boolean]: false -> true
		key[String]: null -> jetbrains.jetpass.role-read
		operationType[String]: null -> READ
		service[JPService]: [] -> [19-0(Hub)[0-0-0-0-0]]
		uuid[String]: null -> fe1f1dcb-81fd-4285-b69e-ccfc5ddef99d
	CREATE: JPPermission[a97d3dff-73e0-494b-8b08-a987f217f91e](Hub/jetbrains.jetpass.role-manage)
		description[String]: null -> Create new roles. Delete roles. Edit role properties. Modify the set of permissions that are assigned to a role.
		displayName[String]: null -> Manage Role
		entityType[String]: null -> Role
		global[boolean]: false -> true
		impliedPermissions[JPPermission]: [] -> [23-5(Hub/jetbrains.jetpass.role-read)[fe1f1dcb-81fd-4285-b69e-ccfc5ddef99d]]
		key[String]: null -> jetbrains.jetpass.role-manage
		operationType[String]: null -> UPDATE
		service[JPService]: [] -> [19-0(Hub)[0-0-0-0-0]]
		uuid[String]: null -> a97d3dff-73e0-494b-8b08-a987f217f91e
	CREATE: JPPermission[15f86cac-e9e9-416a-b0fa-5ecf6cb22623](Hub/jetbrains.jetpass.service-read)
		description[String]: null -> View the list of services and read service properties.
		displayName[String]: null -> Read Service
		entityType[String]: null -> Service
		global[boolean]: false -> true
		key[String]: null -> jetbrains.jetpass.service-read
		operationType[String]: null -> READ
		service[JPService]: [] -> [19-0(Hub)[0-0-0-0-0]]
		uuid[String]: null -> 15f86cac-e9e9-416a-b0fa-5ecf6cb22623
	CREATE: JPPermission[ab579018-107e-4606-ac1a-1829df972653](Hub/jetbrains.jetpass.service-manage)
		description[String]: null -> Create, edit, and delete services. Manage properties, OAuth 2.0 flows, and access settings for services.
		displayName[String]: null -> Manage Service
		entityType[String]: null -> Service
		global[boolean]: false -> true
		impliedPermissions[JPPermission]: [] -> [23-7(Hub/jetbrains.jetpass.service-read)[15f86cac-e9e9-416a-b0fa-5ecf6cb22623]]
		key[String]: null -> jetbrains.jetpass.service-manage
		operationType[String]: null -> UPDATE
		service[JPService]: [] -> [19-0(Hub)[0-0-0-0-0]]
		uuid[String]: null -> ab579018-107e-4606-ac1a-1829df972653
	CREATE: JPPermission[3f468ddd-78b1-4e73-985a-f912e6b8b05b](Hub/jetbrains.jetpass.user-create)
		description[String]: null -> Create new user accounts. Invite users to register their own accounts.
		displayName[String]: null -> Create User
		entityType[String]: null -> User
		global[boolean]: false -> true
		key[String]: null -> jetbrains.jetpass.user-create
		operationType[String]: null -> CREATE
		service[JPService]: [] -> [19-0(Hub)[0-0-0-0-0]]
		uuid[String]: null -> 3f468ddd-78b1-4e73-985a-f912e6b8b05b
	CREATE: JPPermission[7dff95b9-cf69-4916-b1b0-efcde919c1ef](Hub/jetbrains.jetpass.user-read-basic)
		description[String]: null -> View the list of registered users and read the ID, login, name, and avatar for each user. With Update Group, manage group memberships.
		displayName[String]: null -> Read User Basic
		entityType[String]: null -> User
		global[boolean]: false -> true
		key[String]: null -> jetbrains.jetpass.user-read-basic
		operationType[String]: null -> READ BASIC
		service[JPService]: [] -> [19-0(Hub)[0-0-0-0-0]]
		uuid[String]: null -> 7dff95b9-cf69-4916-b1b0-efcde919c1ef
	CREATE: JPPermission[866aed88-ec75-4c9e-b7a9-aca330269e48](Hub/jetbrains.jetpass.user-read)
		description[String]: null -> View all properties for all registered users, including authorization details.
		displayName[String]: null -> Read User Full
		entityType[String]: null -> User
		global[boolean]: false -> true
		impliedPermissions[JPPermission]: [] -> [23-10(Hub/jetbrains.jetpass.user-read-basic)[7dff95b9-cf69-4916-b1b0-efcde919c1ef]]
		key[String]: null -> jetbrains.jetpass.user-read
		operationType[String]: null -> READ
		service[JPService]: [] -> [19-0(Hub)[0-0-0-0-0]]
		uuid[String]: null -> 866aed88-ec75-4c9e-b7a9-aca330269e48
	CREATE: JPPermission[6f67fca4-0523-4ba8-ab9f-7cf344e8aba4](Hub/jetbrains.jetpass.profile-updateSelf)
		description[String]: null -> Edit own profile data.
		displayName[String]: null -> Update Self
		entityType[String]: null -> User
		global[boolean]: false -> true
		key[String]: null -> jetbrains.jetpass.profile-updateSelf
		operationType[String]: null -> UPDATE OWN
		service[JPService]: [] -> [19-0(Hub)[0-0-0-0-0]]
		uuid[String]: null -> 6f67fca4-0523-4ba8-ab9f-7cf344e8aba4
	CREATE: JPPermission[0ce33d07-7a03-4826-8901-0bf4874791a9](Hub/jetbrains.jetpass.user-update)
		description[String]: null -> Edit user profile data. Ban, merge, and anonymize user accounts.
		displayName[String]: null -> Update User
		entityType[String]: null -> User
		global[boolean]: false -> true
		impliedPermissions[JPPermission]: [] -> [23-11(Hub/jetbrains.jetpass.user-read)[866aed88-ec75-4c9e-b7a9-aca330269e48], 23-12(Hub/jetbrains.jetpass.profile-updateSelf)[6f67fca4-0523-4ba8-ab9f-7cf344e8aba4]]
		key[String]: null -> jetbrains.jetpass.user-update
		operationType[String]: null -> UPDATE
		service[JPService]: [] -> [19-0(Hub)[0-0-0-0-0]]
		uuid[String]: null -> 0ce33d07-7a03-4826-8901-0bf4874791a9
	CREATE: JPPermission[8c69298f-8769-4eb0-8b02-038edc324c00](Hub/jetbrains.jetpass.user-delete)
		description[String]: null -> Delete user accounts.
		displayName[String]: null -> Delete User
		entityType[String]: null -> User
		global[boolean]: false -> true
		impliedPermissions[JPPermission]: [] -> [23-11(Hub/jetbrains.jetpass.user-read)[866aed88-ec75-4c9e-b7a9-aca330269e48]]
		key[String]: null -> jetbrains.jetpass.user-delete
		operationType[String]: null -> DELETE
		service[JPService]: [] -> [19-0(Hub)[0-0-0-0-0]]
		uuid[String]: null -> 8c69298f-8769-4eb0-8b02-038edc324c00
	CREATE: JPPermission[99e1faa5-d92e-4b3b-a15e-40c21699e9c4](Hub/jetbrains.jetpass.group-create)
		description[String]: null -> Create new groups.
		displayName[String]: null -> Create Group
		entityType[String]: null -> UserGroup
		global[boolean]: false -> true
		key[String]: null -> jetbrains.jetpass.group-create
		operationType[String]: null -> CREATE
		service[JPService]: [] -> [19-0(Hub)[0-0-0-0-0]]
		uuid[String]: null -> 99e1faa5-d92e-4b3b-a15e-40c21699e9c4
	CREATE: JPPermission[cc214379-fb52-45af-b9cb-a79886945720](Hub/jetbrains.jetpass.group-read)
		description[String]: null -> View the list of groups, read group properties, and view subgroups. With Read User Basic, view the list of members.
		displayName[String]: null -> Read Group
		entityType[String]: null -> UserGroup
		global[boolean]: false -> true
		key[String]: null -> jetbrains.jetpass.group-read
		operationType[String]: null -> READ
		service[JPService]: [] -> [19-0(Hub)[0-0-0-0-0]]
		uuid[String]: null -> cc214379-fb52-45af-b9cb-a79886945720
	CREATE: JPPermission[91337691-74ad-44b6-a030-ec3cf8efec5d](Hub/jetbrains.jetpass.group-update)
		description[String]: null -> Edit group properties and manage subgroups. With Read User Basic, update group memberships.
		displayName[String]: null -> Update Group
		entityType[String]: null -> UserGroup
		global[boolean]: false -> true
		impliedPermissions[JPPermission]: [] -> [23-16(Hub/jetbrains.jetpass.group-read)[cc214379-fb52-45af-b9cb-a79886945720]]
		key[String]: null -> jetbrains.jetpass.group-update
		operationType[String]: null -> UPDATE
		service[JPService]: [] -> [19-0(Hub)[0-0-0-0-0]]
		uuid[String]: null -> 91337691-74ad-44b6-a030-ec3cf8efec5d
	CREATE: JPPermission[b9a446cc-6ccc-4b66-a5ec-0523af77072a](Hub/jetbrains.jetpass.group-delete)
		description[String]: null -> Delete groups.
		displayName[String]: null -> Delete Group
		entityType[String]: null -> UserGroup
		global[boolean]: false -> true
		impliedPermissions[JPPermission]: [] -> [23-16(Hub/jetbrains.jetpass.group-read)[cc214379-fb52-45af-b9cb-a79886945720]]
		key[String]: null -> jetbrains.jetpass.group-delete
		operationType[String]: null -> DELETE
		service[JPService]: [] -> [19-0(Hub)[0-0-0-0-0]]
		uuid[String]: null -> b9a446cc-6ccc-4b66-a5ec-0523af77072a
	CREATE: JPPermission[0dd4ffa6-7bfb-481e-b659-a531dc05cc84](Hub/jetbrains.jetpass.low-level-read)
		description[String]: null -> Read-only access to low-level administrative settings. Includes permission to view integrations with third-party services and metrics.
		displayName[String]: null -> Low-level Admin Read
		global[boolean]: false -> true
		key[String]: null -> jetbrains.jetpass.low-level-read
		operationType[String]: null -> ADMIN
		service[JPService]: [] -> [19-0(Hub)[0-0-0-0-0]]
		uuid[String]: null -> 0dd4ffa6-7bfb-481e-b659-a531dc05cc84
	CREATE: JPPermission[e84d6ea3-0699-4c4f-8f9a-09f1202025a8](Hub/jetbrains.jetpass.low-level)
		description[String]: null -> Manage low-level administrative actions. Includes permission to integrate with third-party services and back up the database. Requires low-level read administration.
		displayName[String]: null -> Low-level Admin Write
		global[boolean]: false -> true
		impliedPermissions[JPPermission]: [] -> [23-19(Hub/jetbrains.jetpass.low-level-read)[0dd4ffa6-7bfb-481e-b659-a531dc05cc84]]
		key[String]: null -> jetbrains.jetpass.low-level
		operationType[String]: null -> ADMIN
		service[JPService]: [] -> [19-0(Hub)[0-0-0-0-0]]
		uuid[String]: null -> e84d6ea3-0699-4c4f-8f9a-09f1202025a8
	CREATE: JPRole[8e5640bf-95ef-40ab-87ed-8e35b54e47f4](system-admin)
		key[String]: null -> system-admin
		name[String]: null -> System Admin
		permissions[JPPermission]: [] -> [23-0(Hub/jetbrains.jetpass.project-create)[4233d936-a62e-402d-b097-f580f2a3178f], 23-1(Hub/jetbrains.jetpass.project-read-basic)[cd057b3d-7cea-4f04-96d1-83cee0b23a2f], 23-2(Hub/jetbrains.jetpass.project-read)[0f3003e2-548a-4ece-9b56-0028007a5668], 23-3(Hub/jetbrains.jetpass.project-update)[df89c8ae-0ba7-4e2f-86d1-109248f51eea], 23-4(Hub/jetbrains.jetpass.project-delete)[368eda71-b992-4c32-b126-3307ede441d7], 23-5(Hub/jetbrains.jetpass.role-read)[fe1f1dcb-81fd-4285-b69e-ccfc5ddef99d], 23-6(Hub/jetbrains.jetpass.role-manage)[a97d3dff-73e0-494b-8b08-a987f217f91e], 23-7(Hub/jetbrains.jetpass.service-read)[15f86cac-e9e9-416a-b0fa-5ecf6cb22623], 23-8(Hub/jetbrains.jetpass.service-manage)[ab579018-107e-4606-ac1a-1829df972653], 23-9(Hub/jetbrains.jetpass.user-create)[3f468ddd-78b1-4e73-985a-f912e6b8b05b], 23-10(Hub/jetbrains.jetpass.user-read-basic)[7dff95b9-cf69-4916-b1b0-efcde919c1ef], 23-11(Hub/jetbrains.jetpass.user-read)[866aed88-ec75-4c9e-b7a9-aca330269e48], 23-12(Hub/jetbrains.jetpass.profile-updateSelf)[6f67fca4-0523-4ba8-ab9f-7cf344e8aba4], 23-13(Hub/jetbrains.jetpass.user-update)[0ce33d07-7a03-4826-8901-0bf4874791a9], 23-14(Hub/jetbrains.jetpass.user-delete)[8c69298f-8769-4eb0-8b02-038edc324c00], 23-15(Hub/jetbrains.jetpass.group-create)[99e1faa5-d92e-4b3b-a15e-40c21699e9c4], 23-16(Hub/jetbrains.jetpass.group-read)[cc214379-fb52-45af-b9cb-a79886945720], 23-17(Hub/jetbrains.jetpass.group-update)[91337691-74ad-44b6-a030-ec3cf8efec5d], 23-18(Hub/jetbrains.jetpass.group-delete)[b9a446cc-6ccc-4b66-a5ec-0523af77072a], 23-19(Hub/jetbrains.jetpass.low-level-read)[0dd4ffa6-7bfb-481e-b659-a531dc05cc84], 23-20(Hub/jetbrains.jetpass.low-level)[e84d6ea3-0699-4c4f-8f9a-09f1202025a8]]
		uuid[String]: null -> 8e5640bf-95ef-40ab-87ed-8e35b54e47f4
	CREATE: JPRole[06c48235-1dda-4899-ba88-7c287fc45614](observer)
		key[String]: null -> observer
		name[String]: null -> Observer
		permissions[JPPermission]: [] -> [23-10(Hub/jetbrains.jetpass.user-read-basic)[7dff95b9-cf69-4916-b1b0-efcde919c1ef], 23-12(Hub/jetbrains.jetpass.profile-updateSelf)[6f67fca4-0523-4ba8-ab9f-7cf344e8aba4]]
		uuid[String]: null -> 06c48235-1dda-4899-ba88-7c287fc45614
	CREATE: JPProjectRole[e23424a9-44fe-44e9-a333-0b64b7933b7e](Global <-> observer)
		holder[JPRoleHolder]: [] -> [21-0(Registered Users)[ec180489-82d7-40c1-a3a1-0674795d73b6]]
		project[JPProject]: [] -> [11-0(Global)[0]]
		role[JPRole]: [] -> [26-1(observer)[06c48235-1dda-4899-ba88-7c287fc45614]]
		uuid[String]: null -> e23424a9-44fe-44e9-a333-0b64b7933b7e
	UPDATE: RegisteredUsersGroup[ec180489-82d7-40c1-a3a1-0674795d73b6](Registered Users)
		roles[JPProjectRole]: [] -> [27-0(Global <-> observer)[e23424a9-44fe-44e9-a333-0b64b7933b7e]]
13 Aug 2026 13:03:30,175 INFO  [DefaultRolesPreload ] [APP-WRAPPER] Proxy 1] [init] [init] Role [observer] was added to [Registered Users] group in the Global project
13 Aug 2026 13:03:30,175 INFO  [PreloadService      ] [APP-WRAPPER] Proxy 1] [init] [init] Running preloader: CreateAdminPreloader
13 Aug 2026 13:03:30,176 INFO  [PreloadService      ] [APP-WRAPPER] Proxy 1] [init] [init] Running preloader: JbaHydraMigrationPreloader
13 Aug 2026 13:03:30,180 INFO  [PreloadService      ] [APP-WRAPPER] Proxy 1] [init] [init] Running preloader: AuthServicePreloader
13 Aug 2026 13:03:30,184 INFO  [PreloadService      ] [APP-WRAPPER] Proxy 1] [init] [init] Running preloaders... DONE
13 Aug 2026 13:03:30,222 INFO  [App                 ] [APP-WRAPPER] Proxy 1] [init] [init] Init Hub application: 2026.2.52366 [releaseDate: 2026 07 30, commitHash: 4b000050d167f2b2852a5cbee9080cc36b2078e7]...
13 Aug 2026 13:03:30,251 INFO  [MigrationContainerXd] [APP-WRAPPER] Proxy 1] [init] [init] Migration process begin:
13 Aug 2026 13:03:30,263 INFO  [MigrationContainerXd] [APP-WRAPPER] Proxy 1] [init] [init]    Migration: jetbrains.jetpass.userManagement.persistence.migration.EnableLegacyOktaAttributeMappingForExistingInstallations - skipped on fresh installation.
13 Aug 2026 13:03:30,266 INFO  [MigrationContainerXd] [APP-WRAPPER] Proxy 1] [init] [init]    Migration: jetbrains.jetpass.userManagement.persistence.migration.EnableScim2RootResourceForExistingInstallations - skipped on fresh installation.
13 Aug 2026 13:03:30,270 INFO  [MigrationContainerXd] [APP-WRAPPER] Proxy 1] [init] [init]    Migration: order4 - started!
13 Aug 2026 13:03:30,273 INFO  [MigrationContainerXd] [APP-WRAPPER] Proxy 1] [init] [init]    Migration: order4 - applied in 0ms!
13 Aug 2026 13:03:30,277 INFO  [MigrationContainerXd] [APP-WRAPPER] Proxy 1] [init] [init]    Migration: jetbrains.hub.auth.module.entra.migration.SetAzureSynchronizationInterval - started!
13 Aug 2026 13:03:30,278 INFO  [MigrationContainerXd] [APP-WRAPPER] Proxy 1] [init] [init]    Migration: jetbrains.hub.auth.module.entra.migration.SetAzureSynchronizationInterval - applied in 1ms!
13 Aug 2026 13:03:30,316 INFO  [MigrationContainerXd] [APP-WRAPPER] Proxy 1] [init] [init]    Migration: jetbrains.hub.auth.module.entra.migration.AzureGroupMappingsMigration - started!
13 Aug 2026 13:03:30,318 INFO  [EventProcessor      ] [ver-pool-14-thread-1] [init] [init] Saved 1 change bundle(s)
13 Aug 2026 13:03:30,319 INFO  [MigrationContainerXd] [APP-WRAPPER] Proxy 1] [init] [init]    Migration: jetbrains.hub.auth.module.entra.migration.AzureGroupMappingsMigration - applied in 2ms!
13 Aug 2026 13:03:30,341 INFO  [MigrationContainerXd] [APP-WRAPPER] Proxy 1] [init] [init]    Migration: jetbrains.hub.auth.module.entra.migration.AzureUserCountMigration - started!
13 Aug 2026 13:03:30,342 INFO  [MigrationContainerXd] [APP-WRAPPER] Proxy 1] [init] [init]    Migration: jetbrains.hub.auth.module.entra.migration.AzureUserCountMigration - applied in 0ms!
13 Aug 2026 13:03:30,343 INFO  [MigrationContainerXd] [APP-WRAPPER] Proxy 1] [init] [init]    Migration: jetbrains.hub.auth.module.entra.migration.AzureBanReasonMigration - started!
13 Aug 2026 13:03:30,344 INFO  [reBanReasonMigration] [APP-WRAPPER] Proxy 1] [init] [init] Skipping AzureBanReasonMigration, because no enabled Entra ID auth modules with background sync have been found
13 Aug 2026 13:03:30,344 INFO  [MigrationContainerXd] [APP-WRAPPER] Proxy 1] [init] [init]    Migration: jetbrains.hub.auth.module.entra.migration.AzureBanReasonMigration - applied in 1ms!
13 Aug 2026 13:03:30,346 INFO  [MigrationContainerXd] [APP-WRAPPER] Proxy 1] [init] [init]    Migration: jetbrains.hub.auth.module.google.migration.GoogleSocialUserDetailsMigration - started!
13 Aug 2026 13:03:30,348 INFO  [MigrationContainerXd] [APP-WRAPPER] Proxy 1] [init] [init]    Migration: jetbrains.hub.auth.module.google.migration.GoogleSocialUserDetailsMigration - applied in 2ms!
13 Aug 2026 13:03:30,349 INFO  [MigrationContainerXd] [APP-WRAPPER] Proxy 1] [init] [init]    Migration: jetbrains.hub.auth.module.jba.migration.DropLegacyJBAuth - started!
13 Aug 2026 13:03:30,351 INFO  [MigrationContainerXd] [APP-WRAPPER] Proxy 1] [init] [init]    Migration: jetbrains.hub.auth.module.jba.migration.DropLegacyJBAuth - applied in 2ms!
13 Aug 2026 13:03:30,352 INFO  [MigrationContainerXd] [APP-WRAPPER] Proxy 1] [init] [init]    Migration: jetbrains.hub.auth.module.jba.migration.JbaCustomerApiTokenHiddenMigration - started!
13 Aug 2026 13:03:30,353 INFO  [MigrationContainerXd] [APP-WRAPPER] Proxy 1] [init] [init]    Migration: jetbrains.hub.auth.module.jba.migration.JbaCustomerApiTokenHiddenMigration - applied in 1ms!
13 Aug 2026 13:03:30,356 INFO  [MigrationContainerXd] [APP-WRAPPER] Proxy 1] [init] [init]    Migration: jetbrains.hub.auth.module.jba.migration.JbaDetailsLoginToSubMigration - started!
13 Aug 2026 13:03:30,357 INFO  [MigrationContainerXd] [APP-WRAPPER] Proxy 1] [init] [init]    Migration: jetbrains.hub.auth.module.jba.migration.JbaDetailsLoginToSubMigration - applied in 1ms!
13 Aug 2026 13:03:30,359 INFO  [MigrationContainerXd] [APP-WRAPPER] Proxy 1] [init] [init]    Migration: jetbrains.hub.auth.module.jba.migration.RecalculateConnectionStatus - started!
13 Aug 2026 13:03:30,363 INFO  [MigrationContainerXd] [APP-WRAPPER] Proxy 1] [init] [init]    Migration: jetbrains.hub.auth.module.jba.migration.RecalculateConnectionStatus - applied in 4ms!
13 Aug 2026 13:03:30,364 INFO  [MigrationContainerXd] [APP-WRAPPER] Proxy 1] [init] [init]    Migration: jetbrains.hub.auth.module.jba.migration.ReregisterJbaClientMigration - started!
13 Aug 2026 13:03:30,367 INFO  [MigrationContainerXd] [APP-WRAPPER] Proxy 1] [init] [init]    Migration: jetbrains.hub.auth.module.jba.migration.ReregisterJbaClientMigration - applied in 2ms!
13 Aug 2026 13:03:30,368 INFO  [MigrationContainerXd] [APP-WRAPPER] Proxy 1] [init] [init]    Migration: jetbrains.hub.auth.module.ldap.migration.SetGroupMemberAttributeNameDefaultMigration - started!
13 Aug 2026 13:03:30,369 INFO  [MigrationContainerXd] [APP-WRAPPER] Proxy 1] [init] [init]    Migration: jetbrains.hub.auth.module.ldap.migration.SetGroupMemberAttributeNameDefaultMigration - applied in 0ms!
13 Aug 2026 13:03:30,373 INFO  [MigrationContainerXd] [APP-WRAPPER] Proxy 1] [init] [init]    Migration: jetbrains.hub.auth.module.okta.migration.OktaUserCountMigration - started!
13 Aug 2026 13:03:30,374 INFO  [MigrationContainerXd] [APP-WRAPPER] Proxy 1] [init] [init]    Migration: jetbrains.hub.auth.module.okta.migration.OktaUserCountMigration - applied in 1ms!
13 Aug 2026 13:03:30,375 INFO  [MigrationContainerXd] [APP-WRAPPER] Proxy 1] [init] [init]    Migration: jetbrains.hub.auth.module.okta.migration.OktaGroupMappingsMigration - started!
13 Aug 2026 13:03:30,376 INFO  [MigrationContainerXd] [APP-WRAPPER] Proxy 1] [init] [init]    Migration: jetbrains.hub.auth.module.okta.migration.OktaGroupMappingsMigration - applied in 1ms!
13 Aug 2026 13:03:30,377 INFO  [MigrationContainerXd] [APP-WRAPPER] Proxy 1] [init] [init]    Migration: jetbrains.hub.auth.module.okta.migration.OktaDomainMigration - started!
13 Aug 2026 13:03:30,379 INFO  [MigrationContainerXd] [APP-WRAPPER] Proxy 1] [init] [init]    Migration: jetbrains.hub.auth.module.okta.migration.OktaDomainMigration - applied in 2ms!
13 Aug 2026 13:03:30,380 INFO  [MigrationContainerXd] [APP-WRAPPER] Proxy 1] [init] [init]    Migration: jetbrains.hub.auth.module.okta.migration.OktaBanReasonMigration - started!
13 Aug 2026 13:03:30,381 INFO  [taBanReasonMigration] [APP-WRAPPER] Proxy 1] [init] [init] Skipping OktaBanReasonMigration, because no enabled Okta auth modules with background sync have been found
13 Aug 2026 13:03:30,381 INFO  [MigrationContainerXd] [APP-WRAPPER] Proxy 1] [init] [init]    Migration: jetbrains.hub.auth.module.okta.migration.OktaBanReasonMigration - applied in 1ms!
13 Aug 2026 13:03:30,382 INFO  [MigrationContainerXd] [APP-WRAPPER] Proxy 1] [init] [init]    Migration: jetbrains.hub.auth.module.openid.migration.RemoveObsoleteOpenIDAuthModules - started!
13 Aug 2026 13:03:30,382 INFO  [MigrationContainerXd] [APP-WRAPPER] Proxy 1] [init] [init]    Migration: jetbrains.hub.auth.module.openid.migration.RemoveObsoleteOpenIDAuthModules - applied in 0ms!
13 Aug 2026 13:03:30,387 INFO  [MigrationContainerXd] [APP-WRAPPER] Proxy 1] [init] [init]    Migration: jetbrains.jetpass.saml.migration.SetSAMLServiceProviderSessionDurationMigration - started!
13 Aug 2026 13:03:30,390 INFO  [MigrationContainerXd] [APP-WRAPPER] Proxy 1] [init] [init]    Migration: jetbrains.jetpass.saml.migration.SetSAMLServiceProviderSessionDurationMigration - applied in 3ms!
13 Aug 2026 13:03:30,392 INFO  [MigrationContainerXd] [APP-WRAPPER] Proxy 1] [init] [init]    Migration: jetbrains.hub.server.migration.CleanAllLostContacts - started!
13 Aug 2026 13:03:30,399 INFO  [CleanAllLostContacts] [APP-WRAPPER] Proxy 1] [init] [init] We have detected and deleted 0 orphan(s)
13 Aug 2026 13:03:30,400 INFO  [MigrationContainerXd] [APP-WRAPPER] Proxy 1] [init] [init]    Migration: jetbrains.hub.server.migration.CleanAllLostContacts - applied in 8ms!
13 Aug 2026 13:03:30,401 INFO  [MigrationContainerXd] [APP-WRAPPER] Proxy 1] [init] [init]    Migration: jetbrains.hub.server.migration.RemoveGlobalPermissions - started!
13 Aug 2026 13:03:30,407 INFO  [MigrationContainerXd] [APP-WRAPPER] Proxy 1] [init] [init]    Migration: jetbrains.hub.server.migration.RemoveGlobalPermissions - applied in 6ms!
13 Aug 2026 13:03:30,408 INFO  [MigrationContainerXd] [APP-WRAPPER] Proxy 1] [init] [init]    Migration: jetbrains.hub.server.migration.IntroduceServicePermissionsMigration - started!
13 Aug 2026 13:03:30,415 INFO  [MigrationContainerXd] [APP-WRAPPER] Proxy 1] [init] [init]    Migration: jetbrains.hub.server.migration.IntroduceServicePermissionsMigration - applied in 6ms!
13 Aug 2026 13:03:30,416 INFO  [MigrationContainerXd] [APP-WRAPPER] Proxy 1] [init] [init]    Migration: jetbrains.hub.server.migration.ReplaceHubIcon - started!
13 Aug 2026 13:03:30,428 INFO  [MigrationContainerXd] [APP-WRAPPER] Proxy 1] [init] [init]    Migration: jetbrains.hub.server.migration.ReplaceHubIcon - applied in 12ms!
13 Aug 2026 13:03:30,432 INFO  [MigrationContainerXd] [APP-WRAPPER] Proxy 1] [init] [init]    Migration: jetbrains.hub.server.migration.MigrateGroupProjectPermissions - started!
13 Aug 2026 13:03:30,438 INFO  [MigrationContainerXd] [APP-WRAPPER] Proxy 1] [init] [init]    Migration: jetbrains.hub.server.migration.MigrateGroupProjectPermissions - applied in 5ms!
13 Aug 2026 13:03:30,439 INFO  [MigrationContainerXd] [APP-WRAPPER] Proxy 1] [init] [init]    Migration: jetbrains.hub.server.migration.DropObsoleteProjectTeams - started!
13 Aug 2026 13:03:30,439 INFO  [MigrationContainerXd] [APP-WRAPPER] Proxy 1] [init] [init]    Migration: jetbrains.hub.server.migration.DropObsoleteProjectTeams - applied in 0ms!
13 Aug 2026 13:03:30,441 INFO  [MigrationContainerXd] [APP-WRAPPER] Proxy 1] [init] [init]    Migration: jetbrains.hub.server.migration.DropObsoleteEntities - started!
13 Aug 2026 13:03:30,441 INFO  [MigrationContainerXd] [APP-WRAPPER] Proxy 1] [init] [init]    Migration: jetbrains.hub.server.migration.DropObsoleteEntities - applied in 0ms!
13 Aug 2026 13:03:30,442 INFO  [MigrationContainerXd] [APP-WRAPPER] Proxy 1] [init] [init]    Migration: jetbrains.hub.server.migration.RemoveFolderPermissions - started!
13 Aug 2026 13:03:30,444 INFO  [MigrationContainerXd] [APP-WRAPPER] Proxy 1] [init] [init]    Migration: jetbrains.hub.server.migration.RemoveFolderPermissions - applied in 2ms!
13 Aug 2026 13:03:30,445 INFO  [MigrationContainerXd] [APP-WRAPPER] Proxy 1] [init] [init]    Migration: jetbrains.hub.server.migration.CleanupObsoleteUserProfileAuditChanges - started!
13 Aug 2026 13:03:30,448 INFO  [MigrationContainerXd] [APP-WRAPPER] Proxy 1] [init] [init]    Migration: jetbrains.hub.server.migration.CleanupObsoleteUserProfileAuditChanges - applied in 3ms!
13 Aug 2026 13:03:30,450 INFO  [MigrationContainerXd] [APP-WRAPPER] Proxy 1] [init] [init]    Migration: jetbrains.hub.server.migration.ArchivePersistentJobHistoryMigration - started!
13 Aug 2026 13:03:30,451 INFO  [MigrationContainerXd] [APP-WRAPPER] Proxy 1] [init] [init]    Migration: jetbrains.hub.server.migration.ArchivePersistentJobHistoryMigration - applied in 1ms!
13 Aug 2026 13:03:30,453 INFO  [MigrationContainerXd] [APP-WRAPPER] Proxy 1] [init] [init]    Migration: jetbrains.jetpass.userManagement.persistence.migration.SetHostService - started!
13 Aug 2026 13:03:30,455 INFO  [MigrationContainerXd] [APP-WRAPPER] Proxy 1] [init] [init]    Migration: jetbrains.jetpass.userManagement.persistence.migration.SetHostService - applied in 2ms!
13 Aug 2026 13:03:30,456 INFO  [MigrationContainerXd] [APP-WRAPPER] Proxy 1] [init] [init]    Migration: jetbrains.jetpass.userManagement.persistence.migration.RootServiceScopeItemsMigration - started!
13 Aug 2026 13:03:30,457 INFO  [MigrationContainerXd] [APP-WRAPPER] Proxy 1] [init] [init]    Migration: jetbrains.jetpass.userManagement.persistence.migration.RootServiceScopeItemsMigration - applied in 1ms!
13 Aug 2026 13:03:30,458 INFO  [MigrationContainerXd] [APP-WRAPPER] Proxy 1] [init] [init]    Migration: jetbrains.jetpass.userManagement.persistence.migration.SetRefreshTokenCreateAndLastAccessTime - started!
13 Aug 2026 13:03:30,460 INFO  [MigrationContainerXd] [APP-WRAPPER] Proxy 1] [init] [init]    Migration: jetbrains.jetpass.userManagement.persistence.migration.SetRefreshTokenCreateAndLastAccessTime - applied in 2ms!
13 Aug 2026 13:03:30,461 INFO  [MigrationContainerXd] [APP-WRAPPER] Proxy 1] [init] [init]    Migration: jetbrains.jetpass.userManagement.persistence.migration.RebuildTextIndexForPermissions - started!
13 Aug 2026 13:03:30,462 INFO  [XdTextIndexService  ] [APP-WRAPPER] Proxy 1] [init] [init] Text index rebuild for JPPermission started...
13 Aug 2026 13:03:30,462 INFO  [XdTextIndexService  ] [APP-WRAPPER] Proxy 1] [init] [init] Text index rebuild for JPPermission started...
13 Aug 2026 13:03:30,490 INFO  [XdTextIndexService  ] [APP-WRAPPER] Proxy 1] [init] [init] Indexed 21 entities so far for JPPermission
13 Aug 2026 13:03:30,491 INFO  [XdTextIndexService  ] [APP-WRAPPER] Proxy 1] [init] [init] Text index rebuild for JPPermission completed in 28 ms
13 Aug 2026 13:03:30,491 INFO  [XdTextIndexService  ] [APP-WRAPPER] Proxy 1] [init] [init] Text index rebuild for JPPermission completed.
13 Aug 2026 13:03:30,491 INFO  [MigrationContainerXd] [APP-WRAPPER] Proxy 1] [init] [init]    Migration: jetbrains.jetpass.userManagement.persistence.migration.RebuildTextIndexForPermissions - applied in 30ms!
13 Aug 2026 13:03:30,496 INFO  [MigrationContainerXd] [APP-WRAPPER] Proxy 1] [init] [init]    Migration: jetbrains.jetpass.userManagement.persistence.migration.RebuildTextIndexForProjectsOnceMore - started!
13 Aug 2026 13:03:30,496 INFO  [XdTextIndexService  ] [APP-WRAPPER] Proxy 1] [init] [init] Text index rebuild for JPProject started...
13 Aug 2026 13:03:30,496 INFO  [XdTextIndexService  ] [APP-WRAPPER] Proxy 1] [init] [init] Text index rebuild for JPProject started...
13 Aug 2026 13:03:30,496 INFO  [XdTextIndexService  ] [APP-WRAPPER] Proxy 1] [init] [init] Indexed 1 entities so far for JPProject
13 Aug 2026 13:03:30,496 INFO  [XdTextIndexService  ] [APP-WRAPPER] Proxy 1] [init] [init] Text index rebuild for JPProject completed in 0 ms
13 Aug 2026 13:03:30,496 INFO  [XdTextIndexService  ] [APP-WRAPPER] Proxy 1] [init] [init] Text index rebuild for JPProject completed.
13 Aug 2026 13:03:30,497 INFO  [MigrationContainerXd] [APP-WRAPPER] Proxy 1] [init] [init]    Migration: jetbrains.jetpass.userManagement.persistence.migration.RebuildTextIndexForProjectsOnceMore - applied in 1ms!
13 Aug 2026 13:03:30,497 INFO  [MigrationContainerXd] [APP-WRAPPER] Proxy 1] [init] [init]    Migration: jetbrains.jetpass.userManagement.persistence.migration.RebuildTextIndexForUsers - started!
13 Aug 2026 13:03:30,498 INFO  [XdTextIndexService  ] [APP-WRAPPER] Proxy 1] [init] [init] Text index rebuild for JPBaseUser started...
13 Aug 2026 13:03:30,498 INFO  [XdTextIndexService  ] [APP-WRAPPER] Proxy 1] [init] [init] Text index rebuild for JPBaseUser started...
13 Aug 2026 13:03:30,499 INFO  [XdTextIndexService  ] [APP-WRAPPER] Proxy 1] [init] [init] Indexed 1 entities so far for JPBaseUser
13 Aug 2026 13:03:30,499 INFO  [XdTextIndexService  ] [APP-WRAPPER] Proxy 1] [init] [init] Text index rebuild for JPBaseUser completed in 1 ms
13 Aug 2026 13:03:30,499 INFO  [XdTextIndexService  ] [APP-WRAPPER] Proxy 1] [init] [init] Text index rebuild for JPBaseUser completed.
13 Aug 2026 13:03:30,499 INFO  [MigrationContainerXd] [APP-WRAPPER] Proxy 1] [init] [init]    Migration: jetbrains.jetpass.userManagement.persistence.migration.RebuildTextIndexForUsers - applied in 2ms!
13 Aug 2026 13:03:30,501 INFO  [MigrationContainerXd] [APP-WRAPPER] Proxy 1] [init] [init]    Migration: jetbrains.jetpass.userManagement.persistence.migration.RebuildTextIndexForUserGroups - started!
13 Aug 2026 13:03:30,501 INFO  [XdTextIndexService  ] [APP-WRAPPER] Proxy 1] [init] [init] Text index rebuild for JPBaseUserGroup started...
13 Aug 2026 13:03:30,501 INFO  [XdTextIndexService  ] [APP-WRAPPER] Proxy 1] [init] [init] Text index rebuild for JPBaseUserGroup started...
13 Aug 2026 13:03:30,503 INFO  [XdTextIndexService  ] [APP-WRAPPER] Proxy 1] [init] [init] Indexed 2 entities so far for JPBaseUserGroup
13 Aug 2026 13:03:30,503 INFO  [XdTextIndexService  ] [APP-WRAPPER] Proxy 1] [init] [init] Text index rebuild for JPBaseUserGroup completed in 2 ms
13 Aug 2026 13:03:30,503 INFO  [XdTextIndexService  ] [APP-WRAPPER] Proxy 1] [init] [init] Text index rebuild for JPBaseUserGroup completed.
13 Aug 2026 13:03:30,503 INFO  [MigrationContainerXd] [APP-WRAPPER] Proxy 1] [init] [init]    Migration: jetbrains.jetpass.userManagement.persistence.migration.RebuildTextIndexForUserGroups - applied in 2ms!
13 Aug 2026 13:03:30,504 INFO  [MigrationContainerXd] [APP-WRAPPER] Proxy 1] [init] [init]    Migration: jetbrains.jetpass.userManagement.persistence.migration.RebuildTextIndexForRoles - started!
13 Aug 2026 13:03:30,504 INFO  [XdTextIndexService  ] [APP-WRAPPER] Proxy 1] [init] [init] Text index rebuild for JPBaseRole started...
13 Aug 2026 13:03:30,504 INFO  [XdTextIndexService  ] [APP-WRAPPER] Proxy 1] [init] [init] Text index rebuild for JPBaseRole started...
13 Aug 2026 13:03:30,507 INFO  [XdTextIndexService  ] [APP-WRAPPER] Proxy 1] [init] [init] Indexed 4 entities so far for JPBaseRole
13 Aug 2026 13:03:30,507 INFO  [XdTextIndexService  ] [APP-WRAPPER] Proxy 1] [init] [init] Text index rebuild for JPBaseRole completed in 3 ms
13 Aug 2026 13:03:30,507 INFO  [XdTextIndexService  ] [APP-WRAPPER] Proxy 1] [init] [init] Text index rebuild for JPBaseRole completed.
13 Aug 2026 13:03:30,508 INFO  [MigrationContainerXd] [APP-WRAPPER] Proxy 1] [init] [init]    Migration: jetbrains.jetpass.userManagement.persistence.migration.RebuildTextIndexForRoles - applied in 4ms!
13 Aug 2026 13:03:30,514 INFO  [MigrationContainerXd] [APP-WRAPPER] Proxy 1] [init] [init]    Migration: jetbrains.jetpass.userManagement.persistence.migration.AvatarBlobMigration - started!
13 Aug 2026 13:03:30,517 INFO  [MigrationContainerXd] [APP-WRAPPER] Proxy 1] [init] [init]    Migration: jetbrains.jetpass.userManagement.persistence.migration.AvatarBlobMigration - applied in 3ms!
13 Aug 2026 13:03:30,520 INFO  [MigrationContainerXd] [APP-WRAPPER] Proxy 1] [init] [init]    Migration: AddImpliedPermissions.1 - started!
13 Aug 2026 13:03:30,522 INFO  [MigrationContainerXd] [APP-WRAPPER] Proxy 1] [init] [init]    Migration: AddImpliedPermissions.1 - applied in 2ms!
13 Aug 2026 13:03:30,522 INFO  [MigrationContainerXd] [APP-WRAPPER] Proxy 1] [init] [init]    Migration: jetbrains.jetpass.userManagement.persistence.migration.SetExpirationTimeForRefreshTokens - started!
13 Aug 2026 13:03:30,523 INFO  [MigrationContainerXd] [APP-WRAPPER] Proxy 1] [init] [init]    Migration: jetbrains.jetpass.userManagement.persistence.migration.SetExpirationTimeForRefreshTokens - applied in 1ms!
13 Aug 2026 13:03:30,524 INFO  [MigrationContainerXd] [APP-WRAPPER] Proxy 1] [init] [init]    Migration: jetbrains.jetpass.userManagement.persistence.migration.FixCronBackupMigration - started!
13 Aug 2026 13:03:30,524 INFO  [MigrationContainerXd] [APP-WRAPPER] Proxy 1] [init] [init]    Migration: jetbrains.jetpass.userManagement.persistence.migration.FixCronBackupMigration - applied in 0ms!
13 Aug 2026 13:03:30,525 INFO  [MigrationContainerXd] [APP-WRAPPER] Proxy 1] [init] [init]    Migration: jetbrains.jetpass.userManagement.persistence.migration.ExternalAuthModuleSyncMigrationV3 - started!
13 Aug 2026 13:03:30,525 INFO  [MigrationContainerXd] [APP-WRAPPER] Proxy 1] [init] [init]    Migration: jetbrains.jetpass.userManagement.persistence.migration.ExternalAuthModuleSyncMigrationV3 - applied in 0ms!
13 Aug 2026 13:03:30,526 INFO  [MigrationContainerXd] [APP-WRAPPER] Proxy 1] [init] [init]    Migration: jetbrains.jetpass.userManagement.persistence.migration.MigrationRebuildTextIndex - started!
13 Aug 2026 13:03:30,526 INFO  [XdTextIndexService  ] [APP-WRAPPER] Proxy 1] [init] [init] Full text index rebuild started...
13 Aug 2026 13:03:30,526 INFO  [XdTextIndexService  ] [APP-WRAPPER] Proxy 1] [init] [init] Text index rebuild for JPAuthSetting started...
13 Aug 2026 13:03:30,527 INFO  [XdTextIndexService  ] [APP-WRAPPER] Proxy 1] [init] [init] Indexed 1 entities so far for JPAuthSetting
13 Aug 2026 13:03:30,527 INFO  [XdTextIndexService  ] [APP-WRAPPER] Proxy 1] [init] [init] Text index rebuild for JPAuthSetting completed in 1 ms
13 Aug 2026 13:03:30,527 INFO  [XdTextIndexService  ] [APP-WRAPPER] Proxy 1] [init] [init] Text index rebuild for JPBaseUserGroup started...
13 Aug 2026 13:03:30,528 INFO  [XdTextIndexService  ] [APP-WRAPPER] Proxy 1] [init] [init] Indexed 2 entities so far for JPBaseUserGroup
13 Aug 2026 13:03:30,528 INFO  [XdTextIndexService  ] [APP-WRAPPER] Proxy 1] [init] [init] Text index rebuild for JPBaseUserGroup completed in 1 ms
13 Aug 2026 13:03:30,528 INFO  [XdTextIndexService  ] [APP-WRAPPER] Proxy 1] [init] [init] Text index rebuild for JPPermission started...
13 Aug 2026 13:03:30,544 INFO  [XdTextIndexService  ] [APP-WRAPPER] Proxy 1] [init] [init] Indexed 21 entities so far for JPPermission
13 Aug 2026 13:03:30,544 INFO  [XdTextIndexService  ] [APP-WRAPPER] Proxy 1] [init] [init] Text index rebuild for JPPermission completed in 16 ms
13 Aug 2026 13:03:30,544 INFO  [XdTextIndexService  ] [APP-WRAPPER] Proxy 1] [init] [init] Text index rebuild for JPOrganization started...
13 Aug 2026 13:03:30,544 INFO  [XdTextIndexService  ] [APP-WRAPPER] Proxy 1] [init] [init] Text index rebuild for JPOrganization completed in 0 ms
13 Aug 2026 13:03:30,544 INFO  [XdTextIndexService  ] [APP-WRAPPER] Proxy 1] [init] [init] Text index rebuild for JPBaseRole started...
13 Aug 2026 13:03:30,546 INFO  [XdTextIndexService  ] [APP-WRAPPER] Proxy 1] [init] [init] Indexed 4 entities so far for JPBaseRole
13 Aug 2026 13:03:30,547 INFO  [XdTextIndexService  ] [APP-WRAPPER] Proxy 1] [init] [init] Text index rebuild for JPBaseRole completed in 3 ms
13 Aug 2026 13:03:30,547 INFO  [XdTextIndexService  ] [APP-WRAPPER] Proxy 1] [init] [init] Text index rebuild for JPService started...
13 Aug 2026 13:03:30,547 INFO  [XdTextIndexService  ] [APP-WRAPPER] Proxy 1] [init] [init] Indexed 1 entities so far for JPService
13 Aug 2026 13:03:30,547 INFO  [XdTextIndexService  ] [APP-WRAPPER] Proxy 1] [init] [init] Text index rebuild for JPService completed in 0 ms
13 Aug 2026 13:03:30,547 INFO  [XdTextIndexService  ] [APP-WRAPPER] Proxy 1] [init] [init] Text index rebuild for TrustStoreEntry started...
13 Aug 2026 13:03:30,547 INFO  [XdTextIndexService  ] [APP-WRAPPER] Proxy 1] [init] [init] Text index rebuild for TrustStoreEntry completed in 0 ms
13 Aug 2026 13:03:30,547 INFO  [XdTextIndexService  ] [APP-WRAPPER] Proxy 1] [init] [init] Text index rebuild for KeyStore started...
13 Aug 2026 13:03:30,547 INFO  [XdTextIndexService  ] [APP-WRAPPER] Proxy 1] [init] [init] Text index rebuild for KeyStore completed in 0 ms
13 Aug 2026 13:03:30,547 INFO  [XdTextIndexService  ] [APP-WRAPPER] Proxy 1] [init] [init] Text index rebuild for JPProject started...
13 Aug 2026 13:03:30,548 INFO  [XdTextIndexService  ] [APP-WRAPPER] Proxy 1] [init] [init] Indexed 1 entities so far for JPProject
13 Aug 2026 13:03:30,548 INFO  [XdTextIndexService  ] [APP-WRAPPER] Proxy 1] [init] [init] Text index rebuild for JPProject completed in 1 ms
13 Aug 2026 13:03:30,548 INFO  [XdTextIndexService  ] [APP-WRAPPER] Proxy 1] [init] [init] Text index rebuild for JPBaseUser started...
13 Aug 2026 13:03:30,548 INFO  [XdTextIndexService  ] [APP-WRAPPER] Proxy 1] [init] [init] Indexed 1 entities so far for JPBaseUser
13 Aug 2026 13:03:30,549 INFO  [XdTextIndexService  ] [APP-WRAPPER] Proxy 1] [init] [init] Text index rebuild for JPBaseUser completed in 1 ms
13 Aug 2026 13:03:30,549 INFO  [XdTextIndexService  ] [APP-WRAPPER] Proxy 1] [init] [init] Full text index rebuild completed.
13 Aug 2026 13:03:30,549 INFO  [MigrationContainerXd] [APP-WRAPPER] Proxy 1] [init] [init]    Migration: jetbrains.jetpass.userManagement.persistence.migration.MigrationRebuildTextIndex - applied in 23ms!
13 Aug 2026 13:03:30,559 INFO  [MigrationContainerXd] [APP-WRAPPER] Proxy 1] [init] [init]    Migration: jetbrains.jetpass.userManagement.persistence.migration.MigrationResetInternalSettings - started!
13 Aug 2026 13:03:30,560 INFO  [MigrationContainerXd] [APP-WRAPPER] Proxy 1] [init] [init]    Migration: jetbrains.jetpass.userManagement.persistence.migration.MigrationResetInternalSettings - applied in 0ms!
13 Aug 2026 13:03:30,561 INFO  [MigrationContainerXd] [APP-WRAPPER] Proxy 1] [init] [init]    Migration: jetbrains.jetpass.userManagement.persistence.migration.MigrationInitServiceConsentRequired - started!
13 Aug 2026 13:03:30,561 INFO  [MigrationContainerXd] [APP-WRAPPER] Proxy 1] [init] [init]    Migration: jetbrains.jetpass.userManagement.persistence.migration.MigrationInitServiceConsentRequired - applied in 0ms!
13 Aug 2026 13:03:30,562 INFO  [MigrationContainerXd] [APP-WRAPPER] Proxy 1] [init] [init]    Migration: jetbrains.jetpass.userManagement.persistence.migration.BumpKeyVersionMigration - started!
13 Aug 2026 13:03:30,563 INFO  [MigrationContainerXd] [APP-WRAPPER] Proxy 1] [init] [init]    Migration: jetbrains.jetpass.userManagement.persistence.migration.BumpKeyVersionMigration - applied in 1ms!
13 Aug 2026 13:03:30,564 INFO  [MigrationContainerXd] [APP-WRAPPER] Proxy 1] [init] [init]    Migration: jetbrains.jetpass.userManagement.persistence.migration.ServiceAudienceMigration - started!
13 Aug 2026 13:03:30,565 INFO  [MigrationContainerXd] [APP-WRAPPER] Proxy 1] [init] [init]    Migration: jetbrains.jetpass.userManagement.persistence.migration.ServiceAudienceMigration - applied in 1ms!
13 Aug 2026 13:03:30,566 INFO  [MigrationContainerXd] [APP-WRAPPER] Proxy 1] [init] [init]    Migration: jetbrains.jetpass.userManagement.persistence.migration.ServiceFlowsMigration - started!
13 Aug 2026 13:03:30,567 INFO  [MigrationContainerXd] [APP-WRAPPER] Proxy 1] [init] [init]    Migration: jetbrains.jetpass.userManagement.persistence.migration.ServiceFlowsMigration - applied in 1ms!
13 Aug 2026 13:03:30,571 INFO  [MigrationContainerXd] [APP-WRAPPER] Proxy 1] [init] [init]    Migration: jetbrains.hub.server.migration.RestoreDefaultGroupsMigration - started!
13 Aug 2026 13:03:30,578 INFO  [MigrationContainerXd] [APP-WRAPPER] Proxy 1] [init] [init]    Migration: jetbrains.hub.server.migration.RestoreDefaultGroupsMigration - applied in 7ms!
13 Aug 2026 13:03:30,579 INFO  [MigrationContainerXd] [APP-WRAPPER] Proxy 1] [init] [init]    Migration: jetbrains.jetpass.userManagement.persistence.migration.AddRootServiceSecretMigration - started!
13 Aug 2026 13:03:30,580 INFO  [MigrationContainerXd] [APP-WRAPPER] Proxy 1] [init] [init]    Migration: jetbrains.jetpass.userManagement.persistence.migration.AddRootServiceSecretMigration - applied in 1ms!
13 Aug 2026 13:03:30,581 INFO  [MigrationContainerXd] [APP-WRAPPER] Proxy 1] [init] [init]    Migration: jetbrains.jetpass.userManagement.persistence.migration.CreateMissingMappedExternalGroupsMigration - started!
13 Aug 2026 13:03:30,582 INFO  [ernalGroupsMigration] [APP-WRAPPER] Proxy 1] [init] [init] Found 0 auth modules with syncAllUsersAndGroups=true
13 Aug 2026 13:03:30,582 INFO  [MigrationContainerXd] [APP-WRAPPER] Proxy 1] [init] [init]    Migration: jetbrains.jetpass.userManagement.persistence.migration.CreateMissingMappedExternalGroupsMigration - applied in 1ms!
13 Aug 2026 13:03:30,583 INFO  [MigrationContainerXd] [APP-WRAPPER] Proxy 1] [init] [init]    Migration: jetbrains.jetpass.userManagement.persistence.migration.DeleteNonRootServicePermissionsMigration - started!
13 Aug 2026 13:03:30,584 INFO  [MigrationContainerXd] [APP-WRAPPER] Proxy 1] [init] [init]    Migration: jetbrains.jetpass.userManagement.persistence.migration.DeleteNonRootServicePermissionsMigration - applied in 1ms!
13 Aug 2026 13:03:30,586 INFO  [MigrationContainerXd] [APP-WRAPPER] Proxy 1] [init] [init]    Migration: jetbrains.jetpass.userManagement.persistence.migration.SplitHubFeatureMigration - started!
13 Aug 2026 13:03:30,587 INFO  [tHubFeatureMigration] [APP-WRAPPER] Proxy 1] [init] [init] Migrating 0 feature(s) from XdHubFeature to split entity types
13 Aug 2026 13:03:30,587 INFO  [MigrationContainerXd] [APP-WRAPPER] Proxy 1] [init] [init]    Migration: jetbrains.jetpass.userManagement.persistence.migration.SplitHubFeatureMigration - applied in 1ms!
13 Aug 2026 13:03:30,589 INFO  [MigrationContainerXd] [APP-WRAPPER] Proxy 1] [init] [init]    Migration: jetbrains.jetpass.userManagement.persistence.migration.WritePermanentTokenSubjectFromUserMigration - started!
13 Aug 2026 13:03:30,589 INFO  [MigrationContainerXd] [APP-WRAPPER] Proxy 1] [init] [init]    Migration: jetbrains.jetpass.userManagement.persistence.migration.WritePermanentTokenSubjectFromUserMigration - applied in 0ms!
13 Aug 2026 13:03:30,590 INFO  [MigrationContainerXd] [APP-WRAPPER] Proxy 1] [init] [init] Total migrations applied: 55 in 339ms.
13 Aug 2026 13:03:30,591 INFO  [MigrationContainerXd] [APP-WRAPPER] Proxy 1] [init] [init] Start reindex...
13 Aug 2026 13:03:30,591 INFO  [InitializationUtil  ] [APP-WRAPPER] Proxy 1] [init] [init] Init indexes for unique properties and composite keys
13 Aug 2026 13:03:30,615 INFO  [MigrationContainerXd] [APP-WRAPPER] Proxy 1] [init] [init] Reindex completed in 24 ms
13 Aug 2026 13:03:30,629 INFO  [XdPublicSettings    ] [APP-WRAPPER] Proxy 1] [init] [init] Language is set to: ru
13 Aug 2026 13:03:30,702 INFO  [EventProcessor      ] [APP-WRAPPER] Proxy 1] [init] [init] Collected changes
Update by Hub[0-0-0-0-0] @2026-08-13T13:03:30.701+0000
	UPDATE: ApplicationPublicSettings[7b1ffa2b-1224-4447-be53-29fa2b8b45dc](public[7b1ffa2b-1224-4447-be53-29fa2b8b45dc])
		locale[String]: null -> ru
13 Aug 2026 13:03:30,706 INFO  [EventProcessor      ] [ver-pool-14-thread-1] [init] [init] Saved 1 change bundle(s)
13 Aug 2026 13:03:30,713 INFO  [PermissionCache     ] [pool-20-thread-1    ] [] [] Start recalculating permissions cache [2]
13 Aug 2026 13:03:30,725 INFO  [EventProcessor      ] [APP-WRAPPER] Proxy 1] [init] [init] Collected changes
Update by Hub[0-0-0-0-0] @2026-08-13T13:03:30.725+0000
	UPDATE: ApplicationBackupSettings[6179631c-35b7-4ae0-a8bd-b40988264e98](backup[6179631c-35b7-4ae0-a8bd-b40988264e98])
		backupFolder[String]: null -> /opt/youtrack/backups/hub
13 Aug 2026 13:03:30,731 INFO  [EventProcessor      ] [ver-pool-14-thread-1] [init] [init] Saved 1 change bundle(s)
13 Aug 2026 13:03:30,796 INFO  [PermissionCache     ] [pool-20-thread-1    ] [] [] Finish recalculating permissions cache [2] in: 0.081253349s, total user clusters: 0
13 Aug 2026 13:03:31,844 INFO  [EventProcessor      ] [qtp962373567-55     ] [0e-6b67-fd5a-dc5a-94560b7c3a41] [guest@127.0.0.1] Collected changes
Update by guest[d4a04e11-abaa-46e6-8a3e-b76537fe6446] @2026-08-13T13:03:31.843+0000
	CREATE: JPService[a927c26f-90d9-4fe4-b415-fcbd729b77da](Temporary installer service (2026-08-13 13:03:31 UTC))
		audience[String]: null -> a927c26f-90d9-4fe4-b415-fcbd729b77da
		authCodeFlowEnabled[boolean]: false -> true
		clientCredentialsFlowEnabled[boolean]: false -> true
		consentRequired[boolean]: false -> false
		implicitFlowEnabled[boolean]: false -> true
		key[String]: null -> a927c26f-90d9-4fe4-b415-fcbd729b77da
		name[String]: null -> Temporary installer service (2026-08-13 13:03:31 UTC)
		resourceOwnerFlowEnabled[boolean]: false -> true
		secretHash[String]: null -> ***
		uuid[String]: null -> a927c26f-90d9-4fe4-b415-fcbd729b77da
		verified[boolean]: false -> true
13 Aug 2026 13:03:31,848 INFO  [EventProcessor      ] [ver-pool-14-thread-1] [0e-6b67-fd5a-dc5a-94560b7c3a41] [guest@127.0.0.1] Saved 1 change bundle(s)
13 Aug 2026 13:03:32,355 INFO  [EventProcessor      ] [qtp962373567-58     ] [54-b09d-ed87-2203-1631cf892d0c] [-08-13 13:03:31 UTC)@127.0.0.1] Collected changes
Update by Temporary installer service (2026-08-13 13:03:31 UTC)[a927c26f-90d9-4fe4-b415-fcbd729b77da] @2026-08-13T13:03:32.354+0000
	CREATE: JPService[65c3714a-9d72-49d4-b98b-dc8fe4215020](YouTrack)
		applicationName[String]: null -> YouTrack
		audience[String]: null -> 65c3714a-9d72-49d4-b98b-dc8fe4215020
		authCodeFlowEnabled[boolean]: false -> true
		clientCredentialsFlowEnabled[boolean]: false -> true
		consentRequired[boolean]: false -> false
		implicitFlowEnabled[boolean]: false -> true
		key[String]: null -> 65c3714a-9d72-49d4-b98b-dc8fe4215020
		name[String]: null -> YouTrack
		resourceOwnerFlowEnabled[boolean]: false -> true
		secretHash[String]: null -> ***
		uuid[String]: null -> 65c3714a-9d72-49d4-b98b-dc8fe4215020
		vendor[String]: null -> JetBrains
		verified[boolean]: false -> true
		version[String]: null -> 2026.2.18194
13 Aug 2026 13:03:32,369 INFO  [EventProcessor      ] [ver-pool-14-thread-1] [54-b09d-ed87-2203-1631cf892d0c] [-08-13 13:03:31 UTC)@127.0.0.1] Saved 1 change bundle(s)
13 Aug 2026 13:03:33,360 INFO  [EventProcessor      ] [qtp962373567-53     ] [34-ea8d-1b98-6ea9-bcd6f01a7d9a] [YouTrack@127.0.0.1] Collected changes
Update by YouTrack[65c3714a-9d72-49d4-b98b-dc8fe4215020] @2026-08-13T13:03:33.360+0000
	UPDATE: JPService[65c3714a-9d72-49d4-b98b-dc8fe4215020](YouTrack)
		homeUrl[String]: null -> http://localhost:8080
		redirectUri[String]: null -> http://localhost:8080/oauth?v2
http://fd29b82ae489:8080
http://localhost:8080
http://127.0.0.1:8080
http://fd29b82ae489:8080/oauth
http://fd29b82ae489:8080/oauth?v2
http://127.0.0.1:8080/oauth
http://localhost:8080/admin/hub
http://fd29b82ae489:8080/admin/hub
http://localhost:8080/oauth
http://127.0.0.1:8080/admin/hub
http://127.0.0.1:8080/oauth?v2
		viewers[JPRoleHolder]: [] -> [20-0(All Users)[e9574828-671a-464e-a590-41d1e8ca0ab6]]
13 Aug 2026 13:03:33,364 INFO  [EventProcessor      ] [ver-pool-14-thread-1] [34-ea8d-1b98-6ea9-bcd6f01a7d9a] [YouTrack@127.0.0.1] Saved 1 change bundle(s)
13 Aug 2026 13:03:33,464 INFO  [EventProcessor      ] [qtp962373567-53     ] [44-e27d-50ab-7d67-8b53f641dde1] [-08-13 13:03:31 UTC)@127.0.0.1] Collected changes
Update by Temporary installer service (2026-08-13 13:03:31 UTC)[a927c26f-90d9-4fe4-b415-fcbd729b77da] @2026-08-13T13:03:33.463+0000
	REMOVE: JPService[a927c26f-90d9-4fe4-b415-fcbd729b77da](Temporary installer service (2026-08-13 13:03:31 UTC))
		audience[String]: a927c26f-90d9-4fe4-b415-fcbd729b77da -> null
		authCodeFlowEnabled[boolean]: true -> false
		clientCredentialsFlowEnabled[boolean]: true -> false
		implicitFlowEnabled[boolean]: true -> false
		key[String]: a927c26f-90d9-4fe4-b415-fcbd729b77da -> null
		name[String]: Temporary installer service (2026-08-13 13:03:31 UTC) -> null
		resourceOwnerFlowEnabled[boolean]: true -> false
		secretHash[String]: *** -> null
		uuid[String]: a927c26f-90d9-4fe4-b415-fcbd729b77da -> null
		verified[boolean]: true -> false
13 Aug 2026 13:03:33,468 INFO  [EventProcessor      ] [ver-pool-14-thread-1] [44-e27d-50ab-7d67-8b53f641dde1] [-08-13 13:03:31 UTC)@127.0.0.1] Saved 1 change bundle(s)
13 Aug 2026 13:04:00,557 INFO  [EventProcessor      ] [qtp962373567-62     ] [be-ac99-38c2-3f14-c84d665f60f2] [YouTrack@127.0.0.1] Collected changes
Update by YouTrack[65c3714a-9d72-49d4-b98b-dc8fe4215020] @2026-08-13T13:04:00.556+0000
	UPDATE: JPRootService[0-0-0-0-0](YouTrack Administration)
		groupUriPattern[String]: ./groups/:id -> ../admin/hub/groups/:id
		name[String]: Hub -> YouTrack Administration
		redirectUri[String]: http://localhost:8080/hub/
../admin/hub
./api/rest/saml2/oauth
./api/rest/saml2/logout/oauth
./ -> ../admin/hub
../youtrack/admin/hub
http://localhost:8080/hub/
./api/rest/saml2/oauth
./api/rest/saml2/logout/oauth
./
		userUriPattern[String]: ./users/:id -> ../admin/hub/users/:id
13 Aug 2026 13:04:00,566 INFO  [EventProcessor      ] [ver-pool-14-thread-1] [be-ac99-38c2-3f14-c84d665f60f2] [YouTrack@127.0.0.1] Saved 1 change bundle(s)
13 Aug 2026 13:04:00,742 INFO  [EventProcessor      ] [qtp962373567-56     ] [be-ac99-38c2-3f14-c84d665f60f2] [YouTrack@127.0.0.1] Collected changes
Update by YouTrack[65c3714a-9d72-49d4-b98b-dc8fe4215020] @2026-08-13T13:04:00.742+0000
	CREATE: JPService[54b0ab5b-07bc-44de-8ffe-aad3d4f70251](Konnector)
		audience[String]: null -> 08266c5b-3c97-4ebd-90ed-c3ecb9bc90f2
		authCodeFlowEnabled[boolean]: false -> true
		clientCredentialsFlowEnabled[boolean]: false -> true
		consentRequired[boolean]: false -> false
		homeUrl[String]: null -> https://konnector.services.jetbrains.com
		icon[PersistentFile]: [] -> [22-2]
		implicitFlowEnabled[boolean]: false -> true
		key[String]: null -> 08266c5b-3c97-4ebd-90ed-c3ecb9bc90f2
		name[String]: null -> Konnector
		redirectUri[String]: null -> https://konnector.services.jetbrains.com/ring/oauth
		resourceOwnerFlowEnabled[boolean]: false -> true
		secretHash[String]: null -> ***
		uuid[String]: null -> 54b0ab5b-07bc-44de-8ffe-aad3d4f70251
		verified[boolean]: false -> true
13 Aug 2026 13:04:00,762 INFO  [EventProcessor      ] [ver-pool-14-thread-1] [be-ac99-38c2-3f14-c84d665f60f2] [YouTrack@127.0.0.1] Saved 1 change bundle(s)
13 Aug 2026 13:04:00,822 INFO  [EventProcessor      ] [qtp962373567-59     ] [be-ac99-38c2-3f14-c84d665f60f2] [Konnector@127.0.0.1] Collected changes
Update by Konnector[54b0ab5b-07bc-44de-8ffe-aad3d4f70251] @2026-08-13T13:04:00.822+0000
	UPDATE: JPService[54b0ab5b-07bc-44de-8ffe-aad3d4f70251](Konnector)
		applicationName[String]: null -> Konnector
		releaseDate[DateTime]: null -> 1785542400000
		vendor[String]: null -> JetBrains
		version[String]: null -> 2026.2.18194
13 Aug 2026 13:04:00,831 INFO  [EventProcessor      ] [ver-pool-14-thread-1] [be-ac99-38c2-3f14-c84d665f60f2] [Konnector@127.0.0.1] Saved 1 change bundle(s)
13 Aug 2026 13:04:00,907 INFO  [EventProcessor      ] [qtp962373567-59     ] [be-ac99-38c2-3f14-c84d665f60f2] [YouTrack@127.0.0.1] Collected changes
Update by YouTrack[65c3714a-9d72-49d4-b98b-dc8fe4215020] @2026-08-13T13:04:00.906+0000
	CREATE: JPService[77bd22fe-6907-49b5-8bc7-4a57ec069865](YouTrack Mobile)
		audience[String]: null -> 2f9da8fe-3986-4526-a159-2b6c2c3ee0ef
		authCodeFlowEnabled[boolean]: false -> true
		clientCredentialsFlowEnabled[boolean]: false -> true
		consentRequired[boolean]: false -> true
		icon[PersistentFile]: [] -> [22-3]
		implicitFlowEnabled[boolean]: false -> true
		key[String]: null -> 2f9da8fe-3986-4526-a159-2b6c2c3ee0ef
		name[String]: null -> YouTrack Mobile
		redirectUri[String]: null -> ytoauth://landing.url
		resourceOwnerFlowEnabled[boolean]: false -> true
		secretHash[String]: null -> ***
		uuid[String]: null -> 77bd22fe-6907-49b5-8bc7-4a57ec069865
13 Aug 2026 13:04:00,914 INFO  [EventProcessor      ] [ver-pool-14-thread-1] [be-ac99-38c2-3f14-c84d665f60f2] [YouTrack@127.0.0.1] Saved 1 change bundle(s)
13 Aug 2026 13:04:00,993 INFO  [EventProcessor      ] [qtp962373567-56     ] [be-ac99-38c2-3f14-c84d665f60f2] [YouTrack Mobile@127.0.0.1] Collected changes
Update by YouTrack Mobile[77bd22fe-6907-49b5-8bc7-4a57ec069865] @2026-08-13T13:04:00.992+0000
	UPDATE: JPService[77bd22fe-6907-49b5-8bc7-4a57ec069865](YouTrack Mobile)
		applicationName[String]: null -> YouTrack Mobile
		releaseDate[DateTime]: null -> 1785542400000
		vendor[String]: null -> JetBrains
		version[String]: null -> 2026.2.18194
13 Aug 2026 13:04:00,997 INFO  [EventProcessor      ] [ver-pool-14-thread-1] [be-ac99-38c2-3f14-c84d665f60f2] [YouTrack Mobile@127.0.0.1] Saved 1 change bundle(s)
13 Aug 2026 13:04:01,065 INFO  [EventProcessor      ] [qtp962373567-59     ] [be-ac99-38c2-3f14-c84d665f60f2] [YouTrack@127.0.0.1] Collected changes
Update by YouTrack[65c3714a-9d72-49d4-b98b-dc8fe4215020] @2026-08-13T13:04:01.064+0000
	UPDATE: JPService[65c3714a-9d72-49d4-b98b-dc8fe4215020](YouTrack)
		icon[PersistentFile]: [] -> [22-4]
		redirectUri[String]: http://localhost:8080/oauth?v2
http://fd29b82ae489:8080
http://localhost:8080
http://127.0.0.1:8080
http://fd29b82ae489:8080/oauth
http://fd29b82ae489:8080/oauth?v2
http://127.0.0.1:8080/oauth
http://localhost:8080/admin/hub
http://fd29b82ae489:8080/admin/hub
http://localhost:8080/oauth
http://127.0.0.1:8080/admin/hub
http://127.0.0.1:8080/oauth?v2 -> ./admin/hub
./oauth
./oauth?v2
http://127.0.0.1:8080
http://127.0.0.1:8080/admin/hub
http://127.0.0.1:8080/oauth
http://127.0.0.1:8080/oauth?v2
http://fd29b82ae489:8080
http://fd29b82ae489:8080/admin/hub
http://fd29b82ae489:8080/oauth
http://fd29b82ae489:8080/oauth?v2
http://localhost:8080
http://localhost:8080/admin/hub
http://localhost:8080/oauth
http://localhost:8080/oauth?v2
		releaseDate[DateTime]: null -> 1785542400000
		secretHash[String]: *** -> ***
		userUriPattern[String]: null -> ./users/:id
13 Aug 2026 13:04:01,072 INFO  [EventProcessor      ] [ver-pool-14-thread-1] [be-ac99-38c2-3f14-c84d665f60f2] [YouTrack@127.0.0.1] Saved 1 change bundle(s)
13 Aug 2026 13:04:01,114 INFO  [EventProcessor      ] [qtp962373567-59     ] [be-ac99-38c2-3f14-c84d665f60f2] [YouTrack@127.0.0.1] Collected changes
Update by YouTrack[65c3714a-9d72-49d4-b98b-dc8fe4215020] @2026-08-13T13:04:01.113+0000
	UPDATE: JPService[65c3714a-9d72-49d4-b98b-dc8fe4215020](YouTrack)
		baseUrl[String]: null -> http://localhost:8080
13 Aug 2026 13:04:01,120 INFO  [EventProcessor      ] [ver-pool-14-thread-1] [be-ac99-38c2-3f14-c84d665f60f2] [YouTrack@127.0.0.1] Saved 1 change bundle(s)
13 Aug 2026 13:04:01,265 INFO  [XdPublicSettings    ] [qtp962373567-56     ] [be-ac99-38c2-3f14-c84d665f60f2] [YouTrack@127.0.0.1] Language is set to: en
13 Aug 2026 13:04:01,268 INFO  [EventProcessor      ] [qtp962373567-56     ] [be-ac99-38c2-3f14-c84d665f60f2] [YouTrack@127.0.0.1] Collected changes
Update by YouTrack[65c3714a-9d72-49d4-b98b-dc8fe4215020] @2026-08-13T13:04:01.266+0000
	UPDATE: ApplicationPublicSettings[7b1ffa2b-1224-4447-be53-29fa2b8b45dc](public[7b1ffa2b-1224-4447-be53-29fa2b8b45dc])
		locale[String]: ru -> en
13 Aug 2026 13:04:01,283 INFO  [EventProcessor      ] [ver-pool-14-thread-1] [be-ac99-38c2-3f14-c84d665f60f2] [YouTrack@127.0.0.1] Saved 1 change bundle(s)
13 Aug 2026 13:04:01,294 INFO  [EventProcessor      ] [qtp962373567-59     ] [be-ac99-38c2-3f14-c84d665f60f2] [YouTrack@127.0.0.1] Collected changes
Update by YouTrack[65c3714a-9d72-49d4-b98b-dc8fe4215020] @2026-08-13T13:04:01.293+0000
	UPDATE: ApplicationPublicSettings[7b1ffa2b-1224-4447-be53-29fa2b8b45dc](public[7b1ffa2b-1224-4447-be53-29fa2b8b45dc])
		hubMottoHidden[boolean]: false -> true
13 Aug 2026 13:04:01,301 INFO  [EventProcessor      ] [ver-pool-14-thread-1] [be-ac99-38c2-3f14-c84d665f60f2] [YouTrack@127.0.0.1] Saved 1 change bundle(s)
13 Aug 2026 13:04:01,444 INFO  [EventProcessor      ] [qtp962373567-59     ] [be-ac99-38c2-3f14-c84d665f60f2] [YouTrack@127.0.0.1] Collected changes
Update by YouTrack[65c3714a-9d72-49d4-b98b-dc8fe4215020] @2026-08-13T13:04:01.443+0000
	UPDATE: JPRole[06c48235-1dda-4899-ba88-7c287fc45614](observer)
		description[String]: null -> The Observer role grants baseline access to interact with other registered users in the system. Observers can view profile data for other users in the system and update their own profiles.
		permissions[JPPermission]: [] -> [23-11(YouTrack Administration/jetbrains.jetpass.user-read)[866aed88-ec75-4c9e-b7a9-aca330269e48]]
13 Aug 2026 13:04:01,450 INFO  [EventProcessor      ] [ver-pool-14-thread-1] [be-ac99-38c2-3f14-c84d665f60f2] [YouTrack@127.0.0.1] Saved 1 change bundle(s)
13 Aug 2026 13:04:01,472 INFO  [XdRole              ] [qtp962373567-50     ] [be-ac99-38c2-3f14-c84d665f60f2] [YouTrack@127.0.0.1] new role: contributor - Contributor
13 Aug 2026 13:04:01,476 INFO  [EventProcessor      ] [qtp962373567-50     ] [be-ac99-38c2-3f14-c84d665f60f2] [YouTrack@127.0.0.1] Collected changes
Update by YouTrack[65c3714a-9d72-49d4-b98b-dc8fe4215020] @2026-08-13T13:04:01.475+0000
	CREATE: JPRole[04841e41-08d7-4956-a086-2717ce54d141](contributor)
		description[String]: null -> The Contributor role is intended for users who create and work with issues. Contributors can create new issues, add comments, view existing issues and comments, and update most issue attributes.
		key[String]: null -> contributor
		name[String]: null -> Contributor
		permissions[JPPermission]: [] -> [23-1(YouTrack Administration/jetbrains.jetpass.project-read-basic)[cd057b3d-7cea-4f04-96d1-83cee0b23a2f]]
		uuid[String]: null -> 04841e41-08d7-4956-a086-2717ce54d141
13 Aug 2026 13:04:01,481 INFO  [EventProcessor      ] [ver-pool-14-thread-1] [be-ac99-38c2-3f14-c84d665f60f2] [YouTrack@127.0.0.1] Saved 1 change bundle(s)
13 Aug 2026 13:04:01,513 INFO  [XdRole              ] [qtp962373567-50     ] [be-ac99-38c2-3f14-c84d665f60f2] [YouTrack@127.0.0.1] new role: project-admin - Project Admin
13 Aug 2026 13:04:01,520 INFO  [EventProcessor      ] [qtp962373567-50     ] [be-ac99-38c2-3f14-c84d665f60f2] [YouTrack@127.0.0.1] Collected changes
Update by YouTrack[65c3714a-9d72-49d4-b98b-dc8fe4215020] @2026-08-13T13:04:01.518+0000
	CREATE: JPRole[03655a3c-573b-485c-b64b-5fc20c9522fa](project-admin)
		description[String]: null -> The Project Admin role is intended for use by the users who create and manage projects. The Project Admin role has the same access rights as a Contributor and can also manage project settings, such as assignees, fields, and workflows.
		key[String]: null -> project-admin
		name[String]: null -> Project Admin
		permissions[JPPermission]: [] -> [23-2(YouTrack Administration/jetbrains.jetpass.project-read)[0f3003e2-548a-4ece-9b56-0028007a5668], 23-3(YouTrack Administration/jetbrains.jetpass.project-update)[df89c8ae-0ba7-4e2f-86d1-109248f51eea], 23-1(YouTrack Administration/jetbrains.jetpass.project-read-basic)[cd057b3d-7cea-4f04-96d1-83cee0b23a2f], 23-5(YouTrack Administration/jetbrains.jetpass.role-read)[fe1f1dcb-81fd-4285-b69e-ccfc5ddef99d]]
		uuid[String]: null -> 03655a3c-573b-485c-b64b-5fc20c9522fa
13 Aug 2026 13:04:01,525 INFO  [EventProcessor      ] [ver-pool-14-thread-1] [be-ac99-38c2-3f14-c84d665f60f2] [YouTrack@127.0.0.1] Saved 1 change bundle(s)
13 Aug 2026 13:04:01,545 INFO  [XdRole              ] [qtp962373567-59     ] [be-ac99-38c2-3f14-c84d665f60f2] [YouTrack@127.0.0.1] new role: project-creator - Project Creator
13 Aug 2026 13:04:01,549 INFO  [EventProcessor      ] [qtp962373567-59     ] [be-ac99-38c2-3f14-c84d665f60f2] [YouTrack@127.0.0.1] Collected changes
Update by YouTrack[65c3714a-9d72-49d4-b98b-dc8fe4215020] @2026-08-13T13:04:01.548+0000
	CREATE: JPRole[3ac47e26-2773-468e-b736-0c754fff47e0](project-creator)
		description[String]: null -> Gives users the ability to create new projects in the system without granting access to content in projects created by other users.
		key[String]: null -> project-creator
		name[String]: null -> Project Creator
		permissions[JPPermission]: [] -> [23-0(YouTrack Administration/jetbrains.jetpass.project-create)[4233d936-a62e-402d-b097-f580f2a3178f]]
		uuid[String]: null -> 3ac47e26-2773-468e-b736-0c754fff47e0
13 Aug 2026 13:04:01,553 INFO  [EventProcessor      ] [ver-pool-14-thread-1] [be-ac99-38c2-3f14-c84d665f60f2] [YouTrack@127.0.0.1] Saved 1 change bundle(s)
13 Aug 2026 13:04:01,574 INFO  [XdRole              ] [qtp962373567-50     ] [be-ac99-38c2-3f14-c84d665f60f2] [YouTrack@127.0.0.1] new role: user-creator - User Creator
13 Aug 2026 13:04:01,577 INFO  [EventProcessor      ] [qtp962373567-50     ] [be-ac99-38c2-3f14-c84d665f60f2] [YouTrack@127.0.0.1] Collected changes
Update by YouTrack[65c3714a-9d72-49d4-b98b-dc8fe4215020] @2026-08-13T13:04:01.576+0000
	CREATE: JPRole[4716bed9-c8b0-40c5-9318-98d406507c89](user-creator)
		description[String]: null -> Gives users the ability to create accounts for other users and invite users to join your YouTrack site.
		key[String]: null -> user-creator
		name[String]: null -> User Creator
		permissions[JPPermission]: [] -> [23-9(YouTrack Administration/jetbrains.jetpass.user-create)[3f468ddd-78b1-4e73-985a-f912e6b8b05b]]
		uuid[String]: null -> 4716bed9-c8b0-40c5-9318-98d406507c89
13 Aug 2026 13:04:01,583 INFO  [EventProcessor      ] [ver-pool-14-thread-1] [be-ac99-38c2-3f14-c84d665f60f2] [YouTrack@127.0.0.1] Saved 1 change bundle(s)
13 Aug 2026 13:04:01,669 INFO  [EventProcessor      ] [qtp962373567-59     ] [be-ac99-38c2-3f14-c84d665f60f2] [YouTrack@127.0.0.1] Collected changes
Update by YouTrack[65c3714a-9d72-49d4-b98b-dc8fe4215020] @2026-08-13T13:04:01.668+0000
	UPDATE: JPRole[8e5640bf-95ef-40ab-87ed-8e35b54e47f4](system-admin)
		description[String]: null -> The System Admin role is designed for users who manage your YouTrack site. This role is granted all available permissions in YouTrack.
13 Aug 2026 13:04:01,673 INFO  [EventProcessor      ] [ver-pool-14-thread-1] [be-ac99-38c2-3f14-c84d665f60f2] [YouTrack@127.0.0.1] Saved 1 change bundle(s)
13 Aug 2026 13:04:01,917 INFO  [TransientSessionImpl] [qtp962373567-56     ] [be-ac99-38c2-3f14-c84d665f60f2] [YouTrack@127.0.0.1] Catch exception in flush: Constrains validation exception. Causes: 
  1: Index [login] must be unique. Conflicting value: [guest]

13 Aug 2026 13:04:01,925 INFO  [ccessExceptionMapper] [qtp962373567-56     ] [be-ac99-38c2-3f14-c84d665f60f2] [YouTrack@127.0.0.1] Field User::login must be unique
13 Aug 2026 13:04:02,001 INFO  [EventProcessor      ] [qtp962373567-56     ] [be-ac99-38c2-3f14-c84d665f60f2] [YouTrack@127.0.0.1] Collected changes
Update by YouTrack[65c3714a-9d72-49d4-b98b-dc8fe4215020] @2026-08-13T13:04:01.999+0000
	CREATE: JPUser[81e9d0d5-1200-49c0-99db-bf14d37ee05b](admin)
		created[DateTime]: null -> 1786626241993
		details[JPBaseUserDetails]: [] -> [38-1(admin)[2bc40277-bf8c-4e71-a7b2-02735afe95c8]]
		login[String]: null -> admin
		uuid[String]: null -> 81e9d0d5-1200-49c0-99db-bf14d37ee05b
		visibleName[String]: null -> admin
	CREATE: JPUsernamePasswordDetails[2bc40277-bf8c-4e71-a7b2-02735afe95c8](admin)
		authSetting[JPAuthSetting]: [] -> [8-0(Hub)[0818c399-b88c-4730-9ed7-d5deb93890cc]]
		login[String]: null -> admin
		password[String]: null -> ***
		user[JPUser]: [] -> [36-1(admin)[81e9d0d5-1200-49c0-99db-bf14d37ee05b]]
		uuid[String]: null -> 2bc40277-bf8c-4e71-a7b2-02735afe95c8
13 Aug 2026 13:04:02,011 INFO  [EventProcessor      ] [ver-pool-14-thread-1] [be-ac99-38c2-3f14-c84d665f60f2] [YouTrack@127.0.0.1] Saved 1 change bundle(s)
13 Aug 2026 13:04:02,121 INFO  [EventProcessor      ] [qtp962373567-62     ] [be-ac99-38c2-3f14-c84d665f60f2] [YouTrack@127.0.0.1] Collected changes
Update by YouTrack[65c3714a-9d72-49d4-b98b-dc8fe4215020] @2026-08-13T13:04:02.120+0000
	CREATE: JPProjectRole[8ee79687-2099-4b47-83d3-f74b95cb46c8](Global <-> system-admin)
		holder[JPRoleHolder]: [] -> [36-1(admin)[81e9d0d5-1200-49c0-99db-bf14d37ee05b]]
		project[JPProject]: [] -> [11-0(Global)[0]]
		role[JPRole]: [] -> [26-0(system-admin)[8e5640bf-95ef-40ab-87ed-8e35b54e47f4]]
		uuid[String]: null -> 8ee79687-2099-4b47-83d3-f74b95cb46c8
	UPDATE: JPUser[81e9d0d5-1200-49c0-99db-bf14d37ee05b](admin)
		roles[JPProjectRole]: [] -> [27-1(Global <-> system-admin)[8ee79687-2099-4b47-83d3-f74b95cb46c8]]
13 Aug 2026 13:04:02,128 INFO  [EventProcessor      ] [ver-pool-14-thread-1] [be-ac99-38c2-3f14-c84d665f60f2] [YouTrack@127.0.0.1] Saved 1 change bundle(s)
13 Aug 2026 13:04:02,154 INFO  [XdPublicSettings    ] [qtp962373567-62     ] [be-ac99-38c2-3f14-c84d665f60f2] [YouTrack@127.0.0.1] Language is set to: en
13 Aug 2026 13:04:03,220 INFO  [EventProcessor      ] [qtp962373567-60     ] [be-ac99-38c2-3f14-c84d665f60f2] [YouTrack@127.0.0.1] Collected changes
Update by YouTrack[65c3714a-9d72-49d4-b98b-dc8fe4215020] @2026-08-13T13:04:03.220+0000
	UPDATE: JPGuestUser[d4a04e11-abaa-46e6-8a3e-b76537fe6446](guest [banned])
		visibleName[String]: guest -> гость
13 Aug 2026 13:04:03,227 INFO  [EventProcessor      ] [ver-pool-14-thread-1] [be-ac99-38c2-3f14-c84d665f60f2] [YouTrack@127.0.0.1] Saved 1 change bundle(s)
13 Aug 2026 13:04:03,320 INFO  [EventProcessor      ] [qtp962373567-59     ] [be-ac99-38c2-3f14-c84d665f60f2] [YouTrack@127.0.0.1] Collected changes
Update by YouTrack[65c3714a-9d72-49d4-b98b-dc8fe4215020] @2026-08-13T13:04:03.319+0000
	UPDATE: JPRole[8e5640bf-95ef-40ab-87ed-8e35b54e47f4](system-admin)
		description[String]: The System Admin role is designed for users who manage your YouTrack site. This role is granted all available permissions in YouTrack. -> Системный администратор управляет вашим инстансом YouTrack. У этой роли есть все доступные в системе права.
		name[String]: System Admin -> Системный администратор
13 Aug 2026 13:04:03,323 INFO  [EventProcessor      ] [ver-pool-14-thread-1] [be-ac99-38c2-3f14-c84d665f60f2] [YouTrack@127.0.0.1] Saved 1 change bundle(s)
13 Aug 2026 13:04:03,331 INFO  [EventProcessor      ] [qtp962373567-60     ] [be-ac99-38c2-3f14-c84d665f60f2] [YouTrack@127.0.0.1] Collected changes
Update by YouTrack[65c3714a-9d72-49d4-b98b-dc8fe4215020] @2026-08-13T13:04:03.330+0000
	UPDATE: JPRole[04841e41-08d7-4956-a086-2717ce54d141](contributor)
		description[String]: The Contributor role is intended for users who create and work with issues. Contributors can create new issues, add comments, view existing issues and comments, and update most issue attributes. -> Контрибьютор — основная роль для работы с задачами. Контрибьюторы могут создавать задачи, добавлять комментарии, просматривать существующие тикеты и менять большинство их параметров.
		name[String]: Contributor -> Контрибьютор
13 Aug 2026 13:04:03,336 INFO  [EventProcessor      ] [ver-pool-14-thread-1] [be-ac99-38c2-3f14-c84d665f60f2] [YouTrack@127.0.0.1] Saved 1 change bundle(s)
13 Aug 2026 13:04:03,354 INFO  [EventProcessor      ] [qtp962373567-60     ] [be-ac99-38c2-3f14-c84d665f60f2] [YouTrack@127.0.0.1] Collected changes
Update by YouTrack[65c3714a-9d72-49d4-b98b-dc8fe4215020] @2026-08-13T13:04:03.353+0000
	UPDATE: JPRole[03655a3c-573b-485c-b64b-5fc20c9522fa](project-admin)
		description[String]: The Project Admin role is intended for use by the users who create and manage projects. The Project Admin role has the same access rights as a Contributor and can also manage project settings, such as assignees, fields, and workflows. -> Администратор проекта — роль для тех, кто создает проекты и управляет ими. Она дает те же права, что и роль контрибьютора, но дополнительно позволяет менять настройки проекта: назначать исполнителей, настраивать поля и рабочие процессы.
		name[String]: Project Admin -> Администратор проекта
13 Aug 2026 13:04:03,358 INFO  [EventProcessor      ] [ver-pool-14-thread-1] [be-ac99-38c2-3f14-c84d665f60f2] [YouTrack@127.0.0.1] Saved 1 change bundle(s)
13 Aug 2026 13:04:03,370 INFO  [EventProcessor      ] [qtp962373567-59     ] [be-ac99-38c2-3f14-c84d665f60f2] [YouTrack@127.0.0.1] Collected changes
Update by YouTrack[65c3714a-9d72-49d4-b98b-dc8fe4215020] @2026-08-13T13:04:03.369+0000
	UPDATE: JPRole[06c48235-1dda-4899-ba88-7c287fc45614](observer)
		description[String]: The Observer role grants baseline access to interact with other registered users in the system. Observers can view profile data for other users in the system and update their own profiles. -> Наблюдатель имеет базовый доступ для взаимодействия с другими зарегистрированными пользователями системы. Наблюдатели могут просматривать профили других пользователей и редактировать данные в собственном профиле.
		name[String]: Observer -> Наблюдатель
13 Aug 2026 13:04:03,374 INFO  [EventProcessor      ] [ver-pool-14-thread-1] [be-ac99-38c2-3f14-c84d665f60f2] [YouTrack@127.0.0.1] Saved 1 change bundle(s)
13 Aug 2026 13:04:03,383 INFO  [EventProcessor      ] [qtp962373567-60     ] [be-ac99-38c2-3f14-c84d665f60f2] [YouTrack@127.0.0.1] Collected changes
Update by YouTrack[65c3714a-9d72-49d4-b98b-dc8fe4215020] @2026-08-13T13:04:03.382+0000
	UPDATE: JPRole[4716bed9-c8b0-40c5-9318-98d406507c89](user-creator)
		description[String]: Gives users the ability to create accounts for other users and invite users to join your YouTrack site. -> Позволяет создавать аккаунты для других пользователей и приглашать их в ваш YouTrack.
		name[String]: User Creator -> Создатель учетных записей
13 Aug 2026 13:04:03,390 INFO  [EventProcessor      ] [ver-pool-14-thread-1] [be-ac99-38c2-3f14-c84d665f60f2] [YouTrack@127.0.0.1] Saved 1 change bundle(s)
13 Aug 2026 13:04:03,396 INFO  [EventProcessor      ] [qtp962373567-59     ] [be-ac99-38c2-3f14-c84d665f60f2] [YouTrack@127.0.0.1] Collected changes
Update by YouTrack[65c3714a-9d72-49d4-b98b-dc8fe4215020] @2026-08-13T13:04:03.396+0000
	UPDATE: JPRole[3ac47e26-2773-468e-b736-0c754fff47e0](project-creator)
		description[String]: Gives users the ability to create new projects in the system without granting access to content in projects created by other users. -> Дает пользователям возможность создавать новые проекты в системе, не предоставляя при этом доступ к содержимому проектов, созданных другими пользователями.
		name[String]: Project Creator -> Создатель проекта
13 Aug 2026 13:04:03,400 INFO  [EventProcessor      ] [ver-pool-14-thread-1] [be-ac99-38c2-3f14-c84d665f60f2] [YouTrack@127.0.0.1] Saved 1 change bundle(s)
13 Aug 2026 13:04:03,411 INFO  [EventProcessor      ] [qtp962373567-55     ] [be-ac99-38c2-3f14-c84d665f60f2] [YouTrack@127.0.0.1] Collected changes
Update by YouTrack[65c3714a-9d72-49d4-b98b-dc8fe4215020] @2026-08-13T13:04:03.410+0000
	UPDATE: JPAllUsersGroup[e9574828-671a-464e-a590-41d1e8ca0ab6](Все пользователи)
		name[String]: All Users -> Все пользователи
13 Aug 2026 13:04:03,415 INFO  [EventProcessor      ] [ver-pool-14-thread-1] [be-ac99-38c2-3f14-c84d665f60f2] [YouTrack@127.0.0.1] Saved 1 change bundle(s)
13 Aug 2026 13:04:03,481 INFO  [EventProcessor      ] [qtp962373567-59     ] [be-ac99-38c2-3f14-c84d665f60f2] [YouTrack@127.0.0.1] Collected changes
Update by YouTrack[65c3714a-9d72-49d4-b98b-dc8fe4215020] @2026-08-13T13:04:03.481+0000
	UPDATE: RegisteredUsersGroup[ec180489-82d7-40c1-a3a1-0674795d73b6](Зарегистрированные пользователи)
		name[String]: Registered Users -> Зарегистрированные пользователи
13 Aug 2026 13:04:03,486 INFO  [EventProcessor      ] [ver-pool-14-thread-1] [be-ac99-38c2-3f14-c84d665f60f2] [YouTrack@127.0.0.1] Saved 1 change bundle(s)
13 Aug 2026 13:04:03,507 INFO  [XdPublicSettings    ] [qtp962373567-59     ] [be-ac99-38c2-3f14-c84d665f60f2] [YouTrack@127.0.0.1] Language is set to: ru
13 Aug 2026 13:04:03,508 INFO  [EventProcessor      ] [qtp962373567-59     ] [be-ac99-38c2-3f14-c84d665f60f2] [YouTrack@127.0.0.1] Collected changes
Update by YouTrack[65c3714a-9d72-49d4-b98b-dc8fe4215020] @2026-08-13T13:04:03.508+0000
	UPDATE: ApplicationPublicSettings[7b1ffa2b-1224-4447-be53-29fa2b8b45dc](public[7b1ffa2b-1224-4447-be53-29fa2b8b45dc])
		locale[String]: en -> ru
13 Aug 2026 13:04:03,512 INFO  [EventProcessor      ] [ver-pool-14-thread-1] [be-ac99-38c2-3f14-c84d665f60f2] [YouTrack@127.0.0.1] Saved 1 change bundle(s)
13 Aug 2026 13:04:03,706 INFO  [EventProcessor      ] [qtp962373567-59     ] [be-ac99-38c2-3f14-c84d665f60f2] [YouTrack@127.0.0.1] Collected changes
Update by YouTrack[65c3714a-9d72-49d4-b98b-dc8fe4215020] @2026-08-13T13:04:03.705+0000
	UPDATE: JPService[65c3714a-9d72-49d4-b98b-dc8fe4215020](YouTrack)
		secretHash[String]: *** -> ***
13 Aug 2026 13:04:03,719 INFO  [EventProcessor      ] [ver-pool-14-thread-1] [be-ac99-38c2-3f14-c84d665f60f2] [YouTrack@127.0.0.1] Saved 1 change bundle(s)
13 Aug 2026 13:04:13,908 INFO  [EventProcessor      ] [qtp962373567-56     ] [6a-5a00-c2e4-61cb-1887c4fb21a6] [YouTrack@127.0.0.1] Collected changes
Update by YouTrack[65c3714a-9d72-49d4-b98b-dc8fe4215020] @2026-08-13T13:04:13.907+0000
	UPDATE: JPService[65c3714a-9d72-49d4-b98b-dc8fe4215020](YouTrack)
		baseUrl[String]: http://localhost:8080 -> http://127.0.0.1:8080
http://localhost:8080
13 Aug 2026 13:04:13,939 INFO  [EventProcessor      ] [ver-pool-14-thread-1] [6a-5a00-c2e4-61cb-1887c4fb21a6] [YouTrack@127.0.0.1] Saved 1 change bundle(s)
13 Aug 2026 13:04:14,493 INFO  [EventProcessor      ] [qtp962373567-50     ] [8a-de42-ae14-4501-5a002c7d6db4] [guest@172.19.0.1] Collected changes
Update by гость[d4a04e11-abaa-46e6-8a3e-b76537fe6446] @2026-08-13T13:04:14.492+0000
	CREATE: XdAuthorityScopedFeature[jetbrains.hub.auth.embedded.login.feature](jetbrains.hub.auth.embedded.login.feature)
		key[String]: null -> jetbrains.hub.auth.embedded.login.feature
		uuid[String]: null -> jetbrains.hub.auth.embedded.login.feature
13 Aug 2026 13:04:14,497 INFO  [EventProcessor      ] [qtp962373567-50     ] [8a-de42-ae14-4501-5a002c7d6db4] [guest@172.19.0.1] Collected changes
Update by гость[d4a04e11-abaa-46e6-8a3e-b76537fe6446] @2026-08-13T13:04:14.496+0000
	CREATE: XdAuthorityScopedFeature[jetbrains.jetpass.userManagement.limitEmailChanges](jetbrains.jetpass.userManagement.limitEmailChanges)
		key[String]: null -> jetbrains.jetpass.userManagement.limitEmailChanges
		uuid[String]: null -> jetbrains.jetpass.userManagement.limitEmailChanges
13 Aug 2026 13:04:14,499 INFO  [EventProcessor      ] [ver-pool-14-thread-1] [8a-de42-ae14-4501-5a002c7d6db4] [guest@172.19.0.1] Saved 1 change bundle(s)
13 Aug 2026 13:04:14,504 INFO  [EventProcessor      ] [ver-pool-14-thread-1] [8a-de42-ae14-4501-5a002c7d6db4] [guest@172.19.0.1] Saved 1 change bundle(s)
13 Aug 2026 13:04:20,171 INFO  [LoginHandlerImpl    ] [qtp962373567-62     ] [55-1821-1c33-d5eb-0233410fa4d1] [172.19.0.1] Authentication of [username: admin , serviceId: 0-0-0-0-0] against Hub module failed: Bad credentials
13 Aug 2026 13:04:25,764 INFO  [uthenticationHandler] [qtp962373567-60     ] [ff-e64d-84b8-65a9-047c9e4eefee] [172.19.0.1] Password for username admin rehashed to Argon2
13 Aug 2026 13:04:25,788 INFO  [LoginHandlerImpl    ] [qtp962373567-60     ] [ff-e64d-84b8-65a9-047c9e4eefee] [172.19.0.1] User admin [81e9d0d5-1200-49c0-99db-bf14d37ee05b] was logged in via Hub auth module with [username: admin, serviceId: 0-0-0-0-0]
13 Aug 2026 13:04:25,824 INFO  [EventProcessor      ] [qtp962373567-60     ] [ff-e64d-84b8-65a9-047c9e4eefee] [172.19.0.1] Collected changes
Update by YouTrack Administration[0-0-0-0-0] @2026-08-13T13:04:25.823+0000
	UPDATE: JPUsernamePasswordDetails[2bc40277-bf8c-4e71-a7b2-02735afe95c8](admin)
		password[String]: *** -> ***
13 Aug 2026 13:04:25,830 INFO  [EventProcessor      ] [ver-pool-14-thread-1] [ff-e64d-84b8-65a9-047c9e4eefee] [172.19.0.1] Saved 1 change bundle(s)
13 Aug 2026 13:04:30,622 INFO  [UserJob             ] [job-pool-17-thread-1] [init] [init] Collecting auth audit events to wipe...
13 Aug 2026 13:04:30,626 INFO  [UserJob             ] [job-pool-17-thread-1] [init] [init] Collected auth audit events to wipe. It took 228760 bytes, and 3ms
13 Aug 2026 13:04:30,631 INFO  [UserJob             ] [job-pool-17-thread-1] [init] [init] Wiping next 100 of 2 auth audit events...
13 Aug 2026 13:04:30,633 INFO  [UserJob             ] [job-pool-17-thread-1] [init] [init] Wiped 2 of 2 auth audit events so far. It took 1ms already
13 Aug 2026 13:04:30,634 INFO  [UserJob             ] [job-pool-17-thread-1] [init] [init] Finished with the auth audit events wipe
13 Aug 2026 13:04:46,889 INFO  [XdPublicSettings    ] [qtp962373567-47     ] [2d-35a1-4bfc-c03f-5df61b768129] [YouTrack@127.0.0.1] Language is set to: ru
13 Aug 2026 13:05:31,235 INFO  [PermissionCache     ] [pool-20-thread-1    ] [] [] Start recalculating permissions cache [127]
13 Aug 2026 13:05:31,312 INFO  [PermissionCache     ] [pool-20-thread-1    ] [] [] Finish recalculating permissions cache [127] in: 0.077029253s, total user clusters: 1
13 Aug 2026 13:06:32,597 INFO  [TransientSessionImpl] [qtp962373567-49     ] [] [] Catch exception in flush: Constrains validation exception. Causes: 
  1: Index [service, redirectURI] must be unique. Conflicting value: [JPService: id = 35-1, http://youtrack-server:8080/oauth]

13 Aug 2026 13:06:32,600 INFO  [TransientSessionImpl] [qtp962373567-51     ] [] [] Catch exception in flush: Constrains validation exception. Causes: 
  1: Index [service, redirectURI] must be unique. Conflicting value: [JPService: id = 35-1, http://youtrack-server:8080/oauth]

13 Aug 2026 13:06:32,602 ERROR [neralExceptionMapper] [qtp962373567-49     ] [] [] Constrains validation exception. Causes: 
  1: Index [service, redirectURI] must be unique. Conflicting value: [JPService: id = 35-1, http://youtrack-server:8080/oauth]

jetbrains.exodus.database.exceptions.ConstraintsValidationException: Constrains validation exception. Causes: 
  1: Index [service, redirectURI] must be unique. Conflicting value: [JPService: id = 35-1, http://youtrack-server:8080/oauth]

	at com.jetbrains.teamsys.dnq.database.TransientSessionImpl.flushIndexes(TransientSessionImpl.kt:613) ~[dnq-transient-store-3.0.652.jar:?]
	at com.jetbrains.teamsys.dnq.database.TransientSessionImpl.prepare(TransientSessionImpl.kt:556) ~[dnq-transient-store-3.0.652.jar:?]
	at com.jetbrains.teamsys.dnq.database.TransientSessionImpl.flushChanges(TransientSessionImpl.kt:535) ~[dnq-transient-store-3.0.652.jar:?]
	at com.jetbrains.teamsys.dnq.database.TransientSessionImpl.flush(TransientSessionImpl.kt:193) ~[dnq-transient-store-3.0.652.jar:?]
	at com.jetbrains.teamsys.dnq.database.TransientSessionImpl.commit(TransientSessionImpl.kt:210) ~[dnq-transient-store-3.0.652.jar:?]
	at com.jetbrains.teamsys.dnq.database.TransientEntityStoreExt.doCommit(TransientEntityStoreExt.kt:98) ~[dnq-transient-store-3.0.652.jar:?]
	at com.jetbrains.teamsys.dnq.database.TransientEntityStoreExt.transactional(TransientEntityStoreExt.kt:59) ~[dnq-transient-store-3.0.652.jar:?]
	at com.jetbrains.teamsys.dnq.database.TransientEntityStoreImpl.transactional(TransientEntityStoreImpl.kt:102) ~[dnq-transient-store-3.0.652.jar:?]
	at jetbrains.hub.server.core.db.TransactionKt.xdTx(Transaction.kt:113) ~[hub-server-core-2026.2.52366.jar:?]
	at jetbrains.hub.server.core.db.TransactionKt.runInTransaction(Transaction.kt:98) ~[hub-server-core-2026.2.52366.jar:?]
	at jetbrains.hub.server.core.db.TransactionKt.transactional(Transaction.kt:79) ~[hub-server-core-2026.2.52366.jar:?]
	at jetbrains.hub.server.core.db.TransactionKt.transactional$default(Transaction.kt:66) ~[hub-server-core-2026.2.52366.jar:?]
	at jetbrains.jetpass.oauth2.server.Oauth2Resource.auth$lambda$0(Oauth2Resource.kt:40) ~[hub-idp-2026.2.52366.jar:?]
	at jetbrains.hub.server.core.utils.LoggingUtilsKt.withMdc(LoggingUtils.kt:9) ~[hub-server-core-2026.2.52366.jar:?]
	at jetbrains.jetpass.oauth2.server.Oauth2Resource.auth(Oauth2Resource.kt:39) ~[hub-idp-2026.2.52366.jar:?]
	at jdk.internal.reflect.DirectMethodHandleAccessor.invoke(DirectMethodHandleAccessor.java:103) ~[?:?]
	at java.lang.reflect.Method.invoke(Method.java:580) ~[?:?]
	at org.glassfish.jersey.server.model.internal.ResourceMethodInvocationHandlerFactory.lambda$static$0(ResourceMethodInvocationHandlerFactory.java:52) ~[jersey-server-2.46.jar:?]
	at org.glassfish.jersey.server.model.internal.AbstractJavaResourceMethodDispatcher$1.run(AbstractJavaResourceMethodDispatcher.java:146) ~[jersey-server-2.46.jar:?]
	at org.glassfish.jersey.server.model.internal.AbstractJavaResourceMethodDispatcher.invoke(AbstractJavaResourceMethodDispatcher.java:189) ~[jersey-server-2.46.jar:?]
	at org.glassfish.jersey.server.model.internal.JavaResourceMethodDispatcherProvider$ResponseOutInvoker.doDispatch(JavaResourceMethodDispatcherProvider.java:176) ~[jersey-server-2.46.jar:?]
	at org.glassfish.jersey.server.model.internal.AbstractJavaResourceMethodDispatcher.dispatch(AbstractJavaResourceMethodDispatcher.java:93) ~[jersey-server-2.46.jar:?]
	at org.glassfish.jersey.server.model.ResourceMethodInvoker.invoke(ResourceMethodInvoker.java:478) ~[jersey-server-2.46.jar:?]
	at org.glassfish.jersey.server.model.ResourceMethodInvoker.apply(ResourceMethodInvoker.java:400) ~[jersey-server-2.46.jar:?]
	at org.glassfish.jersey.server.model.ResourceMethodInvoker.apply(ResourceMethodInvoker.java:81) ~[jersey-server-2.46.jar:?]
	at org.glassfish.jersey.server.ServerRuntime$1.run(ServerRuntime.java:256) ~[jersey-server-2.46.jar:?]
	at org.glassfish.jersey.internal.Errors$1.call(Errors.java:248) ~[jersey-common-2.46.jar:?]
	at org.glassfish.jersey.internal.Errors$1.call(Errors.java:244) ~[jersey-common-2.46.jar:?]
	at org.glassfish.jersey.internal.Errors.process(Errors.java:292) ~[jersey-common-2.46.jar:?]
	at org.glassfish.jersey.internal.Errors.process(Errors.java:274) ~[jersey-common-2.46.jar:?]
	at org.glassfish.jersey.internal.Errors.process(Errors.java:244) ~[jersey-common-2.46.jar:?]
	at org.glassfish.jersey.process.internal.RequestScope.runInScope(RequestScope.java:265) ~[jersey-common-2.46.jar:?]
	at org.glassfish.jersey.server.ServerRuntime.process(ServerRuntime.java:235) ~[jersey-server-2.46.jar:?]
	at org.glassfish.jersey.server.ApplicationHandler.handle(ApplicationHandler.java:684) ~[jersey-server-2.46.jar:?]
	at org.glassfish.jersey.servlet.WebComponent.serviceImpl(WebComponent.java:397) ~[jersey-container-servlet-core-2.46.jar:?]
	at org.glassfish.jersey.servlet.WebComponent.service(WebComponent.java:349) ~[jersey-container-servlet-core-2.46.jar:?]
	at jetbrains.hub.server.HubRestServlet.service(HubRestServlet.kt:55) ~[hub-webapp-2026.2.52366.jar:?]
	at org.glassfish.jersey.servlet.ServletContainer.service(ServletContainer.java:312) ~[jersey-container-servlet-core-2.46.jar:?]
	at org.glassfish.jersey.servlet.ServletContainer.service(ServletContainer.java:205) ~[jersey-container-servlet-core-2.46.jar:?]
	at org.eclipse.jetty.servlet.ServletHolder.handle(ServletHolder.java:799) ~[?:?]
	at org.eclipse.jetty.servlet.ServletHandler$ChainEnd.doFilter(ServletHandler.java:1656) ~[?:?]
	at jetbrains.hub.server.filter.LocalScopeFilter.doFilter(LocalScopeFilter.kt:19) ~[hub-webapp-2026.2.52366.jar:?]
	at jetbrains.hub.server.filter.FilterAdapter.doFilter(FilterAdapter.kt:15) ~[hub-webapp-2026.2.52366.jar:?]
	at org.eclipse.jetty.servlet.FilterHolder.doFilter(FilterHolder.java:193) ~[?:?]
	at org.eclipse.jetty.servlet.ServletHandler$Chain.doFilter(ServletHandler.java:1626) ~[?:?]
	at com.jetbrains.bundle.proxy.jetty.AllowOriginOneTimeFilter.doFilter(AllowOriginOneTimeFilter.java:37) ~[?:?]
	at org.eclipse.jetty.servlet.FilterHolder.doFilter(FilterHolder.java:193) ~[?:?]
	at org.eclipse.jetty.servlet.ServletHandler$Chain.doFilter(ServletHandler.java:1626) ~[?:?]
	at org.eclipse.jetty.servlets.CrossOriginFilter.handle(CrossOriginFilter.java:319) ~[jetty-servlets-9.4.58.v20250814.jar:9.4.58.v20250814]
	at org.eclipse.jetty.servlets.CrossOriginFilter.doFilter(CrossOriginFilter.java:273) ~[jetty-servlets-9.4.58.v20250814.jar:9.4.58.v20250814]
	at org.eclipse.jetty.servlet.FilterHolder.doFilter(FilterHolder.java:193) ~[?:?]
	at org.eclipse.jetty.servlet.ServletHandler$Chain.doFilter(ServletHandler.java:1626) ~[?:?]
	at org.eclipse.jetty.servlet.ServletHandler.doHandle(ServletHandler.java:552) ~[?:?]
	at org.eclipse.jetty.server.handler.ScopedHandler.handle(ScopedHandler.java:143) ~[?:?]
	at org.eclipse.jetty.server.handler.gzip.GzipHandler.handle(GzipHandler.java:626) ~[?:?]
	at org.eclipse.jetty.security.SecurityHandler.handle(SecurityHandler.java:618) ~[?:?]
	at org.eclipse.jetty.server.handler.HandlerWrapper.handle(HandlerWrapper.java:127) ~[?:?]
	at org.eclipse.jetty.server.handler.ScopedHandler.nextHandle(ScopedHandler.java:235) ~[?:?]
	at org.eclipse.jetty.server.session.SessionHandler.doHandle(SessionHandler.java:1624) ~[?:?]
	at org.eclipse.jetty.server.handler.ScopedHandler.nextHandle(ScopedHandler.java:233) ~[?:?]
	at org.eclipse.jetty.server.handler.ContextHandler.doHandle(ContextHandler.java:1440) ~[?:?]
	at org.eclipse.jetty.server.handler.ScopedHandler.nextScope(ScopedHandler.java:188) ~[?:?]
	at org.eclipse.jetty.servlet.ServletHandler.doScope(ServletHandler.java:505) ~[?:?]
	at org.eclipse.jetty.server.session.SessionHandler.doScope(SessionHandler.java:1594) ~[?:?]
	at org.eclipse.jetty.server.handler.ScopedHandler.nextScope(ScopedHandler.java:186) ~[?:?]
	at org.eclipse.jetty.server.handler.ContextHandler.doScope(ContextHandler.java:1355) ~[?:?]
	at org.eclipse.jetty.server.handler.ScopedHandler.handle(ScopedHandler.java:141) ~[?:?]
	at org.eclipse.jetty.server.Dispatcher.forward(Dispatcher.java:229) ~[?:?]
	at org.eclipse.jetty.server.Dispatcher.forward(Dispatcher.java:81) ~[?:?]
	at jetbrains.hub.server.filter.UrlRewriteFilter.doFilter(UrlRewriteFilter.kt:41) ~[hub-webapp-2026.2.52366.jar:?]
	at jetbrains.hub.server.filter.FilterAdapter.doFilter(FilterAdapter.kt:15) ~[hub-webapp-2026.2.52366.jar:?]
	at org.eclipse.jetty.servlet.FilterHolder.doFilter(FilterHolder.java:193) ~[?:?]
	at org.eclipse.jetty.servlet.ServletHandler$Chain.doFilter(ServletHandler.java:1626) ~[?:?]
	at com.jetbrains.bundle.proxy.jetty.AllowOriginOneTimeFilter.doFilter(AllowOriginOneTimeFilter.java:37) ~[?:?]
	at org.eclipse.jetty.servlet.FilterHolder.doFilter(FilterHolder.java:193) ~[?:?]
	at org.eclipse.jetty.servlet.ServletHandler$Chain.doFilter(ServletHandler.java:1626) ~[?:?]
	at org.eclipse.jetty.servlets.CrossOriginFilter.handle(CrossOriginFilter.java:319) ~[jetty-servlets-9.4.58.v20250814.jar:9.4.58.v20250814]
	at org.eclipse.jetty.servlets.CrossOriginFilter.doFilter(CrossOriginFilter.java:273) ~[jetty-servlets-9.4.58.v20250814.jar:9.4.58.v20250814]
	at org.eclipse.jetty.servlet.FilterHolder.doFilter(FilterHolder.java:193) ~[?:?]
	at org.eclipse.jetty.servlet.ServletHandler$Chain.doFilter(ServletHandler.java:1626) ~[?:?]
	at org.eclipse.jetty.servlet.ServletHandler.doHandle(ServletHandler.java:552) ~[?:?]
	at org.eclipse.jetty.server.handler.ScopedHandler.handle(ScopedHandler.java:143) ~[?:?]
	at org.eclipse.jetty.server.handler.gzip.GzipHandler.handle(GzipHandler.java:772) ~[?:?]
	at org.eclipse.jetty.security.SecurityHandler.handle(SecurityHandler.java:600) ~[?:?]
	at org.eclipse.jetty.server.handler.HandlerWrapper.handle(HandlerWrapper.java:127) ~[?:?]
	at org.eclipse.jetty.server.handler.ScopedHandler.nextHandle(ScopedHandler.java:235) ~[?:?]
	at org.eclipse.jetty.server.session.SessionHandler.doHandle(SessionHandler.java:1624) ~[?:?]
	at org.eclipse.jetty.server.handler.ScopedHandler.nextHandle(ScopedHandler.java:233) ~[?:?]
	at org.eclipse.jetty.server.handler.ContextHandler.doHandle(ContextHandler.java:1440) ~[?:?]
	at org.eclipse.jetty.server.handler.ScopedHandler.nextScope(ScopedHandler.java:188) ~[?:?]
	at org.eclipse.jetty.servlet.ServletHandler.doScope(ServletHandler.java:505) ~[?:?]
	at org.eclipse.jetty.server.session.SessionHandler.doScope(SessionHandler.java:1594) ~[?:?]
	at org.eclipse.jetty.server.handler.ScopedHandler.nextScope(ScopedHandler.java:186) ~[?:?]
	at org.eclipse.jetty.server.handler.ContextHandler.doScope(ContextHandler.java:1355) ~[?:?]
	at org.eclipse.jetty.server.handler.ScopedHandler.handle(ScopedHandler.java:141) ~[?:?]
	at org.eclipse.jetty.server.handler.ContextHandlerCollection.handle(ContextHandlerCollection.java:234) ~[?:?]
	at org.eclipse.jetty.server.handler.HandlerCollection.handle(HandlerCollection.java:146) ~[?:?]
	at org.eclipse.jetty.server.handler.HandlerWrapper.handle(HandlerWrapper.java:127) ~[?:?]
	at org.eclipse.jetty.server.Server.handle(Server.java:516) ~[?:?]
	at org.eclipse.jetty.server.HttpChannel.lambda$handle$1(HttpChannel.java:487) ~[?:?]
	at org.eclipse.jetty.server.HttpChannel.dispatch(HttpChannel.java:732) ~[?:?]
	at org.eclipse.jetty.server.HttpChannel.handle(HttpChannel.java:479) ~[?:?]
	at org.eclipse.jetty.server.HttpConnection.onFillable(HttpConnection.java:277) ~[?:?]
	at org.eclipse.jetty.io.AbstractConnection$ReadCallback.succeeded(AbstractConnection.java:311) ~[?:?]
	at org.eclipse.jetty.io.FillInterest.fillable(FillInterest.java:105) ~[?:?]
	at org.eclipse.jetty.io.ChannelEndPoint$1.run(ChannelEndPoint.java:104) ~[?:?]
	at org.eclipse.jetty.util.thread.strategy.EatWhatYouKill.runTask(EatWhatYouKill.java:338) ~[?:?]
	at org.eclipse.jetty.util.thread.strategy.EatWhatYouKill.doProduce(EatWhatYouKill.java:315) ~[?:?]
	at org.eclipse.jetty.util.thread.strategy.EatWhatYouKill.tryProduce(EatWhatYouKill.java:173) ~[?:?]
	at org.eclipse.jetty.util.thread.strategy.EatWhatYouKill.run(EatWhatYouKill.java:131) ~[?:?]
	at org.eclipse.jetty.util.thread.ReservedThreadExecutor$ReservedThread.run(ReservedThreadExecutor.java:409) ~[?:?]
	at org.eclipse.jetty.util.thread.QueuedThreadPool.runJob(QueuedThreadPool.java:883) ~[?:?]
	at org.eclipse.jetty.util.thread.QueuedThreadPool$Runner.run(QueuedThreadPool.java:1034) ~[?:?]
	at java.lang.Thread.run(Thread.java:1583) [?:?]
13 Aug 2026 13:06:32,602 ERROR [neralExceptionMapper] [qtp962373567-51     ] [] [] Constrains validation exception. Causes: 
  1: Index [service, redirectURI] must be unique. Conflicting value: [JPService: id = 35-1, http://youtrack-server:8080/oauth]

jetbrains.exodus.database.exceptions.ConstraintsValidationException: Constrains validation exception. Causes: 
  1: Index [service, redirectURI] must be unique. Conflicting value: [JPService: id = 35-1, http://youtrack-server:8080/oauth]

	at com.jetbrains.teamsys.dnq.database.TransientSessionImpl.flushIndexes(TransientSessionImpl.kt:613) ~[dnq-transient-store-3.0.652.jar:?]
	at com.jetbrains.teamsys.dnq.database.TransientSessionImpl.prepare(TransientSessionImpl.kt:556) ~[dnq-transient-store-3.0.652.jar:?]
	at com.jetbrains.teamsys.dnq.database.TransientSessionImpl.flushChanges(TransientSessionImpl.kt:535) ~[dnq-transient-store-3.0.652.jar:?]
	at com.jetbrains.teamsys.dnq.database.TransientSessionImpl.flush(TransientSessionImpl.kt:193) ~[dnq-transient-store-3.0.652.jar:?]
	at com.jetbrains.teamsys.dnq.database.TransientSessionImpl.commit(TransientSessionImpl.kt:210) ~[dnq-transient-store-3.0.652.jar:?]
	at com.jetbrains.teamsys.dnq.database.TransientEntityStoreExt.doCommit(TransientEntityStoreExt.kt:98) ~[dnq-transient-store-3.0.652.jar:?]
	at com.jetbrains.teamsys.dnq.database.TransientEntityStoreExt.transactional(TransientEntityStoreExt.kt:59) ~[dnq-transient-store-3.0.652.jar:?]
	at com.jetbrains.teamsys.dnq.database.TransientEntityStoreImpl.transactional(TransientEntityStoreImpl.kt:102) ~[dnq-transient-store-3.0.652.jar:?]
	at jetbrains.hub.server.core.db.TransactionKt.xdTx(Transaction.kt:113) ~[hub-server-core-2026.2.52366.jar:?]
	at jetbrains.hub.server.core.db.TransactionKt.runInTransaction(Transaction.kt:98) ~[hub-server-core-2026.2.52366.jar:?]
	at jetbrains.hub.server.core.db.TransactionKt.transactional(Transaction.kt:79) ~[hub-server-core-2026.2.52366.jar:?]
	at jetbrains.hub.server.core.db.TransactionKt.transactional$default(Transaction.kt:66) ~[hub-server-core-2026.2.52366.jar:?]
	at jetbrains.jetpass.oauth2.server.Oauth2Resource.auth$lambda$0(Oauth2Resource.kt:40) ~[hub-idp-2026.2.52366.jar:?]
	at jetbrains.hub.server.core.utils.LoggingUtilsKt.withMdc(LoggingUtils.kt:9) ~[hub-server-core-2026.2.52366.jar:?]
	at jetbrains.jetpass.oauth2.server.Oauth2Resource.auth(Oauth2Resource.kt:39) ~[hub-idp-2026.2.52366.jar:?]
	at jdk.internal.reflect.DirectMethodHandleAccessor.invoke(DirectMethodHandleAccessor.java:103) ~[?:?]
	at java.lang.reflect.Method.invoke(Method.java:580) ~[?:?]
	at org.glassfish.jersey.server.model.internal.ResourceMethodInvocationHandlerFactory.lambda$static$0(ResourceMethodInvocationHandlerFactory.java:52) ~[jersey-server-2.46.jar:?]
	at org.glassfish.jersey.server.model.internal.AbstractJavaResourceMethodDispatcher$1.run(AbstractJavaResourceMethodDispatcher.java:146) ~[jersey-server-2.46.jar:?]
	at org.glassfish.jersey.server.model.internal.AbstractJavaResourceMethodDispatcher.invoke(AbstractJavaResourceMethodDispatcher.java:189) ~[jersey-server-2.46.jar:?]
	at org.glassfish.jersey.server.model.internal.JavaResourceMethodDispatcherProvider$ResponseOutInvoker.doDispatch(JavaResourceMethodDispatcherProvider.java:176) ~[jersey-server-2.46.jar:?]
	at org.glassfish.jersey.server.model.internal.AbstractJavaResourceMethodDispatcher.dispatch(AbstractJavaResourceMethodDispatcher.java:93) ~[jersey-server-2.46.jar:?]
	at org.glassfish.jersey.server.model.ResourceMethodInvoker.invoke(ResourceMethodInvoker.java:478) ~[jersey-server-2.46.jar:?]
	at org.glassfish.jersey.server.model.ResourceMethodInvoker.apply(ResourceMethodInvoker.java:400) ~[jersey-server-2.46.jar:?]
	at org.glassfish.jersey.server.model.ResourceMethodInvoker.apply(ResourceMethodInvoker.java:81) ~[jersey-server-2.46.jar:?]
	at org.glassfish.jersey.server.ServerRuntime$1.run(ServerRuntime.java:256) ~[jersey-server-2.46.jar:?]
	at org.glassfish.jersey.internal.Errors$1.call(Errors.java:248) ~[jersey-common-2.46.jar:?]
	at org.glassfish.jersey.internal.Errors$1.call(Errors.java:244) ~[jersey-common-2.46.jar:?]
	at org.glassfish.jersey.internal.Errors.process(Errors.java:292) ~[jersey-common-2.46.jar:?]
	at org.glassfish.jersey.internal.Errors.process(Errors.java:274) ~[jersey-common-2.46.jar:?]
	at org.glassfish.jersey.internal.Errors.process(Errors.java:244) ~[jersey-common-2.46.jar:?]
	at org.glassfish.jersey.process.internal.RequestScope.runInScope(RequestScope.java:265) ~[jersey-common-2.46.jar:?]
	at org.glassfish.jersey.server.ServerRuntime.process(ServerRuntime.java:235) ~[jersey-server-2.46.jar:?]
	at org.glassfish.jersey.server.ApplicationHandler.handle(ApplicationHandler.java:684) ~[jersey-server-2.46.jar:?]
	at org.glassfish.jersey.servlet.WebComponent.serviceImpl(WebComponent.java:397) ~[jersey-container-servlet-core-2.46.jar:?]
	at org.glassfish.jersey.servlet.WebComponent.service(WebComponent.java:349) ~[jersey-container-servlet-core-2.46.jar:?]
	at jetbrains.hub.server.HubRestServlet.service(HubRestServlet.kt:55) ~[hub-webapp-2026.2.52366.jar:?]
	at org.glassfish.jersey.servlet.ServletContainer.service(ServletContainer.java:312) ~[jersey-container-servlet-core-2.46.jar:?]
	at org.glassfish.jersey.servlet.ServletContainer.service(ServletContainer.java:205) ~[jersey-container-servlet-core-2.46.jar:?]
	at org.eclipse.jetty.servlet.ServletHolder.handle(ServletHolder.java:799) ~[?:?]
	at org.eclipse.jetty.servlet.ServletHandler$ChainEnd.doFilter(ServletHandler.java:1656) ~[?:?]
	at jetbrains.hub.server.filter.LocalScopeFilter.doFilter(LocalScopeFilter.kt:19) ~[hub-webapp-2026.2.52366.jar:?]
	at jetbrains.hub.server.filter.FilterAdapter.doFilter(FilterAdapter.kt:15) ~[hub-webapp-2026.2.52366.jar:?]
	at org.eclipse.jetty.servlet.FilterHolder.doFilter(FilterHolder.java:193) ~[?:?]
	at org.eclipse.jetty.servlet.ServletHandler$Chain.doFilter(ServletHandler.java:1626) ~[?:?]
	at com.jetbrains.bundle.proxy.jetty.AllowOriginOneTimeFilter.doFilter(AllowOriginOneTimeFilter.java:37) ~[?:?]
	at org.eclipse.jetty.servlet.FilterHolder.doFilter(FilterHolder.java:193) ~[?:?]
	at org.eclipse.jetty.servlet.ServletHandler$Chain.doFilter(ServletHandler.java:1626) ~[?:?]
	at org.eclipse.jetty.servlets.CrossOriginFilter.handle(CrossOriginFilter.java:319) ~[jetty-servlets-9.4.58.v20250814.jar:9.4.58.v20250814]
	at org.eclipse.jetty.servlets.CrossOriginFilter.doFilter(CrossOriginFilter.java:273) ~[jetty-servlets-9.4.58.v20250814.jar:9.4.58.v20250814]
	at org.eclipse.jetty.servlet.FilterHolder.doFilter(FilterHolder.java:193) ~[?:?]
	at org.eclipse.jetty.servlet.ServletHandler$Chain.doFilter(ServletHandler.java:1626) ~[?:?]
	at org.eclipse.jetty.servlet.ServletHandler.doHandle(ServletHandler.java:552) ~[?:?]
	at org.eclipse.jetty.server.handler.ScopedHandler.handle(ScopedHandler.java:143) ~[?:?]
	at org.eclipse.jetty.server.handler.gzip.GzipHandler.handle(GzipHandler.java:626) ~[?:?]
	at org.eclipse.jetty.security.SecurityHandler.handle(SecurityHandler.java:618) ~[?:?]
	at org.eclipse.jetty.server.handler.HandlerWrapper.handle(HandlerWrapper.java:127) ~[?:?]
	at org.eclipse.jetty.server.handler.ScopedHandler.nextHandle(ScopedHandler.java:235) ~[?:?]
	at org.eclipse.jetty.server.session.SessionHandler.doHandle(SessionHandler.java:1624) ~[?:?]
	at org.eclipse.jetty.server.handler.ScopedHandler.nextHandle(ScopedHandler.java:233) ~[?:?]
	at org.eclipse.jetty.server.handler.ContextHandler.doHandle(ContextHandler.java:1440) ~[?:?]
	at org.eclipse.jetty.server.handler.ScopedHandler.nextScope(ScopedHandler.java:188) ~[?:?]
	at org.eclipse.jetty.servlet.ServletHandler.doScope(ServletHandler.java:505) ~[?:?]
	at org.eclipse.jetty.server.session.SessionHandler.doScope(SessionHandler.java:1594) ~[?:?]
	at org.eclipse.jetty.server.handler.ScopedHandler.nextScope(ScopedHandler.java:186) ~[?:?]
	at org.eclipse.jetty.server.handler.ContextHandler.doScope(ContextHandler.java:1355) ~[?:?]
	at org.eclipse.jetty.server.handler.ScopedHandler.handle(ScopedHandler.java:141) ~[?:?]
	at org.eclipse.jetty.server.Dispatcher.forward(Dispatcher.java:229) ~[?:?]
	at org.eclipse.jetty.server.Dispatcher.forward(Dispatcher.java:81) ~[?:?]
	at jetbrains.hub.server.filter.UrlRewriteFilter.doFilter(UrlRewriteFilter.kt:41) ~[hub-webapp-2026.2.52366.jar:?]
	at jetbrains.hub.server.filter.FilterAdapter.doFilter(FilterAdapter.kt:15) ~[hub-webapp-2026.2.52366.jar:?]
	at org.eclipse.jetty.servlet.FilterHolder.doFilter(FilterHolder.java:193) ~[?:?]
	at org.eclipse.jetty.servlet.ServletHandler$Chain.doFilter(ServletHandler.java:1626) ~[?:?]
	at com.jetbrains.bundle.proxy.jetty.AllowOriginOneTimeFilter.doFilter(AllowOriginOneTimeFilter.java:37) ~[?:?]
	at org.eclipse.jetty.servlet.FilterHolder.doFilter(FilterHolder.java:193) ~[?:?]
	at org.eclipse.jetty.servlet.ServletHandler$Chain.doFilter(ServletHandler.java:1626) ~[?:?]
	at org.eclipse.jetty.servlets.CrossOriginFilter.handle(CrossOriginFilter.java:319) ~[jetty-servlets-9.4.58.v20250814.jar:9.4.58.v20250814]
	at org.eclipse.jetty.servlets.CrossOriginFilter.doFilter(CrossOriginFilter.java:273) ~[jetty-servlets-9.4.58.v20250814.jar:9.4.58.v20250814]
	at org.eclipse.jetty.servlet.FilterHolder.doFilter(FilterHolder.java:193) ~[?:?]
	at org.eclipse.jetty.servlet.ServletHandler$Chain.doFilter(ServletHandler.java:1626) ~[?:?]
	at org.eclipse.jetty.servlet.ServletHandler.doHandle(ServletHandler.java:552) ~[?:?]
	at org.eclipse.jetty.server.handler.ScopedHandler.handle(ScopedHandler.java:143) ~[?:?]
	at org.eclipse.jetty.server.handler.gzip.GzipHandler.handle(GzipHandler.java:772) ~[?:?]
	at org.eclipse.jetty.security.SecurityHandler.handle(SecurityHandler.java:600) ~[?:?]
	at org.eclipse.jetty.server.handler.HandlerWrapper.handle(HandlerWrapper.java:127) ~[?:?]
	at org.eclipse.jetty.server.handler.ScopedHandler.nextHandle(ScopedHandler.java:235) ~[?:?]
	at org.eclipse.jetty.server.session.SessionHandler.doHandle(SessionHandler.java:1624) ~[?:?]
	at org.eclipse.jetty.server.handler.ScopedHandler.nextHandle(ScopedHandler.java:233) ~[?:?]
	at org.eclipse.jetty.server.handler.ContextHandler.doHandle(ContextHandler.java:1440) ~[?:?]
	at org.eclipse.jetty.server.handler.ScopedHandler.nextScope(ScopedHandler.java:188) ~[?:?]
	at org.eclipse.jetty.servlet.ServletHandler.doScope(ServletHandler.java:505) ~[?:?]
	at org.eclipse.jetty.server.session.SessionHandler.doScope(SessionHandler.java:1594) ~[?:?]
	at org.eclipse.jetty.server.handler.ScopedHandler.nextScope(ScopedHandler.java:186) ~[?:?]
	at org.eclipse.jetty.server.handler.ContextHandler.doScope(ContextHandler.java:1355) ~[?:?]
	at org.eclipse.jetty.server.handler.ScopedHandler.handle(ScopedHandler.java:141) ~[?:?]
	at org.eclipse.jetty.server.handler.ContextHandlerCollection.handle(ContextHandlerCollection.java:234) ~[?:?]
	at org.eclipse.jetty.server.handler.HandlerCollection.handle(HandlerCollection.java:146) ~[?:?]
	at org.eclipse.jetty.server.handler.HandlerWrapper.handle(HandlerWrapper.java:127) ~[?:?]
	at org.eclipse.jetty.server.Server.handle(Server.java:516) ~[?:?]
	at org.eclipse.jetty.server.HttpChannel.lambda$handle$1(HttpChannel.java:487) ~[?:?]
	at org.eclipse.jetty.server.HttpChannel.dispatch(HttpChannel.java:732) ~[?:?]
	at org.eclipse.jetty.server.HttpChannel.handle(HttpChannel.java:479) ~[?:?]
	at org.eclipse.jetty.server.HttpConnection.onFillable(HttpConnection.java:277) ~[?:?]
	at org.eclipse.jetty.io.AbstractConnection$ReadCallback.succeeded(AbstractConnection.java:311) ~[?:?]
	at org.eclipse.jetty.io.FillInterest.fillable(FillInterest.java:105) ~[?:?]
	at org.eclipse.jetty.io.ChannelEndPoint$1.run(ChannelEndPoint.java:104) ~[?:?]
	at org.eclipse.jetty.util.thread.strategy.EatWhatYouKill.runTask(EatWhatYouKill.java:338) ~[?:?]
	at org.eclipse.jetty.util.thread.strategy.EatWhatYouKill.doProduce(EatWhatYouKill.java:315) ~[?:?]
	at org.eclipse.jetty.util.thread.strategy.EatWhatYouKill.tryProduce(EatWhatYouKill.java:173) ~[?:?]
	at org.eclipse.jetty.util.thread.strategy.EatWhatYouKill.run(EatWhatYouKill.java:131) ~[?:?]
	at org.eclipse.jetty.util.thread.ReservedThreadExecutor$ReservedThread.run(ReservedThreadExecutor.java:409) ~[?:?]
	at org.eclipse.jetty.util.thread.QueuedThreadPool.runJob(QueuedThreadPool.java:883) ~[?:?]
	at org.eclipse.jetty.util.thread.QueuedThreadPool$Runner.run(QueuedThreadPool.java:1034) ~[?:?]
	at java.lang.Thread.run(Thread.java:1583) [?:?]
13 Aug 2026 13:12:30,484 INFO  [XdPublicSettings    ] [qtp962373567-48     ] [1a-91df-2057-8b87-5e77f5545b51] [YouTrack@127.0.0.1] Language is set to: ru
13 Aug 2026 13:15:12,321 INFO  [EventProcessor      ] [qtp962373567-210    ] [63-d4f0-a805-4e28-6fbb2028a3d1] [YouTrack@127.0.0.1] Collected changes
Update by YouTrack[65c3714a-9d72-49d4-b98b-dc8fe4215020] @2026-08-13T13:15:12.319+0000
	UPDATE: JPService[65c3714a-9d72-49d4-b98b-dc8fe4215020](YouTrack)
		homeUrl[String]: http://localhost:8080 -> http://youtrack-server:8080
		secretHash[String]: *** -> ***
13 Aug 2026 13:15:12,336 INFO  [EventProcessor      ] [qtp962373567-56     ] [63-d4f0-a805-4e28-6fbb2028a3d1] [YouTrack@127.0.0.1] Collected changes
Update by YouTrack[65c3714a-9d72-49d4-b98b-dc8fe4215020] @2026-08-13T13:15:12.335+0000
	UPDATE: JPService[65c3714a-9d72-49d4-b98b-dc8fe4215020](YouTrack)
		baseUrl[String]: http://127.0.0.1:8080
http://localhost:8080 -> http://youtrack-server:8080
http://127.0.0.1:8080
http://localhost:8080
13 Aug 2026 13:15:12,341 INFO  [EventProcessor      ] [ver-pool-14-thread-2] [63-d4f0-a805-4e28-6fbb2028a3d1] [YouTrack@127.0.0.1] Saved 1 change bundle(s)
13 Aug 2026 13:15:12,347 INFO  [EventProcessor      ] [ver-pool-14-thread-2] [63-d4f0-a805-4e28-6fbb2028a3d1] [YouTrack@127.0.0.1] Saved 1 change bundle(s)
13 Aug 2026 13:15:12,370 INFO  [EventProcessor      ] [qtp962373567-57     ] [63-d4f0-a805-4e28-6fbb2028a3d1] [YouTrack@127.0.0.1] Collected changes
Update by YouTrack[65c3714a-9d72-49d4-b98b-dc8fe4215020] @2026-08-13T13:15:12.369+0000
	UPDATE: JPRootService[0-0-0-0-0](YouTrack Administration)
		homeUrl[String]: http://localhost:8080/hub -> http://youtrack-server:8080/hub
13 Aug 2026 13:15:12,375 INFO  [EventProcessor      ] [ver-pool-14-thread-2] [63-d4f0-a805-4e28-6fbb2028a3d1] [YouTrack@127.0.0.1] Saved 1 change bundle(s)
13 Aug 2026 13:15:12,657 INFO  [EventProcessor      ] [qtp962373567-216    ] [a2-805d-866d-cce9-9ea5152f27bf] [guest@127.0.0.1] Collected changes
Update by гость[d4a04e11-abaa-46e6-8a3e-b76537fe6446] @2026-08-13T13:15:12.656+0000
	CREATE: JPService[a927c26f-90d9-4fe4-b415-fcbd729b77da](Temporary installer service (2026-08-13 13:15:12 UTC))
		audience[String]: null -> a927c26f-90d9-4fe4-b415-fcbd729b77da
		authCodeFlowEnabled[boolean]: false -> true
		clientCredentialsFlowEnabled[boolean]: false -> true
		consentRequired[boolean]: false -> false
		implicitFlowEnabled[boolean]: false -> true
		key[String]: null -> a927c26f-90d9-4fe4-b415-fcbd729b77da
		name[String]: null -> Temporary installer service (2026-08-13 13:15:12 UTC)
		resourceOwnerFlowEnabled[boolean]: false -> true
		secretHash[String]: null -> ***
		uuid[String]: null -> a927c26f-90d9-4fe4-b415-fcbd729b77da
		verified[boolean]: false -> true
13 Aug 2026 13:15:12,670 INFO  [EventProcessor      ] [ver-pool-14-thread-2] [a2-805d-866d-cce9-9ea5152f27bf] [guest@127.0.0.1] Saved 1 change bundle(s)
13 Aug 2026 13:15:13,049 INFO  [EventProcessor      ] [qtp962373567-216    ] [a4-80e9-93c4-343f-14f976bfddf2] [YouTrack@127.0.0.1] Collected changes
Update by YouTrack[65c3714a-9d72-49d4-b98b-dc8fe4215020] @2026-08-13T13:15:13.049+0000
	UPDATE: JPService[65c3714a-9d72-49d4-b98b-dc8fe4215020](YouTrack)
		redirectUri[String]: ./admin/hub
./oauth
./oauth?v2
http://127.0.0.1:8080
http://127.0.0.1:8080/admin/hub
http://127.0.0.1:8080/oauth
http://127.0.0.1:8080/oauth?v2
http://fd29b82ae489:8080
http://fd29b82ae489:8080/admin/hub
http://fd29b82ae489:8080/oauth
http://fd29b82ae489:8080/oauth?v2
http://localhost:8080
http://localhost:8080/admin/hub
http://localhost:8080/oauth
http://localhost:8080/oauth?v2 -> http://youtrack-server:8080
./admin/hub
http://fd29b82ae489:8080/oauth
http://127.0.0.1:8080/oauth
http://youtrack-server:8080/oauth
./oauth
http://fd29b82ae489:8080/admin/hub
http://127.0.0.1:8080/admin/hub
http://127.0.0.1:8080/oauth?v2
http://localhost:8080/oauth
http://localhost:8080/oauth?v2
http://fd29b82ae489:8080
http://127.0.0.1:8080
http://localhost:8080
http://fd29b82ae489:8080/oauth?v2
http://localhost:8080/admin/hub
http://youtrack-server:8080/admin/hub
./oauth?v2
http://youtrack-server:8080/oauth?v2
13 Aug 2026 13:15:13,062 INFO  [EventProcessor      ] [ver-pool-14-thread-2] [a4-80e9-93c4-343f-14f976bfddf2] [YouTrack@127.0.0.1] Saved 1 change bundle(s)
13 Aug 2026 13:15:13,100 INFO  [EventProcessor      ] [qtp962373567-60     ] [3b-16a2-8a7a-9b70-ae2e64a781ca] [-08-13 13:15:12 UTC)@127.0.0.1] Collected changes
Update by Temporary installer service (2026-08-13 13:15:12 UTC)[a927c26f-90d9-4fe4-b415-fcbd729b77da] @2026-08-13T13:15:13.099+0000
	REMOVE: JPService[a927c26f-90d9-4fe4-b415-fcbd729b77da](Temporary installer service (2026-08-13 13:15:12 UTC))
		audience[String]: a927c26f-90d9-4fe4-b415-fcbd729b77da -> null
		authCodeFlowEnabled[boolean]: true -> false
		clientCredentialsFlowEnabled[boolean]: true -> false
		implicitFlowEnabled[boolean]: true -> false
		key[String]: a927c26f-90d9-4fe4-b415-fcbd729b77da -> null
		name[String]: Temporary installer service (2026-08-13 13:15:12 UTC) -> null
		resourceOwnerFlowEnabled[boolean]: true -> false
		secretHash[String]: *** -> null
		uuid[String]: a927c26f-90d9-4fe4-b415-fcbd729b77da -> null
		verified[boolean]: true -> false
13 Aug 2026 13:15:13,108 INFO  [EventProcessor      ] [ver-pool-14-thread-2] [3b-16a2-8a7a-9b70-ae2e64a781ca] [-08-13 13:15:12 UTC)@127.0.0.1] Saved 1 change bundle(s)
13 Aug 2026 13:15:13,602 INFO  [PermissionCache     ] [pool-20-thread-1    ] [] [] Start recalculating permissions cache [129]
13 Aug 2026 13:15:13,607 INFO  [PermissionCache     ] [pool-20-thread-1    ] [] [] Finish recalculating permissions cache [129] in: 0.004765864s, total user clusters: 1
13 Aug 2026 13:15:17,927 INFO  [EventProcessor      ] [qtp962373567-47     ] [8f-74c5-e15d-b6db-7f4107f64da6] [YouTrack@127.0.0.1] Collected changes
Update by YouTrack[65c3714a-9d72-49d4-b98b-dc8fe4215020] @2026-08-13T13:15:17.926+0000
	UPDATE: JPService[77bd22fe-6907-49b5-8bc7-4a57ec069865](YouTrack Mobile)
		secretHash[String]: *** -> ***
13 Aug 2026 13:15:17,933 INFO  [EventProcessor      ] [ver-pool-14-thread-2] [8f-74c5-e15d-b6db-7f4107f64da6] [YouTrack@127.0.0.1] Saved 1 change bundle(s)
13 Aug 2026 13:15:18,143 INFO  [EventProcessor      ] [qtp962373567-48     ] [8f-74c5-e15d-b6db-7f4107f64da6] [YouTrack@127.0.0.1] Collected changes
Update by YouTrack[65c3714a-9d72-49d4-b98b-dc8fe4215020] @2026-08-13T13:15:18.143+0000
	UPDATE: JPService[54b0ab5b-07bc-44de-8ffe-aad3d4f70251](Konnector)
		secretHash[String]: *** -> ***
13 Aug 2026 13:15:18,148 INFO  [EventProcessor      ] [ver-pool-14-thread-2] [8f-74c5-e15d-b6db-7f4107f64da6] [YouTrack@127.0.0.1] Saved 1 change bundle(s)
13 Aug 2026 13:15:31,100 INFO  [LoginHandlerImpl    ] [qtp962373567-47     ] [3c-5218-f29c-42dd-f93a39667541] [172.19.0.4] User admin [81e9d0d5-1200-49c0-99db-bf14d37ee05b] was logged in via Hub auth module with [username: admin, serviceId: 65c3714a-9d72-49d4-b98b-dc8fe4215020]
13 Aug 2026 13:16:08,222 INFO  [LoginHandlerImpl    ] [qtp962373567-60     ] [81-1d65-d4a6-d358-0ab4c51f6abb] [172.19.0.4] User admin [81e9d0d5-1200-49c0-99db-bf14d37ee05b] was logged in via Hub auth module with [username: admin, serviceId: 65c3714a-9d72-49d4-b98b-dc8fe4215020]
13 Aug 2026 13:16:08,292 INFO  [LoginHandlerImpl    ] [qtp962373567-56     ] [ff-2ca7-1d1d-30d6-a8226963d81b] [172.19.0.4] User admin [81e9d0d5-1200-49c0-99db-bf14d37ee05b] was logged in via Hub auth module with [username: admin, serviceId: 65c3714a-9d72-49d4-b98b-dc8fe4215020]
13 Aug 2026 13:16:08,637 INFO  [LoginHandlerImpl    ] [qtp962373567-48     ] [f9-86f0-f4de-ac30-9dd2fbf9ae41] [172.19.0.4] User admin [81e9d0d5-1200-49c0-99db-bf14d37ee05b] was logged in via Hub auth module with [username: admin, serviceId: 65c3714a-9d72-49d4-b98b-dc8fe4215020]
13 Aug 2026 13:16:18,299 INFO  [LoginHandlerImpl    ] [qtp962373567-53     ] [6d-e4fe-0088-9185-30a38a1be7f3] [172.19.0.4] User admin [81e9d0d5-1200-49c0-99db-bf14d37ee05b] was logged in via Hub auth module with [username: admin, serviceId: 65c3714a-9d72-49d4-b98b-dc8fe4215020]
13 Aug 2026 13:16:24,957 INFO  [LoginHandlerImpl    ] [qtp962373567-56     ] [5e-2373-7fe7-9587-cb3c1667ecb1] [172.19.0.4] User admin [81e9d0d5-1200-49c0-99db-bf14d37ee05b] was logged in via Hub auth module with [username: admin, serviceId: 65c3714a-9d72-49d4-b98b-dc8fe4215020]
13 Aug 2026 13:22:00,641 INFO  [LoginHandlerImpl    ] [qtp962373567-57     ] [70-1043-2ae8-1762-beab6705425f] [172.19.0.4] User admin [81e9d0d5-1200-49c0-99db-bf14d37ee05b] was logged in via Hub auth module with [username: admin, serviceId: 65c3714a-9d72-49d4-b98b-dc8fe4215020]
13 Aug 2026 13:22:00,816 INFO  [LoginHandlerImpl    ] [qtp962373567-256    ] [40-11b2-6cc9-7ffb-255da22c9c84] [172.19.0.4] User admin [81e9d0d5-1200-49c0-99db-bf14d37ee05b] was logged in via Hub auth module with [username: admin, serviceId: 65c3714a-9d72-49d4-b98b-dc8fe4215020]
13 Aug 2026 13:22:00,817 INFO  [LoginHandlerImpl    ] [qtp962373567-262    ] [eb-046a-228a-6644-73ab7f273871] [172.19.0.4] User admin [81e9d0d5-1200-49c0-99db-bf14d37ee05b] was logged in via Hub auth module with [username: admin, serviceId: 65c3714a-9d72-49d4-b98b-dc8fe4215020]
13 Aug 2026 13:22:10,182 INFO  [LoginHandlerImpl    ] [qtp962373567-216    ] [b7-f6d8-abe6-bca0-c7354363c039] [172.19.0.4] User admin [81e9d0d5-1200-49c0-99db-bf14d37ee05b] was logged in via Hub auth module with [username: admin, serviceId: 65c3714a-9d72-49d4-b98b-dc8fe4215020]
13 Aug 2026 13:22:14,224 INFO  [LoginHandlerImpl    ] [qtp962373567-59     ] [b4-13b7-d913-6627-a45a61c6819b] [172.19.0.4] User admin [81e9d0d5-1200-49c0-99db-bf14d37ee05b] was logged in via Hub auth module with [username: admin, serviceId: 65c3714a-9d72-49d4-b98b-dc8fe4215020]
13 Aug 2026 13:24:30,903 INFO  [LoginHandlerImpl    ] [qtp962373567-60     ] [f4-9898-ae01-744e-b3cc4048abdc] [172.19.0.4] User admin [81e9d0d5-1200-49c0-99db-bf14d37ee05b] was logged in via Hub auth module with [username: admin, serviceId: 65c3714a-9d72-49d4-b98b-dc8fe4215020]
13 Aug 2026 13:24:31,768 INFO  [LoginHandlerImpl    ] [qtp962373567-260    ] [60-78f1-1372-33fd-96fd722390b2] [172.19.0.4] User admin [81e9d0d5-1200-49c0-99db-bf14d37ee05b] was logged in via Hub auth module with [username: admin, serviceId: 65c3714a-9d72-49d4-b98b-dc8fe4215020]
13 Aug 2026 13:24:31,917 INFO  [LoginHandlerImpl    ] [qtp962373567-212    ] [38-9585-3d9f-5284-8ac661ba5193] [172.19.0.4] User admin [81e9d0d5-1200-49c0-99db-bf14d37ee05b] was logged in via Hub auth module with [username: admin, serviceId: 65c3714a-9d72-49d4-b98b-dc8fe4215020]
13 Aug 2026 13:24:41,016 INFO  [LoginHandlerImpl    ] [qtp962373567-258    ] [62-975f-0335-e61f-e4096e794d1c] [172.19.0.4] User admin [81e9d0d5-1200-49c0-99db-bf14d37ee05b] was logged in via Hub auth module with [username: admin, serviceId: 65c3714a-9d72-49d4-b98b-dc8fe4215020]
13 Aug 2026 13:24:46,275 INFO  [LoginHandlerImpl    ] [qtp962373567-262    ] [56-5f6c-766a-c750-6a8e95d9fe77] [172.19.0.4] User admin [81e9d0d5-1200-49c0-99db-bf14d37ee05b] was logged in via Hub auth module with [username: admin, serviceId: 65c3714a-9d72-49d4-b98b-dc8fe4215020]
13 Aug 2026 13:33:17,674 INFO  [LoginHandlerImpl    ] [qtp962373567-60     ] [37-aabc-a77b-5f9f-c0a404d77190] [172.19.0.4] User admin [81e9d0d5-1200-49c0-99db-bf14d37ee05b] was logged in via Hub auth module with [username: admin, serviceId: 65c3714a-9d72-49d4-b98b-dc8fe4215020]
13 Aug 2026 13:33:17,793 INFO  [LoginHandlerImpl    ] [qtp962373567-58     ] [04-1a38-8d17-d513-c6d4b7baef03] [172.19.0.4] User admin [81e9d0d5-1200-49c0-99db-bf14d37ee05b] was logged in via Hub auth module with [username: admin, serviceId: 65c3714a-9d72-49d4-b98b-dc8fe4215020]
13 Aug 2026 13:33:18,054 INFO  [LoginHandlerImpl    ] [qtp962373567-57     ] [2d-b567-e1e6-b831-028a2f290fbf] [172.19.0.4] User admin [81e9d0d5-1200-49c0-99db-bf14d37ee05b] was logged in via Hub auth module with [username: admin, serviceId: 65c3714a-9d72-49d4-b98b-dc8fe4215020]
13 Aug 2026 13:33:24,408 INFO  [LoginHandlerImpl    ] [qtp962373567-53     ] [a5-b7ce-30be-a8e7-eca09dd879d9] [172.19.0.4] User admin [81e9d0d5-1200-49c0-99db-bf14d37ee05b] was logged in via Hub auth module with [username: admin, serviceId: 65c3714a-9d72-49d4-b98b-dc8fe4215020]
13 Aug 2026 13:33:27,659 INFO  [LoginHandlerImpl    ] [qtp962373567-307    ] [ca-fe60-3e91-c86d-958e430b4621] [172.19.0.4] User admin [81e9d0d5-1200-49c0-99db-bf14d37ee05b] was logged in via Hub auth module with [username: admin, serviceId: 65c3714a-9d72-49d4-b98b-dc8fe4215020]
13 Aug 2026 13:39:15,128 INFO  [LoginHandlerImpl    ] [qtp962373567-60     ] [33-f574-24ba-1628-59990c420f3a] [172.19.0.4] User admin [81e9d0d5-1200-49c0-99db-bf14d37ee05b] was logged in via Hub auth module with [username: admin, serviceId: 65c3714a-9d72-49d4-b98b-dc8fe4215020]
13 Aug 2026 13:39:15,129 INFO  [LoginHandlerImpl    ] [qtp962373567-207    ] [e5-20d0-b3d7-915e-bf56934d2752] [172.19.0.4] User admin [81e9d0d5-1200-49c0-99db-bf14d37ee05b] was logged in via Hub auth module with [username: admin, serviceId: 65c3714a-9d72-49d4-b98b-dc8fe4215020]
13 Aug 2026 13:39:15,280 INFO  [LoginHandlerImpl    ] [qtp962373567-178    ] [1b-3b3b-7c8a-4bb5-e982ecaeb2b7] [172.19.0.4] User admin [81e9d0d5-1200-49c0-99db-bf14d37ee05b] was logged in via Hub auth module with [username: admin, serviceId: 65c3714a-9d72-49d4-b98b-dc8fe4215020]
13 Aug 2026 13:39:22,012 INFO  [LoginHandlerImpl    ] [qtp962373567-344    ] [c3-299b-ad3e-0696-3f13448b57ba] [172.19.0.4] User admin [81e9d0d5-1200-49c0-99db-bf14d37ee05b] was logged in via Hub auth module with [username: admin, serviceId: 65c3714a-9d72-49d4-b98b-dc8fe4215020]
13 Aug 2026 13:39:25,374 INFO  [LoginHandlerImpl    ] [qtp962373567-212    ] [a4-0631-fb50-1648-1a6f48e5f814] [172.19.0.4] User admin [81e9d0d5-1200-49c0-99db-bf14d37ee05b] was logged in via Hub auth module with [username: admin, serviceId: 65c3714a-9d72-49d4-b98b-dc8fe4215020]
13 Aug 2026 13:40:19,715 INFO  [LoginHandlerImpl    ] [qtp962373567-212    ] [c8-b7b4-701d-bb41-f64ec4b6ac10] [172.19.0.4] User admin [81e9d0d5-1200-49c0-99db-bf14d37ee05b] was logged in via Hub auth module with [username: admin, serviceId: 65c3714a-9d72-49d4-b98b-dc8fe4215020]
13 Aug 2026 13:40:19,753 INFO  [LoginHandlerImpl    ] [qtp962373567-60     ] [75-e23d-7e8f-3dc5-59dc452b3a33] [172.19.0.4] User admin [81e9d0d5-1200-49c0-99db-bf14d37ee05b] was logged in via Hub auth module with [username: admin, serviceId: 65c3714a-9d72-49d4-b98b-dc8fe4215020]
13 Aug 2026 13:40:19,774 INFO  [LoginHandlerImpl    ] [qtp962373567-307    ] [30-1700-82a3-e36c-af4ce84bfaac] [172.19.0.4] User admin [81e9d0d5-1200-49c0-99db-bf14d37ee05b] was logged in via Hub auth module with [username: admin, serviceId: 65c3714a-9d72-49d4-b98b-dc8fe4215020]
13 Aug 2026 13:40:25,286 INFO  [LoginHandlerImpl    ] [qtp962373567-216    ] [ba-8b3a-ca81-1777-6bf2f3fc328a] [172.19.0.4] User admin [81e9d0d5-1200-49c0-99db-bf14d37ee05b] was logged in via Hub auth module with [username: admin, serviceId: 65c3714a-9d72-49d4-b98b-dc8fe4215020]
13 Aug 2026 13:40:28,173 INFO  [LoginHandlerImpl    ] [qtp962373567-212    ] [2b-63da-03f7-01eb-c35ab358ba11] [172.19.0.4] User admin [81e9d0d5-1200-49c0-99db-bf14d37ee05b] was logged in via Hub auth module with [username: admin, serviceId: 65c3714a-9d72-49d4-b98b-dc8fe4215020]
13 Aug 2026 13:42:23,624 INFO  [LoginHandlerImpl    ] [qtp962373567-58     ] [71-80fb-3e01-0bea-7fc3b4270bbf] [172.19.0.4] User admin [81e9d0d5-1200-49c0-99db-bf14d37ee05b] was logged in via Hub auth module with [username: admin, serviceId: 65c3714a-9d72-49d4-b98b-dc8fe4215020]
13 Aug 2026 13:42:23,688 INFO  [LoginHandlerImpl    ] [qtp962373567-267    ] [7c-681d-2bf8-6c58-12eb5756b3da] [172.19.0.4] User admin [81e9d0d5-1200-49c0-99db-bf14d37ee05b] was logged in via Hub auth module with [username: admin, serviceId: 65c3714a-9d72-49d4-b98b-dc8fe4215020]
13 Aug 2026 13:42:25,054 INFO  [LoginHandlerImpl    ] [qtp962373567-372    ] [e2-9c98-d227-e2fc-f50806950b6e] [172.19.0.4] User admin [81e9d0d5-1200-49c0-99db-bf14d37ee05b] was logged in via Hub auth module with [username: admin, serviceId: 65c3714a-9d72-49d4-b98b-dc8fe4215020]
13 Aug 2026 13:42:30,021 INFO  [LoginHandlerImpl    ] [qtp962373567-342    ] [2d-23bc-e921-e98f-8d65ecf5d4b5] [172.19.0.4] User admin [81e9d0d5-1200-49c0-99db-bf14d37ee05b] was logged in via Hub auth module with [username: admin, serviceId: 65c3714a-9d72-49d4-b98b-dc8fe4215020]
13 Aug 2026 13:42:33,741 INFO  [LoginHandlerImpl    ] [qtp962373567-60     ] [46-a80c-6d95-d3e3-6d8a9907c54b] [172.19.0.4] User admin [81e9d0d5-1200-49c0-99db-bf14d37ee05b] was logged in via Hub auth module with [username: admin, serviceId: 65c3714a-9d72-49d4-b98b-dc8fe4215020]
13 Aug 2026 13:43:36,308 INFO  [LoginHandlerImpl    ] [qtp962373567-307    ] [4d-a088-5a46-dd91-5f0bf7208c7c] [172.19.0.4] User admin [81e9d0d5-1200-49c0-99db-bf14d37ee05b] was logged in via Hub auth module with [username: admin, serviceId: 65c3714a-9d72-49d4-b98b-dc8fe4215020]
13 Aug 2026 13:43:36,329 INFO  [LoginHandlerImpl    ] [qtp962373567-292    ] [ea-504a-2420-4be9-759cbc667c7e] [172.19.0.4] User admin [81e9d0d5-1200-49c0-99db-bf14d37ee05b] was logged in via Hub auth module with [username: admin, serviceId: 65c3714a-9d72-49d4-b98b-dc8fe4215020]
13 Aug 2026 13:43:37,513 INFO  [LoginHandlerImpl    ] [qtp962373567-346    ] [e6-7481-bd8e-e895-3079b6cba76c] [172.19.0.4] User admin [81e9d0d5-1200-49c0-99db-bf14d37ee05b] was logged in via Hub auth module with [username: admin, serviceId: 65c3714a-9d72-49d4-b98b-dc8fe4215020]
13 Aug 2026 13:43:42,786 INFO  [LoginHandlerImpl    ] [qtp962373567-292    ] [d6-0f44-6bb2-13d1-9294bb94ebf4] [172.19.0.4] User admin [81e9d0d5-1200-49c0-99db-bf14d37ee05b] was logged in via Hub auth module with [username: admin, serviceId: 65c3714a-9d72-49d4-b98b-dc8fe4215020]
13 Aug 2026 13:43:46,329 INFO  [LoginHandlerImpl    ] [qtp962373567-306    ] [9a-f23b-ad73-a57b-cf0037b15e71] [172.19.0.4] User admin [81e9d0d5-1200-49c0-99db-bf14d37ee05b] was logged in via Hub auth module with [username: admin, serviceId: 65c3714a-9d72-49d4-b98b-dc8fe4215020]
13 Aug 2026 13:44:24,485 INFO  [LoginHandlerImpl    ] [qtp962373567-48     ] [6c-b67b-0764-3ab6-bdc9cf382325] [172.19.0.4] User admin [81e9d0d5-1200-49c0-99db-bf14d37ee05b] was logged in via Hub auth module with [username: admin, serviceId: 65c3714a-9d72-49d4-b98b-dc8fe4215020]
13 Aug 2026 13:44:24,861 INFO  [LoginHandlerImpl    ] [qtp962373567-343    ] [dc-f6e0-d74d-a0cc-a47584e42255] [172.19.0.4] User admin [81e9d0d5-1200-49c0-99db-bf14d37ee05b] was logged in via Hub auth module with [username: admin, serviceId: 65c3714a-9d72-49d4-b98b-dc8fe4215020]
13 Aug 2026 13:44:25,412 INFO  [LoginHandlerImpl    ] [qtp962373567-60     ] [ed-5225-d98b-ec7a-cb1ce2a6beb2] [172.19.0.4] User admin [81e9d0d5-1200-49c0-99db-bf14d37ee05b] was logged in via Hub auth module with [username: admin, serviceId: 65c3714a-9d72-49d4-b98b-dc8fe4215020]
13 Aug 2026 13:44:30,190 INFO  [LoginHandlerImpl    ] [qtp962373567-376    ] [69-63d0-8e85-0118-a530742b4694] [172.19.0.4] User admin [81e9d0d5-1200-49c0-99db-bf14d37ee05b] was logged in via Hub auth module with [username: admin, serviceId: 65c3714a-9d72-49d4-b98b-dc8fe4215020]
13 Aug 2026 13:44:33,651 INFO  [LoginHandlerImpl    ] [qtp962373567-211    ] [a6-4b16-64dd-88a3-1936b98f7763] [172.19.0.4] User admin [81e9d0d5-1200-49c0-99db-bf14d37ee05b] was logged in via Hub auth module with [username: admin, serviceId: 65c3714a-9d72-49d4-b98b-dc8fe4215020]
13 Aug 2026 13:48:32,860 INFO  [LoginHandlerImpl    ] [qtp962373567-212    ] [fd-60b0-d832-00b6-491090861be9] [172.19.0.4] User admin [81e9d0d5-1200-49c0-99db-bf14d37ee05b] was logged in via Hub auth module with [username: admin, serviceId: 65c3714a-9d72-49d4-b98b-dc8fe4215020]
13 Aug 2026 13:48:33,240 INFO  [LoginHandlerImpl    ] [qtp962373567-60     ] [f5-0f7c-69cf-14eb-69d11953053e] [172.19.0.4] User admin [81e9d0d5-1200-49c0-99db-bf14d37ee05b] was logged in via Hub auth module with [username: admin, serviceId: 65c3714a-9d72-49d4-b98b-dc8fe4215020]
13 Aug 2026 13:48:33,343 INFO  [LoginHandlerImpl    ] [qtp962373567-212    ] [9a-112f-cc35-fb2d-0cceb5859a08] [172.19.0.4] User admin [81e9d0d5-1200-49c0-99db-bf14d37ee05b] was logged in via Hub auth module with [username: admin, serviceId: 65c3714a-9d72-49d4-b98b-dc8fe4215020]
13 Aug 2026 13:48:39,938 INFO  [LoginHandlerImpl    ] [qtp962373567-267    ] [2e-96c0-16aa-848c-7d738f1fe69f] [172.19.0.4] User admin [81e9d0d5-1200-49c0-99db-bf14d37ee05b] was logged in via Hub auth module with [username: admin, serviceId: 65c3714a-9d72-49d4-b98b-dc8fe4215020]
13 Aug 2026 13:48:43,171 INFO  [LoginHandlerImpl    ] [qtp962373567-402    ] [49-c405-f30a-779d-e42dd347bd56] [172.19.0.4] User admin [81e9d0d5-1200-49c0-99db-bf14d37ee05b] was logged in via Hub auth module with [username: admin, serviceId: 65c3714a-9d72-49d4-b98b-dc8fe4215020]
13 Aug 2026 13:49:31,037 INFO  [LoginHandlerImpl    ] [qtp962373567-373    ] [51-f03f-b81f-25c1-c572019f6b8a] [172.19.0.4] User admin [81e9d0d5-1200-49c0-99db-bf14d37ee05b] was logged in via Hub auth module with [username: admin, serviceId: 65c3714a-9d72-49d4-b98b-dc8fe4215020]
13 Aug 2026 13:49:31,045 INFO  [LoginHandlerImpl    ] [qtp962373567-267    ] [29-5b10-f804-6060-aba944e9b2e2] [172.19.0.4] User admin [81e9d0d5-1200-49c0-99db-bf14d37ee05b] was logged in via Hub auth module with [username: admin, serviceId: 65c3714a-9d72-49d4-b98b-dc8fe4215020]
13 Aug 2026 13:49:32,359 INFO  [LoginHandlerImpl    ] [qtp962373567-60     ] [e3-ad0c-d2df-c0e5-c4da512a3ce8] [172.19.0.4] User admin [81e9d0d5-1200-49c0-99db-bf14d37ee05b] was logged in via Hub auth module with [username: admin, serviceId: 65c3714a-9d72-49d4-b98b-dc8fe4215020]
13 Aug 2026 13:49:37,014 INFO  [LoginHandlerImpl    ] [qtp962373567-374    ] [4e-d724-de2f-e08d-7e1e355739ad] [172.19.0.4] User admin [81e9d0d5-1200-49c0-99db-bf14d37ee05b] was logged in via Hub auth module with [username: admin, serviceId: 65c3714a-9d72-49d4-b98b-dc8fe4215020]
13 Aug 2026 13:49:38,293 INFO  [LoginHandlerImpl    ] [qtp962373567-212    ] [b1-399a-d224-7dd3-138a6b454cb6] [172.19.0.4] User admin [81e9d0d5-1200-49c0-99db-bf14d37ee05b] was logged in via Hub auth module with [username: admin, serviceId: 65c3714a-9d72-49d4-b98b-dc8fe4215020]
13 Aug 2026 13:51:41,141 INFO  [LoginHandlerImpl    ] [qtp962373567-267    ] [64-b561-f314-44eb-daaa719114f3] [172.19.0.4] User admin [81e9d0d5-1200-49c0-99db-bf14d37ee05b] was logged in via Hub auth module with [username: admin, serviceId: 65c3714a-9d72-49d4-b98b-dc8fe4215020]
13 Aug 2026 13:51:41,418 INFO  [LoginHandlerImpl    ] [qtp962373567-60     ] [81-a8ee-d584-8b59-5540273b1d05] [172.19.0.4] User admin [81e9d0d5-1200-49c0-99db-bf14d37ee05b] was logged in via Hub auth module with [username: admin, serviceId: 65c3714a-9d72-49d4-b98b-dc8fe4215020]
13 Aug 2026 13:51:41,561 INFO  [LoginHandlerImpl    ] [qtp962373567-207    ] [49-4885-5b54-6888-a55f1033e00e] [172.19.0.4] User admin [81e9d0d5-1200-49c0-99db-bf14d37ee05b] was logged in via Hub auth module with [username: admin, serviceId: 65c3714a-9d72-49d4-b98b-dc8fe4215020]
13 Aug 2026 13:51:49,790 INFO  [LoginHandlerImpl    ] [qtp962373567-211    ] [56-db5a-45c9-04ff-46dd960cbf94] [172.19.0.4] User admin [81e9d0d5-1200-49c0-99db-bf14d37ee05b] was logged in via Hub auth module with [username: admin, serviceId: 65c3714a-9d72-49d4-b98b-dc8fe4215020]
13 Aug 2026 13:51:50,592 INFO  [LoginHandlerImpl    ] [qtp962373567-402    ] [0e-a0cf-b12c-e755-69cb3ea8c1bd] [172.19.0.4] User admin [81e9d0d5-1200-49c0-99db-bf14d37ee05b] was logged in via Hub auth module with [username: admin, serviceId: 65c3714a-9d72-49d4-b98b-dc8fe4215020]
13 Aug 2026 13:53:36,005 INFO  [LoginHandlerImpl    ] [qtp962373567-378    ] [41-3f42-6a75-2081-7c778516ac04] [172.19.0.4] User admin [81e9d0d5-1200-49c0-99db-bf14d37ee05b] was logged in via Hub auth module with [username: admin, serviceId: 65c3714a-9d72-49d4-b98b-dc8fe4215020]
13 Aug 2026 13:53:36,279 INFO  [LoginHandlerImpl    ] [qtp962373567-378    ] [a4-c813-767c-f5d8-baaa7396a1ea] [172.19.0.4] User admin [81e9d0d5-1200-49c0-99db-bf14d37ee05b] was logged in via Hub auth module with [username: admin, serviceId: 65c3714a-9d72-49d4-b98b-dc8fe4215020]
13 Aug 2026 13:53:36,452 INFO  [LoginHandlerImpl    ] [qtp962373567-343    ] [b0-1450-c0f0-11fd-da42a383df92] [172.19.0.4] User admin [81e9d0d5-1200-49c0-99db-bf14d37ee05b] was logged in via Hub auth module with [username: admin, serviceId: 65c3714a-9d72-49d4-b98b-dc8fe4215020]
13 Aug 2026 13:53:45,306 INFO  [LoginHandlerImpl    ] [qtp962373567-374    ] [ba-dc71-58dd-8513-5b1cbfbde7f2] [172.19.0.4] User admin [81e9d0d5-1200-49c0-99db-bf14d37ee05b] was logged in via Hub auth module with [username: admin, serviceId: 65c3714a-9d72-49d4-b98b-dc8fe4215020]
13 Aug 2026 13:53:49,298 INFO  [LoginHandlerImpl    ] [qtp962373567-53     ] [c6-ab94-29f9-cbef-857f5da7dec1] [172.19.0.4] User admin [81e9d0d5-1200-49c0-99db-bf14d37ee05b] was logged in via Hub auth module with [username: admin, serviceId: 65c3714a-9d72-49d4-b98b-dc8fe4215020]
13 Aug 2026 13:56:05,339 INFO  [LoginHandlerImpl    ] [qtp962373567-212    ] [ca-49b1-e67f-b645-9de4214516f4] [172.19.0.4] User admin [81e9d0d5-1200-49c0-99db-bf14d37ee05b] was logged in via Hub auth module with [username: admin, serviceId: 65c3714a-9d72-49d4-b98b-dc8fe4215020]
13 Aug 2026 13:56:05,551 INFO  [LoginHandlerImpl    ] [qtp962373567-343    ] [76-6225-8f79-3f0f-a60dca6dcc5a] [172.19.0.4] User admin [81e9d0d5-1200-49c0-99db-bf14d37ee05b] was logged in via Hub auth module with [username: admin, serviceId: 65c3714a-9d72-49d4-b98b-dc8fe4215020]
13 Aug 2026 13:56:05,645 INFO  [LoginHandlerImpl    ] [qtp962373567-374    ] [1b-cee1-fd25-8ce8-3056a7b4ddfa] [172.19.0.4] User admin [81e9d0d5-1200-49c0-99db-bf14d37ee05b] was logged in via Hub auth module with [username: admin, serviceId: 65c3714a-9d72-49d4-b98b-dc8fe4215020]
13 Aug 2026 13:56:10,679 INFO  [LoginHandlerImpl    ] [qtp962373567-48     ] [f0-fc07-afe2-a396-cc424b3d7e4c] [172.19.0.4] User admin [81e9d0d5-1200-49c0-99db-bf14d37ee05b] was logged in via Hub auth module with [username: admin, serviceId: 65c3714a-9d72-49d4-b98b-dc8fe4215020]
13 Aug 2026 13:56:12,590 INFO  [LoginHandlerImpl    ] [qtp962373567-376    ] [00-4bfc-e97d-62a6-45646271a82d] [172.19.0.4] User admin [81e9d0d5-1200-49c0-99db-bf14d37ee05b] was logged in via Hub auth module with [username: admin, serviceId: 65c3714a-9d72-49d4-b98b-dc8fe4215020]
13 Aug 2026 13:58:52,378 INFO  [LoginHandlerImpl    ] [qtp962373567-400    ] [31-0786-991e-f0b8-8afe37dfc303] [172.19.0.4] User admin [81e9d0d5-1200-49c0-99db-bf14d37ee05b] was logged in via Hub auth module with [username: admin, serviceId: 65c3714a-9d72-49d4-b98b-dc8fe4215020]
13 Aug 2026 13:58:52,792 INFO  [LoginHandlerImpl    ] [qtp962373567-48     ] [1c-25df-1abe-7000-3253d3b5da87] [172.19.0.4] User admin [81e9d0d5-1200-49c0-99db-bf14d37ee05b] was logged in via Hub auth module with [username: admin, serviceId: 65c3714a-9d72-49d4-b98b-dc8fe4215020]
13 Aug 2026 13:58:52,837 INFO  [LoginHandlerImpl    ] [qtp962373567-378    ] [41-51fd-993a-47b0-4ab8e654bfd2] [172.19.0.4] User admin [81e9d0d5-1200-49c0-99db-bf14d37ee05b] was logged in via Hub auth module with [username: admin, serviceId: 65c3714a-9d72-49d4-b98b-dc8fe4215020]
13 Aug 2026 13:58:57,851 INFO  [LoginHandlerImpl    ] [qtp962373567-344    ] [b6-f321-0d10-8743-f1eb00e66b92] [172.19.0.4] User admin [81e9d0d5-1200-49c0-99db-bf14d37ee05b] was logged in via Hub auth module with [username: admin, serviceId: 65c3714a-9d72-49d4-b98b-dc8fe4215020]
13 Aug 2026 13:59:05,038 INFO  [LoginHandlerImpl    ] [qtp962373567-207    ] [37-bd32-4355-c99f-1ccb4811e046] [172.19.0.4] User admin [81e9d0d5-1200-49c0-99db-bf14d37ee05b] was logged in via Hub auth module with [username: admin, serviceId: 65c3714a-9d72-49d4-b98b-dc8fe4215020]
13 Aug 2026 14:39:11,880 INFO  [LoginHandlerImpl    ] [qtp962373567-642    ] [73-efe3-5b78-37ac-1ff466298825] [172.19.0.4] User admin [81e9d0d5-1200-49c0-99db-bf14d37ee05b] was logged in via Hub auth module with [username: admin, serviceId: 65c3714a-9d72-49d4-b98b-dc8fe4215020]
13 Aug 2026 14:39:11,963 INFO  [LoginHandlerImpl    ] [qtp962373567-212    ] [01-e151-1e3e-a6a4-c6b449af1192] [172.19.0.4] User admin [81e9d0d5-1200-49c0-99db-bf14d37ee05b] was logged in via Hub auth module with [username: admin, serviceId: 65c3714a-9d72-49d4-b98b-dc8fe4215020]
13 Aug 2026 14:39:29,150 INFO  [LoginHandlerImpl    ] [qtp962373567-601    ] [90-8e87-b257-e595-2cdfae9a5623] [172.19.0.4] User admin [81e9d0d5-1200-49c0-99db-bf14d37ee05b] was logged in via Hub auth module with [username: admin, serviceId: 65c3714a-9d72-49d4-b98b-dc8fe4215020]
13 Aug 2026 14:39:37,302 INFO  [LoginHandlerImpl    ] [qtp962373567-632    ] [5f-0f25-4378-9eaa-35aeed4374d5] [172.19.0.4] User admin [81e9d0d5-1200-49c0-99db-bf14d37ee05b] was logged in via Hub auth module with [username: admin, serviceId: 65c3714a-9d72-49d4-b98b-dc8fe4215020]
13 Aug 2026 14:42:10,978 INFO  [LoginHandlerImpl    ] [qtp962373567-216    ] [04-0a6e-9fd8-32af-92a7689b0d3a] [172.19.0.4] User admin [81e9d0d5-1200-49c0-99db-bf14d37ee05b] was logged in via Hub auth module with [username: admin, serviceId: 65c3714a-9d72-49d4-b98b-dc8fe4215020]
13 Aug 2026 14:42:17,514 INFO  [LoginHandlerImpl    ] [qtp962373567-653    ] [95-4303-38f3-8b98-97b15d643853] [172.19.0.4] User admin [81e9d0d5-1200-49c0-99db-bf14d37ee05b] was logged in via Hub auth module with [username: admin, serviceId: 65c3714a-9d72-49d4-b98b-dc8fe4215020]
13 Aug 2026 14:43:47,767 INFO  [LoginHandlerImpl    ] [qtp962373567-639    ] [f4-2269-2ac6-bfda-a84a78c97ce8] [172.19.0.4] User admin [81e9d0d5-1200-49c0-99db-bf14d37ee05b] was logged in via Hub auth module with [username: admin, serviceId: 65c3714a-9d72-49d4-b98b-dc8fe4215020]
13 Aug 2026 14:43:49,817 INFO  [LoginHandlerImpl    ] [qtp962373567-675    ] [be-0c18-12d9-29a1-a7c926c6bb99] [172.19.0.4] User admin [81e9d0d5-1200-49c0-99db-bf14d37ee05b] was logged in via Hub auth module with [username: admin, serviceId: 65c3714a-9d72-49d4-b98b-dc8fe4215020]
13 Aug 2026 14:43:54,206 INFO  [LoginHandlerImpl    ] [qtp962373567-655    ] [42-d11a-4072-d66a-86b7a9c06dd6] [172.19.0.4] User admin [81e9d0d5-1200-49c0-99db-bf14d37ee05b] was logged in via Hub auth module with [username: admin, serviceId: 65c3714a-9d72-49d4-b98b-dc8fe4215020]
13 Aug 2026 14:44:01,781 INFO  [LoginHandlerImpl    ] [qtp962373567-207    ] [6e-337c-9a3a-3eac-b1807baec230] [172.19.0.4] User admin [81e9d0d5-1200-49c0-99db-bf14d37ee05b] was logged in via Hub auth module with [username: admin, serviceId: 65c3714a-9d72-49d4-b98b-dc8fe4215020]
13 Aug 2026 14:44:05,533 INFO  [LoginHandlerImpl    ] [qtp962373567-539    ] [f3-e074-bafc-cd20-47755abee053] [172.19.0.4] User admin [81e9d0d5-1200-49c0-99db-bf14d37ee05b] was logged in via Hub auth module with [username: admin, serviceId: 65c3714a-9d72-49d4-b98b-dc8fe4215020]
13 Aug 2026 14:46:14,172 INFO  [LoginHandlerImpl    ] [qtp962373567-212    ] [cd-cbe1-de9c-2699-cd60fb80a3e8] [172.19.0.4] User admin [81e9d0d5-1200-49c0-99db-bf14d37ee05b] was logged in via Hub auth module with [username: admin, serviceId: 65c3714a-9d72-49d4-b98b-dc8fe4215020]
13 Aug 2026 14:46:14,743 INFO  [LoginHandlerImpl    ] [qtp962373567-207    ] [b6-3228-90d7-d97b-e2699154a337] [172.19.0.4] User admin [81e9d0d5-1200-49c0-99db-bf14d37ee05b] was logged in via Hub auth module with [username: admin, serviceId: 65c3714a-9d72-49d4-b98b-dc8fe4215020]
13 Aug 2026 14:46:17,873 INFO  [LoginHandlerImpl    ] [qtp962373567-645    ] [5e-6500-773d-c1e5-a8af4d9d0ebb] [172.19.0.4] User admin [81e9d0d5-1200-49c0-99db-bf14d37ee05b] was logged in via Hub auth module with [username: admin, serviceId: 65c3714a-9d72-49d4-b98b-dc8fe4215020]
13 Aug 2026 14:46:23,578 INFO  [LoginHandlerImpl    ] [qtp962373567-212    ] [c7-d0fb-e64c-b431-d0c922704ed2] [172.19.0.4] User admin [81e9d0d5-1200-49c0-99db-bf14d37ee05b] was logged in via Hub auth module with [username: admin, serviceId: 65c3714a-9d72-49d4-b98b-dc8fe4215020]
13 Aug 2026 14:46:24,008 INFO  [LoginHandlerImpl    ] [qtp962373567-647    ] [79-a75a-c5a0-dbcd-79b8fb84b2ad] [172.19.0.4] User admin [81e9d0d5-1200-49c0-99db-bf14d37ee05b] was logged in via Hub auth module with [username: admin, serviceId: 65c3714a-9d72-49d4-b98b-dc8fe4215020]
13 Aug 2026 14:46:44,655 INFO  [LoginHandlerImpl    ] [qtp962373567-207    ] [71-342c-72c2-7322-20b33aa4ceba] [172.19.0.4] User admin [81e9d0d5-1200-49c0-99db-bf14d37ee05b] was logged in via Hub auth module with [username: admin, serviceId: 65c3714a-9d72-49d4-b98b-dc8fe4215020]
13 Aug 2026 14:46:44,671 INFO  [LoginHandlerImpl    ] [qtp962373567-675    ] [28-6440-76e3-2df8-d0a352a093ba] [172.19.0.4] User admin [81e9d0d5-1200-49c0-99db-bf14d37ee05b] was logged in via Hub auth module with [username: admin, serviceId: 65c3714a-9d72-49d4-b98b-dc8fe4215020]
13 Aug 2026 14:50:44,122 INFO  [LoginHandlerImpl    ] [qtp962373567-675    ] [46-e8d3-4e90-7922-9c7770cb3042] [172.19.0.4] User admin [81e9d0d5-1200-49c0-99db-bf14d37ee05b] was logged in via Hub auth module with [username: admin, serviceId: 65c3714a-9d72-49d4-b98b-dc8fe4215020]
13 Aug 2026 14:50:44,282 INFO  [LoginHandlerImpl    ] [qtp962373567-654    ] [a5-7a05-e6a2-c53d-dbf46f38c94d] [172.19.0.4] User admin [81e9d0d5-1200-49c0-99db-bf14d37ee05b] was logged in via Hub auth module with [username: admin, serviceId: 65c3714a-9d72-49d4-b98b-dc8fe4215020]
13 Aug 2026 14:50:44,357 INFO  [LoginHandlerImpl    ] [qtp962373567-673    ] [48-7d69-1286-7e6e-afc5a3edeb8c] [172.19.0.4] User admin [81e9d0d5-1200-49c0-99db-bf14d37ee05b] was logged in via Hub auth module with [username: admin, serviceId: 65c3714a-9d72-49d4-b98b-dc8fe4215020]
13 Aug 2026 14:50:57,167 INFO  [LoginHandlerImpl    ] [qtp962373567-639    ] [9b-4fef-2a85-f4e8-d5b5713ca209] [172.19.0.4] User admin [81e9d0d5-1200-49c0-99db-bf14d37ee05b] was logged in via Hub auth module with [username: admin, serviceId: 65c3714a-9d72-49d4-b98b-dc8fe4215020]
13 Aug 2026 14:50:57,536 INFO  [LoginHandlerImpl    ] [qtp962373567-719    ] [ad-492f-e18c-73c3-f324965b9b7c] [172.19.0.4] User admin [81e9d0d5-1200-49c0-99db-bf14d37ee05b] was logged in via Hub auth module with [username: admin, serviceId: 65c3714a-9d72-49d4-b98b-dc8fe4215020]
13 Aug 2026 15:03:49,369 INFO  [LoginHandlerImpl    ] [qtp962373567-673    ] [9f-b50b-c345-463a-974eb34a76ca] [172.19.0.4] User admin [81e9d0d5-1200-49c0-99db-bf14d37ee05b] was logged in via Hub auth module with [username: admin, serviceId: 65c3714a-9d72-49d4-b98b-dc8fe4215020]
13 Aug 2026 15:03:49,471 INFO  [LoginHandlerImpl    ] [qtp962373567-601    ] [6f-8868-661a-122a-a1c156e3d0c3] [172.19.0.4] User admin [81e9d0d5-1200-49c0-99db-bf14d37ee05b] was logged in via Hub auth module with [username: admin, serviceId: 65c3714a-9d72-49d4-b98b-dc8fe4215020]
13 Aug 2026 15:03:49,494 INFO  [LoginHandlerImpl    ] [qtp962373567-643    ] [4f-ebab-6d94-1a16-f4bf15e3102e] [172.19.0.4] User admin [81e9d0d5-1200-49c0-99db-bf14d37ee05b] was logged in via Hub auth module with [username: admin, serviceId: 65c3714a-9d72-49d4-b98b-dc8fe4215020]
13 Aug 2026 15:03:54,643 INFO  [LoginHandlerImpl    ] [qtp962373567-673    ] [ce-4e88-529c-0c95-6bcdd96a6e4c] [172.19.0.4] User admin [81e9d0d5-1200-49c0-99db-bf14d37ee05b] was logged in via Hub auth module with [username: admin, serviceId: 65c3714a-9d72-49d4-b98b-dc8fe4215020]
13 Aug 2026 15:03:57,940 INFO  [LoginHandlerImpl    ] [qtp962373567-640    ] [4a-be4f-2ffa-3a53-701880f8b47c] [172.19.0.4] User admin [81e9d0d5-1200-49c0-99db-bf14d37ee05b] was logged in via Hub auth module with [username: admin, serviceId: 65c3714a-9d72-49d4-b98b-dc8fe4215020]
13 Aug 2026 15:04:23,244 INFO  [LoginHandlerImpl    ] [qtp962373567-640    ] [9c-07b9-f2b6-aa6d-3334045bde9f] [172.19.0.4] User admin [81e9d0d5-1200-49c0-99db-bf14d37ee05b] was logged in via Hub auth module with [username: admin, serviceId: 65c3714a-9d72-49d4-b98b-dc8fe4215020]
13 Aug 2026 15:04:23,494 INFO  [LoginHandlerImpl    ] [qtp962373567-647    ] [62-1fcf-df10-2ede-7003d986de62] [172.19.0.4] User admin [81e9d0d5-1200-49c0-99db-bf14d37ee05b] was logged in via Hub auth module with [username: admin, serviceId: 65c3714a-9d72-49d4-b98b-dc8fe4215020]
13 Aug 2026 15:05:00,265 INFO  [LoginHandlerImpl    ] [qtp962373567-651    ] [78-7ef5-09f3-d2ba-1aaa3f292bbe] [172.19.0.4] User admin [81e9d0d5-1200-49c0-99db-bf14d37ee05b] was logged in via Hub auth module with [username: admin, serviceId: 65c3714a-9d72-49d4-b98b-dc8fe4215020]
13 Aug 2026 15:05:00,342 INFO  [LoginHandlerImpl    ] [qtp962373567-654    ] [95-4053-fd56-776b-b150b8292a3a] [172.19.0.4] User admin [81e9d0d5-1200-49c0-99db-bf14d37ee05b] was logged in via Hub auth module with [username: admin, serviceId: 65c3714a-9d72-49d4-b98b-dc8fe4215020]
13 Aug 2026 15:13:16,080 INFO  [LoginHandlerImpl    ] [qtp962373567-782    ] [8b-a7ba-2583-3bac-3cc41f2f96c6] [172.19.0.4] User admin [81e9d0d5-1200-49c0-99db-bf14d37ee05b] was logged in via Hub auth module with [username: admin, serviceId: 65c3714a-9d72-49d4-b98b-dc8fe4215020]
13 Aug 2026 15:13:16,081 INFO  [LoginHandlerImpl    ] [qtp962373567-601    ] [0d-75ac-9af2-3d82-1cf3bebf9dcc] [172.19.0.4] User admin [81e9d0d5-1200-49c0-99db-bf14d37ee05b] was logged in via Hub auth module with [username: admin, serviceId: 65c3714a-9d72-49d4-b98b-dc8fe4215020]
13 Aug 2026 15:15:22,393 INFO  [LoginHandlerImpl    ] [qtp962373567-644    ] [20-1374-b951-408a-26f7124c346c] [172.19.0.4] User admin [81e9d0d5-1200-49c0-99db-bf14d37ee05b] was logged in via Hub auth module with [username: admin, serviceId: 65c3714a-9d72-49d4-b98b-dc8fe4215020]
13 Aug 2026 15:15:22,752 INFO  [LoginHandlerImpl    ] [qtp962373567-642    ] [85-fd62-7546-1467-1b9fca105bb1] [172.19.0.4] User admin [81e9d0d5-1200-49c0-99db-bf14d37ee05b] was logged in via Hub auth module with [username: admin, serviceId: 65c3714a-9d72-49d4-b98b-dc8fe4215020]
13 Aug 2026 15:19:09,851 INFO  [LoginHandlerImpl    ] [qtp962373567-652    ] [de-ba76-d89c-8c66-b896d5fb1c04] [172.19.0.4] User admin [81e9d0d5-1200-49c0-99db-bf14d37ee05b] was logged in via Hub auth module with [username: admin, serviceId: 65c3714a-9d72-49d4-b98b-dc8fe4215020]
13 Aug 2026 15:19:10,104 INFO  [LoginHandlerImpl    ] [qtp962373567-781    ] [e3-60ba-cb8f-a995-e6addab94436] [172.19.0.4] User admin [81e9d0d5-1200-49c0-99db-bf14d37ee05b] was logged in via Hub auth module with [username: admin, serviceId: 65c3714a-9d72-49d4-b98b-dc8fe4215020]
13 Aug 2026 15:19:30,829 INFO  [LoginHandlerImpl    ] [qtp962373567-655    ] [ff-b26d-d7fe-273b-c35e697b7d73] [172.19.0.4] User admin [81e9d0d5-1200-49c0-99db-bf14d37ee05b] was logged in via Hub auth module with [username: admin, serviceId: 65c3714a-9d72-49d4-b98b-dc8fe4215020]
13 Aug 2026 15:19:31,196 INFO  [LoginHandlerImpl    ] [qtp962373567-830    ] [77-52f1-70e8-04c8-a41459ebbcaf] [172.19.0.4] User admin [81e9d0d5-1200-49c0-99db-bf14d37ee05b] was logged in via Hub auth module with [username: admin, serviceId: 65c3714a-9d72-49d4-b98b-dc8fe4215020]
13 Aug 2026 15:20:17,364 INFO  [LoginHandlerImpl    ] [qtp962373567-643    ] [14-5171-b5e1-1c3d-14f2c5860f8a] [172.19.0.4] User admin [81e9d0d5-1200-49c0-99db-bf14d37ee05b] was logged in via Hub auth module with [username: admin, serviceId: 65c3714a-9d72-49d4-b98b-dc8fe4215020]
13 Aug 2026 15:20:17,462 INFO  [LoginHandlerImpl    ] [qtp962373567-601    ] [11-a390-8837-ecec-42528bc24032] [172.19.0.4] User admin [81e9d0d5-1200-49c0-99db-bf14d37ee05b] was logged in via Hub auth module with [username: admin, serviceId: 65c3714a-9d72-49d4-b98b-dc8fe4215020]
13 Aug 2026 15:23:00,323 INFO  [LoginHandlerImpl    ] [qtp962373567-782    ] [ef-9539-161d-2e61-fe0152368af9] [172.19.0.4] User admin [81e9d0d5-1200-49c0-99db-bf14d37ee05b] was logged in via Hub auth module with [username: admin, serviceId: 65c3714a-9d72-49d4-b98b-dc8fe4215020]
13 Aug 2026 15:23:00,443 INFO  [LoginHandlerImpl    ] [qtp962373567-829    ] [8e-3fc3-0efa-e96e-851037358fbb] [172.19.0.4] User admin [81e9d0d5-1200-49c0-99db-bf14d37ee05b] was logged in via Hub auth module with [username: admin, serviceId: 65c3714a-9d72-49d4-b98b-dc8fe4215020]
13 Aug 2026 15:23:53,808 INFO  [LoginHandlerImpl    ] [qtp962373567-828    ] [53-adf4-c9fa-9b4c-7da427c4c24e] [172.19.0.4] User admin [81e9d0d5-1200-49c0-99db-bf14d37ee05b] was logged in via Hub auth module with [username: admin, serviceId: 65c3714a-9d72-49d4-b98b-dc8fe4215020]
13 Aug 2026 15:23:53,813 INFO  [LoginHandlerImpl    ] [qtp962373567-827    ] [f0-0d2b-e9ca-0862-5370cbde87bc] [172.19.0.4] User admin [81e9d0d5-1200-49c0-99db-bf14d37ee05b] was logged in via Hub auth module with [username: admin, serviceId: 65c3714a-9d72-49d4-b98b-dc8fe4215020]
13 Aug 2026 15:24:44,500 INFO  [LoginHandlerImpl    ] [qtp962373567-769    ] [aa-0d82-dfef-cf7b-5eb21e50967c] [172.19.0.4] User admin [81e9d0d5-1200-49c0-99db-bf14d37ee05b] was logged in via Hub auth module with [username: admin, serviceId: 65c3714a-9d72-49d4-b98b-dc8fe4215020]
13 Aug 2026 15:24:44,933 INFO  [LoginHandlerImpl    ] [qtp962373567-828    ] [22-d886-4db4-ea9b-e30a72412c7f] [172.19.0.4] User admin [81e9d0d5-1200-49c0-99db-bf14d37ee05b] was logged in via Hub auth module with [username: admin, serviceId: 65c3714a-9d72-49d4-b98b-dc8fe4215020]
13 Aug 2026 15:26:30,040 INFO  [sDispatcherProcessor] [reporter-19-thread-1] [init] [init] Job report:
  Pending job count: 0
  Running jobs: []
13 Aug 2026 15:28:23,244 INFO  [LoginHandlerImpl    ] [qtp962373567-782    ] [ab-0efe-deec-a615-45edc4a9b914] [172.19.0.4] User admin [81e9d0d5-1200-49c0-99db-bf14d37ee05b] was logged in via Hub auth module with [username: admin, serviceId: 65c3714a-9d72-49d4-b98b-dc8fe4215020]
13 Aug 2026 15:28:23,363 INFO  [LoginHandlerImpl    ] [qtp962373567-781    ] [3c-ef0f-c1e7-e4e6-7fc7371ff6a6] [172.19.0.4] User admin [81e9d0d5-1200-49c0-99db-bf14d37ee05b] was logged in via Hub auth module with [username: admin, serviceId: 65c3714a-9d72-49d4-b98b-dc8fe4215020]
13 Aug 2026 15:28:53,818 INFO  [LoginHandlerImpl    ] [qtp962373567-769    ] [cb-4361-60fe-3ccf-808aa7fa73ed] [172.19.0.4] User admin [81e9d0d5-1200-49c0-99db-bf14d37ee05b] was logged in via Hub auth module with [username: admin, serviceId: 65c3714a-9d72-49d4-b98b-dc8fe4215020]
13 Aug 2026 15:28:53,874 INFO  [LoginHandlerImpl    ] [qtp962373567-863    ] [76-ad75-d7fb-18c4-4e665f2e4ce6] [172.19.0.4] User admin [81e9d0d5-1200-49c0-99db-bf14d37ee05b] was logged in via Hub auth module with [username: admin, serviceId: 65c3714a-9d72-49d4-b98b-dc8fe4215020]
13 Aug 2026 16:11:51,104 INFO  [LoginHandlerImpl    ] [qtp962373567-1026   ] [4a-e857-418a-8ae4-6bdcd128dbbb] [172.19.0.4] User admin [81e9d0d5-1200-49c0-99db-bf14d37ee05b] was logged in via Hub auth module with [username: admin, serviceId: 65c3714a-9d72-49d4-b98b-dc8fe4215020]
13 Aug 2026 16:11:51,104 INFO  [LoginHandlerImpl    ] [qtp962373567-1089   ] [d2-b7b8-5e89-3688-d5c64d046cf5] [172.19.0.4] User admin [81e9d0d5-1200-49c0-99db-bf14d37ee05b] was logged in via Hub auth module with [username: admin, serviceId: 65c3714a-9d72-49d4-b98b-dc8fe4215020]
13 Aug 2026 16:12:21,339 INFO  [LoginHandlerImpl    ] [qtp962373567-1094   ] [b1-b7f7-69e3-cc85-f026cb187e80] [172.19.0.4] User admin [81e9d0d5-1200-49c0-99db-bf14d37ee05b] was logged in via Hub auth module with [username: admin, serviceId: 65c3714a-9d72-49d4-b98b-dc8fe4215020]
13 Aug 2026 16:12:21,847 INFO  [LoginHandlerImpl    ] [qtp962373567-1096   ] [8d-dce1-7626-b827-e8cb12490750] [172.19.0.4] User admin [81e9d0d5-1200-49c0-99db-bf14d37ee05b] was logged in via Hub auth module with [username: admin, serviceId: 65c3714a-9d72-49d4-b98b-dc8fe4215020]
13 Aug 2026 16:17:04,347 INFO  [LoginHandlerImpl    ] [qtp962373567-1099   ] [61-e695-6e63-9dcc-f591e43dc483] [172.19.0.4] User admin [81e9d0d5-1200-49c0-99db-bf14d37ee05b] was logged in via Hub auth module with [username: admin, serviceId: 65c3714a-9d72-49d4-b98b-dc8fe4215020]
13 Aug 2026 16:17:04,347 INFO  [LoginHandlerImpl    ] [qtp962373567-1092   ] [e8-5e8e-a409-0770-54dfbb36ac5c] [172.19.0.4] User admin [81e9d0d5-1200-49c0-99db-bf14d37ee05b] was logged in via Hub auth module with [username: admin, serviceId: 65c3714a-9d72-49d4-b98b-dc8fe4215020]
13 Aug 2026 16:17:35,887 INFO  [LoginHandlerImpl    ] [qtp962373567-1109   ] [25-3b09-4d40-8524-fa3dc1ee6833] [172.19.0.4] User admin [81e9d0d5-1200-49c0-99db-bf14d37ee05b] was logged in via Hub auth module with [username: admin, serviceId: 65c3714a-9d72-49d4-b98b-dc8fe4215020]
13 Aug 2026 16:17:35,894 INFO  [LoginHandlerImpl    ] [qtp962373567-1052   ] [23-17c8-505a-8f88-5b063a3211df] [172.19.0.4] User admin [81e9d0d5-1200-49c0-99db-bf14d37ee05b] was logged in via Hub auth module with [username: admin, serviceId: 65c3714a-9d72-49d4-b98b-dc8fe4215020]
13 Aug 2026 16:20:43,487 INFO  [LoginHandlerImpl    ] [qtp962373567-1092   ] [49-a7a6-fb5c-d573-6679aa0414ff] [172.19.0.4] User admin [81e9d0d5-1200-49c0-99db-bf14d37ee05b] was logged in via Hub auth module with [username: admin, serviceId: 65c3714a-9d72-49d4-b98b-dc8fe4215020]
13 Aug 2026 16:20:43,650 INFO  [LoginHandlerImpl    ] [qtp962373567-1050   ] [38-7d32-3772-4c3e-e125d65bb429] [172.19.0.4] User admin [81e9d0d5-1200-49c0-99db-bf14d37ee05b] was logged in via Hub auth module with [username: admin, serviceId: 65c3714a-9d72-49d4-b98b-dc8fe4215020]
13 Aug 2026 16:25:51,563 INFO  [LoginHandlerImpl    ] [qtp962373567-1141   ] [c9-a53f-6e93-9029-56d47f7382ca] [172.19.0.4] User admin [81e9d0d5-1200-49c0-99db-bf14d37ee05b] was logged in via Hub auth module with [username: admin, serviceId: 65c3714a-9d72-49d4-b98b-dc8fe4215020]
13 Aug 2026 16:25:51,563 INFO  [LoginHandlerImpl    ] [qtp962373567-1092   ] [b4-842c-acd4-1a89-df33dda407ad] [172.19.0.4] User admin [81e9d0d5-1200-49c0-99db-bf14d37ee05b] was logged in via Hub auth module with [username: admin, serviceId: 65c3714a-9d72-49d4-b98b-dc8fe4215020]
13 Aug 2026 16:26:21,937 INFO  [LoginHandlerImpl    ] [qtp962373567-1089   ] [d1-f0df-5576-867b-2ec45142f555] [172.19.0.4] User admin [81e9d0d5-1200-49c0-99db-bf14d37ee05b] was logged in via Hub auth module with [username: admin, serviceId: 65c3714a-9d72-49d4-b98b-dc8fe4215020]
13 Aug 2026 16:26:21,956 INFO  [LoginHandlerImpl    ] [qtp962373567-1107   ] [5c-7f59-9a27-703c-db20c98d7a3c] [172.19.0.4] User admin [81e9d0d5-1200-49c0-99db-bf14d37ee05b] was logged in via Hub auth module with [username: admin, serviceId: 65c3714a-9d72-49d4-b98b-dc8fe4215020]
13 Aug 2026 16:28:34,173 INFO  [LoginHandlerImpl    ] [qtp962373567-1094   ] [de-3264-b023-e221-ba8b2f2b5620] [172.19.0.4] User admin [81e9d0d5-1200-49c0-99db-bf14d37ee05b] was logged in via Hub auth module with [username: admin, serviceId: 65c3714a-9d72-49d4-b98b-dc8fe4215020]
13 Aug 2026 16:28:34,752 INFO  [LoginHandlerImpl    ] [qtp962373567-1052   ] [91-a158-4b35-6437-08658067ecb8] [172.19.0.4] User admin [81e9d0d5-1200-49c0-99db-bf14d37ee05b] was logged in via Hub auth module with [username: admin, serviceId: 65c3714a-9d72-49d4-b98b-dc8fe4215020]
13 Aug 2026 16:29:43,933 INFO  [LoginHandlerImpl    ] [qtp962373567-1089   ] [1f-691d-5b46-a42c-3c46c1e71b31] [172.19.0.4] User admin [81e9d0d5-1200-49c0-99db-bf14d37ee05b] was logged in via Hub auth module with [username: admin, serviceId: 65c3714a-9d72-49d4-b98b-dc8fe4215020]
13 Aug 2026 16:29:43,950 INFO  [LoginHandlerImpl    ] [qtp962373567-1107   ] [de-f4f9-3051-1383-2c40907f2615] [172.19.0.4] User admin [81e9d0d5-1200-49c0-99db-bf14d37ee05b] was logged in via Hub auth module with [username: admin, serviceId: 65c3714a-9d72-49d4-b98b-dc8fe4215020]
13 Aug 2026 16:34:09,740 INFO  [LoginHandlerImpl    ] [qtp962373567-1144   ] [f7-cf9e-c9d9-5740-d9959c17e1e4] [172.19.0.4] User admin [81e9d0d5-1200-49c0-99db-bf14d37ee05b] was logged in via Hub auth module with [username: admin, serviceId: 65c3714a-9d72-49d4-b98b-dc8fe4215020]
13 Aug 2026 16:34:09,741 INFO  [LoginHandlerImpl    ] [qtp962373567-1107   ] [f5-4956-9218-0a19-79762201bb9c] [172.19.0.4] User admin [81e9d0d5-1200-49c0-99db-bf14d37ee05b] was logged in via Hub auth module with [username: admin, serviceId: 65c3714a-9d72-49d4-b98b-dc8fe4215020]
13 Aug 2026 16:36:24,203 INFO  [LoginHandlerImpl    ] [qtp962373567-1223   ] [95-cba0-e0df-e2a0-349a0ca8e5ca] [172.19.0.4] User admin [81e9d0d5-1200-49c0-99db-bf14d37ee05b] was logged in via Hub auth module with [username: admin, serviceId: 65c3714a-9d72-49d4-b98b-dc8fe4215020]
13 Aug 2026 16:36:54,615 INFO  [LoginHandlerImpl    ] [qtp962373567-1229   ] [09-d2f4-3ba7-500b-8981a7f244cb] [172.19.0.4] User admin [81e9d0d5-1200-49c0-99db-bf14d37ee05b] was logged in via Hub auth module with [username: admin, serviceId: 65c3714a-9d72-49d4-b98b-dc8fe4215020]
13 Aug 2026 16:45:49,381 INFO  [LoginHandlerImpl    ] [qtp962373567-1141   ] [99-302f-a983-25bb-eb24aff1c504] [172.19.0.4] User admin [81e9d0d5-1200-49c0-99db-bf14d37ee05b] was logged in via Hub auth module with [username: admin, serviceId: 65c3714a-9d72-49d4-b98b-dc8fe4215020]
13 Aug 2026 16:46:36,741 INFO  [LoginHandlerImpl    ] [qtp962373567-1050   ] [37-d828-babf-4084-9dbb6b86c3f0] [172.19.0.4] User admin [81e9d0d5-1200-49c0-99db-bf14d37ee05b] was logged in via Hub auth module with [username: admin, serviceId: 65c3714a-9d72-49d4-b98b-dc8fe4215020]
13 Aug 2026 16:46:36,860 INFO  [LoginHandlerImpl    ] [qtp962373567-1145   ] [4e-e3aa-d53a-7a0e-c8a33b2326fb] [172.19.0.4] User admin [81e9d0d5-1200-49c0-99db-bf14d37ee05b] was logged in via Hub auth module with [username: admin, serviceId: 65c3714a-9d72-49d4-b98b-dc8fe4215020]
13 Aug 2026 16:49:10,713 INFO  [LoginHandlerImpl    ] [qtp962373567-1099   ] [a8-c0f8-2ae6-1800-d1fdd14ce5a1] [172.19.0.4] User admin [81e9d0d5-1200-49c0-99db-bf14d37ee05b] was logged in via Hub auth module with [username: admin, serviceId: 65c3714a-9d72-49d4-b98b-dc8fe4215020]
13 Aug 2026 16:49:11,557 INFO  [LoginHandlerImpl    ] [qtp962373567-1284   ] [90-5fe0-36aa-fe9f-2a7185c52cf9] [172.19.0.4] User admin [81e9d0d5-1200-49c0-99db-bf14d37ee05b] was logged in via Hub auth module with [username: admin, serviceId: 65c3714a-9d72-49d4-b98b-dc8fe4215020]
13 Aug 2026 16:50:30,662 INFO  [HubRestServlet      ] [PPER] Daemon Proxy 2] [] [] Destroying application
13 Aug 2026 16:50:30,663 INFO  [HubRestServlet      ] [PPER] Daemon Proxy 2] [] [] Stopping jetbrains.hub.server.cron.backup.RegularBackupJob$Companion
13 Aug 2026 16:50:30,666 INFO  [HubRestServlet      ] [PPER] Daemon Proxy 2] [] [] Stopping jetbrains.hub.server.cron.userCount.UserCountJob$Companion
13 Aug 2026 16:50:30,666 INFO  [HubRestServlet      ] [PPER] Daemon Proxy 2] [] [] Stopping jetbrains.hub.auth.module.entra.plugin.AzureXdSyncJobScheduler
13 Aug 2026 16:50:30,669 INFO  [HubRestServlet      ] [PPER] Daemon Proxy 2] [] [] Stopping jetbrains.hub.auth.module.google.plugin.GoogleXdSyncJobScheduler
13 Aug 2026 16:50:30,669 INFO  [HubRestServlet      ] [PPER] Daemon Proxy 2] [] [] Stopping jetbrains.hub.auth.module.jba.plugin.JbaXdSyncJobScheduler
13 Aug 2026 16:50:30,670 INFO  [HubRestServlet      ] [PPER] Daemon Proxy 2] [] [] Stopping jetbrains.hub.auth.module.ldap.plugin.LdapXdSyncJobScheduler
13 Aug 2026 16:50:30,670 INFO  [HubRestServlet      ] [PPER] Daemon Proxy 2] [] [] Stopping jetbrains.hub.auth.module.okta.plugin.OktaXdSyncJobScheduler
13 Aug 2026 16:50:30,671 INFO  [HubRestServlet      ] [PPER] Daemon Proxy 2] [] [] Stopping jetbrains.jetpass.oauth2.server.jobs.AuthErrorsCleanUpJobLifecycle
13 Aug 2026 16:50:30,676 INFO  [HubRestServlet      ] [PPER] Daemon Proxy 2] [] [] Stopping jetbrains.hub.server.cron.cleanup.PersistentJobsCleanUpJobLifecycle
13 Aug 2026 16:50:30,677 INFO  [HubRestServlet      ] [PPER] Daemon Proxy 2] [] [] Stopping jetbrains.hub.server.cron.persistence.NodeHeartbeatJobLifecycle
13 Aug 2026 16:50:30,677 INFO  [HubRestServlet      ] [PPER] Daemon Proxy 2] [] [] Stopping jetbrains.hub.server.cron.persistence.PersistentJobsDispatcherJobLifecycle
13 Aug 2026 16:50:30,682 INFO  [App                 ] [PPER] Daemon Proxy 2] [] [] Flushing access log saver...
13 Aug 2026 16:50:30,683 INFO  [App                 ] [PPER] Daemon Proxy 2] [] [] Event Listener forces changes save...
13 Aug 2026 16:50:30,693 INFO  [App                 ] [PPER] Daemon Proxy 2] [] [] All Hub Facilities Were Successfully Closed
13 Aug 2026 16:50:30,693 INFO  [HubRestServlet      ] [PPER] Daemon Proxy 2] [] [] Closing local bean scope
13 Aug 2026 16:50:30,712 INFO  [IdPSyncJobProcessor ] [PPER] Daemon Proxy 2] [] [] Finishing All $IdPSyncJobProcessor Jobs...
13 Aug 2026 16:50:30,713 INFO  [LogSaverJobProcessor] [PPER] Daemon Proxy 2] [] [] Finishing All $AccessLogSaverJobProcessor Jobs...
13 Aug 2026 16:50:30,714 INFO  [nizationJobProcessor] [PPER] Daemon Proxy 2] [] [] Finishing All $SynchronizationJobProcessor Jobs...
13 Aug 2026 16:50:30,714 INFO  [sDispatcherProcessor] [PPER] Daemon Proxy 2] [] [] Finishing All $PersistentJobsDispatcherProcessor Jobs...
13 Aug 2026 16:50:30,714 INFO  [eartbeatJobProcessor] [PPER] Daemon Proxy 2] [] [] Finishing All $NodeHeartbeatJobProcessor Jobs...
13 Aug 2026 16:50:30,714 INFO  [eCleanUpJobProcessor] [PPER] Daemon Proxy 2] [] [] Finishing All $DatabaseCleanUpJobProcessor Jobs...
13 Aug 2026 16:50:30,714 INFO  [cheEventJobProcessor] [PPER] Daemon Proxy 2] [] [] Finishing All $CacheEventJobProcessor Jobs...
13 Aug 2026 16:50:30,718 INFO  [UserJobProcessor    ] [PPER] Daemon Proxy 2] [] [] Finishing All $UserJobProcessor Jobs...
13 Aug 2026 16:50:30,718 INFO  [ntsSaverJobProcessor] [PPER] Daemon Proxy 2] [] [] Finishing All $EventsSaverJobProcessor Jobs...
13 Aug 2026 16:50:30,781 INFO  [HubRestServlet      ] [PPER] Daemon Proxy 2] [] [] Application destroyed
13 Aug 2026 16:50:30,973 INFO  [ShutdownHookPlugin  ] [Quartz Shutdown-Hook] [] [] Shutting down Quartz...
13 Aug 2026 16:50:31,074 INFO  [QuartzScheduler     ] [Quartz Shutdown-Hook] [] [] Scheduler shutting down...
13 Aug 2026 16:50:31,074 INFO  [QuartzScheduler     ] [Quartz Shutdown-Hook] [] [] Scheduler paused.
13 Aug 2026 16:50:31,074 INFO  [QuartzScheduler     ] [Quartz Shutdown-Hook] [] [] Threadpool shutting down...
13 Aug 2026 16:50:31,075 INFO  [QuartzScheduler     ] [Quartz Shutdown-Hook] [] [] Scheduler shutdown complete.
14 Aug 2026 07:14:14,990 INFO  [Reflections         ] [APP-WRAPPER] Proxy 1] [init] [init] Reflections took 670 ms to scan 8 urls, producing 908 keys and 28987 values
14 Aug 2026 07:14:22,079 INFO  [chedulerSignalerImpl] [APP-WRAPPER] Proxy 1] [init] [init] Initialized Scheduler Signaler of type: class org.quartz.core.SchedulerSignalerImpl
14 Aug 2026 07:14:22,082 INFO  [RAMJobStore         ] [APP-WRAPPER] Proxy 1] [init] [init] RAMJobStore initialized.
14 Aug 2026 07:14:22,082 INFO  [ShutdownHookPlugin  ] [APP-WRAPPER] Proxy 1] [init] [init] Registering Quartz shutdown hook.
14 Aug 2026 07:14:22,308 INFO  [CacheUpdaterListener] [APP-WRAPPER] Proxy 1] [init] [init] Starting permission cache updater
14 Aug 2026 07:14:23,210 INFO  [QuartzScheduler     ] [APP-WRAPPER] Proxy 1] [init] [init] Scheduler started.
14 Aug 2026 07:14:24,786 INFO  [SpringInitializer   ] [APP-WRAPPER] Proxy 1] [init] [init] Initializing DNQ...
14 Aug 2026 07:14:25,142 INFO  [EnvironmentImpl     ] [APP-WRAPPER] Proxy 1] [init] [init] Exodus environment created: /opt/youtrack/data/hub
14 Aug 2026 07:14:25,192 INFO  [IterableCacheAdapter] [APP-WRAPPER] Proxy 1] [init] [init] Using weighted eviction for entity iterable cache, maxWeight = 4473924
14 Aug 2026 07:14:26,390 INFO  [stentEntityStoreImpl] [APP-WRAPPER] Proxy 1] [init] [init] Blob vault has been created at /opt/youtrack/data/hub/blobs
14 Aug 2026 07:14:26,592 INFO  [App                 ] [APP-WRAPPER] Proxy 1] [init] [init] Begin Event Listening process...
14 Aug 2026 07:14:26,600 INFO  [App                 ] [APP-WRAPPER] Proxy 1] [init] [init] Start PermissionCache Updater...
14 Aug 2026 07:14:26,604 INFO  [App                 ] [APP-WRAPPER] Proxy 1] [init] [init] Loading Constraints...
14 Aug 2026 07:14:26,606 INFO  [App                 ] [APP-WRAPPER] Proxy 1] [init] [init] Initializing Cache Event Etag...
14 Aug 2026 07:14:26,612 INFO  [App                 ] [APP-WRAPPER] Proxy 1] [init] [init] All Hub Facilities Were Successfully Initialized
14 Aug 2026 07:14:26,645 INFO  [App                 ] [APP-WRAPPER] Proxy 1] [init] [init] Init Hub application: 2026.2.52366 [releaseDate: 2026 07 30, commitHash: 4b000050d167f2b2852a5cbee9080cc36b2078e7]...
14 Aug 2026 07:14:26,854 INFO  [EventProcessor      ] [APP-WRAPPER] Proxy 1] [init] [init] Collected changes
Update by YouTrack Administration[0-0-0-0-0] @2026-08-14T07:14:26.827+0000
	CREATE: XdSystemFeature[jetbrains.hub.auth.module.saml.sha1](jetbrains.hub.auth.module.saml.sha1)
		key[String]: null -> jetbrains.hub.auth.module.saml.sha1
		uuid[String]: null -> jetbrains.hub.auth.module.saml.sha1
	CREATE: XdSystemFeature[jetbrains.hub.auth.login.template.hubjbcom](jetbrains.hub.auth.login.template.hubjbcom)
		key[String]: null -> jetbrains.hub.auth.login.template.hubjbcom
		uuid[String]: null -> jetbrains.hub.auth.login.template.hubjbcom
	CREATE: XdSystemFeature[jetbrains.hub.auth.login.template.datalore](jetbrains.hub.auth.login.template.datalore)
		key[String]: null -> jetbrains.hub.auth.login.template.datalore
		uuid[String]: null -> jetbrains.hub.auth.login.template.datalore
	CREATE: XdSystemFeature[jetbrains.jetpass.locale.crowdin.incontext.embedded](jetbrains.jetpass.locale.crowdin.incontext.embedded)
		key[String]: null -> jetbrains.jetpass.locale.crowdin.incontext.embedded
		uuid[String]: null -> jetbrains.jetpass.locale.crowdin.incontext.embedded
	CREATE: XdSystemFeature[jetbrains.jetpass.locale.crowdin.incontext.community](jetbrains.jetpass.locale.crowdin.incontext.community)
		key[String]: null -> jetbrains.jetpass.locale.crowdin.incontext.community
		uuid[String]: null -> jetbrains.jetpass.locale.crowdin.incontext.community
	CREATE: XdSystemFeature[jetbrains.hub.auth.pkcePlain](jetbrains.hub.auth.pkcePlain)
		key[String]: null -> jetbrains.hub.auth.pkcePlain
		uuid[String]: null -> jetbrains.hub.auth.pkcePlain
	CREATE: XdSystemFeature[jetbrains.hub.orgId](jetbrains.hub.orgId)
		key[String]: null -> jetbrains.hub.orgId
		uuid[String]: null -> jetbrains.hub.orgId
	CREATE: XdClientScopedFeature[jetbrains.hub.idTokenEcSignature](jetbrains.hub.idTokenEcSignature)
		key[String]: null -> jetbrains.hub.idTokenEcSignature
		uuid[String]: null -> jetbrains.hub.idTokenEcSignature
	CREATE: XdSystemFeature[jetbrains.hub.auth.module.okta.legacyAttributeMapping](jetbrains.hub.auth.module.okta.legacyAttributeMapping)
		key[String]: null -> jetbrains.hub.auth.module.okta.legacyAttributeMapping
		uuid[String]: null -> jetbrains.hub.auth.module.okta.legacyAttributeMapping
	CREATE: XdSystemFeature[jetbrains.hub.mcp.clientIdMetadataDocument](jetbrains.hub.mcp.clientIdMetadataDocument)
		key[String]: null -> jetbrains.hub.mcp.clientIdMetadataDocument
		uuid[String]: null -> jetbrains.hub.mcp.clientIdMetadataDocument
	CREATE: XdClientScopedFeature[jetbrains.hub.idToken.refreshTokenClaim](jetbrains.hub.idToken.refreshTokenClaim)
		key[String]: null -> jetbrains.hub.idToken.refreshTokenClaim
		uuid[String]: null -> jetbrains.hub.idToken.refreshTokenClaim
	CREATE: XdSystemFeature[jetbrains.hub.scim2.root.enabled](jetbrains.hub.scim2.root.enabled)
		key[String]: null -> jetbrains.hub.scim2.root.enabled
		uuid[String]: null -> jetbrains.hub.scim2.root.enabled
	CREATE: XdSystemFeature[jetbrains.hub.entityBrowser.enabled](jetbrains.hub.entityBrowser.enabled)
		key[String]: null -> jetbrains.hub.entityBrowser.enabled
		uuid[String]: null -> jetbrains.hub.entityBrowser.enabled
14 Aug 2026 07:14:26,876 INFO  [MigrationContainerXd] [APP-WRAPPER] Proxy 1] [init] [init] Migration process begin:
14 Aug 2026 07:14:26,971 INFO  [MigrationContainerXd] [APP-WRAPPER] Proxy 1] [init] [init]    Migration: AddImpliedPermissions.1 - started!
14 Aug 2026 07:14:26,984 INFO  [MigrationContainerXd] [APP-WRAPPER] Proxy 1] [init] [init]    Migration: AddImpliedPermissions.1 - applied in 9ms!
14 Aug 2026 07:14:26,985 INFO  [MigrationContainerXd] [APP-WRAPPER] Proxy 1] [init] [init] Total migrations applied: 1 in 108ms.
14 Aug 2026 07:14:26,985 INFO  [MigrationContainerXd] [APP-WRAPPER] Proxy 1] [init] [init] Start reindex...
14 Aug 2026 07:14:26,985 INFO  [InitializationUtil  ] [APP-WRAPPER] Proxy 1] [init] [init] Init indexes for unique properties and composite keys
14 Aug 2026 07:14:27,059 INFO  [MigrationContainerXd] [APP-WRAPPER] Proxy 1] [init] [init] Reindex completed in 74 ms
14 Aug 2026 07:14:27,078 INFO  [EventProcessor      ] [ver-pool-14-thread-1] [init] [init] Saved 1 change bundle(s)
14 Aug 2026 07:14:28,644 INFO  [EventProcessor      ] [qtp289303711-62     ] [82-1094-f65d-cfb0-b7a5cb92c710] [guest@127.0.0.1] Collected changes
Update by гость[d4a04e11-abaa-46e6-8a3e-b76537fe6446] @2026-08-14T07:14:28.643+0000
	CREATE: JPService[a927c26f-90d9-4fe4-b415-fcbd729b77da](Temporary installer service (2026-08-14 07:14:28 UTC))
		audience[String]: null -> a927c26f-90d9-4fe4-b415-fcbd729b77da
		authCodeFlowEnabled[boolean]: false -> true
		clientCredentialsFlowEnabled[boolean]: false -> true
		consentRequired[boolean]: false -> false
		implicitFlowEnabled[boolean]: false -> true
		key[String]: null -> a927c26f-90d9-4fe4-b415-fcbd729b77da
		name[String]: null -> Temporary installer service (2026-08-14 07:14:28 UTC)
		resourceOwnerFlowEnabled[boolean]: false -> true
		secretHash[String]: null -> ***
		uuid[String]: null -> a927c26f-90d9-4fe4-b415-fcbd729b77da
		verified[boolean]: false -> true
14 Aug 2026 07:14:28,652 INFO  [EventProcessor      ] [ver-pool-14-thread-1] [82-1094-f65d-cfb0-b7a5cb92c710] [guest@127.0.0.1] Saved 1 change bundle(s)
14 Aug 2026 07:14:30,294 INFO  [EventProcessor      ] [qtp289303711-60     ] [8c-2aed-a673-2ce9-cadf8233ed5e] [-08-14 07:14:28 UTC)@127.0.0.1] Collected changes
Update by Temporary installer service (2026-08-14 07:14:28 UTC)[a927c26f-90d9-4fe4-b415-fcbd729b77da] @2026-08-14T07:14:30.291+0000
	REMOVE: JPService[a927c26f-90d9-4fe4-b415-fcbd729b77da](Temporary installer service (2026-08-14 07:14:28 UTC))
		audience[String]: a927c26f-90d9-4fe4-b415-fcbd729b77da -> null
		authCodeFlowEnabled[boolean]: true -> false
		clientCredentialsFlowEnabled[boolean]: true -> false
		implicitFlowEnabled[boolean]: true -> false
		key[String]: a927c26f-90d9-4fe4-b415-fcbd729b77da -> null
		name[String]: Temporary installer service (2026-08-14 07:14:28 UTC) -> null
		resourceOwnerFlowEnabled[boolean]: true -> false
		secretHash[String]: *** -> null
		uuid[String]: a927c26f-90d9-4fe4-b415-fcbd729b77da -> null
		verified[boolean]: true -> false
14 Aug 2026 07:14:30,300 INFO  [EventProcessor      ] [ver-pool-14-thread-1] [8c-2aed-a673-2ce9-cadf8233ed5e] [-08-14 07:14:28 UTC)@127.0.0.1] Saved 1 change bundle(s)
14 Aug 2026 07:15:01,630 INFO  [EventProcessor      ] [qtp289303711-55     ] [4f-df9d-795c-9c5f-9d941bee45fd] [YouTrack@127.0.0.1] Collected changes
Update by YouTrack[65c3714a-9d72-49d4-b98b-dc8fe4215020] @2026-08-14T07:15:01.630+0000
	UPDATE: JPService[54b0ab5b-07bc-44de-8ffe-aad3d4f70251](Konnector)
		secretHash[String]: *** -> ***
14 Aug 2026 07:15:01,635 INFO  [EventProcessor      ] [ver-pool-14-thread-1] [4f-df9d-795c-9c5f-9d941bee45fd] [YouTrack@127.0.0.1] Saved 1 change bundle(s)
14 Aug 2026 07:15:01,783 INFO  [EventProcessor      ] [qtp289303711-49     ] [4f-df9d-795c-9c5f-9d941bee45fd] [YouTrack@127.0.0.1] Collected changes
Update by YouTrack[65c3714a-9d72-49d4-b98b-dc8fe4215020] @2026-08-14T07:15:01.782+0000
	UPDATE: JPService[77bd22fe-6907-49b5-8bc7-4a57ec069865](YouTrack Mobile)
		secretHash[String]: *** -> ***
14 Aug 2026 07:15:01,788 INFO  [EventProcessor      ] [ver-pool-14-thread-1] [4f-df9d-795c-9c5f-9d941bee45fd] [YouTrack@127.0.0.1] Saved 1 change bundle(s)
14 Aug 2026 07:15:01,946 INFO  [EventProcessor      ] [qtp289303711-49     ] [4f-df9d-795c-9c5f-9d941bee45fd] [YouTrack@127.0.0.1] Collected changes
Update by YouTrack[65c3714a-9d72-49d4-b98b-dc8fe4215020] @2026-08-14T07:15:01.945+0000
	UPDATE: JPService[65c3714a-9d72-49d4-b98b-dc8fe4215020](YouTrack)
		redirectUri[String]: http://youtrack-server:8080
./admin/hub
http://fd29b82ae489:8080/oauth
http://127.0.0.1:8080/oauth
http://youtrack-server:8080/oauth
./oauth
http://fd29b82ae489:8080/admin/hub
http://127.0.0.1:8080/admin/hub
http://127.0.0.1:8080/oauth?v2
http://localhost:8080/oauth
http://localhost:8080/oauth?v2
http://fd29b82ae489:8080
http://127.0.0.1:8080
http://localhost:8080
http://fd29b82ae489:8080/oauth?v2
http://localhost:8080/admin/hub
http://youtrack-server:8080/admin/hub
./oauth?v2
http://youtrack-server:8080/oauth?v2 -> ./admin/hub
./oauth
./oauth?v2
http://127.0.0.1:8080
http://127.0.0.1:8080/admin/hub
http://127.0.0.1:8080/oauth
http://127.0.0.1:8080/oauth?v2
http://fd29b82ae489:8080
http://fd29b82ae489:8080/admin/hub
http://fd29b82ae489:8080/oauth
http://fd29b82ae489:8080/oauth?v2
http://localhost:8080
http://localhost:8080/admin/hub
http://localhost:8080/oauth
http://localhost:8080/oauth?v2
http://youtrack-server:8080
http://youtrack-server:8080/admin/hub
http://youtrack-server:8080/oauth
http://youtrack-server:8080/oauth?v2
		secretHash[String]: *** -> ***
14 Aug 2026 07:15:01,951 INFO  [EventProcessor      ] [ver-pool-14-thread-1] [4f-df9d-795c-9c5f-9d941bee45fd] [YouTrack@127.0.0.1] Saved 1 change bundle(s)
14 Aug 2026 07:15:02,081 INFO  [XdPublicSettings    ] [qtp289303711-55     ] [4f-df9d-795c-9c5f-9d941bee45fd] [YouTrack@127.0.0.1] Language is set to: en
14 Aug 2026 07:15:02,244 INFO  [EventProcessor      ] [qtp289303711-55     ] [4f-df9d-795c-9c5f-9d941bee45fd] [YouTrack@127.0.0.1] Collected changes
Update by YouTrack[65c3714a-9d72-49d4-b98b-dc8fe4215020] @2026-08-14T07:15:02.242+0000
	UPDATE: ApplicationPublicSettings[7b1ffa2b-1224-4447-be53-29fa2b8b45dc](public[7b1ffa2b-1224-4447-be53-29fa2b8b45dc])
		locale[String]: ru -> en
14 Aug 2026 07:15:02,258 INFO  [EventProcessor      ] [ver-pool-14-thread-1] [4f-df9d-795c-9c5f-9d941bee45fd] [YouTrack@127.0.0.1] Saved 1 change bundle(s)
14 Aug 2026 07:15:02,863 INFO  [EventProcessor      ] [qtp289303711-60     ] [4f-df9d-795c-9c5f-9d941bee45fd] [YouTrack@127.0.0.1] Collected changes
Update by YouTrack[65c3714a-9d72-49d4-b98b-dc8fe4215020] @2026-08-14T07:15:02.863+0000
	UPDATE: JPService[65c3714a-9d72-49d4-b98b-dc8fe4215020](YouTrack)
		secretHash[String]: *** -> ***
14 Aug 2026 07:15:02,871 INFO  [EventProcessor      ] [ver-pool-14-thread-1] [4f-df9d-795c-9c5f-9d941bee45fd] [YouTrack@127.0.0.1] Saved 1 change bundle(s)
14 Aug 2026 07:15:42,838 INFO  [LoginHandlerImpl    ] [qtp289303711-46     ] [ec-3238-8f45-1461-0b312db425aa] [172.19.0.4] User admin [81e9d0d5-1200-49c0-99db-bf14d37ee05b] was logged in via Hub auth module with [username: admin, serviceId: 65c3714a-9d72-49d4-b98b-dc8fe4215020]
14 Aug 2026 07:15:42,838 INFO  [LoginHandlerImpl    ] [qtp289303711-53     ] [33-5b07-ca33-0cb7-c917645c8d3d] [172.19.0.4] User admin [81e9d0d5-1200-49c0-99db-bf14d37ee05b] was logged in via Hub auth module with [username: admin, serviceId: 65c3714a-9d72-49d4-b98b-dc8fe4215020]
14 Aug 2026 07:16:05,874 INFO  [LoginHandlerImpl    ] [qtp289303711-46     ] [42-6116-66b1-bab0-3b713ca875d6] [172.19.0.4] User admin [81e9d0d5-1200-49c0-99db-bf14d37ee05b] was logged in via Hub auth module with [username: admin, serviceId: 65c3714a-9d72-49d4-b98b-dc8fe4215020]
14 Aug 2026 07:16:06,212 INFO  [LoginHandlerImpl    ] [qtp289303711-48     ] [bd-6c76-aea1-c497-c45240a48eb7] [172.19.0.4] User admin [81e9d0d5-1200-49c0-99db-bf14d37ee05b] was logged in via Hub auth module with [username: admin, serviceId: 65c3714a-9d72-49d4-b98b-dc8fe4215020]
14 Aug 2026 07:16:27,502 INFO  [LoginHandlerImpl    ] [qtp289303711-76     ] [c5-1126-16e3-05aa-bf9163916974] [172.19.0.4] User admin [81e9d0d5-1200-49c0-99db-bf14d37ee05b] was logged in via Hub auth module with [username: admin, serviceId: 65c3714a-9d72-49d4-b98b-dc8fe4215020]
14 Aug 2026 07:16:27,576 INFO  [PermissionCache     ] [pool-20-thread-1    ] [] [] Start recalculating permissions cache [3]
14 Aug 2026 07:16:27,634 INFO  [PermissionCache     ] [pool-20-thread-1    ] [] [] Finish recalculating permissions cache [3] in: 0.047310627s, total user clusters: 1
14 Aug 2026 07:16:28,258 INFO  [LoginHandlerImpl    ] [qtp289303711-188    ] [40-29dd-0b2c-8e12-87c31159915a] [172.19.0.4] User admin [81e9d0d5-1200-49c0-99db-bf14d37ee05b] was logged in via Hub auth module with [username: admin, serviceId: 65c3714a-9d72-49d4-b98b-dc8fe4215020]
14 Aug 2026 07:16:50,518 INFO  [LoginHandlerImpl    ] [qtp289303711-48     ] [4a-c695-713d-a152-333480f78f8b] [172.19.0.4] User admin [81e9d0d5-1200-49c0-99db-bf14d37ee05b] was logged in via Hub auth module with [username: admin, serviceId: 65c3714a-9d72-49d4-b98b-dc8fe4215020]
14 Aug 2026 07:16:50,529 INFO  [LoginHandlerImpl    ] [qtp289303711-55     ] [d4-3819-4725-16e5-a7e1c93c610d] [172.19.0.4] User admin [81e9d0d5-1200-49c0-99db-bf14d37ee05b] was logged in via Hub auth module with [username: admin, serviceId: 65c3714a-9d72-49d4-b98b-dc8fe4215020]
14 Aug 2026 07:17:31,651 INFO  [LoginHandlerImpl    ] [qtp289303711-191    ] [7f-b658-323e-60f7-252d9b916fc5] [172.19.0.4] User admin [81e9d0d5-1200-49c0-99db-bf14d37ee05b] was logged in via Hub auth module with [username: admin, serviceId: 65c3714a-9d72-49d4-b98b-dc8fe4215020]
14 Aug 2026 07:17:32,359 INFO  [LoginHandlerImpl    ] [qtp289303711-48     ] [cf-d283-bdbd-84be-4da9d342591b] [172.19.0.4] User admin [81e9d0d5-1200-49c0-99db-bf14d37ee05b] was logged in via Hub auth module with [username: admin, serviceId: 65c3714a-9d72-49d4-b98b-dc8fe4215020]
14 Aug 2026 07:43:05,649 INFO  [LoginHandlerImpl    ] [qtp289303711-298    ] [32-75cd-361c-f298-86de758e55fe] [172.19.0.4] User admin [81e9d0d5-1200-49c0-99db-bf14d37ee05b] was logged in via Hub auth module with [username: admin, serviceId: 65c3714a-9d72-49d4-b98b-dc8fe4215020]
14 Aug 2026 07:43:05,651 INFO  [LoginHandlerImpl    ] [qtp289303711-300    ] [f9-0a89-cc59-e341-58eec90d00e4] [172.19.0.4] User admin [81e9d0d5-1200-49c0-99db-bf14d37ee05b] was logged in via Hub auth module with [username: admin, serviceId: 65c3714a-9d72-49d4-b98b-dc8fe4215020]
14 Aug 2026 07:43:05,669 INFO  [LoginHandlerImpl    ] [qtp289303711-191    ] [c8-209c-03e6-5a20-924fb131f31b] [172.19.0.4] User admin [81e9d0d5-1200-49c0-99db-bf14d37ee05b] was logged in via Hub auth module with [username: admin, serviceId: 65c3714a-9d72-49d4-b98b-dc8fe4215020]
14 Aug 2026 07:43:19,918 INFO  [LoginHandlerImpl    ] [qtp289303711-191    ] [ea-ab6f-75fd-5ec1-b7a206cc19c2] [172.19.0.4] User admin [81e9d0d5-1200-49c0-99db-bf14d37ee05b] was logged in via Hub auth module with [username: admin, serviceId: 65c3714a-9d72-49d4-b98b-dc8fe4215020]
14 Aug 2026 07:43:20,652 INFO  [LoginHandlerImpl    ] [qtp289303711-308    ] [27-0db8-802b-5a68-b6c1ba39488d] [172.19.0.4] User admin [81e9d0d5-1200-49c0-99db-bf14d37ee05b] was logged in via Hub auth module with [username: admin, serviceId: 65c3714a-9d72-49d4-b98b-dc8fe4215020]
14 Aug 2026 07:49:20,127 INFO  [LoginHandlerImpl    ] [qtp289303711-303    ] [98-3869-9dcf-ae82-f81bb238bab6] [172.19.0.4] User admin [81e9d0d5-1200-49c0-99db-bf14d37ee05b] was logged in via Hub auth module with [username: admin, serviceId: 65c3714a-9d72-49d4-b98b-dc8fe4215020]
14 Aug 2026 07:49:20,161 INFO  [LoginHandlerImpl    ] [qtp289303711-190    ] [07-2d78-af5c-2e79-81a4eb2683cb] [172.19.0.4] User admin [81e9d0d5-1200-49c0-99db-bf14d37ee05b] was logged in via Hub auth module with [username: admin, serviceId: 65c3714a-9d72-49d4-b98b-dc8fe4215020]
14 Aug 2026 07:49:20,218 INFO  [LoginHandlerImpl    ] [qtp289303711-304    ] [16-ff5f-9e7b-0765-27ad9affde34] [172.19.0.4] User admin [81e9d0d5-1200-49c0-99db-bf14d37ee05b] was logged in via Hub auth module with [username: admin, serviceId: 65c3714a-9d72-49d4-b98b-dc8fe4215020]
14 Aug 2026 07:49:24,157 INFO  [LoginHandlerImpl    ] [qtp289303711-310    ] [85-210c-0de0-629d-6532d03615fd] [172.19.0.4] User admin [81e9d0d5-1200-49c0-99db-bf14d37ee05b] was logged in via Hub auth module with [username: admin, serviceId: 65c3714a-9d72-49d4-b98b-dc8fe4215020]
14 Aug 2026 07:49:30,664 INFO  [LoginHandlerImpl    ] [qtp289303711-190    ] [c4-83d4-9441-0ecd-d461924145e6] [172.19.0.4] User admin [81e9d0d5-1200-49c0-99db-bf14d37ee05b] was logged in via Hub auth module with [username: admin, serviceId: 65c3714a-9d72-49d4-b98b-dc8fe4215020]
14 Aug 2026 07:49:33,027 INFO  [LoginHandlerImpl    ] [qtp289303711-302    ] [51-a890-5e1f-2815-9303f5836f18] [172.19.0.4] User admin [81e9d0d5-1200-49c0-99db-bf14d37ee05b] was logged in via Hub auth module with [username: admin, serviceId: 65c3714a-9d72-49d4-b98b-dc8fe4215020]
14 Aug 2026 07:49:40,834 INFO  [LoginHandlerImpl    ] [qtp289303711-303    ] [79-fb5c-594a-0875-b8c774f2716f] [172.19.0.4] User admin [81e9d0d5-1200-49c0-99db-bf14d37ee05b] was logged in via Hub auth module with [username: admin, serviceId: 65c3714a-9d72-49d4-b98b-dc8fe4215020]
14 Aug 2026 07:50:51,548 INFO  [LoginHandlerImpl    ] [qtp289303711-303    ] [df-4144-1c2c-1879-f232212d9a65] [172.19.0.4] User admin [81e9d0d5-1200-49c0-99db-bf14d37ee05b] was logged in via Hub auth module with [username: admin, serviceId: 65c3714a-9d72-49d4-b98b-dc8fe4215020]
14 Aug 2026 07:50:51,592 INFO  [LoginHandlerImpl    ] [qtp289303711-308    ] [de-c962-948a-6d31-644a6be9200d] [172.19.0.4] User admin [81e9d0d5-1200-49c0-99db-bf14d37ee05b] was logged in via Hub auth module with [username: admin, serviceId: 65c3714a-9d72-49d4-b98b-dc8fe4215020]
14 Aug 2026 07:50:52,539 INFO  [LoginHandlerImpl    ] [qtp289303711-302    ] [f5-4c7a-7992-4722-e24576aecf40] [172.19.0.4] User admin [81e9d0d5-1200-49c0-99db-bf14d37ee05b] was logged in via Hub auth module with [username: admin, serviceId: 65c3714a-9d72-49d4-b98b-dc8fe4215020]
14 Aug 2026 07:51:01,463 INFO  [LoginHandlerImpl    ] [qtp289303711-190    ] [7e-4382-3f26-9bd2-c48765930e9d] [172.19.0.4] User admin [81e9d0d5-1200-49c0-99db-bf14d37ee05b] was logged in via Hub auth module with [username: admin, serviceId: 65c3714a-9d72-49d4-b98b-dc8fe4215020]
14 Aug 2026 07:51:07,133 INFO  [LoginHandlerImpl    ] [qtp289303711-296    ] [1b-ddcb-23d3-f3c5-f9404f4e8133] [172.19.0.4] User admin [81e9d0d5-1200-49c0-99db-bf14d37ee05b] was logged in via Hub auth module with [username: admin, serviceId: 65c3714a-9d72-49d4-b98b-dc8fe4215020]
14 Aug 2026 07:51:09,390 INFO  [LoginHandlerImpl    ] [qtp289303711-296    ] [81-fe19-fbc7-1b33-53adcb5d244d] [172.19.0.4] User admin [81e9d0d5-1200-49c0-99db-bf14d37ee05b] was logged in via Hub auth module with [username: admin, serviceId: 65c3714a-9d72-49d4-b98b-dc8fe4215020]
14 Aug 2026 07:51:11,256 INFO  [LoginHandlerImpl    ] [qtp289303711-323    ] [e3-b394-4f7a-723e-015391da2226] [172.19.0.4] User admin [81e9d0d5-1200-49c0-99db-bf14d37ee05b] was logged in via Hub auth module with [username: admin, serviceId: 65c3714a-9d72-49d4-b98b-dc8fe4215020]
14 Aug 2026 08:09:02,314 INFO  [LoginHandlerImpl    ] [qtp289303711-351    ] [d5-90ab-36b6-da48-32ab1e88030b] [172.19.0.4] User admin [81e9d0d5-1200-49c0-99db-bf14d37ee05b] was logged in via Hub auth module with [username: admin, serviceId: 65c3714a-9d72-49d4-b98b-dc8fe4215020]
14 Aug 2026 08:09:02,779 INFO  [LoginHandlerImpl    ] [qtp289303711-312    ] [f7-42de-8559-8984-7adf0cccd59e] [172.19.0.4] User admin [81e9d0d5-1200-49c0-99db-bf14d37ee05b] was logged in via Hub auth module with [username: admin, serviceId: 65c3714a-9d72-49d4-b98b-dc8fe4215020]
14 Aug 2026 08:09:02,923 INFO  [LoginHandlerImpl    ] [qtp289303711-351    ] [97-db93-6c1a-a770-8061903636e5] [172.19.0.4] User admin [81e9d0d5-1200-49c0-99db-bf14d37ee05b] was logged in via Hub auth module with [username: admin, serviceId: 65c3714a-9d72-49d4-b98b-dc8fe4215020]
14 Aug 2026 08:09:06,608 INFO  [LoginHandlerImpl    ] [qtp289303711-351    ] [8f-774a-0f8f-699a-e7544094f2de] [172.19.0.4] User admin [81e9d0d5-1200-49c0-99db-bf14d37ee05b] was logged in via Hub auth module with [username: admin, serviceId: 65c3714a-9d72-49d4-b98b-dc8fe4215020]
14 Aug 2026 08:09:15,314 INFO  [LoginHandlerImpl    ] [qtp289303711-421    ] [d1-4f15-2919-1f1d-a1d65d0a6ba0] [172.19.0.4] User admin [81e9d0d5-1200-49c0-99db-bf14d37ee05b] was logged in via Hub auth module with [username: admin, serviceId: 65c3714a-9d72-49d4-b98b-dc8fe4215020]
14 Aug 2026 08:09:26,369 INFO  [LoginHandlerImpl    ] [qtp289303711-297    ] [9b-6b1f-79b8-73e1-16af6d119132] [172.19.0.4] User admin [81e9d0d5-1200-49c0-99db-bf14d37ee05b] was logged in via Hub auth module with [username: admin, serviceId: 65c3714a-9d72-49d4-b98b-dc8fe4215020]
14 Aug 2026 08:09:32,148 INFO  [LoginHandlerImpl    ] [qtp289303711-311    ] [0b-e4f2-6a0b-755d-304c8a3b79ae] [172.19.0.4] User admin [81e9d0d5-1200-49c0-99db-bf14d37ee05b] was logged in via Hub auth module with [username: admin, serviceId: 65c3714a-9d72-49d4-b98b-dc8fe4215020]
14 Aug 2026 08:21:50,659 INFO  [LoginHandlerImpl    ] [qtp289303711-311    ] [02-d202-e21b-1fb2-3e59a37d9216] [172.19.0.4] User admin [81e9d0d5-1200-49c0-99db-bf14d37ee05b] was logged in via Hub auth module with [username: admin, serviceId: 65c3714a-9d72-49d4-b98b-dc8fe4215020]
14 Aug 2026 08:21:50,757 INFO  [LoginHandlerImpl    ] [qtp289303711-438    ] [40-d595-19af-eb0c-7963dcdaa330] [172.19.0.4] User admin [81e9d0d5-1200-49c0-99db-bf14d37ee05b] was logged in via Hub auth module with [username: admin, serviceId: 65c3714a-9d72-49d4-b98b-dc8fe4215020]
14 Aug 2026 08:25:21,171 INFO  [LoginHandlerImpl    ] [qtp289303711-423    ] [ac-01e0-1819-1668-142947e41675] [172.19.0.4] User admin [81e9d0d5-1200-49c0-99db-bf14d37ee05b] was logged in via Hub auth module with [username: admin, serviceId: 65c3714a-9d72-49d4-b98b-dc8fe4215020]
14 Aug 2026 08:25:21,510 INFO  [LoginHandlerImpl    ] [qtp289303711-439    ] [35-ebcf-e8dd-3258-e48c8c37452d] [172.19.0.4] User admin [81e9d0d5-1200-49c0-99db-bf14d37ee05b] was logged in via Hub auth module with [username: admin, serviceId: 65c3714a-9d72-49d4-b98b-dc8fe4215020]
14 Aug 2026 08:44:57,203 INFO  [LoginHandlerImpl    ] [qtp289303711-423    ] [ee-9833-ad85-0f60-8fd9da69a40a] [172.19.0.4] User admin [81e9d0d5-1200-49c0-99db-bf14d37ee05b] was logged in via Hub auth module with [username: admin, serviceId: 65c3714a-9d72-49d4-b98b-dc8fe4215020]
14 Aug 2026 08:44:57,374 INFO  [LoginHandlerImpl    ] [qtp289303711-420    ] [b9-34b2-4504-b4e5-ac60e9428889] [172.19.0.4] User admin [81e9d0d5-1200-49c0-99db-bf14d37ee05b] was logged in via Hub auth module with [username: admin, serviceId: 65c3714a-9d72-49d4-b98b-dc8fe4215020]
14 Aug 2026 08:44:57,457 INFO  [LoginHandlerImpl    ] [qtp289303711-584    ] [b7-df2c-0eed-2adb-30cf52d915d8] [172.19.0.4] User admin [81e9d0d5-1200-49c0-99db-bf14d37ee05b] was logged in via Hub auth module with [username: admin, serviceId: 65c3714a-9d72-49d4-b98b-dc8fe4215020]
14 Aug 2026 08:45:00,982 INFO  [LoginHandlerImpl    ] [qtp289303711-590    ] [2e-f798-184f-8873-46c669c294ca] [172.19.0.4] User admin [81e9d0d5-1200-49c0-99db-bf14d37ee05b] was logged in via Hub auth module with [username: admin, serviceId: 65c3714a-9d72-49d4-b98b-dc8fe4215020]
14 Aug 2026 08:45:09,676 INFO  [LoginHandlerImpl    ] [qtp289303711-420    ] [79-fa39-c02d-d5da-f49605bffaf4] [172.19.0.4] User admin [81e9d0d5-1200-49c0-99db-bf14d37ee05b] was logged in via Hub auth module with [username: admin, serviceId: 65c3714a-9d72-49d4-b98b-dc8fe4215020]
14 Aug 2026 08:50:45,495 INFO  [LoginHandlerImpl    ] [qtp289303711-510    ] [cb-6780-86c9-e456-79d0d03a22ab] [172.19.0.4] User admin [81e9d0d5-1200-49c0-99db-bf14d37ee05b] was logged in via Hub auth module with [username: admin, serviceId: 65c3714a-9d72-49d4-b98b-dc8fe4215020]
14 Aug 2026 08:50:45,530 INFO  [LoginHandlerImpl    ] [qtp289303711-580    ] [e5-ac96-9055-44af-61d35868e9d4] [172.19.0.4] User admin [81e9d0d5-1200-49c0-99db-bf14d37ee05b] was logged in via Hub auth module with [username: admin, serviceId: 65c3714a-9d72-49d4-b98b-dc8fe4215020]
14 Aug 2026 08:50:46,293 INFO  [LoginHandlerImpl    ] [qtp289303711-582    ] [0e-052d-d442-2c6c-e4e9e354ea3d] [172.19.0.4] User admin [81e9d0d5-1200-49c0-99db-bf14d37ee05b] was logged in via Hub auth module with [username: admin, serviceId: 65c3714a-9d72-49d4-b98b-dc8fe4215020]
14 Aug 2026 08:50:51,202 INFO  [LoginHandlerImpl    ] [qtp289303711-598    ] [41-28f8-b607-5ff2-ac744fbbaadb] [172.19.0.4] User admin [81e9d0d5-1200-49c0-99db-bf14d37ee05b] was logged in via Hub auth module with [username: admin, serviceId: 65c3714a-9d72-49d4-b98b-dc8fe4215020]
14 Aug 2026 08:50:56,660 INFO  [LoginHandlerImpl    ] [qtp289303711-311    ] [f8-c442-ddfe-7167-0d1b356787e6] [172.19.0.4] User admin [81e9d0d5-1200-49c0-99db-bf14d37ee05b] was logged in via Hub auth module with [username: admin, serviceId: 65c3714a-9d72-49d4-b98b-dc8fe4215020]
14 Aug 2026 08:54:14,569 INFO  [LoginHandlerImpl    ] [qtp289303711-598    ] [e9-85e2-fa76-5430-1ff560d3424f] [172.19.0.4] User admin [81e9d0d5-1200-49c0-99db-bf14d37ee05b] was logged in via Hub auth module with [username: admin, serviceId: 65c3714a-9d72-49d4-b98b-dc8fe4215020]
14 Aug 2026 08:54:14,626 INFO  [LoginHandlerImpl    ] [qtp289303711-602    ] [ec-0631-526e-28c0-f12e4a8e1424] [172.19.0.4] User admin [81e9d0d5-1200-49c0-99db-bf14d37ee05b] was logged in via Hub auth module with [username: admin, serviceId: 65c3714a-9d72-49d4-b98b-dc8fe4215020]
14 Aug 2026 08:57:17,676 INFO  [LoginHandlerImpl    ] [qtp289303711-582    ] [56-49c2-23f8-63d5-f532ae8d4fb2] [172.19.0.4] User admin [81e9d0d5-1200-49c0-99db-bf14d37ee05b] was logged in via Hub auth module with [username: admin, serviceId: 65c3714a-9d72-49d4-b98b-dc8fe4215020]
14 Aug 2026 08:57:17,683 INFO  [LoginHandlerImpl    ] [qtp289303711-509    ] [57-5cb5-8a11-8dbf-8f6e1d264a8a] [172.19.0.4] User admin [81e9d0d5-1200-49c0-99db-bf14d37ee05b] was logged in via Hub auth module with [username: admin, serviceId: 65c3714a-9d72-49d4-b98b-dc8fe4215020]
14 Aug 2026 09:01:53,291 INFO  [LoginHandlerImpl    ] [qtp289303711-583    ] [c0-4b67-8d2b-3292-a47a455016ce] [172.19.0.4] User admin [81e9d0d5-1200-49c0-99db-bf14d37ee05b] was logged in via Hub auth module with [username: admin, serviceId: 65c3714a-9d72-49d4-b98b-dc8fe4215020]
14 Aug 2026 09:01:54,006 INFO  [LoginHandlerImpl    ] [qtp289303711-583    ] [26-3aac-e6f3-beaf-22b8c321711e] [172.19.0.4] User admin [81e9d0d5-1200-49c0-99db-bf14d37ee05b] was logged in via Hub auth module with [username: admin, serviceId: 65c3714a-9d72-49d4-b98b-dc8fe4215020]
14 Aug 2026 09:01:54,099 INFO  [LoginHandlerImpl    ] [qtp289303711-584    ] [f5-54d3-cd8e-bd49-fae96a55ab86] [172.19.0.4] User admin [81e9d0d5-1200-49c0-99db-bf14d37ee05b] was logged in via Hub auth module with [username: admin, serviceId: 65c3714a-9d72-49d4-b98b-dc8fe4215020]
14 Aug 2026 09:01:57,490 INFO  [LoginHandlerImpl    ] [qtp289303711-510    ] [f9-ca40-ccab-914f-5f9f56615f87] [172.19.0.4] User admin [81e9d0d5-1200-49c0-99db-bf14d37ee05b] was logged in via Hub auth module with [username: admin, serviceId: 65c3714a-9d72-49d4-b98b-dc8fe4215020]
14 Aug 2026 09:02:03,881 INFO  [LoginHandlerImpl    ] [qtp289303711-597    ] [8b-c9e3-24c8-f66d-09977d9eb464] [172.19.0.4] User admin [81e9d0d5-1200-49c0-99db-bf14d37ee05b] was logged in via Hub auth module with [username: admin, serviceId: 65c3714a-9d72-49d4-b98b-dc8fe4215020]
14 Aug 2026 09:03:01,766 INFO  [LoginHandlerImpl    ] [qtp289303711-580    ] [f3-545a-a297-130f-74ca5e422f59] [172.19.0.4] User admin [81e9d0d5-1200-49c0-99db-bf14d37ee05b] was logged in via Hub auth module with [username: admin, serviceId: 65c3714a-9d72-49d4-b98b-dc8fe4215020]
14 Aug 2026 09:03:02,096 INFO  [LoginHandlerImpl    ] [qtp289303711-597    ] [7c-1997-a8d9-0dab-bc327f83aeab] [172.19.0.4] User admin [81e9d0d5-1200-49c0-99db-bf14d37ee05b] was logged in via Hub auth module with [username: admin, serviceId: 65c3714a-9d72-49d4-b98b-dc8fe4215020]
14 Aug 2026 09:03:02,748 INFO  [LoginHandlerImpl    ] [qtp289303711-423    ] [4d-566a-ec27-b565-0e8d79ce27f3] [172.19.0.4] User admin [81e9d0d5-1200-49c0-99db-bf14d37ee05b] was logged in via Hub auth module with [username: admin, serviceId: 65c3714a-9d72-49d4-b98b-dc8fe4215020]
14 Aug 2026 09:03:05,460 INFO  [LoginHandlerImpl    ] [qtp289303711-420    ] [55-bc22-ad1f-7809-2e4faa72f590] [172.19.0.4] User admin [81e9d0d5-1200-49c0-99db-bf14d37ee05b] was logged in via Hub auth module with [username: admin, serviceId: 65c3714a-9d72-49d4-b98b-dc8fe4215020]
14 Aug 2026 09:03:07,048 INFO  [LoginHandlerImpl    ] [qtp289303711-658    ] [00-2416-c5f0-9fe4-fc712b7b0b70] [172.19.0.4] User admin [81e9d0d5-1200-49c0-99db-bf14d37ee05b] was logged in via Hub auth module with [username: admin, serviceId: 65c3714a-9d72-49d4-b98b-dc8fe4215020]
15 Aug 2026 18:27:54,045 INFO  [sDispatcherProcessor] [reporter-19-thread-1] [init] [init] Job report:
  Pending job count: 0
  Running jobs: []
16 Aug 2026 09:42:04,010 INFO  [sDispatcherProcessor] [reporter-19-thread-1] [init] [init] Job report:
  Pending job count: 0
  Running jobs: []
16 Aug 2026 10:42:51,850 INFO  [EntityIterableCache ] [acheCountsProcessor0] [] [] Cached (inconsistent) in 1361 ms, handle=11-8-43-91-executing-9-43-95--9223372036854775808-1786876366001
16 Aug 2026 10:46:11,143 INFO  [EntityIterableCache ] [rableCacheProcessor0] [] [] Cached in 2140 ms, handle=16-43-95-11-8-43-91-executing-9-43-95--9223372036854775808-1786876569000-0-1
16 Aug 2026 11:24:22,048 INFO  [sDispatcherProcessor] [reporter-19-thread-1] [init] [init] Job report:
  Pending job count: 0
  Running jobs: [
 j.h.s.cron.persistence.PersistentJobsDispatcherJob:fa7aff0f14f0(metadata=null, state=COMPLETED, priority=NORMAL, executingThread=persistent-jobs-dispatcher-pool-12-thread-1, timing=(createdAt=2026-08-16T11:24:22.001366713Z, pending=0ms, running=4ms, lifetime=4ms)) 
]
16 Aug 2026 18:55:20,010 INFO  [sDispatcherProcessor] [reporter-19-thread-1] [init] [init] Job report:
  Pending job count: 0
  Running jobs: []
17 Aug 2026 11:34:09,001 INFO  [sDispatcherProcessor] [reporter-19-thread-1] [init] [init] Job report:
  Pending job count: 0
  Running jobs: []
17 Aug 2026 11:37:30,252 INFO  [LoginHandlerImpl    ] [qtp289303711-7124   ] [20-347f-6ce9-3bb7-114c3f11a0e1] [172.19.0.1] User admin [81e9d0d5-1200-49c0-99db-bf14d37ee05b] was logged in via Hub auth module with [username: admin, serviceId: 65c3714a-9d72-49d4-b98b-dc8fe4215020]
17 Aug 2026 12:03:34,814 INFO  [LoginHandlerImpl    ] [qtp289303711-7498   ] [1a-d8a1-f445-55b8-346322b4b9dd] [172.19.0.1] User admin [81e9d0d5-1200-49c0-99db-bf14d37ee05b] was logged in via Hub auth module with [username: admin, serviceId: 65c3714a-9d72-49d4-b98b-dc8fe4215020]
17 Aug 2026 12:14:01,677 INFO  [EventProcessor      ] [qtp289303711-7495   ] [f9-2e0a-bdf4-f35f-a021b7176762] [admin@172.19.0.1] Collected changes
Update by admin[81e9d0d5-1200-49c0-99db-bf14d37ee05b] @2026-08-17T12:14:01.634+0000
	UPDATE: JPUser[81e9d0d5-1200-49c0-99db-bf14d37ee05b](admin)
		permanentTokens[JPPermanentToken]: 
			author[JPRoleHolder]: [] -> [36-1(admin)[81e9d0d5-1200-49c0-99db-bf14d37ee05b]]
			scope[JPService]: [] -> [35-1(YouTrack)[65c3714a-9d72-49d4-b98b-dc8fe4215020], 19-0(YouTrack Administration)[0-0-0-0-0]]
			subject[JPRoleHolder]: [] -> [36-1(admin)[81e9d0d5-1200-49c0-99db-bf14d37ee05b]]
			name[String]: null -> admin1
			creationTime[DateTime]: null -> 1786968841585
			id[String]: null -> 45-0
17 Aug 2026 12:14:01,753 INFO  [EventProcessor      ] [ver-pool-14-thread-2] [f9-2e0a-bdf4-f35f-a021b7176762] [admin@172.19.0.1] Saved 1 change bundle(s)
17 Aug 2026 12:15:01,038 INFO  [EntityIterableCache ] [rableCacheProcessor0] [] [] Caching forcibly stopped for handle 8-44-9-8815a904-b04b-41b5-9f8d-5d60a5b8233e: cache adapter is obsolete, caching time: 18 ms
17 Aug 2026 12:17:56,385 INFO  [LoginHandlerImpl    ] [qtp289303711-7495   ] [ff-dade-e1e8-b038-a06b551275f5] [172.19.0.1] User admin [81e9d0d5-1200-49c0-99db-bf14d37ee05b] was logged in via Hub auth module with [username: admin, serviceId: 65c3714a-9d72-49d4-b98b-dc8fe4215020]
17 Aug 2026 13:15:01,058 INFO  [EntityIterableCache ] [rableCacheProcessor0] [] [] Caching forcibly stopped for handle 8-44-9-fbebdcd8-3983-4630-b55f-75cf69da2260: cache adapter is obsolete, caching time: 44 ms
18 Aug 2026 09:05:24,869 INFO  [Reflections         ] [APP-WRAPPER] Proxy 1] [init] [init] Reflections took 589 ms to scan 8 urls, producing 908 keys and 28987 values
18 Aug 2026 09:05:30,495 INFO  [chedulerSignalerImpl] [APP-WRAPPER] Proxy 1] [init] [init] Initialized Scheduler Signaler of type: class org.quartz.core.SchedulerSignalerImpl
18 Aug 2026 09:05:30,497 INFO  [RAMJobStore         ] [APP-WRAPPER] Proxy 1] [init] [init] RAMJobStore initialized.
18 Aug 2026 09:05:30,497 INFO  [ShutdownHookPlugin  ] [APP-WRAPPER] Proxy 1] [init] [init] Registering Quartz shutdown hook.
18 Aug 2026 09:05:30,747 INFO  [CacheUpdaterListener] [APP-WRAPPER] Proxy 1] [init] [init] Starting permission cache updater
18 Aug 2026 09:05:31,400 INFO  [QuartzScheduler     ] [APP-WRAPPER] Proxy 1] [init] [init] Scheduler started.
18 Aug 2026 09:05:32,703 INFO  [SpringInitializer   ] [APP-WRAPPER] Proxy 1] [init] [init] Initializing DNQ...
18 Aug 2026 09:05:32,934 ERROR [Log                 ] [APP-WRAPPER] Proxy 1] [init] [init] Unexpected size of the last segment /opt/youtrack/data/hub/00000000000.xd , segment size should be quantified by page size. Segment size 2347070. Page size 32768
18 Aug 2026 09:05:32,934 WARN  [Log                 ] [APP-WRAPPER] Proxy 1] [init] [init] Environment located at /opt/youtrack/data/hub has been closed incorrectly. Data check routine is started to assess data consistency ...
18 Aug 2026 09:05:32,938 INFO  [Log                 ] [APP-WRAPPER] Proxy 1] [init] [init] Files found in directory /opt/youtrack/data/hub ...
18 Aug 2026 09:05:32,938 INFO  [Log                 ] [APP-WRAPPER] Proxy 1] [init] [init] ------------------------------------------------------
18 Aug 2026 09:05:32,938 INFO  [Log                 ] [APP-WRAPPER] Proxy 1] [init] [init] 00000000000.xd
18 Aug 2026 09:05:32,938 INFO  [Log                 ] [APP-WRAPPER] Proxy 1] [init] [init] ------------------------------------------------------
18 Aug 2026 09:05:32,938 INFO  [Log                 ] [APP-WRAPPER] Proxy 1] [init] [init] Trying to restore database /opt/youtrack/data/hub. Attempt 1
18 Aug 2026 09:05:32,942 INFO  [Log                 ] [APP-WRAPPER] Proxy 1] [init] [init] Files to be checked for data consistency : 
18 Aug 2026 09:05:32,942 INFO  [Log                 ] [APP-WRAPPER] Proxy 1] [init] [init] ------------------------------------------------------
18 Aug 2026 09:05:32,942 INFO  [Log                 ] [APP-WRAPPER] Proxy 1] [init] [init] 00000000000.xd
18 Aug 2026 09:05:32,942 INFO  [Log                 ] [APP-WRAPPER] Proxy 1] [init] [init] ------------------------------------------------------
18 Aug 2026 09:05:32,943 INFO  [Log                 ] [APP-WRAPPER] Proxy 1] [init] [init] File 00000000000.xd is being verified.
18 Aug 2026 09:05:33,197 WARN  [BlockDataIterator   ] [APP-WRAPPER] Proxy 1] [init] [init] Database: /opt/youtrack/data/hub. Page with address 2326528 contained in file 00000000000.xd is broken. Extracting valid part of the page.
18 Aug 2026 09:05:33,200 WARN  [BlockDataIterator   ] [APP-WRAPPER] Proxy 1] [init] [init] Database: /opt/youtrack/data/hub. The valid part of the page with address 2326528 contained in file 00000000000.xd has been extracted. Page size is 20524 bytes. Last address of the file is 2347052.
18 Aug 2026 09:05:33,200 ERROR [Log                 ] [APP-WRAPPER] Proxy 1] [init] [init] Error during verification of database /opt/youtrack/data/hub
jetbrains.exodus.log.DataCorruptionException: Last page was corrupted, address = 2347052, file = 00000000000.xd, database location: /opt/youtrack/data/hub
	at jetbrains.exodus.log.DataCorruptionException.raise(DataCorruptionException.java:60) ~[xodus-environment-3.1.95.jar:3.1.95]
	at jetbrains.exodus.log.BlockDataIterator.hasNext(BlockDataIterator.java:82) ~[xodus-environment-3.1.95.jar:3.1.95]
	at jetbrains.exodus.log.Log.extractRestoreInformation(Log.kt:1134) ~[xodus-environment-3.1.95.jar:3.1.95]
	at jetbrains.exodus.log.Log.checkLogConsistency$lambda$6(Log.kt:830) ~[xodus-environment-3.1.95.jar:3.1.95]
	at jetbrains.exodus.log.DataCorruptionException.computeUnsafe(DataCorruptionException.java:38) ~[xodus-environment-3.1.95.jar:3.1.95]
	at jetbrains.exodus.log.Log.checkLogConsistency(Log.kt:829) ~[xodus-environment-3.1.95.jar:3.1.95]
	at jetbrains.exodus.log.Log.checkLogConsistencyAndUpdateRootAddress(Log.kt:598) ~[xodus-environment-3.1.95.jar:3.1.95]
	at jetbrains.exodus.log.Log.<init>(Log.kt:417) ~[xodus-environment-3.1.95.jar:3.1.95]
	at jetbrains.exodus.env.Environments.newLogInstance(Environments.kt:144) ~[xodus-environment-3.1.95.jar:3.1.95]
	at jetbrains.exodus.env.Environments.newLogInstance(Environments.kt:108) ~[xodus-environment-3.1.95.jar:3.1.95]
	at jetbrains.exodus.env.Environments.newLogInstance(Environments.kt:104) ~[xodus-environment-3.1.95.jar:3.1.95]
	at jetbrains.exodus.env.Environments$newInstance$4.invoke(Environments.kt:59) ~[xodus-environment-3.1.95.jar:3.1.95]
	at jetbrains.exodus.env.Environments$newInstance$4.invoke(Environments.kt:59) ~[xodus-environment-3.1.95.jar:3.1.95]
	at jetbrains.exodus.env.Environments.prepare(Environments.kt:151) ~[xodus-environment-3.1.95.jar:3.1.95]
	at jetbrains.exodus.env.Environments.newInstance(Environments.kt:59) ~[xodus-environment-3.1.95.jar:3.1.95]
	at jetbrains.jetpass.server.main.EnvironmentFactory.createEnvironment(EnvironmentFactory.kt:64) ~[hub-server-2026.2.52366.jar:?]
	at jetbrains.jetpass.server.main.EnvironmentFactory.persistentDataEnvironment(EnvironmentFactory.kt:37) ~[hub-server-2026.2.52366.jar:?]
	at jetbrains.jetpass.server.main.EnvironmentFactory$$SpringCGLIB$$0.CGLIB$persistentDataEnvironment$2(<generated>) ~[hub-server-2026.2.52366.jar:?]
	at jetbrains.jetpass.server.main.EnvironmentFactory$$SpringCGLIB$$FastClass$$1.invoke(<generated>) ~[hub-server-2026.2.52366.jar:?]
	at org.springframework.cglib.proxy.MethodProxy.invokeSuper(MethodProxy.java:258) ~[spring-core-6.2.11.jar:6.2.11]
	at org.springframework.context.annotation.ConfigurationClassEnhancer$BeanMethodInterceptor.intercept(ConfigurationClassEnhancer.java:400) ~[spring-context-6.2.11.jar:6.2.11]
	at jetbrains.jetpass.server.main.EnvironmentFactory$$SpringCGLIB$$0.persistentDataEnvironment(<generated>) ~[hub-server-2026.2.52366.jar:?]
	at jdk.internal.reflect.DirectMethodHandleAccessor.invoke(DirectMethodHandleAccessor.java:103) ~[?:?]
	at java.lang.reflect.Method.invoke(Method.java:580) ~[?:?]
	at org.springframework.beans.factory.support.SimpleInstantiationStrategy.lambda$instantiate$0(SimpleInstantiationStrategy.java:172) ~[spring-beans-6.2.11.jar:6.2.11]
	at org.springframework.beans.factory.support.SimpleInstantiationStrategy.instantiateWithFactoryMethod(SimpleInstantiationStrategy.java:89) ~[spring-beans-6.2.11.jar:6.2.11]
	at org.springframework.beans.factory.support.SimpleInstantiationStrategy.instantiate(SimpleInstantiationStrategy.java:169) ~[spring-beans-6.2.11.jar:6.2.11]
	at org.springframework.beans.factory.support.ConstructorResolver.instantiate(ConstructorResolver.java:653) ~[spring-beans-6.2.11.jar:6.2.11]
	at org.springframework.beans.factory.support.ConstructorResolver.instantiateUsingFactoryMethod(ConstructorResolver.java:489) ~[spring-beans-6.2.11.jar:6.2.11]
	at org.springframework.beans.factory.support.AbstractAutowireCapableBeanFactory.instantiateUsingFactoryMethod(AbstractAutowireCapableBeanFactory.java:1375) ~[spring-beans-6.2.11.jar:6.2.11]
	at org.springframework.beans.factory.support.AbstractAutowireCapableBeanFactory.createBeanInstance(AbstractAutowireCapableBeanFactory.java:1205) ~[spring-beans-6.2.11.jar:6.2.11]
	at org.springframework.beans.factory.support.AbstractAutowireCapableBeanFactory.doCreateBean(AbstractAutowireCapableBeanFactory.java:569) ~[spring-beans-6.2.11.jar:6.2.11]
	at org.springframework.beans.factory.support.AbstractAutowireCapableBeanFactory.createBean(AbstractAutowireCapableBeanFactory.java:529) ~[spring-beans-6.2.11.jar:6.2.11]
	at org.springframework.beans.factory.support.AbstractBeanFactory.lambda$doGetBean$1(AbstractBeanFactory.java:378) ~[spring-beans-6.2.11.jar:6.2.11]
	at jetbrains.youtrack.spring.controller.WebLocalScope.get(WebLocalScope.kt:149) ~[youtrack-spring-6.0.5.jar:?]
	at org.springframework.beans.factory.support.AbstractBeanFactory.doGetBean(AbstractBeanFactory.java:375) ~[spring-beans-6.2.11.jar:6.2.11]
	at org.springframework.beans.factory.support.AbstractBeanFactory.getBean(AbstractBeanFactory.java:202) ~[spring-beans-6.2.11.jar:6.2.11]
	at org.springframework.context.annotation.ConfigurationClassEnhancer$BeanMethodInterceptor.resolveBeanReference(ConfigurationClassEnhancer.java:432) ~[spring-context-6.2.11.jar:6.2.11]
	at org.springframework.context.annotation.ConfigurationClassEnhancer$BeanMethodInterceptor.intercept(ConfigurationClassEnhancer.java:403) ~[spring-context-6.2.11.jar:6.2.11]
	at jetbrains.jetpass.server.main.EnvironmentFactory$$SpringCGLIB$$0.persistentDataEnvironment(<generated>) ~[hub-server-2026.2.52366.jar:?]
	at jetbrains.jetpass.server.main.EnvironmentFactory.persistentEntityStore(EnvironmentFactory.kt:75) ~[hub-server-2026.2.52366.jar:?]
	at jetbrains.jetpass.server.main.EnvironmentFactory$$SpringCGLIB$$0.CGLIB$persistentEntityStore$1(<generated>) ~[hub-server-2026.2.52366.jar:?]
	at jetbrains.jetpass.server.main.EnvironmentFactory$$SpringCGLIB$$FastClass$$1.invoke(<generated>) ~[hub-server-2026.2.52366.jar:?]
	at org.springframework.cglib.proxy.MethodProxy.invokeSuper(MethodProxy.java:258) ~[spring-core-6.2.11.jar:6.2.11]
	at org.springframework.context.annotation.ConfigurationClassEnhancer$BeanMethodInterceptor.intercept(ConfigurationClassEnhancer.java:400) ~[spring-context-6.2.11.jar:6.2.11]
	at jetbrains.jetpass.server.main.EnvironmentFactory$$SpringCGLIB$$0.persistentEntityStore(<generated>) ~[hub-server-2026.2.52366.jar:?]
	at jdk.internal.reflect.DirectMethodHandleAccessor.invoke(DirectMethodHandleAccessor.java:103) ~[?:?]
	at java.lang.reflect.Method.invoke(Method.java:580) ~[?:?]
	at org.springframework.beans.factory.support.SimpleInstantiationStrategy.lambda$instantiate$0(SimpleInstantiationStrategy.java:172) ~[spring-beans-6.2.11.jar:6.2.11]
	at org.springframework.beans.factory.support.SimpleInstantiationStrategy.instantiateWithFactoryMethod(SimpleInstantiationStrategy.java:89) ~[spring-beans-6.2.11.jar:6.2.11]
	at org.springframework.beans.factory.support.SimpleInstantiationStrategy.instantiate(SimpleInstantiationStrategy.java:169) ~[spring-beans-6.2.11.jar:6.2.11]
	at org.springframework.beans.factory.support.ConstructorResolver.instantiate(ConstructorResolver.java:653) ~[spring-beans-6.2.11.jar:6.2.11]
	at org.springframework.beans.factory.support.ConstructorResolver.instantiateUsingFactoryMethod(ConstructorResolver.java:489) ~[spring-beans-6.2.11.jar:6.2.11]
	at org.springframework.beans.factory.support.AbstractAutowireCapableBeanFactory.instantiateUsingFactoryMethod(AbstractAutowireCapableBeanFactory.java:1375) ~[spring-beans-6.2.11.jar:6.2.11]
	at org.springframework.beans.factory.support.AbstractAutowireCapableBeanFactory.createBeanInstance(AbstractAutowireCapableBeanFactory.java:1205) ~[spring-beans-6.2.11.jar:6.2.11]
	at org.springframework.beans.factory.support.AbstractAutowireCapableBeanFactory.doCreateBean(AbstractAutowireCapableBeanFactory.java:569) ~[spring-beans-6.2.11.jar:6.2.11]
	at org.springframework.beans.factory.support.AbstractAutowireCapableBeanFactory.createBean(AbstractAutowireCapableBeanFactory.java:529) ~[spring-beans-6.2.11.jar:6.2.11]
	at org.springframework.beans.factory.support.AbstractBeanFactory.lambda$doGetBean$1(AbstractBeanFactory.java:378) ~[spring-beans-6.2.11.jar:6.2.11]
	at jetbrains.youtrack.spring.controller.WebLocalScope.get(WebLocalScope.kt:149) ~[youtrack-spring-6.0.5.jar:?]
	at org.springframework.beans.factory.support.AbstractBeanFactory.doGetBean(AbstractBeanFactory.java:375) ~[spring-beans-6.2.11.jar:6.2.11]
	at org.springframework.beans.factory.support.AbstractBeanFactory.getBean(AbstractBeanFactory.java:202) ~[spring-beans-6.2.11.jar:6.2.11]
	at org.springframework.context.annotation.ConfigurationClassEnhancer$BeanMethodInterceptor.resolveBeanReference(ConfigurationClassEnhancer.java:432) ~[spring-context-6.2.11.jar:6.2.11]
	at org.springframework.context.annotation.ConfigurationClassEnhancer$BeanMethodInterceptor.intercept(ConfigurationClassEnhancer.java:403) ~[spring-context-6.2.11.jar:6.2.11]
	at jetbrains.jetpass.server.main.EnvironmentFactory$$SpringCGLIB$$0.persistentEntityStore(<generated>) ~[hub-server-2026.2.52366.jar:?]
	at jetbrains.jetpass.server.main.EnvironmentFactory.transientEntityStore(EnvironmentFactory.kt:84) ~[hub-server-2026.2.52366.jar:?]
	at jetbrains.jetpass.server.main.EnvironmentFactory$$SpringCGLIB$$0.CGLIB$transientEntityStore$0(<generated>) ~[hub-server-2026.2.52366.jar:?]
	at jetbrains.jetpass.server.main.EnvironmentFactory$$SpringCGLIB$$FastClass$$1.invoke(<generated>) ~[hub-server-2026.2.52366.jar:?]
	at org.springframework.cglib.proxy.MethodProxy.invokeSuper(MethodProxy.java:258) ~[spring-core-6.2.11.jar:6.2.11]
	at org.springframework.context.annotation.ConfigurationClassEnhancer$BeanMethodInterceptor.intercept(ConfigurationClassEnhancer.java:400) ~[spring-context-6.2.11.jar:6.2.11]
	at jetbrains.jetpass.server.main.EnvironmentFactory$$SpringCGLIB$$0.transientEntityStore(<generated>) ~[hub-server-2026.2.52366.jar:?]
	at jdk.internal.reflect.DirectMethodHandleAccessor.invoke(DirectMethodHandleAccessor.java:103) ~[?:?]
	at java.lang.reflect.Method.invoke(Method.java:580) ~[?:?]
	at org.springframework.beans.factory.support.SimpleInstantiationStrategy.lambda$instantiate$0(SimpleInstantiationStrategy.java:172) ~[spring-beans-6.2.11.jar:6.2.11]
	at org.springframework.beans.factory.support.SimpleInstantiationStrategy.instantiateWithFactoryMethod(SimpleInstantiationStrategy.java:89) ~[spring-beans-6.2.11.jar:6.2.11]
	at org.springframework.beans.factory.support.SimpleInstantiationStrategy.instantiate(SimpleInstantiationStrategy.java:169) ~[spring-beans-6.2.11.jar:6.2.11]
	at org.springframework.beans.factory.support.ConstructorResolver.instantiate(ConstructorResolver.java:653) ~[spring-beans-6.2.11.jar:6.2.11]
	at org.springframework.beans.factory.support.ConstructorResolver.instantiateUsingFactoryMethod(ConstructorResolver.java:645) ~[spring-beans-6.2.11.jar:6.2.11]
	at org.springframework.beans.factory.support.AbstractAutowireCapableBeanFactory.instantiateUsingFactoryMethod(AbstractAutowireCapableBeanFactory.java:1375) ~[spring-beans-6.2.11.jar:6.2.11]
	at org.springframework.beans.factory.support.AbstractAutowireCapableBeanFactory.createBeanInstance(AbstractAutowireCapableBeanFactory.java:1205) ~[spring-beans-6.2.11.jar:6.2.11]
	at org.springframework.beans.factory.support.AbstractAutowireCapableBeanFactory.doCreateBean(AbstractAutowireCapableBeanFactory.java:569) ~[spring-beans-6.2.11.jar:6.2.11]
	at org.springframework.beans.factory.support.AbstractAutowireCapableBeanFactory.createBean(AbstractAutowireCapableBeanFactory.java:529) ~[spring-beans-6.2.11.jar:6.2.11]
	at org.springframework.beans.factory.support.AbstractBeanFactory.lambda$doGetBean$1(AbstractBeanFactory.java:378) ~[spring-beans-6.2.11.jar:6.2.11]
	at jetbrains.youtrack.spring.controller.WebLocalScope.get(WebLocalScope.kt:149) ~[youtrack-spring-6.0.5.jar:?]
	at org.springframework.beans.factory.support.AbstractBeanFactory.doGetBean(AbstractBeanFactory.java:375) ~[spring-beans-6.2.11.jar:6.2.11]
	at org.springframework.beans.factory.support.AbstractBeanFactory.getBean(AbstractBeanFactory.java:202) ~[spring-beans-6.2.11.jar:6.2.11]
	at org.springframework.context.support.AbstractApplicationContext.getBean(AbstractApplicationContext.java:1272) ~[spring-context-6.2.11.jar:6.2.11]
	at jetbrains.hub.server.core.spring.SpringUtils$bean$1.getValue(SpringUtils.kt:28) ~[hub-server-core-2026.2.52366.jar:?]
	at jetbrains.jetpass.userManagement.persistence.InitializationUtilKt.getTransientEntityStore(InitializationUtil.kt:15) ~[hub-server-2026.2.52366.jar:?]
	at jetbrains.jetpass.userManagement.persistence.InitializationUtilKt.initXodusMetaData(InitializationUtil.kt:22) ~[hub-server-2026.2.52366.jar:?]
	at jetbrains.hub.server.SpringInitializer.ensureInitialized(SpringInitializer.kt:152) ~[hub-server-2026.2.52366.jar:?]
	at jetbrains.hub.server.HubRestServlet.init(HubRestServlet.kt:37) ~[hub-webapp-2026.2.52366.jar:?]
	at org.eclipse.jetty.servlet.ServletHolder.initServlet(ServletHolder.java:632) ~[?:?]
	at org.eclipse.jetty.servlet.ServletHolder.initialize(ServletHolder.java:415) ~[?:?]
	at org.eclipse.jetty.servlet.ServletHandler.lambda$initialize$0(ServletHandler.java:750) ~[?:?]
	at java.util.stream.SortedOps$SizedRefSortingSink.end(SortedOps.java:357) ~[?:?]
	at java.util.stream.AbstractPipeline.copyInto(AbstractPipeline.java:510) ~[?:?]
	at java.util.stream.AbstractPipeline.wrapAndCopyInto(AbstractPipeline.java:499) ~[?:?]
	at java.util.stream.StreamSpliterators$WrappingSpliterator.forEachRemaining(StreamSpliterators.java:310) ~[?:?]
	at java.util.stream.Streams$ConcatSpliterator.forEachRemaining(Streams.java:735) ~[?:?]
	at java.util.stream.ReferencePipeline$Head.forEach(ReferencePipeline.java:762) ~[?:?]
	at org.eclipse.jetty.servlet.ServletHandler.initialize(ServletHandler.java:774) ~[?:?]
	at org.eclipse.jetty.servlet.ServletContextHandler.startContext(ServletContextHandler.java:379) ~[?:?]
	at org.eclipse.jetty.webapp.WebAppContext.startWebapp(WebAppContext.java:1449) ~[?:?]
	at org.eclipse.jetty.webapp.WebAppContext.startContext(WebAppContext.java:1414) ~[?:?]
	at org.eclipse.jetty.server.handler.ContextHandler.doStart(ContextHandler.java:916) ~[?:?]
	at org.eclipse.jetty.servlet.ServletContextHandler.doStart(ServletContextHandler.java:288) ~[?:?]
	at org.eclipse.jetty.webapp.WebAppContext.doStart(WebAppContext.java:524) ~[?:?]
	at org.eclipse.jetty.util.component.AbstractLifeCycle.start(AbstractLifeCycle.java:73) ~[?:?]
	at com.jetbrains.bundle.services.impl.jetty.BundleJettyServicesContainer.startContextInContainer(BundleJettyServicesContainer.java:99) ~[?:?]
	at com.jetbrains.bundle.services.impl.jetty.BundleJettyServicesContainer.startServiceInContainer(BundleJettyServicesContainer.java:71) ~[?:?]
	at com.jetbrains.bundle.services.impl.BundledService.doStart(BundledService.java:53) ~[?:?]
	at com.jetbrains.bundle.services.impl.ServiceBase.start(ServiceBase.java:66) ~[?:?]
	at com.jetbrains.bundle.Services.startService(Services.java:647) ~[?:?]
	at com.jetbrains.bundle.Services.startAllServices(Services.java:574) ~[?:?]
	at com.jetbrains.bundle.Services.start(Services.java:554) ~[?:?]
	at com.jetbrains.bundle.BundleMain.start(BundleMain.java:273) ~[?:?]
	at com.jetbrains.bundle.BundleMain.start(BundleMain.java:237) ~[?:?]
	at jdk.internal.reflect.DirectMethodHandleAccessor.invoke(DirectMethodHandleAccessor.java:103) ~[?:?]
	at java.lang.reflect.Method.invoke(Method.java:580) ~[?:?]
	at com.jetbrains.bundle.bootstrap.Bundle$EntryPointProvider$1.invoke(Bundle.java:100) ~[?:?]
	at jdk.proxy4.$Proxy30.start(Unknown Source) ~[?:?]
	at com.jetbrains.launcher.AppProxy$6$1.call(AppProxy.java:99) ~[?:?]
	at com.jetbrains.launcher.AppProxy$6$1.call(AppProxy.java:97) ~[?:?]
	at java.util.concurrent.FutureTask.run(FutureTask.java:317) ~[?:?]
	at java.util.concurrent.ThreadPoolExecutor.runWorker(ThreadPoolExecutor.java:1144) ~[?:?]
	at java.util.concurrent.ThreadPoolExecutor$Worker.run(ThreadPoolExecutor.java:642) ~[?:?]
	at java.lang.Thread.run(Thread.java:1583) [?:?]
18 Aug 2026 09:05:33,208 WARN  [Log                 ] [APP-WRAPPER] Proxy 1] [init] [init] Error during verification of database /opt/youtrack/data/hub
jetbrains.exodus.log.LogCorruptionException: Data corruption was detected. 
	at jetbrains.exodus.log.Log.extractRestoreInformation(Log.kt:1233) ~[xodus-environment-3.1.95.jar:3.1.95]
	at jetbrains.exodus.log.Log.checkLogConsistency$lambda$6(Log.kt:830) ~[xodus-environment-3.1.95.jar:3.1.95]
	at jetbrains.exodus.log.DataCorruptionException.computeUnsafe(DataCorruptionException.java:38) ~[xodus-environment-3.1.95.jar:3.1.95]
	at jetbrains.exodus.log.Log.checkLogConsistency(Log.kt:829) ~[xodus-environment-3.1.95.jar:3.1.95]
	at jetbrains.exodus.log.Log.checkLogConsistencyAndUpdateRootAddress(Log.kt:598) ~[xodus-environment-3.1.95.jar:3.1.95]
	at jetbrains.exodus.log.Log.<init>(Log.kt:417) ~[xodus-environment-3.1.95.jar:3.1.95]
	at jetbrains.exodus.env.Environments.newLogInstance(Environments.kt:144) ~[xodus-environment-3.1.95.jar:3.1.95]
	at jetbrains.exodus.env.Environments.newLogInstance(Environments.kt:108) ~[xodus-environment-3.1.95.jar:3.1.95]
	at jetbrains.exodus.env.Environments.newLogInstance(Environments.kt:104) ~[xodus-environment-3.1.95.jar:3.1.95]
	at jetbrains.exodus.env.Environments$newInstance$4.invoke(Environments.kt:59) ~[xodus-environment-3.1.95.jar:3.1.95]
	at jetbrains.exodus.env.Environments$newInstance$4.invoke(Environments.kt:59) ~[xodus-environment-3.1.95.jar:3.1.95]
	at jetbrains.exodus.env.Environments.prepare(Environments.kt:151) ~[xodus-environment-3.1.95.jar:3.1.95]
	at jetbrains.exodus.env.Environments.newInstance(Environments.kt:59) ~[xodus-environment-3.1.95.jar:3.1.95]
	at jetbrains.jetpass.server.main.EnvironmentFactory.createEnvironment(EnvironmentFactory.kt:64) ~[hub-server-2026.2.52366.jar:?]
	at jetbrains.jetpass.server.main.EnvironmentFactory.persistentDataEnvironment(EnvironmentFactory.kt:37) ~[hub-server-2026.2.52366.jar:?]
	at jetbrains.jetpass.server.main.EnvironmentFactory$$SpringCGLIB$$0.CGLIB$persistentDataEnvironment$2(<generated>) ~[hub-server-2026.2.52366.jar:?]
	at jetbrains.jetpass.server.main.EnvironmentFactory$$SpringCGLIB$$FastClass$$1.invoke(<generated>) ~[hub-server-2026.2.52366.jar:?]
	at org.springframework.cglib.proxy.MethodProxy.invokeSuper(MethodProxy.java:258) ~[spring-core-6.2.11.jar:6.2.11]
	at org.springframework.context.annotation.ConfigurationClassEnhancer$BeanMethodInterceptor.intercept(ConfigurationClassEnhancer.java:400) ~[spring-context-6.2.11.jar:6.2.11]
	at jetbrains.jetpass.server.main.EnvironmentFactory$$SpringCGLIB$$0.persistentDataEnvironment(<generated>) ~[hub-server-2026.2.52366.jar:?]
	at jdk.internal.reflect.DirectMethodHandleAccessor.invoke(DirectMethodHandleAccessor.java:103) ~[?:?]
	at java.lang.reflect.Method.invoke(Method.java:580) ~[?:?]
	at org.springframework.beans.factory.support.SimpleInstantiationStrategy.lambda$instantiate$0(SimpleInstantiationStrategy.java:172) ~[spring-beans-6.2.11.jar:6.2.11]
	at org.springframework.beans.factory.support.SimpleInstantiationStrategy.instantiateWithFactoryMethod(SimpleInstantiationStrategy.java:89) ~[spring-beans-6.2.11.jar:6.2.11]
	at org.springframework.beans.factory.support.SimpleInstantiationStrategy.instantiate(SimpleInstantiationStrategy.java:169) ~[spring-beans-6.2.11.jar:6.2.11]
	at org.springframework.beans.factory.support.ConstructorResolver.instantiate(ConstructorResolver.java:653) ~[spring-beans-6.2.11.jar:6.2.11]
	at org.springframework.beans.factory.support.ConstructorResolver.instantiateUsingFactoryMethod(ConstructorResolver.java:489) ~[spring-beans-6.2.11.jar:6.2.11]
	at org.springframework.beans.factory.support.AbstractAutowireCapableBeanFactory.instantiateUsingFactoryMethod(AbstractAutowireCapableBeanFactory.java:1375) ~[spring-beans-6.2.11.jar:6.2.11]
	at org.springframework.beans.factory.support.AbstractAutowireCapableBeanFactory.createBeanInstance(AbstractAutowireCapableBeanFactory.java:1205) ~[spring-beans-6.2.11.jar:6.2.11]
	at org.springframework.beans.factory.support.AbstractAutowireCapableBeanFactory.doCreateBean(AbstractAutowireCapableBeanFactory.java:569) ~[spring-beans-6.2.11.jar:6.2.11]
	at org.springframework.beans.factory.support.AbstractAutowireCapableBeanFactory.createBean(AbstractAutowireCapableBeanFactory.java:529) ~[spring-beans-6.2.11.jar:6.2.11]
	at org.springframework.beans.factory.support.AbstractBeanFactory.lambda$doGetBean$1(AbstractBeanFactory.java:378) ~[spring-beans-6.2.11.jar:6.2.11]
	at jetbrains.youtrack.spring.controller.WebLocalScope.get(WebLocalScope.kt:149) ~[youtrack-spring-6.0.5.jar:?]
	at org.springframework.beans.factory.support.AbstractBeanFactory.doGetBean(AbstractBeanFactory.java:375) ~[spring-beans-6.2.11.jar:6.2.11]
	at org.springframework.beans.factory.support.AbstractBeanFactory.getBean(AbstractBeanFactory.java:202) ~[spring-beans-6.2.11.jar:6.2.11]
	at org.springframework.context.annotation.ConfigurationClassEnhancer$BeanMethodInterceptor.resolveBeanReference(ConfigurationClassEnhancer.java:432) ~[spring-context-6.2.11.jar:6.2.11]
	at org.springframework.context.annotation.ConfigurationClassEnhancer$BeanMethodInterceptor.intercept(ConfigurationClassEnhancer.java:403) ~[spring-context-6.2.11.jar:6.2.11]
	at jetbrains.jetpass.server.main.EnvironmentFactory$$SpringCGLIB$$0.persistentDataEnvironment(<generated>) ~[hub-server-2026.2.52366.jar:?]
	at jetbrains.jetpass.server.main.EnvironmentFactory.persistentEntityStore(EnvironmentFactory.kt:75) ~[hub-server-2026.2.52366.jar:?]
	at jetbrains.jetpass.server.main.EnvironmentFactory$$SpringCGLIB$$0.CGLIB$persistentEntityStore$1(<generated>) ~[hub-server-2026.2.52366.jar:?]
	at jetbrains.jetpass.server.main.EnvironmentFactory$$SpringCGLIB$$FastClass$$1.invoke(<generated>) ~[hub-server-2026.2.52366.jar:?]
	at org.springframework.cglib.proxy.MethodProxy.invokeSuper(MethodProxy.java:258) ~[spring-core-6.2.11.jar:6.2.11]
	at org.springframework.context.annotation.ConfigurationClassEnhancer$BeanMethodInterceptor.intercept(ConfigurationClassEnhancer.java:400) ~[spring-context-6.2.11.jar:6.2.11]
	at jetbrains.jetpass.server.main.EnvironmentFactory$$SpringCGLIB$$0.persistentEntityStore(<generated>) ~[hub-server-2026.2.52366.jar:?]
	at jdk.internal.reflect.DirectMethodHandleAccessor.invoke(DirectMethodHandleAccessor.java:103) ~[?:?]
	at java.lang.reflect.Method.invoke(Method.java:580) ~[?:?]
	at org.springframework.beans.factory.support.SimpleInstantiationStrategy.lambda$instantiate$0(SimpleInstantiationStrategy.java:172) ~[spring-beans-6.2.11.jar:6.2.11]
	at org.springframework.beans.factory.support.SimpleInstantiationStrategy.instantiateWithFactoryMethod(SimpleInstantiationStrategy.java:89) ~[spring-beans-6.2.11.jar:6.2.11]
	at org.springframework.beans.factory.support.SimpleInstantiationStrategy.instantiate(SimpleInstantiationStrategy.java:169) ~[spring-beans-6.2.11.jar:6.2.11]
	at org.springframework.beans.factory.support.ConstructorResolver.instantiate(ConstructorResolver.java:653) ~[spring-beans-6.2.11.jar:6.2.11]
	at org.springframework.beans.factory.support.ConstructorResolver.instantiateUsingFactoryMethod(ConstructorResolver.java:489) ~[spring-beans-6.2.11.jar:6.2.11]
	at org.springframework.beans.factory.support.AbstractAutowireCapableBeanFactory.instantiateUsingFactoryMethod(AbstractAutowireCapableBeanFactory.java:1375) ~[spring-beans-6.2.11.jar:6.2.11]
	at org.springframework.beans.factory.support.AbstractAutowireCapableBeanFactory.createBeanInstance(AbstractAutowireCapableBeanFactory.java:1205) ~[spring-beans-6.2.11.jar:6.2.11]
	at org.springframework.beans.factory.support.AbstractAutowireCapableBeanFactory.doCreateBean(AbstractAutowireCapableBeanFactory.java:569) ~[spring-beans-6.2.11.jar:6.2.11]
	at org.springframework.beans.factory.support.AbstractAutowireCapableBeanFactory.createBean(AbstractAutowireCapableBeanFactory.java:529) ~[spring-beans-6.2.11.jar:6.2.11]
	at org.springframework.beans.factory.support.AbstractBeanFactory.lambda$doGetBean$1(AbstractBeanFactory.java:378) ~[spring-beans-6.2.11.jar:6.2.11]
	at jetbrains.youtrack.spring.controller.WebLocalScope.get(WebLocalScope.kt:149) ~[youtrack-spring-6.0.5.jar:?]
	at org.springframework.beans.factory.support.AbstractBeanFactory.doGetBean(AbstractBeanFactory.java:375) ~[spring-beans-6.2.11.jar:6.2.11]
	at org.springframework.beans.factory.support.AbstractBeanFactory.getBean(AbstractBeanFactory.java:202) ~[spring-beans-6.2.11.jar:6.2.11]
	at org.springframework.context.annotation.ConfigurationClassEnhancer$BeanMethodInterceptor.resolveBeanReference(ConfigurationClassEnhancer.java:432) ~[spring-context-6.2.11.jar:6.2.11]
	at org.springframework.context.annotation.ConfigurationClassEnhancer$BeanMethodInterceptor.intercept(ConfigurationClassEnhancer.java:403) ~[spring-context-6.2.11.jar:6.2.11]
	at jetbrains.jetpass.server.main.EnvironmentFactory$$SpringCGLIB$$0.persistentEntityStore(<generated>) ~[hub-server-2026.2.52366.jar:?]
	at jetbrains.jetpass.server.main.EnvironmentFactory.transientEntityStore(EnvironmentFactory.kt:84) ~[hub-server-2026.2.52366.jar:?]
	at jetbrains.jetpass.server.main.EnvironmentFactory$$SpringCGLIB$$0.CGLIB$transientEntityStore$0(<generated>) ~[hub-server-2026.2.52366.jar:?]
	at jetbrains.jetpass.server.main.EnvironmentFactory$$SpringCGLIB$$FastClass$$1.invoke(<generated>) ~[hub-server-2026.2.52366.jar:?]
	at org.springframework.cglib.proxy.MethodProxy.invokeSuper(MethodProxy.java:258) ~[spring-core-6.2.11.jar:6.2.11]
	at org.springframework.context.annotation.ConfigurationClassEnhancer$BeanMethodInterceptor.intercept(ConfigurationClassEnhancer.java:400) ~[spring-context-6.2.11.jar:6.2.11]
	at jetbrains.jetpass.server.main.EnvironmentFactory$$SpringCGLIB$$0.transientEntityStore(<generated>) ~[hub-server-2026.2.52366.jar:?]
	at jdk.internal.reflect.DirectMethodHandleAccessor.invoke(DirectMethodHandleAccessor.java:103) ~[?:?]
	at java.lang.reflect.Method.invoke(Method.java:580) ~[?:?]
	at org.springframework.beans.factory.support.SimpleInstantiationStrategy.lambda$instantiate$0(SimpleInstantiationStrategy.java:172) ~[spring-beans-6.2.11.jar:6.2.11]
	at org.springframework.beans.factory.support.SimpleInstantiationStrategy.instantiateWithFactoryMethod(SimpleInstantiationStrategy.java:89) ~[spring-beans-6.2.11.jar:6.2.11]
	at org.springframework.beans.factory.support.SimpleInstantiationStrategy.instantiate(SimpleInstantiationStrategy.java:169) ~[spring-beans-6.2.11.jar:6.2.11]
	at org.springframework.beans.factory.support.ConstructorResolver.instantiate(ConstructorResolver.java:653) ~[spring-beans-6.2.11.jar:6.2.11]
	at org.springframework.beans.factory.support.ConstructorResolver.instantiateUsingFactoryMethod(ConstructorResolver.java:645) ~[spring-beans-6.2.11.jar:6.2.11]
	at org.springframework.beans.factory.support.AbstractAutowireCapableBeanFactory.instantiateUsingFactoryMethod(AbstractAutowireCapableBeanFactory.java:1375) ~[spring-beans-6.2.11.jar:6.2.11]
	at org.springframework.beans.factory.support.AbstractAutowireCapableBeanFactory.createBeanInstance(AbstractAutowireCapableBeanFactory.java:1205) ~[spring-beans-6.2.11.jar:6.2.11]
	at org.springframework.beans.factory.support.AbstractAutowireCapableBeanFactory.doCreateBean(AbstractAutowireCapableBeanFactory.java:569) ~[spring-beans-6.2.11.jar:6.2.11]
	at org.springframework.beans.factory.support.AbstractAutowireCapableBeanFactory.createBean(AbstractAutowireCapableBeanFactory.java:529) ~[spring-beans-6.2.11.jar:6.2.11]
	at org.springframework.beans.factory.support.AbstractBeanFactory.lambda$doGetBean$1(AbstractBeanFactory.java:378) ~[spring-beans-6.2.11.jar:6.2.11]
	at jetbrains.youtrack.spring.controller.WebLocalScope.get(WebLocalScope.kt:149) ~[youtrack-spring-6.0.5.jar:?]
	at org.springframework.beans.factory.support.AbstractBeanFactory.doGetBean(AbstractBeanFactory.java:375) ~[spring-beans-6.2.11.jar:6.2.11]
	at org.springframework.beans.factory.support.AbstractBeanFactory.getBean(AbstractBeanFactory.java:202) ~[spring-beans-6.2.11.jar:6.2.11]
	at org.springframework.context.support.AbstractApplicationContext.getBean(AbstractApplicationContext.java:1272) ~[spring-context-6.2.11.jar:6.2.11]
	at jetbrains.hub.server.core.spring.SpringUtils$bean$1.getValue(SpringUtils.kt:28) ~[hub-server-core-2026.2.52366.jar:?]
	at jetbrains.jetpass.userManagement.persistence.InitializationUtilKt.getTransientEntityStore(InitializationUtil.kt:15) ~[hub-server-2026.2.52366.jar:?]
	at jetbrains.jetpass.userManagement.persistence.InitializationUtilKt.initXodusMetaData(InitializationUtil.kt:22) ~[hub-server-2026.2.52366.jar:?]
	at jetbrains.hub.server.SpringInitializer.ensureInitialized(SpringInitializer.kt:152) ~[hub-server-2026.2.52366.jar:?]
	at jetbrains.hub.server.HubRestServlet.init(HubRestServlet.kt:37) ~[hub-webapp-2026.2.52366.jar:?]
	at org.eclipse.jetty.servlet.ServletHolder.initServlet(ServletHolder.java:632) ~[?:?]
	at org.eclipse.jetty.servlet.ServletHolder.initialize(ServletHolder.java:415) ~[?:?]
	at org.eclipse.jetty.servlet.ServletHandler.lambda$initialize$0(ServletHandler.java:750) ~[?:?]
	at java.util.stream.SortedOps$SizedRefSortingSink.end(SortedOps.java:357) ~[?:?]
	at java.util.stream.AbstractPipeline.copyInto(AbstractPipeline.java:510) ~[?:?]
	at java.util.stream.AbstractPipeline.wrapAndCopyInto(AbstractPipeline.java:499) ~[?:?]
	at java.util.stream.StreamSpliterators$WrappingSpliterator.forEachRemaining(StreamSpliterators.java:310) ~[?:?]
	at java.util.stream.Streams$ConcatSpliterator.forEachRemaining(Streams.java:735) ~[?:?]
	at java.util.stream.ReferencePipeline$Head.forEach(ReferencePipeline.java:762) ~[?:?]
	at org.eclipse.jetty.servlet.ServletHandler.initialize(ServletHandler.java:774) ~[?:?]
	at org.eclipse.jetty.servlet.ServletContextHandler.startContext(ServletContextHandler.java:379) ~[?:?]
	at org.eclipse.jetty.webapp.WebAppContext.startWebapp(WebAppContext.java:1449) ~[?:?]
	at org.eclipse.jetty.webapp.WebAppContext.startContext(WebAppContext.java:1414) ~[?:?]
	at org.eclipse.jetty.server.handler.ContextHandler.doStart(ContextHandler.java:916) ~[?:?]
	at org.eclipse.jetty.servlet.ServletContextHandler.doStart(ServletContextHandler.java:288) ~[?:?]
	at org.eclipse.jetty.webapp.WebAppContext.doStart(WebAppContext.java:524) ~[?:?]
	at org.eclipse.jetty.util.component.AbstractLifeCycle.start(AbstractLifeCycle.java:73) ~[?:?]
	at com.jetbrains.bundle.services.impl.jetty.BundleJettyServicesContainer.startContextInContainer(BundleJettyServicesContainer.java:99) ~[?:?]
	at com.jetbrains.bundle.services.impl.jetty.BundleJettyServicesContainer.startServiceInContainer(BundleJettyServicesContainer.java:71) ~[?:?]
	at com.jetbrains.bundle.services.impl.BundledService.doStart(BundledService.java:53) ~[?:?]
	at com.jetbrains.bundle.services.impl.ServiceBase.start(ServiceBase.java:66) ~[?:?]
	at com.jetbrains.bundle.Services.startService(Services.java:647) ~[?:?]
	at com.jetbrains.bundle.Services.startAllServices(Services.java:574) ~[?:?]
	at com.jetbrains.bundle.Services.start(Services.java:554) ~[?:?]
	at com.jetbrains.bundle.BundleMain.start(BundleMain.java:273) ~[?:?]
	at com.jetbrains.bundle.BundleMain.start(BundleMain.java:237) ~[?:?]
	at jdk.internal.reflect.DirectMethodHandleAccessor.invoke(DirectMethodHandleAccessor.java:103) ~[?:?]
	at java.lang.reflect.Method.invoke(Method.java:580) ~[?:?]
	at com.jetbrains.bundle.bootstrap.Bundle$EntryPointProvider$1.invoke(Bundle.java:100) ~[?:?]
	at jdk.proxy4.$Proxy30.start(Unknown Source) ~[?:?]
	at com.jetbrains.launcher.AppProxy$6$1.call(AppProxy.java:99) ~[?:?]
	at com.jetbrains.launcher.AppProxy$6$1.call(AppProxy.java:97) ~[?:?]
	at java.util.concurrent.FutureTask.run(FutureTask.java:317) ~[?:?]
	at java.util.concurrent.ThreadPoolExecutor.runWorker(ThreadPoolExecutor.java:1144) ~[?:?]
	at java.util.concurrent.ThreadPoolExecutor$Worker.run(ThreadPoolExecutor.java:642) ~[?:?]
	at java.lang.Thread.run(Thread.java:1583) [?:?]
Caused by: jetbrains.exodus.log.DataCorruptionException: Last page was corrupted, address = 2347052, file = 00000000000.xd, database location: /opt/youtrack/data/hub
	at jetbrains.exodus.log.DataCorruptionException.raise(DataCorruptionException.java:60) ~[xodus-environment-3.1.95.jar:3.1.95]
	at jetbrains.exodus.log.BlockDataIterator.hasNext(BlockDataIterator.java:82) ~[xodus-environment-3.1.95.jar:3.1.95]
	at jetbrains.exodus.log.Log.extractRestoreInformation(Log.kt:1134) ~[xodus-environment-3.1.95.jar:3.1.95]
	... 124 more
18 Aug 2026 09:05:33,213 INFO  [Log                 ] [APP-WRAPPER] Proxy 1] [init] [init] Database /opt/youtrack/data/hub - copying files into the temp directory /tmp/restore-18-08-2026-09-05-33-5478199146052720130 before data restore.
18 Aug 2026 09:05:33,213 INFO  [Log                 ] [APP-WRAPPER] Proxy 1] [init] [init] Database /opt/youtrack/data/hub - file /opt/youtrack/data/hub/00000000000.xd is copied into the temp directory /tmp/restore-18-08-2026-09-05-33-5478199146052720130
18 Aug 2026 09:05:33,247 INFO  [Log                 ] [APP-WRAPPER] Proxy 1] [init] [init] Database /opt/youtrack/data/hub - copying of files into the temp directory /tmp/restore-18-08-2026-09-05-33-5478199146052720130 is completed.
18 Aug 2026 09:05:33,249 WARN  [Log                 ] [APP-WRAPPER] Proxy 1] [init] [init] Data corruption was detected. Reason : "Data corruption was detected. ". Database '/opt/youtrack/data/hub' will be truncated till address : 2346431. Name of the file to be truncated : 00000000000.xd. Initial file size 2347070 bytes, final file size 2346431 bytes.
18 Aug 2026 09:05:33,421 INFO  [Log                 ] [APP-WRAPPER] Proxy 1] [init] [init] Data corruption was fixed for environment /opt/youtrack/data/hub.
18 Aug 2026 09:05:33,423 WARN  [Log                 ] [APP-WRAPPER] Proxy 1] [init] [init] DB root address stored in log metadata and detected are different. Root address will be fixed. Stored address : -1 , detected  2346418 .
18 Aug 2026 09:05:33,431 INFO  [Log                 ] [APP-WRAPPER] Proxy 1] [init] [init] Data check is completed for environment /opt/youtrack/data/hub.
18 Aug 2026 09:05:33,443 INFO  [Log                 ] [APP-WRAPPER] Proxy 1] [init] [init] Log /opt/youtrack/data/hub content was changed during the initialization, data sync is performed.
18 Aug 2026 09:05:33,487 INFO  [EnvironmentImpl     ] [APP-WRAPPER] Proxy 1] [init] [init] Exodus environment created: /opt/youtrack/data/hub
18 Aug 2026 09:05:33,487 INFO  [EnvironmentImpl     ] [APP-WRAPPER] Proxy 1] [init] [init] Because environment /opt/youtrack/data/hub was closed incorrectly space utilization will be computed from scratch
18 Aug 2026 09:05:33,488 INFO  [GarbageCollector    ] [APP-WRAPPER] Proxy 1] [init] [init] Queueing ComputeUtilizationFromScratchJob
18 Aug 2026 09:05:33,488 INFO  [EnvironmentImpl     ] [APP-WRAPPER] Proxy 1] [init] [init] Computation of space utilization for environment /opt/youtrack/data/hub is completed
18 Aug 2026 09:05:33,494 INFO  [IterableCacheAdapter] [APP-WRAPPER] Proxy 1] [init] [init] Using weighted eviction for entity iterable cache, maxWeight = 4473924
18 Aug 2026 09:05:33,984 INFO  [stentEntityStoreImpl] [APP-WRAPPER] Proxy 1] [init] [init] Blob vault has been created at /opt/youtrack/data/hub/blobs
18 Aug 2026 09:05:33,991 WARN  [stentEntityStoreImpl] [APP-WRAPPER] Proxy 1] [init] [init] Checking BLOBs consistency.
18 Aug 2026 09:05:34,169 INFO  [App                 ] [APP-WRAPPER] Proxy 1] [init] [init] Begin Event Listening process...
18 Aug 2026 09:05:34,176 INFO  [App                 ] [APP-WRAPPER] Proxy 1] [init] [init] Start PermissionCache Updater...
18 Aug 2026 09:05:34,181 INFO  [App                 ] [APP-WRAPPER] Proxy 1] [init] [init] Loading Constraints...
18 Aug 2026 09:05:34,181 INFO  [App                 ] [APP-WRAPPER] Proxy 1] [init] [init] Initializing Cache Event Etag...
18 Aug 2026 09:05:34,186 INFO  [App                 ] [APP-WRAPPER] Proxy 1] [init] [init] All Hub Facilities Were Successfully Initialized
18 Aug 2026 09:05:34,216 INFO  [App                 ] [APP-WRAPPER] Proxy 1] [init] [init] Init Hub application: 2026.2.52366 [releaseDate: 2026 07 30, commitHash: 4b000050d167f2b2852a5cbee9080cc36b2078e7]...
18 Aug 2026 09:05:34,344 INFO  [MigrationContainerXd] [APP-WRAPPER] Proxy 1] [init] [init] Migration process begin:
18 Aug 2026 09:05:34,385 INFO  [MigrationContainerXd] [APP-WRAPPER] Proxy 1] [init] [init]    Migration: AddImpliedPermissions.1 - started!
18 Aug 2026 09:05:34,393 INFO  [MigrationContainerXd] [APP-WRAPPER] Proxy 1] [init] [init]    Migration: AddImpliedPermissions.1 - applied in 7ms!
18 Aug 2026 09:05:34,395 INFO  [MigrationContainerXd] [APP-WRAPPER] Proxy 1] [init] [init] Total migrations applied: 1 in 49ms.
18 Aug 2026 09:05:34,395 INFO  [MigrationContainerXd] [APP-WRAPPER] Proxy 1] [init] [init] Start reindex...
18 Aug 2026 09:05:34,395 INFO  [InitializationUtil  ] [APP-WRAPPER] Proxy 1] [init] [init] Init indexes for unique properties and composite keys
18 Aug 2026 09:05:34,477 INFO  [MigrationContainerXd] [APP-WRAPPER] Proxy 1] [init] [init] Reindex completed in 82 ms
18 Aug 2026 09:05:35,678 INFO  [EventProcessor      ] [qtp289303711-53     ] [93-1017-9410-2565-2bb82c547fab] [guest@127.0.0.1] Collected changes
Update by гость[d4a04e11-abaa-46e6-8a3e-b76537fe6446] @2026-08-18T09:05:35.672+0000
	CREATE: JPService[a927c26f-90d9-4fe4-b415-fcbd729b77da](Temporary installer service (2026-08-18 09:05:35 UTC))
		audience[String]: null -> a927c26f-90d9-4fe4-b415-fcbd729b77da
		authCodeFlowEnabled[boolean]: false -> true
		clientCredentialsFlowEnabled[boolean]: false -> true
		consentRequired[boolean]: false -> false
		implicitFlowEnabled[boolean]: false -> true
		key[String]: null -> a927c26f-90d9-4fe4-b415-fcbd729b77da
		name[String]: null -> Temporary installer service (2026-08-18 09:05:35 UTC)
		resourceOwnerFlowEnabled[boolean]: false -> true
		secretHash[String]: null -> ***
		uuid[String]: null -> a927c26f-90d9-4fe4-b415-fcbd729b77da
		verified[boolean]: false -> true
18 Aug 2026 09:05:35,707 INFO  [EventProcessor      ] [ver-pool-14-thread-1] [93-1017-9410-2565-2bb82c547fab] [guest@127.0.0.1] Saved 1 change bundle(s)
18 Aug 2026 09:05:37,093 INFO  [EventProcessor      ] [qtp289303711-59     ] [37-7408-0290-1c4a-5b8c4af0c34b] [-08-18 09:05:35 UTC)@127.0.0.1] Collected changes
Update by Temporary installer service (2026-08-18 09:05:35 UTC)[a927c26f-90d9-4fe4-b415-fcbd729b77da] @2026-08-18T09:05:37.092+0000
	REMOVE: JPService[a927c26f-90d9-4fe4-b415-fcbd729b77da](Temporary installer service (2026-08-18 09:05:35 UTC))
		audience[String]: a927c26f-90d9-4fe4-b415-fcbd729b77da -> null
		authCodeFlowEnabled[boolean]: true -> false
		clientCredentialsFlowEnabled[boolean]: true -> false
		implicitFlowEnabled[boolean]: true -> false
		key[String]: a927c26f-90d9-4fe4-b415-fcbd729b77da -> null
		name[String]: Temporary installer service (2026-08-18 09:05:35 UTC) -> null
		resourceOwnerFlowEnabled[boolean]: true -> false
		secretHash[String]: *** -> null
		uuid[String]: a927c26f-90d9-4fe4-b415-fcbd729b77da -> null
		verified[boolean]: true -> false
18 Aug 2026 09:05:37,097 INFO  [EventProcessor      ] [ver-pool-14-thread-1] [37-7408-0290-1c4a-5b8c4af0c34b] [-08-18 09:05:35 UTC)@127.0.0.1] Saved 1 change bundle(s)
18 Aug 2026 09:05:42,736 INFO  [GarbageCollector    ] [d background cleaner] [] [] Started calculation of log utilization from scratch at /opt/youtrack/data/hub
18 Aug 2026 09:05:42,759 INFO  [GarbageCollector    ] [d background cleaner] [] [] Finished calculation of log utilization from scratch at /opt/youtrack/data/hub
18 Aug 2026 09:06:01,487 INFO  [EventProcessor      ] [qtp289303711-62     ] [5e-228a-6c1d-b547-24494c2180c5] [YouTrack@127.0.0.1] Collected changes
Update by YouTrack[65c3714a-9d72-49d4-b98b-dc8fe4215020] @2026-08-18T09:06:01.487+0000
	UPDATE: JPService[54b0ab5b-07bc-44de-8ffe-aad3d4f70251](Konnector)
		secretHash[String]: *** -> ***
18 Aug 2026 09:06:01,492 INFO  [EventProcessor      ] [ver-pool-14-thread-1] [5e-228a-6c1d-b547-24494c2180c5] [YouTrack@127.0.0.1] Saved 1 change bundle(s)
18 Aug 2026 09:06:01,622 INFO  [EventProcessor      ] [qtp289303711-55     ] [5e-228a-6c1d-b547-24494c2180c5] [YouTrack@127.0.0.1] Collected changes
Update by YouTrack[65c3714a-9d72-49d4-b98b-dc8fe4215020] @2026-08-18T09:06:01.621+0000
	UPDATE: JPService[77bd22fe-6907-49b5-8bc7-4a57ec069865](YouTrack Mobile)
		secretHash[String]: *** -> ***
18 Aug 2026 09:06:01,628 INFO  [EventProcessor      ] [ver-pool-14-thread-1] [5e-228a-6c1d-b547-24494c2180c5] [YouTrack@127.0.0.1] Saved 1 change bundle(s)
18 Aug 2026 09:06:01,757 INFO  [EventProcessor      ] [qtp289303711-55     ] [5e-228a-6c1d-b547-24494c2180c5] [YouTrack@127.0.0.1] Collected changes
Update by YouTrack[65c3714a-9d72-49d4-b98b-dc8fe4215020] @2026-08-18T09:06:01.756+0000
	UPDATE: JPService[65c3714a-9d72-49d4-b98b-dc8fe4215020](YouTrack)
		secretHash[String]: *** -> ***
18 Aug 2026 09:06:01,762 INFO  [EventProcessor      ] [ver-pool-14-thread-1] [5e-228a-6c1d-b547-24494c2180c5] [YouTrack@127.0.0.1] Saved 1 change bundle(s)
18 Aug 2026 09:06:01,894 INFO  [XdPublicSettings    ] [qtp289303711-62     ] [5e-228a-6c1d-b547-24494c2180c5] [YouTrack@127.0.0.1] Language is set to: en
18 Aug 2026 09:06:02,367 INFO  [EventProcessor      ] [qtp289303711-55     ] [5e-228a-6c1d-b547-24494c2180c5] [YouTrack@127.0.0.1] Collected changes
Update by YouTrack[65c3714a-9d72-49d4-b98b-dc8fe4215020] @2026-08-18T09:06:02.366+0000
	UPDATE: JPService[65c3714a-9d72-49d4-b98b-dc8fe4215020](YouTrack)
		secretHash[String]: *** -> ***
18 Aug 2026 09:06:02,374 INFO  [EventProcessor      ] [ver-pool-14-thread-1] [5e-228a-6c1d-b547-24494c2180c5] [YouTrack@127.0.0.1] Saved 1 change bundle(s)
18 Aug 2026 09:07:34,984 INFO  [PermissionCache     ] [pool-18-thread-1    ] [] [] Start recalculating permissions cache [3]
18 Aug 2026 09:07:35,013 INFO  [PermissionCache     ] [pool-18-thread-1    ] [] [] Finish recalculating permissions cache [3] in: 0.010855305s, total user clusters: 1
18 Aug 2026 17:16:49,028 INFO  [sDispatcherProcessor] [reporter-20-thread-1] [init] [init] Job report:
  Pending job count: 0
  Running jobs: []
18 Aug 2026 17:30:01,091 INFO  [EntityIterableCache ] [rableCacheProcessor0] [] [] Caching forcibly stopped for handle 11-9-44-99--9223372036854775808-1779298201013-8-44-92-auth_codes_cleanup: cache adapter is obsolete, caching time: 67 ms
19 Aug 2026 07:11:50,158 INFO  [CookieHandler       ] [qtp289303711-2686   ] [] [] Failed to decode cookie data. Input length must be multiple of 16 when decrypting with padded cipher
19 Aug 2026 07:11:50,263 INFO  [CookieHandler       ] [qtp289303711-2468   ] [] [] Failed to decode cookie data. Input length must be multiple of 16 when decrypting with padded cipher
19 Aug 2026 07:11:50,706 INFO  [CookieHandler       ] [qtp289303711-2520   ] [4a-b835-4b08-0891-215487251c4c] [172.19.0.1] Failed to decode cookie data. Input length must be multiple of 16 when decrypting with padded cipher
19 Aug 2026 08:04:54,941 INFO  [LoginHandlerImpl    ] [qtp289303711-2615   ] [60-693e-cf16-8ffb-0771204f2523] [172.19.0.1] User admin [81e9d0d5-1200-49c0-99db-bf14d37ee05b] was logged in via Hub auth module with [username: admin, serviceId: 65c3714a-9d72-49d4-b98b-dc8fe4215020]
19 Aug 2026 12:03:52,317 INFO  [EntityIterableCache ] [rableCacheProcessor1] [] [] Cached in 11336907 ms, handle=11-9-44-99--9223372036854775808-1779353695397-8-44-92-auth_codes_cleanup
19 Aug 2026 12:03:52,443 INFO  [EntityIterableCache ] [rableCacheProcessor0] [] [] Cached in 11337043 ms, handle=7-44-92
19 Aug 2026 16:00:11,058 INFO  [sDispatcherProcessor] [reporter-20-thread-1] [init] [init] Job report:
  Pending job count: 0
  Running jobs: [
 j.h.s.cron.persistence.PersistentJobsDispatcherJob:9025702841c2(metadata=null, state=COMPLETED, priority=NORMAL, executingThread=persistent-jobs-dispatcher-pool-12-thread-1, timing=(createdAt=2026-08-19T16:00:11.001040286Z, pending=0ms, running=2ms, lifetime=2ms)) 
]
20 Aug 2026 07:47:32,043 INFO  [EntityIterableCache ] [rableCacheProcessor1] [] [] Caching forcibly stopped for handle 11-9-44-99--9223372036854775808-1779436052004-8-44-92-auth_codes_cleanup: cache adapter is obsolete, caching time: 35 ms
20 Aug 2026 07:56:09,252 INFO  [HubRestServlet      ] [PPER] Daemon Proxy 2] [] [] Destroying application
20 Aug 2026 07:56:09,255 INFO  [HubRestServlet      ] [PPER] Daemon Proxy 2] [] [] Stopping jetbrains.hub.server.cron.backup.RegularBackupJob$Companion
20 Aug 2026 07:56:09,260 INFO  [HubRestServlet      ] [PPER] Daemon Proxy 2] [] [] Stopping jetbrains.hub.server.cron.userCount.UserCountJob$Companion
20 Aug 2026 07:56:09,260 INFO  [HubRestServlet      ] [PPER] Daemon Proxy 2] [] [] Stopping jetbrains.hub.auth.module.entra.plugin.AzureXdSyncJobScheduler
20 Aug 2026 07:56:09,267 INFO  [HubRestServlet      ] [PPER] Daemon Proxy 2] [] [] Stopping jetbrains.hub.auth.module.google.plugin.GoogleXdSyncJobScheduler
20 Aug 2026 07:56:09,268 INFO  [HubRestServlet      ] [PPER] Daemon Proxy 2] [] [] Stopping jetbrains.hub.auth.module.jba.plugin.JbaXdSyncJobScheduler
20 Aug 2026 07:56:09,269 INFO  [HubRestServlet      ] [PPER] Daemon Proxy 2] [] [] Stopping jetbrains.hub.auth.module.ldap.plugin.LdapXdSyncJobScheduler
20 Aug 2026 07:56:09,270 INFO  [HubRestServlet      ] [PPER] Daemon Proxy 2] [] [] Stopping jetbrains.hub.auth.module.okta.plugin.OktaXdSyncJobScheduler
20 Aug 2026 07:56:09,272 INFO  [HubRestServlet      ] [PPER] Daemon Proxy 2] [] [] Stopping jetbrains.jetpass.oauth2.server.jobs.AuthErrorsCleanUpJobLifecycle
20 Aug 2026 07:56:09,278 INFO  [HubRestServlet      ] [PPER] Daemon Proxy 2] [] [] Stopping jetbrains.hub.server.cron.cleanup.PersistentJobsCleanUpJobLifecycle
20 Aug 2026 07:56:09,279 INFO  [HubRestServlet      ] [PPER] Daemon Proxy 2] [] [] Stopping jetbrains.hub.server.cron.persistence.NodeHeartbeatJobLifecycle
20 Aug 2026 07:56:09,279 INFO  [HubRestServlet      ] [PPER] Daemon Proxy 2] [] [] Stopping jetbrains.hub.server.cron.persistence.PersistentJobsDispatcherJobLifecycle
20 Aug 2026 07:56:09,282 INFO  [App                 ] [PPER] Daemon Proxy 2] [] [] Flushing access log saver...
20 Aug 2026 07:56:09,284 INFO  [App                 ] [PPER] Daemon Proxy 2] [] [] Event Listener forces changes save...
20 Aug 2026 07:56:09,293 INFO  [App                 ] [PPER] Daemon Proxy 2] [] [] All Hub Facilities Were Successfully Closed
20 Aug 2026 07:56:09,293 INFO  [HubRestServlet      ] [PPER] Daemon Proxy 2] [] [] Closing local bean scope
20 Aug 2026 07:56:09,306 INFO  [UserJobProcessor    ] [PPER] Daemon Proxy 2] [] [] Finishing All $UserJobProcessor Jobs...
20 Aug 2026 07:56:09,307 INFO  [IdPSyncJobProcessor ] [PPER] Daemon Proxy 2] [] [] Finishing All $IdPSyncJobProcessor Jobs...
20 Aug 2026 07:56:09,307 INFO  [ntsSaverJobProcessor] [PPER] Daemon Proxy 2] [] [] Finishing All $EventsSaverJobProcessor Jobs...
20 Aug 2026 07:56:09,308 INFO  [LogSaverJobProcessor] [PPER] Daemon Proxy 2] [] [] Finishing All $AccessLogSaverJobProcessor Jobs...
20 Aug 2026 07:56:09,308 INFO  [nizationJobProcessor] [PPER] Daemon Proxy 2] [] [] Finishing All $SynchronizationJobProcessor Jobs...
20 Aug 2026 07:56:09,308 INFO  [sDispatcherProcessor] [PPER] Daemon Proxy 2] [] [] Finishing All $PersistentJobsDispatcherProcessor Jobs...
20 Aug 2026 07:56:09,308 INFO  [eartbeatJobProcessor] [PPER] Daemon Proxy 2] [] [] Finishing All $NodeHeartbeatJobProcessor Jobs...
20 Aug 2026 07:56:09,308 INFO  [eCleanUpJobProcessor] [PPER] Daemon Proxy 2] [] [] Finishing All $DatabaseCleanUpJobProcessor Jobs...
20 Aug 2026 07:56:09,308 INFO  [cheEventJobProcessor] [PPER] Daemon Proxy 2] [] [] Finishing All $CacheEventJobProcessor Jobs...
20 Aug 2026 07:56:09,373 INFO  [HubRestServlet      ] [PPER] Daemon Proxy 2] [] [] Application destroyed
20 Aug 2026 07:57:58,548 INFO  [Reflections         ] [APP-WRAPPER] Proxy 1] [init] [init] Reflections took 434 ms to scan 8 urls, producing 908 keys and 28987 values
20 Aug 2026 07:58:02,359 INFO  [chedulerSignalerImpl] [APP-WRAPPER] Proxy 1] [init] [init] Initialized Scheduler Signaler of type: class org.quartz.core.SchedulerSignalerImpl
20 Aug 2026 07:58:02,360 INFO  [RAMJobStore         ] [APP-WRAPPER] Proxy 1] [init] [init] RAMJobStore initialized.
20 Aug 2026 07:58:02,360 INFO  [ShutdownHookPlugin  ] [APP-WRAPPER] Proxy 1] [init] [init] Registering Quartz shutdown hook.
20 Aug 2026 07:58:02,505 INFO  [CacheUpdaterListener] [APP-WRAPPER] Proxy 1] [init] [init] Starting permission cache updater
20 Aug 2026 07:58:03,043 INFO  [QuartzScheduler     ] [APP-WRAPPER] Proxy 1] [init] [init] Scheduler started.
20 Aug 2026 07:58:04,256 INFO  [SpringInitializer   ] [APP-WRAPPER] Proxy 1] [init] [init] Initializing DNQ...
20 Aug 2026 07:58:04,600 INFO  [EnvironmentImpl     ] [APP-WRAPPER] Proxy 1] [init] [init] Exodus environment created: /opt/youtrack/data/hub
20 Aug 2026 07:58:04,652 INFO  [IterableCacheAdapter] [APP-WRAPPER] Proxy 1] [init] [init] Using weighted eviction for entity iterable cache, maxWeight = 4473924
20 Aug 2026 07:58:05,056 INFO  [stentEntityStoreImpl] [APP-WRAPPER] Proxy 1] [init] [init] Blob vault has been created at /opt/youtrack/data/hub/blobs
20 Aug 2026 07:58:05,238 INFO  [App                 ] [APP-WRAPPER] Proxy 1] [init] [init] Begin Event Listening process...
20 Aug 2026 07:58:05,245 INFO  [App                 ] [APP-WRAPPER] Proxy 1] [init] [init] Start PermissionCache Updater...
20 Aug 2026 07:58:05,250 INFO  [App                 ] [APP-WRAPPER] Proxy 1] [init] [init] Loading Constraints...
20 Aug 2026 07:58:05,251 INFO  [App                 ] [APP-WRAPPER] Proxy 1] [init] [init] Initializing Cache Event Etag...
20 Aug 2026 07:58:05,255 INFO  [App                 ] [APP-WRAPPER] Proxy 1] [init] [init] All Hub Facilities Were Successfully Initialized
20 Aug 2026 07:58:05,285 INFO  [App                 ] [APP-WRAPPER] Proxy 1] [init] [init] Init Hub application: 2026.2.52366 [releaseDate: 2026 07 30, commitHash: 4b000050d167f2b2852a5cbee9080cc36b2078e7]...
20 Aug 2026 07:58:05,409 INFO  [MigrationContainerXd] [APP-WRAPPER] Proxy 1] [init] [init] Migration process begin:
20 Aug 2026 07:58:05,467 INFO  [MigrationContainerXd] [APP-WRAPPER] Proxy 1] [init] [init]    Migration: AddImpliedPermissions.1 - started!
20 Aug 2026 07:58:05,475 INFO  [MigrationContainerXd] [APP-WRAPPER] Proxy 1] [init] [init]    Migration: AddImpliedPermissions.1 - applied in 7ms!
20 Aug 2026 07:58:05,477 INFO  [MigrationContainerXd] [APP-WRAPPER] Proxy 1] [init] [init] Total migrations applied: 1 in 67ms.
20 Aug 2026 07:58:05,477 INFO  [MigrationContainerXd] [APP-WRAPPER] Proxy 1] [init] [init] Start reindex...
20 Aug 2026 07:58:05,477 INFO  [InitializationUtil  ] [APP-WRAPPER] Proxy 1] [init] [init] Init indexes for unique properties and composite keys
20 Aug 2026 07:58:05,611 INFO  [MigrationContainerXd] [APP-WRAPPER] Proxy 1] [init] [init] Reindex completed in 134 ms
20 Aug 2026 07:58:06,746 INFO  [EventProcessor      ] [qtp30800650-63      ] [0e-8490-c1e5-59bf-69dc2b2f5d58] [guest@127.0.0.1] Collected changes
Update by гость[d4a04e11-abaa-46e6-8a3e-b76537fe6446] @2026-08-20T07:58:06.738+0000
	CREATE: JPService[a927c26f-90d9-4fe4-b415-fcbd729b77da](Temporary installer service (2026-08-20 07:58:06 UTC))
		audience[String]: null -> a927c26f-90d9-4fe4-b415-fcbd729b77da
		authCodeFlowEnabled[boolean]: false -> true
		clientCredentialsFlowEnabled[boolean]: false -> true
		consentRequired[boolean]: false -> false
		implicitFlowEnabled[boolean]: false -> true
		key[String]: null -> a927c26f-90d9-4fe4-b415-fcbd729b77da
		name[String]: null -> Temporary installer service (2026-08-20 07:58:06 UTC)
		resourceOwnerFlowEnabled[boolean]: false -> true
		secretHash[String]: null -> ***
		uuid[String]: null -> a927c26f-90d9-4fe4-b415-fcbd729b77da
		verified[boolean]: false -> true
20 Aug 2026 07:58:06,775 INFO  [EventProcessor      ] [ver-pool-14-thread-1] [0e-8490-c1e5-59bf-69dc2b2f5d58] [guest@127.0.0.1] Saved 1 change bundle(s)
20 Aug 2026 07:58:08,211 INFO  [EventProcessor      ] [qtp30800650-60      ] [90-2f80-807f-d3fb-006bb15a9dc3] [-08-20 07:58:06 UTC)@127.0.0.1] Collected changes
Update by Temporary installer service (2026-08-20 07:58:06 UTC)[a927c26f-90d9-4fe4-b415-fcbd729b77da] @2026-08-20T07:58:08.210+0000
	REMOVE: JPService[a927c26f-90d9-4fe4-b415-fcbd729b77da](Temporary installer service (2026-08-20 07:58:06 UTC))
		audience[String]: a927c26f-90d9-4fe4-b415-fcbd729b77da -> null
		authCodeFlowEnabled[boolean]: true -> false
		clientCredentialsFlowEnabled[boolean]: true -> false
		implicitFlowEnabled[boolean]: true -> false
		key[String]: a927c26f-90d9-4fe4-b415-fcbd729b77da -> null
		name[String]: Temporary installer service (2026-08-20 07:58:06 UTC) -> null
		resourceOwnerFlowEnabled[boolean]: true -> false
		secretHash[String]: *** -> null
		uuid[String]: a927c26f-90d9-4fe4-b415-fcbd729b77da -> null
		verified[boolean]: true -> false
20 Aug 2026 07:58:08,217 INFO  [EventProcessor      ] [ver-pool-14-thread-1] [90-2f80-807f-d3fb-006bb15a9dc3] [-08-20 07:58:06 UTC)@127.0.0.1] Saved 1 change bundle(s)
20 Aug 2026 07:58:33,148 INFO  [EventProcessor      ] [qtp30800650-65      ] [fb-e854-7258-2ad9-bc92e34c8685] [YouTrack@127.0.0.1] Collected changes
Update by YouTrack[65c3714a-9d72-49d4-b98b-dc8fe4215020] @2026-08-20T07:58:33.147+0000
	UPDATE: JPService[54b0ab5b-07bc-44de-8ffe-aad3d4f70251](Konnector)
		secretHash[String]: *** -> ***
20 Aug 2026 07:58:33,152 INFO  [EventProcessor      ] [ver-pool-14-thread-1] [fb-e854-7258-2ad9-bc92e34c8685] [YouTrack@127.0.0.1] Saved 1 change bundle(s)
20 Aug 2026 07:58:33,255 INFO  [EventProcessor      ] [qtp30800650-56      ] [fb-e854-7258-2ad9-bc92e34c8685] [YouTrack@127.0.0.1] Collected changes
Update by YouTrack[65c3714a-9d72-49d4-b98b-dc8fe4215020] @2026-08-20T07:58:33.254+0000
	UPDATE: JPService[77bd22fe-6907-49b5-8bc7-4a57ec069865](YouTrack Mobile)
		secretHash[String]: *** -> ***
20 Aug 2026 07:58:33,259 INFO  [EventProcessor      ] [ver-pool-14-thread-1] [fb-e854-7258-2ad9-bc92e34c8685] [YouTrack@127.0.0.1] Saved 1 change bundle(s)
20 Aug 2026 07:58:33,356 INFO  [EventProcessor      ] [qtp30800650-56      ] [fb-e854-7258-2ad9-bc92e34c8685] [YouTrack@127.0.0.1] Collected changes
Update by YouTrack[65c3714a-9d72-49d4-b98b-dc8fe4215020] @2026-08-20T07:58:33.356+0000
	UPDATE: JPService[65c3714a-9d72-49d4-b98b-dc8fe4215020](YouTrack)
		secretHash[String]: *** -> ***
20 Aug 2026 07:58:33,360 INFO  [EventProcessor      ] [ver-pool-14-thread-1] [fb-e854-7258-2ad9-bc92e34c8685] [YouTrack@127.0.0.1] Saved 1 change bundle(s)
20 Aug 2026 07:58:33,440 INFO  [XdPublicSettings    ] [qtp30800650-65      ] [fb-e854-7258-2ad9-bc92e34c8685] [YouTrack@127.0.0.1] Language is set to: en
20 Aug 2026 07:58:33,756 INFO  [EventProcessor      ] [qtp30800650-56      ] [fb-e854-7258-2ad9-bc92e34c8685] [YouTrack@127.0.0.1] Collected changes
Update by YouTrack[65c3714a-9d72-49d4-b98b-dc8fe4215020] @2026-08-20T07:58:33.755+0000
	UPDATE: JPService[65c3714a-9d72-49d4-b98b-dc8fe4215020](YouTrack)
		secretHash[String]: *** -> ***
20 Aug 2026 07:58:33,762 INFO  [EventProcessor      ] [ver-pool-14-thread-1] [fb-e854-7258-2ad9-bc92e34c8685] [YouTrack@127.0.0.1] Saved 1 change bundle(s)
20 Aug 2026 08:00:04,374 INFO  [HubRestServlet      ] [PPER] Daemon Proxy 3] [] [] Destroying application
20 Aug 2026 08:00:04,375 INFO  [HubRestServlet      ] [PPER] Daemon Proxy 3] [] [] Stopping jetbrains.hub.server.cron.backup.RegularBackupJob$Companion
20 Aug 2026 08:00:04,377 INFO  [HubRestServlet      ] [PPER] Daemon Proxy 3] [] [] Stopping jetbrains.hub.server.cron.userCount.UserCountJob$Companion
20 Aug 2026 08:00:04,378 INFO  [HubRestServlet      ] [PPER] Daemon Proxy 3] [] [] Stopping jetbrains.hub.auth.module.entra.plugin.AzureXdSyncJobScheduler
20 Aug 2026 08:00:04,379 INFO  [HubRestServlet      ] [PPER] Daemon Proxy 3] [] [] Stopping jetbrains.hub.auth.module.google.plugin.GoogleXdSyncJobScheduler
20 Aug 2026 08:00:04,380 INFO  [HubRestServlet      ] [PPER] Daemon Proxy 3] [] [] Stopping jetbrains.hub.auth.module.jba.plugin.JbaXdSyncJobScheduler
20 Aug 2026 08:00:04,380 INFO  [HubRestServlet      ] [PPER] Daemon Proxy 3] [] [] Stopping jetbrains.hub.auth.module.ldap.plugin.LdapXdSyncJobScheduler
20 Aug 2026 08:00:04,380 INFO  [HubRestServlet      ] [PPER] Daemon Proxy 3] [] [] Stopping jetbrains.hub.auth.module.okta.plugin.OktaXdSyncJobScheduler
20 Aug 2026 08:00:04,380 INFO  [HubRestServlet      ] [PPER] Daemon Proxy 3] [] [] Stopping jetbrains.jetpass.oauth2.server.jobs.AuthErrorsCleanUpJobLifecycle
20 Aug 2026 08:00:04,383 INFO  [HubRestServlet      ] [PPER] Daemon Proxy 3] [] [] Stopping jetbrains.hub.server.cron.cleanup.PersistentJobsCleanUpJobLifecycle
20 Aug 2026 08:00:04,384 INFO  [HubRestServlet      ] [PPER] Daemon Proxy 3] [] [] Stopping jetbrains.hub.server.cron.persistence.NodeHeartbeatJobLifecycle
20 Aug 2026 08:00:04,384 INFO  [HubRestServlet      ] [PPER] Daemon Proxy 3] [] [] Stopping jetbrains.hub.server.cron.persistence.PersistentJobsDispatcherJobLifecycle
20 Aug 2026 08:00:04,386 INFO  [App                 ] [PPER] Daemon Proxy 3] [] [] Flushing access log saver...
20 Aug 2026 08:00:04,387 INFO  [App                 ] [PPER] Daemon Proxy 3] [] [] Event Listener forces changes save...
20 Aug 2026 08:00:04,388 INFO  [App                 ] [PPER] Daemon Proxy 3] [] [] All Hub Facilities Were Successfully Closed
20 Aug 2026 08:00:04,389 INFO  [HubRestServlet      ] [PPER] Daemon Proxy 3] [] [] Closing local bean scope
20 Aug 2026 08:00:04,391 INFO  [UserJobProcessor    ] [PPER] Daemon Proxy 3] [] [] Finishing All $UserJobProcessor Jobs...
20 Aug 2026 08:00:04,392 INFO  [IdPSyncJobProcessor ] [PPER] Daemon Proxy 3] [] [] Finishing All $IdPSyncJobProcessor Jobs...
20 Aug 2026 08:00:04,392 INFO  [ntsSaverJobProcessor] [PPER] Daemon Proxy 3] [] [] Finishing All $EventsSaverJobProcessor Jobs...
20 Aug 2026 08:00:04,392 INFO  [LogSaverJobProcessor] [PPER] Daemon Proxy 3] [] [] Finishing All $AccessLogSaverJobProcessor Jobs...
20 Aug 2026 08:00:04,392 INFO  [nizationJobProcessor] [PPER] Daemon Proxy 3] [] [] Finishing All $SynchronizationJobProcessor Jobs...
20 Aug 2026 08:00:04,392 INFO  [sDispatcherProcessor] [PPER] Daemon Proxy 3] [] [] Finishing All $PersistentJobsDispatcherProcessor Jobs...
20 Aug 2026 08:00:04,392 INFO  [eartbeatJobProcessor] [PPER] Daemon Proxy 3] [] [] Finishing All $NodeHeartbeatJobProcessor Jobs...
20 Aug 2026 08:00:04,392 INFO  [eCleanUpJobProcessor] [PPER] Daemon Proxy 3] [] [] Finishing All $DatabaseCleanUpJobProcessor Jobs...
20 Aug 2026 08:00:04,392 INFO  [cheEventJobProcessor] [PPER] Daemon Proxy 3] [] [] Finishing All $CacheEventJobProcessor Jobs...
20 Aug 2026 08:00:04,436 INFO  [HubRestServlet      ] [PPER] Daemon Proxy 3] [] [] Application destroyed
20 Aug 2026 08:00:04,491 INFO  [ShutdownHookPlugin  ] [Quartz Shutdown-Hook] [] [] Shutting down Quartz...
20 Aug 2026 08:00:04,592 INFO  [QuartzScheduler     ] [Quartz Shutdown-Hook] [] [] Scheduler shutting down...
20 Aug 2026 08:00:04,592 INFO  [QuartzScheduler     ] [Quartz Shutdown-Hook] [] [] Scheduler paused.
20 Aug 2026 08:00:04,593 INFO  [QuartzScheduler     ] [Quartz Shutdown-Hook] [] [] Threadpool shutting down...
21 Aug 2026 09:27:26,022 INFO  [Reflections         ] [APP-WRAPPER] Proxy 1] [init] [init] Reflections took 441 ms to scan 8 urls, producing 908 keys and 28987 values
21 Aug 2026 09:27:30,440 INFO  [chedulerSignalerImpl] [APP-WRAPPER] Proxy 1] [init] [init] Initialized Scheduler Signaler of type: class org.quartz.core.SchedulerSignalerImpl
21 Aug 2026 09:27:30,440 INFO  [RAMJobStore         ] [APP-WRAPPER] Proxy 1] [init] [init] RAMJobStore initialized.
21 Aug 2026 09:27:30,441 INFO  [ShutdownHookPlugin  ] [APP-WRAPPER] Proxy 1] [init] [init] Registering Quartz shutdown hook.
21 Aug 2026 09:27:30,602 INFO  [CacheUpdaterListener] [APP-WRAPPER] Proxy 1] [init] [init] Starting permission cache updater
21 Aug 2026 09:27:31,252 INFO  [QuartzScheduler     ] [APP-WRAPPER] Proxy 1] [init] [init] Scheduler started.
21 Aug 2026 09:27:32,725 INFO  [SpringInitializer   ] [APP-WRAPPER] Proxy 1] [init] [init] Initializing DNQ...
21 Aug 2026 09:27:33,008 INFO  [EnvironmentImpl     ] [APP-WRAPPER] Proxy 1] [init] [init] Exodus environment created: /opt/youtrack/data/hub
21 Aug 2026 09:27:33,048 INFO  [IterableCacheAdapter] [APP-WRAPPER] Proxy 1] [init] [init] Using weighted eviction for entity iterable cache, maxWeight = 4473924
21 Aug 2026 09:27:34,040 INFO  [stentEntityStoreImpl] [APP-WRAPPER] Proxy 1] [init] [init] Blob vault has been created at /opt/youtrack/data/hub/blobs
21 Aug 2026 09:27:34,254 INFO  [App                 ] [APP-WRAPPER] Proxy 1] [init] [init] Begin Event Listening process...
21 Aug 2026 09:27:34,262 INFO  [App                 ] [APP-WRAPPER] Proxy 1] [init] [init] Start PermissionCache Updater...
21 Aug 2026 09:27:34,268 INFO  [App                 ] [APP-WRAPPER] Proxy 1] [init] [init] Loading Constraints...
21 Aug 2026 09:27:34,268 INFO  [App                 ] [APP-WRAPPER] Proxy 1] [init] [init] Initializing Cache Event Etag...
21 Aug 2026 09:27:34,272 INFO  [App                 ] [APP-WRAPPER] Proxy 1] [init] [init] All Hub Facilities Were Successfully Initialized
21 Aug 2026 09:27:34,307 INFO  [App                 ] [APP-WRAPPER] Proxy 1] [init] [init] Init Hub application: 2026.2.52366 [releaseDate: 2026 07 30, commitHash: 4b000050d167f2b2852a5cbee9080cc36b2078e7]...
21 Aug 2026 09:27:34,460 INFO  [MigrationContainerXd] [APP-WRAPPER] Proxy 1] [init] [init] Migration process begin:
21 Aug 2026 09:27:34,490 INFO  [MigrationContainerXd] [APP-WRAPPER] Proxy 1] [init] [init]    Migration: AddImpliedPermissions.1 - started!
21 Aug 2026 09:27:34,502 INFO  [MigrationContainerXd] [APP-WRAPPER] Proxy 1] [init] [init]    Migration: AddImpliedPermissions.1 - applied in 9ms!
21 Aug 2026 09:27:34,507 INFO  [MigrationContainerXd] [APP-WRAPPER] Proxy 1] [init] [init] Total migrations applied: 1 in 44ms.
21 Aug 2026 09:27:34,507 INFO  [MigrationContainerXd] [APP-WRAPPER] Proxy 1] [init] [init] Start reindex...
21 Aug 2026 09:27:34,507 INFO  [InitializationUtil  ] [APP-WRAPPER] Proxy 1] [init] [init] Init indexes for unique properties and composite keys
21 Aug 2026 09:27:34,820 INFO  [MigrationContainerXd] [APP-WRAPPER] Proxy 1] [init] [init] Reindex completed in 312 ms
21 Aug 2026 09:27:36,111 INFO  [EventProcessor      ] [qtp403945022-53     ] [46-2126-ad24-e3ed-f69316588d4a] [guest@127.0.0.1] Collected changes
Update by гость[d4a04e11-abaa-46e6-8a3e-b76537fe6446] @2026-08-21T09:27:36.105+0000
	CREATE: JPService[a927c26f-90d9-4fe4-b415-fcbd729b77da](Temporary installer service (2026-08-21 09:27:35 UTC))
		audience[String]: null -> a927c26f-90d9-4fe4-b415-fcbd729b77da
		authCodeFlowEnabled[boolean]: false -> true
		clientCredentialsFlowEnabled[boolean]: false -> true
		consentRequired[boolean]: false -> false
		implicitFlowEnabled[boolean]: false -> true
		key[String]: null -> a927c26f-90d9-4fe4-b415-fcbd729b77da
		name[String]: null -> Temporary installer service (2026-08-21 09:27:35 UTC)
		resourceOwnerFlowEnabled[boolean]: false -> true
		secretHash[String]: null -> ***
		uuid[String]: null -> a927c26f-90d9-4fe4-b415-fcbd729b77da
		verified[boolean]: false -> true
21 Aug 2026 09:27:36,170 INFO  [EventProcessor      ] [ver-pool-14-thread-1] [46-2126-ad24-e3ed-f69316588d4a] [guest@127.0.0.1] Saved 1 change bundle(s)
21 Aug 2026 09:27:38,126 INFO  [EventProcessor      ] [qtp403945022-57     ] [79-02e7-3de1-7060-1308c24fabc9] [-08-21 09:27:35 UTC)@127.0.0.1] Collected changes
Update by Temporary installer service (2026-08-21 09:27:35 UTC)[a927c26f-90d9-4fe4-b415-fcbd729b77da] @2026-08-21T09:27:38.125+0000
	REMOVE: JPService[a927c26f-90d9-4fe4-b415-fcbd729b77da](Temporary installer service (2026-08-21 09:27:35 UTC))
		audience[String]: a927c26f-90d9-4fe4-b415-fcbd729b77da -> null
		authCodeFlowEnabled[boolean]: true -> false
		clientCredentialsFlowEnabled[boolean]: true -> false
		implicitFlowEnabled[boolean]: true -> false
		key[String]: a927c26f-90d9-4fe4-b415-fcbd729b77da -> null
		name[String]: Temporary installer service (2026-08-21 09:27:35 UTC) -> null
		resourceOwnerFlowEnabled[boolean]: true -> false
		secretHash[String]: *** -> null
		uuid[String]: a927c26f-90d9-4fe4-b415-fcbd729b77da -> null
		verified[boolean]: true -> false
21 Aug 2026 09:27:38,132 INFO  [EventProcessor      ] [ver-pool-14-thread-1] [79-02e7-3de1-7060-1308c24fabc9] [-08-21 09:27:35 UTC)@127.0.0.1] Saved 1 change bundle(s)
21 Aug 2026 09:28:06,045 INFO  [EventProcessor      ] [qtp403945022-58     ] [91-a1e5-3143-1c6b-8f7ec0d3987d] [YouTrack@127.0.0.1] Collected changes
Update by YouTrack[65c3714a-9d72-49d4-b98b-dc8fe4215020] @2026-08-21T09:28:06.044+0000
	UPDATE: JPService[54b0ab5b-07bc-44de-8ffe-aad3d4f70251](Konnector)
		secretHash[String]: *** -> ***
21 Aug 2026 09:28:06,058 INFO  [EventProcessor      ] [ver-pool-14-thread-1] [91-a1e5-3143-1c6b-8f7ec0d3987d] [YouTrack@127.0.0.1] Saved 1 change bundle(s)
21 Aug 2026 09:28:06,215 INFO  [EventProcessor      ] [qtp403945022-59     ] [91-a1e5-3143-1c6b-8f7ec0d3987d] [YouTrack@127.0.0.1] Collected changes
Update by YouTrack[65c3714a-9d72-49d4-b98b-dc8fe4215020] @2026-08-21T09:28:06.213+0000
	UPDATE: JPService[77bd22fe-6907-49b5-8bc7-4a57ec069865](YouTrack Mobile)
		secretHash[String]: *** -> ***
21 Aug 2026 09:28:06,226 INFO  [EventProcessor      ] [ver-pool-14-thread-1] [91-a1e5-3143-1c6b-8f7ec0d3987d] [YouTrack@127.0.0.1] Saved 1 change bundle(s)
21 Aug 2026 09:28:06,394 INFO  [EventProcessor      ] [qtp403945022-59     ] [91-a1e5-3143-1c6b-8f7ec0d3987d] [YouTrack@127.0.0.1] Collected changes
Update by YouTrack[65c3714a-9d72-49d4-b98b-dc8fe4215020] @2026-08-21T09:28:06.393+0000
	UPDATE: JPService[65c3714a-9d72-49d4-b98b-dc8fe4215020](YouTrack)
		secretHash[String]: *** -> ***
21 Aug 2026 09:28:06,401 INFO  [EventProcessor      ] [ver-pool-14-thread-1] [91-a1e5-3143-1c6b-8f7ec0d3987d] [YouTrack@127.0.0.1] Saved 1 change bundle(s)
21 Aug 2026 09:28:06,525 INFO  [XdPublicSettings    ] [qtp403945022-58     ] [91-a1e5-3143-1c6b-8f7ec0d3987d] [YouTrack@127.0.0.1] Language is set to: en
21 Aug 2026 09:28:07,028 INFO  [EventProcessor      ] [qtp403945022-59     ] [91-a1e5-3143-1c6b-8f7ec0d3987d] [YouTrack@127.0.0.1] Collected changes
Update by YouTrack[65c3714a-9d72-49d4-b98b-dc8fe4215020] @2026-08-21T09:28:07.028+0000
	UPDATE: JPService[65c3714a-9d72-49d4-b98b-dc8fe4215020](YouTrack)
		secretHash[String]: *** -> ***
21 Aug 2026 09:28:07,038 INFO  [EventProcessor      ] [ver-pool-14-thread-1] [91-a1e5-3143-1c6b-8f7ec0d3987d] [YouTrack@127.0.0.1] Saved 1 change bundle(s)
21 Aug 2026 09:29:35,324 INFO  [PermissionCache     ] [pool-18-thread-1    ] [] [] Start recalculating permissions cache [3]
21 Aug 2026 09:29:35,337 INFO  [PermissionCache     ] [pool-18-thread-1    ] [] [] Finish recalculating permissions cache [3] in: 0.008188027s, total user clusters: 1
21 Aug 2026 09:48:09,569 INFO  [EventProcessor      ] [qtp403945022-55     ] [b8-6360-b3ad-db3e-538e0dfffe75] [admin@172.19.0.1] Collected changes
Update by admin[81e9d0d5-1200-49c0-99db-bf14d37ee05b] @2026-08-21T09:48:09.563+0000
	UPDATE: JPUser[81e9d0d5-1200-49c0-99db-bf14d37ee05b](admin)
		permanentTokens[JPPermanentToken]: 
			author[JPRoleHolder]: [] -> [36-1(admin)[81e9d0d5-1200-49c0-99db-bf14d37ee05b]]
			scope[JPService]: [] -> [35-1(YouTrack)[65c3714a-9d72-49d4-b98b-dc8fe4215020], 19-0(YouTrack Administration)[0-0-0-0-0]]
			subject[JPRoleHolder]: [] -> [36-1(admin)[81e9d0d5-1200-49c0-99db-bf14d37ee05b]]
			name[String]: null -> admin2
			creationTime[DateTime]: null -> 1787305689557
			id[String]: null -> 45-1
21 Aug 2026 09:48:09,586 INFO  [EventProcessor      ] [ver-pool-14-thread-2] [b8-6360-b3ad-db3e-538e0dfffe75] [admin@172.19.0.1] Saved 1 change bundle(s)
21 Aug 2026 11:40:47,689 INFO  [HubRestServlet      ] [PPER] Daemon Proxy 2] [] [] Destroying application
21 Aug 2026 11:40:47,689 INFO  [HubRestServlet      ] [PPER] Daemon Proxy 2] [] [] Stopping jetbrains.hub.server.cron.backup.RegularBackupJob$Companion
21 Aug 2026 11:40:47,690 INFO  [HubRestServlet      ] [PPER] Daemon Proxy 2] [] [] Stopping jetbrains.hub.server.cron.userCount.UserCountJob$Companion
21 Aug 2026 11:40:47,690 INFO  [HubRestServlet      ] [PPER] Daemon Proxy 2] [] [] Stopping jetbrains.hub.auth.module.entra.plugin.AzureXdSyncJobScheduler
21 Aug 2026 11:40:47,690 INFO  [HubRestServlet      ] [PPER] Daemon Proxy 2] [] [] Stopping jetbrains.hub.auth.module.google.plugin.GoogleXdSyncJobScheduler
21 Aug 2026 11:40:47,690 INFO  [HubRestServlet      ] [PPER] Daemon Proxy 2] [] [] Stopping jetbrains.hub.auth.module.jba.plugin.JbaXdSyncJobScheduler
21 Aug 2026 11:40:47,690 INFO  [HubRestServlet      ] [PPER] Daemon Proxy 2] [] [] Stopping jetbrains.hub.auth.module.ldap.plugin.LdapXdSyncJobScheduler
21 Aug 2026 11:40:47,691 INFO  [HubRestServlet      ] [PPER] Daemon Proxy 2] [] [] Stopping jetbrains.hub.auth.module.okta.plugin.OktaXdSyncJobScheduler
21 Aug 2026 11:40:47,691 INFO  [HubRestServlet      ] [PPER] Daemon Proxy 2] [] [] Stopping jetbrains.jetpass.oauth2.server.jobs.AuthErrorsCleanUpJobLifecycle
21 Aug 2026 11:40:47,691 INFO  [HubRestServlet      ] [PPER] Daemon Proxy 2] [] [] Stopping jetbrains.hub.server.cron.cleanup.PersistentJobsCleanUpJobLifecycle
21 Aug 2026 11:40:47,691 INFO  [HubRestServlet      ] [PPER] Daemon Proxy 2] [] [] Stopping jetbrains.hub.server.cron.persistence.NodeHeartbeatJobLifecycle
21 Aug 2026 11:40:47,691 INFO  [HubRestServlet      ] [PPER] Daemon Proxy 2] [] [] Stopping jetbrains.hub.server.cron.persistence.PersistentJobsDispatcherJobLifecycle
21 Aug 2026 11:40:47,692 INFO  [App                 ] [PPER] Daemon Proxy 2] [] [] Flushing access log saver...
21 Aug 2026 11:40:47,692 INFO  [App                 ] [PPER] Daemon Proxy 2] [] [] Event Listener forces changes save...
21 Aug 2026 11:40:47,693 INFO  [App                 ] [PPER] Daemon Proxy 2] [] [] All Hub Facilities Were Successfully Closed
21 Aug 2026 11:40:47,693 INFO  [HubRestServlet      ] [PPER] Daemon Proxy 2] [] [] Closing local bean scope
21 Aug 2026 11:40:47,695 INFO  [UserJobProcessor    ] [PPER] Daemon Proxy 2] [] [] Finishing All $UserJobProcessor Jobs...
21 Aug 2026 11:40:47,696 INFO  [IdPSyncJobProcessor ] [PPER] Daemon Proxy 2] [] [] Finishing All $IdPSyncJobProcessor Jobs...
21 Aug 2026 11:40:47,696 INFO  [ntsSaverJobProcessor] [PPER] Daemon Proxy 2] [] [] Finishing All $EventsSaverJobProcessor Jobs...
21 Aug 2026 11:40:47,696 INFO  [LogSaverJobProcessor] [PPER] Daemon Proxy 2] [] [] Finishing All $AccessLogSaverJobProcessor Jobs...
21 Aug 2026 11:40:47,696 INFO  [nizationJobProcessor] [PPER] Daemon Proxy 2] [] [] Finishing All $SynchronizationJobProcessor Jobs...
21 Aug 2026 11:40:47,696 INFO  [sDispatcherProcessor] [PPER] Daemon Proxy 2] [] [] Finishing All $PersistentJobsDispatcherProcessor Jobs...
21 Aug 2026 11:40:47,696 INFO  [eartbeatJobProcessor] [PPER] Daemon Proxy 2] [] [] Finishing All $NodeHeartbeatJobProcessor Jobs...
21 Aug 2026 11:40:47,696 INFO  [eCleanUpJobProcessor] [PPER] Daemon Proxy 2] [] [] Finishing All $DatabaseCleanUpJobProcessor Jobs...
21 Aug 2026 11:40:47,696 INFO  [cheEventJobProcessor] [PPER] Daemon Proxy 2] [] [] Finishing All $CacheEventJobProcessor Jobs...
21 Aug 2026 11:40:47,726 INFO  [HubRestServlet      ] [PPER] Daemon Proxy 2] [] [] Application destroyed
21 Aug 2026 11:40:47,769 INFO  [ShutdownHookPlugin  ] [Quartz Shutdown-Hook] [] [] Shutting down Quartz...
21 Aug 2026 11:40:47,869 INFO  [QuartzScheduler     ] [Quartz Shutdown-Hook] [] [] Scheduler shutting down...
21 Aug 2026 11:40:47,869 INFO  [QuartzScheduler     ] [Quartz Shutdown-Hook] [] [] Scheduler paused.
21 Aug 2026 11:40:47,869 INFO  [QuartzScheduler     ] [Quartz Shutdown-Hook] [] [] Threadpool shutting down...
21 Aug 2026 11:40:47,869 INFO  [QuartzScheduler     ] [Quartz Shutdown-Hook] [] [] Scheduler shutdown complete.
24 Aug 2026 12:13:39,083 INFO  [Reflections         ] [APP-WRAPPER] Proxy 1] [init] [init] Reflections took 464 ms to scan 8 urls, producing 908 keys and 28987 values
24 Aug 2026 12:13:43,807 INFO  [chedulerSignalerImpl] [APP-WRAPPER] Proxy 1] [init] [init] Initialized Scheduler Signaler of type: class org.quartz.core.SchedulerSignalerImpl
24 Aug 2026 12:13:43,808 INFO  [RAMJobStore         ] [APP-WRAPPER] Proxy 1] [init] [init] RAMJobStore initialized.
24 Aug 2026 12:13:43,808 INFO  [ShutdownHookPlugin  ] [APP-WRAPPER] Proxy 1] [init] [init] Registering Quartz shutdown hook.
24 Aug 2026 12:13:43,978 INFO  [CacheUpdaterListener] [APP-WRAPPER] Proxy 1] [init] [init] Starting permission cache updater
24 Aug 2026 12:13:44,598 INFO  [QuartzScheduler     ] [APP-WRAPPER] Proxy 1] [init] [init] Scheduler started.
24 Aug 2026 12:13:46,046 INFO  [SpringInitializer   ] [APP-WRAPPER] Proxy 1] [init] [init] Initializing DNQ...
24 Aug 2026 12:13:46,414 INFO  [EnvironmentImpl     ] [APP-WRAPPER] Proxy 1] [init] [init] Exodus environment created: /opt/youtrack/data/hub
24 Aug 2026 12:13:46,510 INFO  [IterableCacheAdapter] [APP-WRAPPER] Proxy 1] [init] [init] Using weighted eviction for entity iterable cache, maxWeight = 4473924
24 Aug 2026 12:13:47,194 INFO  [stentEntityStoreImpl] [APP-WRAPPER] Proxy 1] [init] [init] Blob vault has been created at /opt/youtrack/data/hub/blobs
24 Aug 2026 12:13:47,393 INFO  [App                 ] [APP-WRAPPER] Proxy 1] [init] [init] Begin Event Listening process...
24 Aug 2026 12:13:47,404 INFO  [App                 ] [APP-WRAPPER] Proxy 1] [init] [init] Start PermissionCache Updater...
24 Aug 2026 12:13:47,412 INFO  [App                 ] [APP-WRAPPER] Proxy 1] [init] [init] Loading Constraints...
24 Aug 2026 12:13:47,413 INFO  [App                 ] [APP-WRAPPER] Proxy 1] [init] [init] Initializing Cache Event Etag...
24 Aug 2026 12:13:47,417 INFO  [App                 ] [APP-WRAPPER] Proxy 1] [init] [init] All Hub Facilities Were Successfully Initialized
24 Aug 2026 12:13:47,460 INFO  [App                 ] [APP-WRAPPER] Proxy 1] [init] [init] Init Hub application: 2026.2.52366 [releaseDate: 2026 07 30, commitHash: 4b000050d167f2b2852a5cbee9080cc36b2078e7]...
24 Aug 2026 12:13:47,611 INFO  [MigrationContainerXd] [APP-WRAPPER] Proxy 1] [init] [init] Migration process begin:
24 Aug 2026 12:13:47,641 INFO  [MigrationContainerXd] [APP-WRAPPER] Proxy 1] [init] [init]    Migration: AddImpliedPermissions.1 - started!
24 Aug 2026 12:13:47,650 INFO  [MigrationContainerXd] [APP-WRAPPER] Proxy 1] [init] [init]    Migration: AddImpliedPermissions.1 - applied in 7ms!
24 Aug 2026 12:13:47,653 INFO  [MigrationContainerXd] [APP-WRAPPER] Proxy 1] [init] [init] Total migrations applied: 1 in 40ms.
24 Aug 2026 12:13:47,653 INFO  [MigrationContainerXd] [APP-WRAPPER] Proxy 1] [init] [init] Start reindex...
24 Aug 2026 12:13:47,653 INFO  [InitializationUtil  ] [APP-WRAPPER] Proxy 1] [init] [init] Init indexes for unique properties and composite keys
24 Aug 2026 12:13:47,821 INFO  [MigrationContainerXd] [APP-WRAPPER] Proxy 1] [init] [init] Reindex completed in 167 ms
24 Aug 2026 12:13:49,217 INFO  [EventProcessor      ] [qtp289303711-62     ] [21-4865-42c5-c629-f8ed820729af] [guest@127.0.0.1] Collected changes
Update by гость[d4a04e11-abaa-46e6-8a3e-b76537fe6446] @2026-08-24T12:13:49.211+0000
	CREATE: JPService[a927c26f-90d9-4fe4-b415-fcbd729b77da](Temporary installer service (2026-08-24 12:13:48 UTC))
		audience[String]: null -> a927c26f-90d9-4fe4-b415-fcbd729b77da
		authCodeFlowEnabled[boolean]: false -> true
		clientCredentialsFlowEnabled[boolean]: false -> true
		consentRequired[boolean]: false -> false
		implicitFlowEnabled[boolean]: false -> true
		key[String]: null -> a927c26f-90d9-4fe4-b415-fcbd729b77da
		name[String]: null -> Temporary installer service (2026-08-24 12:13:48 UTC)
		resourceOwnerFlowEnabled[boolean]: false -> true
		secretHash[String]: null -> ***
		uuid[String]: null -> a927c26f-90d9-4fe4-b415-fcbd729b77da
		verified[boolean]: false -> true
24 Aug 2026 12:13:49,243 INFO  [EventProcessor      ] [ver-pool-14-thread-1] [21-4865-42c5-c629-f8ed820729af] [guest@127.0.0.1] Saved 1 change bundle(s)
24 Aug 2026 12:13:50,717 INFO  [EventProcessor      ] [qtp289303711-57     ] [29-8d3e-9a19-f106-7c848701e360] [-08-24 12:13:48 UTC)@127.0.0.1] Collected changes
Update by Temporary installer service (2026-08-24 12:13:48 UTC)[a927c26f-90d9-4fe4-b415-fcbd729b77da] @2026-08-24T12:13:50.716+0000
	REMOVE: JPService[a927c26f-90d9-4fe4-b415-fcbd729b77da](Temporary installer service (2026-08-24 12:13:48 UTC))
		audience[String]: a927c26f-90d9-4fe4-b415-fcbd729b77da -> null
		authCodeFlowEnabled[boolean]: true -> false
		clientCredentialsFlowEnabled[boolean]: true -> false
		implicitFlowEnabled[boolean]: true -> false
		key[String]: a927c26f-90d9-4fe4-b415-fcbd729b77da -> null
		name[String]: Temporary installer service (2026-08-24 12:13:48 UTC) -> null
		resourceOwnerFlowEnabled[boolean]: true -> false
		secretHash[String]: *** -> null
		uuid[String]: a927c26f-90d9-4fe4-b415-fcbd729b77da -> null
		verified[boolean]: true -> false
24 Aug 2026 12:13:50,722 INFO  [EventProcessor      ] [ver-pool-14-thread-1] [29-8d3e-9a19-f106-7c848701e360] [-08-24 12:13:48 UTC)@127.0.0.1] Saved 1 change bundle(s)
24 Aug 2026 12:14:16,819 INFO  [EventProcessor      ] [qtp289303711-58     ] [ff-69ef-b9e3-7f1f-ced14e4505d8] [YouTrack@127.0.0.1] Collected changes
Update by YouTrack[65c3714a-9d72-49d4-b98b-dc8fe4215020] @2026-08-24T12:14:16.818+0000
	UPDATE: JPService[54b0ab5b-07bc-44de-8ffe-aad3d4f70251](Konnector)
		secretHash[String]: *** -> ***
24 Aug 2026 12:14:16,824 INFO  [EventProcessor      ] [ver-pool-14-thread-1] [ff-69ef-b9e3-7f1f-ced14e4505d8] [YouTrack@127.0.0.1] Saved 1 change bundle(s)
24 Aug 2026 12:14:16,934 INFO  [EventProcessor      ] [qtp289303711-53     ] [ff-69ef-b9e3-7f1f-ced14e4505d8] [YouTrack@127.0.0.1] Collected changes
Update by YouTrack[65c3714a-9d72-49d4-b98b-dc8fe4215020] @2026-08-24T12:14:16.933+0000
	UPDATE: JPService[77bd22fe-6907-49b5-8bc7-4a57ec069865](YouTrack Mobile)
		secretHash[String]: *** -> ***
24 Aug 2026 12:14:16,940 INFO  [EventProcessor      ] [ver-pool-14-thread-1] [ff-69ef-b9e3-7f1f-ced14e4505d8] [YouTrack@127.0.0.1] Saved 1 change bundle(s)
24 Aug 2026 12:14:17,119 INFO  [EventProcessor      ] [qtp289303711-53     ] [ff-69ef-b9e3-7f1f-ced14e4505d8] [YouTrack@127.0.0.1] Collected changes
Update by YouTrack[65c3714a-9d72-49d4-b98b-dc8fe4215020] @2026-08-24T12:14:17.118+0000
	UPDATE: JPService[65c3714a-9d72-49d4-b98b-dc8fe4215020](YouTrack)
		secretHash[String]: *** -> ***
24 Aug 2026 12:14:17,129 INFO  [EventProcessor      ] [ver-pool-14-thread-1] [ff-69ef-b9e3-7f1f-ced14e4505d8] [YouTrack@127.0.0.1] Saved 1 change bundle(s)
24 Aug 2026 12:14:17,252 INFO  [XdPublicSettings    ] [qtp289303711-58     ] [ff-69ef-b9e3-7f1f-ced14e4505d8] [YouTrack@127.0.0.1] Language is set to: en
24 Aug 2026 12:14:17,576 INFO  [EventProcessor      ] [qtp289303711-58     ] [ff-69ef-b9e3-7f1f-ced14e4505d8] [YouTrack@127.0.0.1] Collected changes
Update by YouTrack[65c3714a-9d72-49d4-b98b-dc8fe4215020] @2026-08-24T12:14:17.576+0000
	UPDATE: JPService[65c3714a-9d72-49d4-b98b-dc8fe4215020](YouTrack)
		secretHash[String]: *** -> ***
24 Aug 2026 12:14:17,582 INFO  [EventProcessor      ] [ver-pool-14-thread-1] [ff-69ef-b9e3-7f1f-ced14e4505d8] [YouTrack@127.0.0.1] Saved 1 change bundle(s)
24 Aug 2026 12:15:48,337 INFO  [PermissionCache     ] [pool-18-thread-1    ] [] [] Start recalculating permissions cache [3]
24 Aug 2026 12:15:48,362 INFO  [PermissionCache     ] [pool-18-thread-1    ] [] [] Finish recalculating permissions cache [3] in: 0.025953198s, total user clusters: 0
24 Aug 2026 16:25:06,054 INFO  [sDispatcherProcessor] [reporter-20-thread-1] [init] [init] Job report:
  Pending job count: 0
  Running jobs: []
25 Aug 2026 13:30:01,115 INFO  [EntityIterableCache ] [rableCacheProcessor1] [] [] Caching forcibly stopped for handle 8-44-9-1acf1426-766d-45ed-a414-86eceb497eea: cache adapter is obsolete, caching time: 65 ms
25 Aug 2026 16:30:01,130 INFO  [EntityIterableCache ] [rableCacheProcessor0] [] [] Caching forcibly stopped for handle 7-44-9: cache adapter is obsolete, caching time: 84 ms
25 Aug 2026 18:30:01,110 INFO  [EntityIterableCache ] [rableCacheProcessor1] [] [] Caching forcibly stopped for handle 8-44-92-auth_codes_cleanup: cache adapter is obsolete, caching time: 80 ms
26 Aug 2026 10:30:01,046 INFO  [EntityIterableCache ] [rableCacheProcessor0] [] [] Caching forcibly stopped for handle 7-44-92: cache adapter is obsolete, caching time: 31 ms
26 Aug 2026 10:38:20,070 INFO  [sDispatcherProcessor] [reporter-20-thread-1] [init] [init] Log message invocation failed: java.util.NoSuchElementException
27 Aug 2026 07:16:08,556 INFO  [EntityIterableCache ] [rableCacheProcessor1] [] [] Caching forcibly stopped for handle 11-9-44-99--9223372036854775808-1780038967874-8-44-92-auth_codes_cleanup: cache adapter is obsolete, caching time: 639 ms
28 Aug 2026 06:24:26,076 INFO  [sDispatcherProcessor] [reporter-20-thread-1] [init] [init] Job report:
  Pending job count: 0
  Running jobs: [
 j.h.s.cron.persistence.PersistentJobsDispatcherJob:3e936bed8bd1(metadata=null, state=COMPLETED, priority=NORMAL, executingThread=persistent-jobs-dispatcher-pool-12-thread-1, timing=(createdAt=2026-08-28T06:24:26.000909103Z, pending=0ms, running=42ms, lifetime=42ms)) 
]
29 Aug 2026 18:15:23,440 INFO  [HubRestServlet      ] [PPER] Daemon Proxy 2] [] [] Destroying application
29 Aug 2026 18:15:23,441 INFO  [HubRestServlet      ] [PPER] Daemon Proxy 2] [] [] Stopping jetbrains.hub.server.cron.backup.RegularBackupJob$Companion
29 Aug 2026 18:15:23,444 INFO  [HubRestServlet      ] [PPER] Daemon Proxy 2] [] [] Stopping jetbrains.hub.server.cron.userCount.UserCountJob$Companion
29 Aug 2026 18:15:23,444 INFO  [HubRestServlet      ] [PPER] Daemon Proxy 2] [] [] Stopping jetbrains.hub.auth.module.entra.plugin.AzureXdSyncJobScheduler
29 Aug 2026 18:15:23,446 INFO  [HubRestServlet      ] [PPER] Daemon Proxy 2] [] [] Stopping jetbrains.hub.auth.module.google.plugin.GoogleXdSyncJobScheduler
29 Aug 2026 18:15:23,446 INFO  [HubRestServlet      ] [PPER] Daemon Proxy 2] [] [] Stopping jetbrains.hub.auth.module.jba.plugin.JbaXdSyncJobScheduler
29 Aug 2026 18:15:23,446 INFO  [HubRestServlet      ] [PPER] Daemon Proxy 2] [] [] Stopping jetbrains.hub.auth.module.ldap.plugin.LdapXdSyncJobScheduler
29 Aug 2026 18:15:23,447 INFO  [HubRestServlet      ] [PPER] Daemon Proxy 2] [] [] Stopping jetbrains.hub.auth.module.okta.plugin.OktaXdSyncJobScheduler
29 Aug 2026 18:15:23,447 INFO  [HubRestServlet      ] [PPER] Daemon Proxy 2] [] [] Stopping jetbrains.jetpass.oauth2.server.jobs.AuthErrorsCleanUpJobLifecycle
29 Aug 2026 18:15:23,450 INFO  [HubRestServlet      ] [PPER] Daemon Proxy 2] [] [] Stopping jetbrains.hub.server.cron.cleanup.PersistentJobsCleanUpJobLifecycle
29 Aug 2026 18:15:23,451 INFO  [HubRestServlet      ] [PPER] Daemon Proxy 2] [] [] Stopping jetbrains.hub.server.cron.persistence.NodeHeartbeatJobLifecycle
29 Aug 2026 18:15:23,451 INFO  [HubRestServlet      ] [PPER] Daemon Proxy 2] [] [] Stopping jetbrains.hub.server.cron.persistence.PersistentJobsDispatcherJobLifecycle
29 Aug 2026 18:15:23,453 INFO  [App                 ] [PPER] Daemon Proxy 2] [] [] Flushing access log saver...
29 Aug 2026 18:15:23,455 INFO  [App                 ] [PPER] Daemon Proxy 2] [] [] Event Listener forces changes save...
29 Aug 2026 18:15:23,461 INFO  [App                 ] [PPER] Daemon Proxy 2] [] [] All Hub Facilities Were Successfully Closed
29 Aug 2026 18:15:23,461 INFO  [HubRestServlet      ] [PPER] Daemon Proxy 2] [] [] Closing local bean scope
29 Aug 2026 18:15:23,472 INFO  [UserJobProcessor    ] [PPER] Daemon Proxy 2] [] [] Finishing All $UserJobProcessor Jobs...
29 Aug 2026 18:15:23,473 INFO  [IdPSyncJobProcessor ] [PPER] Daemon Proxy 2] [] [] Finishing All $IdPSyncJobProcessor Jobs...
29 Aug 2026 18:15:23,473 INFO  [ntsSaverJobProcessor] [PPER] Daemon Proxy 2] [] [] Finishing All $EventsSaverJobProcessor Jobs...
29 Aug 2026 18:15:23,473 INFO  [LogSaverJobProcessor] [PPER] Daemon Proxy 2] [] [] Finishing All $AccessLogSaverJobProcessor Jobs...
29 Aug 2026 18:15:23,473 INFO  [nizationJobProcessor] [PPER] Daemon Proxy 2] [] [] Finishing All $SynchronizationJobProcessor Jobs...
29 Aug 2026 18:15:23,473 INFO  [sDispatcherProcessor] [PPER] Daemon Proxy 2] [] [] Finishing All $PersistentJobsDispatcherProcessor Jobs...
29 Aug 2026 18:15:23,473 INFO  [eartbeatJobProcessor] [PPER] Daemon Proxy 2] [] [] Finishing All $NodeHeartbeatJobProcessor Jobs...
29 Aug 2026 18:15:23,473 INFO  [eCleanUpJobProcessor] [PPER] Daemon Proxy 2] [] [] Finishing All $DatabaseCleanUpJobProcessor Jobs...
29 Aug 2026 18:15:23,473 INFO  [cheEventJobProcessor] [PPER] Daemon Proxy 2] [] [] Finishing All $CacheEventJobProcessor Jobs...
29 Aug 2026 18:15:23,557 INFO  [HubRestServlet      ] [PPER] Daemon Proxy 2] [] [] Application destroyed
29 Aug 2026 18:15:23,800 INFO  [ShutdownHookPlugin  ] [Quartz Shutdown-Hook] [] [] Shutting down Quartz...
29 Aug 2026 18:15:23,901 INFO  [QuartzScheduler     ] [Quartz Shutdown-Hook] [] [] Scheduler shutting down...
29 Aug 2026 18:15:23,901 INFO  [QuartzScheduler     ] [Quartz Shutdown-Hook] [] [] Scheduler paused.
29 Aug 2026 18:15:23,901 INFO  [QuartzScheduler     ] [Quartz Shutdown-Hook] [] [] Threadpool shutting down...
29 Aug 2026 18:15:23,901 INFO  [QuartzScheduler     ] [Quartz Shutdown-Hook] [] [] Scheduler shutdown complete.
01 Sep 2026 07:40:13,297 INFO  [Reflections         ] [APP-WRAPPER] Proxy 1] [init] [init] Reflections took 595 ms to scan 8 urls, producing 908 keys and 28987 values
01 Sep 2026 07:40:18,473 INFO  [chedulerSignalerImpl] [APP-WRAPPER] Proxy 1] [init] [init] Initialized Scheduler Signaler of type: class org.quartz.core.SchedulerSignalerImpl
01 Sep 2026 07:40:18,475 INFO  [RAMJobStore         ] [APP-WRAPPER] Proxy 1] [init] [init] RAMJobStore initialized.
01 Sep 2026 07:40:18,475 INFO  [ShutdownHookPlugin  ] [APP-WRAPPER] Proxy 1] [init] [init] Registering Quartz shutdown hook.
01 Sep 2026 07:40:18,681 INFO  [CacheUpdaterListener] [APP-WRAPPER] Proxy 1] [init] [init] Starting permission cache updater
01 Sep 2026 07:40:19,480 INFO  [QuartzScheduler     ] [APP-WRAPPER] Proxy 1] [init] [init] Scheduler started.
01 Sep 2026 07:40:21,073 INFO  [SpringInitializer   ] [APP-WRAPPER] Proxy 1] [init] [init] Initializing DNQ...
01 Sep 2026 07:40:21,631 INFO  [EnvironmentImpl     ] [APP-WRAPPER] Proxy 1] [init] [init] Exodus environment created: /opt/youtrack/data/hub
01 Sep 2026 07:40:21,680 INFO  [IterableCacheAdapter] [APP-WRAPPER] Proxy 1] [init] [init] Using weighted eviction for entity iterable cache, maxWeight = 4473924
01 Sep 2026 07:40:22,693 INFO  [stentEntityStoreImpl] [APP-WRAPPER] Proxy 1] [init] [init] Blob vault has been created at /opt/youtrack/data/hub/blobs
01 Sep 2026 07:40:22,950 INFO  [App                 ] [APP-WRAPPER] Proxy 1] [init] [init] Begin Event Listening process...
01 Sep 2026 07:40:22,964 INFO  [App                 ] [APP-WRAPPER] Proxy 1] [init] [init] Start PermissionCache Updater...
01 Sep 2026 07:40:22,972 INFO  [App                 ] [APP-WRAPPER] Proxy 1] [init] [init] Loading Constraints...
01 Sep 2026 07:40:22,973 INFO  [App                 ] [APP-WRAPPER] Proxy 1] [init] [init] Initializing Cache Event Etag...
01 Sep 2026 07:40:22,981 INFO  [App                 ] [APP-WRAPPER] Proxy 1] [init] [init] All Hub Facilities Were Successfully Initialized
01 Sep 2026 07:40:23,034 INFO  [App                 ] [APP-WRAPPER] Proxy 1] [init] [init] Init Hub application: 2026.2.52366 [releaseDate: 2026 07 30, commitHash: 4b000050d167f2b2852a5cbee9080cc36b2078e7]...
01 Sep 2026 07:40:23,243 INFO  [MigrationContainerXd] [APP-WRAPPER] Proxy 1] [init] [init] Migration process begin:
01 Sep 2026 07:40:23,402 INFO  [MigrationContainerXd] [APP-WRAPPER] Proxy 1] [init] [init]    Migration: AddImpliedPermissions.1 - started!
01 Sep 2026 07:40:23,417 INFO  [MigrationContainerXd] [APP-WRAPPER] Proxy 1] [init] [init]    Migration: AddImpliedPermissions.1 - applied in 13ms!
01 Sep 2026 07:40:23,421 INFO  [MigrationContainerXd] [APP-WRAPPER] Proxy 1] [init] [init] Total migrations applied: 1 in 176ms.
01 Sep 2026 07:40:23,421 INFO  [MigrationContainerXd] [APP-WRAPPER] Proxy 1] [init] [init] Start reindex...
01 Sep 2026 07:40:23,421 INFO  [InitializationUtil  ] [APP-WRAPPER] Proxy 1] [init] [init] Init indexes for unique properties and composite keys
01 Sep 2026 07:40:23,830 INFO  [MigrationContainerXd] [APP-WRAPPER] Proxy 1] [init] [init] Reindex completed in 409 ms
01 Sep 2026 07:40:25,457 INFO  [EventProcessor      ] [qtp289303711-53     ] [58-3629-53f3-a0ca-3d9edd24b62f] [guest@127.0.0.1] Collected changes
Update by гость[d4a04e11-abaa-46e6-8a3e-b76537fe6446] @2026-09-01T07:40:25.449+0000
	CREATE: JPService[a927c26f-90d9-4fe4-b415-fcbd729b77da](Temporary installer service (2026-09-01 07:40:25 UTC))
		audience[String]: null -> a927c26f-90d9-4fe4-b415-fcbd729b77da
		authCodeFlowEnabled[boolean]: false -> true
		clientCredentialsFlowEnabled[boolean]: false -> true
		consentRequired[boolean]: false -> false
		implicitFlowEnabled[boolean]: false -> true
		key[String]: null -> a927c26f-90d9-4fe4-b415-fcbd729b77da
		name[String]: null -> Temporary installer service (2026-09-01 07:40:25 UTC)
		resourceOwnerFlowEnabled[boolean]: false -> true
		secretHash[String]: null -> ***
		uuid[String]: null -> a927c26f-90d9-4fe4-b415-fcbd729b77da
		verified[boolean]: false -> true
01 Sep 2026 07:40:25,496 INFO  [EventProcessor      ] [ver-pool-14-thread-1] [58-3629-53f3-a0ca-3d9edd24b62f] [guest@127.0.0.1] Saved 1 change bundle(s)
01 Sep 2026 07:40:27,517 INFO  [EventProcessor      ] [qtp289303711-57     ] [16-e1a9-9b01-16ad-08a8ea072165] [-09-01 07:40:25 UTC)@127.0.0.1] Collected changes
Update by Temporary installer service (2026-09-01 07:40:25 UTC)[a927c26f-90d9-4fe4-b415-fcbd729b77da] @2026-09-01T07:40:27.516+0000
	REMOVE: JPService[a927c26f-90d9-4fe4-b415-fcbd729b77da](Temporary installer service (2026-09-01 07:40:25 UTC))
		audience[String]: a927c26f-90d9-4fe4-b415-fcbd729b77da -> null
		authCodeFlowEnabled[boolean]: true -> false
		clientCredentialsFlowEnabled[boolean]: true -> false
		implicitFlowEnabled[boolean]: true -> false
		key[String]: a927c26f-90d9-4fe4-b415-fcbd729b77da -> null
		name[String]: Temporary installer service (2026-09-01 07:40:25 UTC) -> null
		resourceOwnerFlowEnabled[boolean]: true -> false
		secretHash[String]: *** -> null
		uuid[String]: a927c26f-90d9-4fe4-b415-fcbd729b77da -> null
		verified[boolean]: true -> false
01 Sep 2026 07:40:27,530 INFO  [EventProcessor      ] [ver-pool-14-thread-1] [16-e1a9-9b01-16ad-08a8ea072165] [-09-01 07:40:25 UTC)@127.0.0.1] Saved 1 change bundle(s)
01 Sep 2026 07:40:58,951 INFO  [EventProcessor      ] [qtp289303711-58     ] [ea-d3fe-618c-257a-5841115f2e4e] [YouTrack@127.0.0.1] Collected changes
Update by YouTrack[65c3714a-9d72-49d4-b98b-dc8fe4215020] @2026-09-01T07:40:58.950+0000
	UPDATE: JPService[54b0ab5b-07bc-44de-8ffe-aad3d4f70251](Konnector)
		secretHash[String]: *** -> ***
01 Sep 2026 07:40:58,969 INFO  [EventProcessor      ] [ver-pool-14-thread-1] [ea-d3fe-618c-257a-5841115f2e4e] [YouTrack@127.0.0.1] Saved 1 change bundle(s)
01 Sep 2026 07:40:59,139 INFO  [EventProcessor      ] [qtp289303711-58     ] [ea-d3fe-618c-257a-5841115f2e4e] [YouTrack@127.0.0.1] Collected changes
Update by YouTrack[65c3714a-9d72-49d4-b98b-dc8fe4215020] @2026-09-01T07:40:59.139+0000
	UPDATE: JPService[77bd22fe-6907-49b5-8bc7-4a57ec069865](YouTrack Mobile)
		secretHash[String]: *** -> ***
01 Sep 2026 07:40:59,147 INFO  [EventProcessor      ] [ver-pool-14-thread-1] [ea-d3fe-618c-257a-5841115f2e4e] [YouTrack@127.0.0.1] Saved 1 change bundle(s)
01 Sep 2026 07:40:59,290 INFO  [EventProcessor      ] [qtp289303711-58     ] [ea-d3fe-618c-257a-5841115f2e4e] [YouTrack@127.0.0.1] Collected changes
Update by YouTrack[65c3714a-9d72-49d4-b98b-dc8fe4215020] @2026-09-01T07:40:59.290+0000
	UPDATE: JPService[65c3714a-9d72-49d4-b98b-dc8fe4215020](YouTrack)
		secretHash[String]: *** -> ***
01 Sep 2026 07:40:59,296 INFO  [EventProcessor      ] [ver-pool-14-thread-1] [ea-d3fe-618c-257a-5841115f2e4e] [YouTrack@127.0.0.1] Saved 1 change bundle(s)
01 Sep 2026 07:40:59,384 INFO  [XdPublicSettings    ] [qtp289303711-60     ] [ea-d3fe-618c-257a-5841115f2e4e] [YouTrack@127.0.0.1] Language is set to: en
01 Sep 2026 07:40:59,744 INFO  [EventProcessor      ] [qtp289303711-58     ] [ea-d3fe-618c-257a-5841115f2e4e] [YouTrack@127.0.0.1] Collected changes
Update by YouTrack[65c3714a-9d72-49d4-b98b-dc8fe4215020] @2026-09-01T07:40:59.743+0000
	UPDATE: JPService[65c3714a-9d72-49d4-b98b-dc8fe4215020](YouTrack)
		secretHash[String]: *** -> ***
01 Sep 2026 07:40:59,752 INFO  [EventProcessor      ] [ver-pool-14-thread-1] [ea-d3fe-618c-257a-5841115f2e4e] [YouTrack@127.0.0.1] Saved 1 change bundle(s)
01 Sep 2026 07:42:24,340 INFO  [PermissionCache     ] [pool-18-thread-1    ] [] [] Start recalculating permissions cache [3]
01 Sep 2026 07:42:24,369 INFO  [PermissionCache     ] [pool-18-thread-1    ] [] [] Finish recalculating permissions cache [3] in: 0.028725882s, total user clusters: 0
