[2026-08-13 13:02:38,220]  DEBUG - ard.WizardConfiguredProperties - Wizard has not been run yet. The file [/opt/youtrack/conf/internal/wizard-configured.properties] does not exist 
[2026-08-13 13:02:38,224]  DEBUG - ard.WizardConfiguredProperties - Wizard has not been run yet. The file [/opt/youtrack/conf/internal/wizard-configured.properties] does not exist 
[2026-08-13 13:02:38,228]  DEBUG - brains.bundle.ServiceDiscovery - Looking for services in /opt/youtrack/apps 
[2026-08-13 13:02:38,229]  DEBUG - brains.bundle.ServiceDiscovery - Found service descriptor /opt/youtrack/apps/youtrack 
[2026-08-13 13:02:38,230]  DEBUG - brains.bundle.ServiceDiscovery - Found service descriptor /opt/youtrack/apps/hub 
[2026-08-13 13:02:38,289]  DEBUG - ard.WizardConfiguredProperties - Wizard has not been run yet. The file [/opt/youtrack/conf/internal/wizard-configured.properties] does not exist 
[2026-08-13 13:02:38,319]   INFO -                 bundle.startup - Configuring Service-Container[bundleProcess] 
[2026-08-13 13:02:38,329]   INFO -                 bundle.startup - Configuring Bundle Backend Service 
[2026-08-13 13:02:38,336]   INFO -                 bundle.startup - Configuring Configuration Wizard 
[2026-08-13 13:02:38,364]   INFO -                 bundle.startup - Starting Service-Container[bundleProcess] 
[2026-08-13 13:02:38,365]  DEBUG - .bundle.Services$StartingState - Set status [STARTING] for service [bundleProcess] 
[2026-08-13 13:02:38,379]  DEBUG - g.JavaUtilLoggingToSlf4jBridge - [class com.jetbrains.service.util.logging.SLF4JBridgePerContextClassLoaderHandler] has already bean installed 
[2026-08-13 13:02:38,391]   INFO -     org.eclipse.jetty.util.log - Logging initialized @1440ms to org.eclipse.jetty.util.log.Slf4jLog 
[2026-08-13 13:02:38,465]   INFO - rg.eclipse.jetty.server.Server - jetty-9.4.58.v20250814; built: 2025-08-14T02:28:49.637Z; git: 8f1440587e9e4ae7db3d74cf205643f3d707148d; jvm 21.0.12+8-LTS 
[2026-08-13 13:02:38,520]   INFO - .server.handler.ContextHandler - Started o.e.j.s.ServletContextHandler@482ebc8b{/bundle/starting,null,AVAILABLE} 
[2026-08-13 13:02:38,523]   INFO - .server.handler.ContextHandler - Started c.j.b.p.j.@435d36e3{/,file:///opt/youtrack/internal/error_pages/,AVAILABLE} 
[2026-08-13 13:02:38,555]   INFO - jetty.server.AbstractConnector - Started ServerConnector@5e91d023{HTTP/1.1, (http/1.1)}{0.0.0.0:8080} 
[2026-08-13 13:02:38,557]   INFO - rg.eclipse.jetty.server.Server - Started @1607ms 
[2026-08-13 13:02:38,566]  DEBUG - .bundle.Services$StartingState - Set status [RUNNING] for service [bundleProcess] 
[2026-08-13 13:02:38,566]   INFO -                 bundle.startup - Starting Bundle Backend Service 
[2026-08-13 13:02:38,567]  DEBUG - .bundle.Services$StartingState - Set status [STARTING] for service [bundleBackend] 
[2026-08-13 13:02:38,769]   INFO - ations.AnnotationConfiguration - Scanning elapsed time=113ms 
[2026-08-13 13:02:38,862]   INFO - .ContextHandler.bundle_backend - 1 Spring WebApplicationInitializers detected on classpath 
[2026-08-13 13:02:38,864]  DEBUG - onfig.BundleBackendInitializer - No ContextLoaderListener registered, as createRootApplicationContext() did not return an application context 
[2026-08-13 13:02:38,882]   INFO - g.eclipse.jetty.server.session - DefaultSessionIdManager workerName=node0 
[2026-08-13 13:02:38,883]   INFO - g.eclipse.jetty.server.session - No SessionScavenger set, using defaults 
[2026-08-13 13:02:38,884]   INFO - g.eclipse.jetty.server.session - node0 Scavenging every 660000ms 
[2026-08-13 13:02:38,905]   INFO - .ContextHandler.bundle_backend - Initializing Spring DispatcherServlet 'BundleBackendServletDispatcher' 
[2026-08-13 13:02:38,906]   INFO - .web.servlet.DispatcherServlet - Initializing Servlet 'BundleBackendServletDispatcher' 
[2026-08-13 13:02:39,315]  DEBUG - ervlet.HandlerMapping.Mappings - 
	c.j.b.b.r.PropertiesController:
	{POST [/settings], produces [application/json]}: updateProperty(UpdatePropertiesRequest,String,String)
	{POST [/settings/candidate], produces [application/json]}: validateProperty(PropertyJSON,String,String)
	{GET [/settings/{propertyName}], produces [application/json]}: getProperty(String,String,String) 
[2026-08-13 13:02:39,320]  DEBUG - ervlet.HandlerMapping.Mappings - 
	c.j.b.b.r.ProductStateController:
	{GET [/state], produces [application/json]}: getProductStateInfo(String,HttpServletRequest)
	{GET [/state/started], produces [application/json]}: getProductStarted() 
[2026-08-13 13:02:39,322]  DEBUG - ervlet.HandlerMapping.Mappings - 
	c.j.b.b.r.ClientCertificateAuthSettingsController:
	{GET [/certificateAuth], produces [application/json]}: getCertificateAuthSettings(String,String)
	{POST [/certificateAuth], produces [application/json]}: updateCertificateAuthSettings(CertificateAuthSettingsJSON,String,String) 
[2026-08-13 13:02:39,324]  DEBUG - ervlet.HandlerMapping.Mappings - 
	c.j.b.b.r.StatusController:
	{GET [/bundleBackendStatus]}: getStatus() 
[2026-08-13 13:02:39,334]  DEBUG - ervlet.HandlerMapping.Mappings - 'beanNameHandlerMapping' {} 
[2026-08-13 13:02:39,778]   INFO - .web.servlet.DispatcherServlet - Completed initialization in 871 ms 
[2026-08-13 13:02:39,779]   INFO - .server.handler.ContextHandler - Started o.e.j.w.WebAppContext@319e695a{/bundle/backend,file:///opt/youtrack/internal/bundle_common/,AVAILABLE} 
[2026-08-13 13:02:39,788]  DEBUG - .bundle.Services$StartingState - Set status [RUNNING] for service [bundleBackend] 
[2026-08-13 13:02:39,789]   INFO -                 bundle.startup - Starting Configuration Wizard 
[2026-08-13 13:02:39,790]   INFO -                 bundle.startup - JetBrains YouTrack 2026.2 Configuration Wizard will listen inside container on {0.0.0.0:8080}/ after start and can be accessed by URL [http://<put-your-docker-HOST-name-here>:<put-host-port-mapped-to-container-port-8080-here>//?wizard_token=CazGnd01NRAThaCqQqHm] 
[2026-08-13 13:02:39,790]  DEBUG - .bundle.Services$StartingState - Set status [STARTING] for service [configurationWizard] 
[2026-08-13 13:02:40,840]   INFO - ations.AnnotationConfiguration - Scanning elapsed time=960ms 
[2026-08-13 13:02:40,865]   INFO - er.handler.ContextHandler.ROOT - 1 Spring WebApplicationInitializers detected on classpath 
[2026-08-13 13:02:40,867]  DEBUG - allerWebApplicationInitializer - No ContextLoaderListener registered, as createRootApplicationContext() did not return an application context 
[2026-08-13 13:02:40,875]   INFO - er.handler.ContextHandler.ROOT - Initializing Spring DispatcherServlet 'InstallerServletDispatcher' 
[2026-08-13 13:02:40,876]   INFO - .web.servlet.DispatcherServlet - Initializing Servlet 'InstallerServletDispatcher' 
[2026-08-13 13:02:41,454]  DEBUG - ervlet.HandlerMapping.Mappings - 
	c.j.i.r.LicenseKeyResource:
	{GET [/wizard/license-key], produces [application/json]}: getKey()
	{POST [/wizard/license-key], produces [application/json]}: setKey(HttpServletRequest,LicenseKeyUpdateInfo) 
[2026-08-13 13:02:41,459]  DEBUG - ervlet.HandlerMapping.Mappings - 
	c.j.i.r.HubSettingsResource:
	{GET [/wizard/hub-settings], produces [application/json]}: get()
	{POST [/wizard/hub-settings], produces [application/json]}: post(HubSettings) 
[2026-08-13 13:02:41,461]  DEBUG - ervlet.HandlerMapping.Mappings - 
	c.j.i.r.LicensesAgreementsResource:
	{GET [/license-agreements], produces [application/json]}: get() 
[2026-08-13 13:02:41,462]  DEBUG - ervlet.HandlerMapping.Mappings - 
	c.j.i.r.UpgradeSourceResource:
	{POST [/wizard/upgrade-source/clean], produces [application/json]}: cleanOldUpgradeData()
	{GET [/wizard/upgrade-source/clean], produces [application/json]}: getOldUpgradeDataInfo()
	{GET [/wizard/upgrade-source], produces [application/json]}: get()
	{GET [/wizard/upgrade-source/check], produces [application/json]}: checkPath(String,String)
	{POST [/wizard/upgrade-source], produces [application/json]}: post(UpgradeSource) 
[2026-08-13 13:02:41,463]  DEBUG - ervlet.HandlerMapping.Mappings - 
	c.j.i.r.StepsResource:
	{GET [/wizard/steps], produces [application/json]}: get(HttpServletResponse) 
[2026-08-13 13:02:41,466]  DEBUG - ervlet.HandlerMapping.Mappings - 
	c.j.i.r.UpgradeSettingsResource:
	{GET [/wizard/upgrade-settings/check], produces [application/json]}: checkFolder(String,String)
	{GET [/wizard/upgrade-settings], produces [application/json]}: get()
	{POST [/wizard/upgrade-settings/candidate], produces [application/json]}: validate(UpgradeSettings)
	{POST [/wizard/upgrade-settings], produces [application/json]}: post(UpgradeSettings) 
[2026-08-13 13:02:41,468]  DEBUG - ervlet.HandlerMapping.Mappings - 
	c.j.i.r.FilesResource:
	{GET [/browse/access/write], produces [application/json]}: checkFolder(String)
	{GET [/browse], produces [application/json]}: getFolder(String,Boolean) 
[2026-08-13 13:02:41,469]  DEBUG - ervlet.HandlerMapping.Mappings - 
	c.j.i.r.CertificatesResource:
	{GET [/wizard/certificates/{fingerprint}], produces [application/json]}: getCertificate(HttpServletRequest,String)
	{POST [/wizard/certificates], produces [application/json]}: addCertificate(CertificateInfo)
	{DELETE [/wizard/certificates/{fingerprint}], produces [application/json]}: deleteCertificate(String)
	{GET [/wizard/certificates], produces [application/json]}: getCertificates() 
[2026-08-13 13:02:41,471]  DEBUG - ervlet.HandlerMapping.Mappings - 
	c.j.i.r.AuthController:
	{GET [/checkAuth], produces [application/json]}: validate(String) 
[2026-08-13 13:02:41,472]  DEBUG - ervlet.HandlerMapping.Mappings - 
	c.j.i.r.HubBundleServiceResource:
	{POST [/hub/bundle-service], produces [application/json]}: createBundleService(ExternalHubInfo,String,String,String)
	{GET [/hub/bundle-service], produces [application/json]}: getBundleService() 
[2026-08-13 13:02:41,474]  DEBUG - ervlet.HandlerMapping.Mappings - 
	c.j.i.r.BasicSettingsResource:
	{GET [/wizard/basic-settings/check], produces [application/json]}: checkFolder(String,String)
	{GET [/wizard/basic-settings], produces [application/json]}: get()
	{POST [/wizard/basic-settings], produces [application/json]}: post(BasicSettings) 
[2026-08-13 13:02:41,476]  DEBUG - ervlet.HandlerMapping.Mappings - 
	c.j.i.r.CertificateUrlResource:
	{POST [/wizard/cert], produces [application/json]}: getHostnameFromCertificate(SecureContent) 
[2026-08-13 13:02:41,478]  DEBUG - ervlet.HandlerMapping.Mappings - 
	c.j.i.r.TestConnectionResource:
	{GET [/wizard/connections/{id}], produces [application/json]}: getEndpoint(HttpServletRequest,String)
	{POST [/wizard/connections], produces [application/json]}: createEndpoint(TestConnection)
	{GET [/wizard/connections], produces [application/json]}: getAllEndpoints()
	{DELETE [/wizard/connections/{id}], produces [application/json]}: deleteEndpoint(HttpServletRequest,String)
	{GET [/wizard/connections/status], produces [application/json]}: status(HttpHeaders) 
[2026-08-13 13:02:41,480]  DEBUG - ervlet.HandlerMapping.Mappings - 
	c.j.i.r.WizardInfoResource:
	{GET [/wizard/info], produces [application/json]}: get() 
[2026-08-13 13:02:41,481]  DEBUG - ervlet.HandlerMapping.Mappings - 
	c.j.i.r.StatusController:
	{GET [/wizard/status]}: getStatus() 
[2026-08-13 13:02:41,482]  DEBUG - ervlet.HandlerMapping.Mappings - 
	c.j.i.r.DefaultSettingsResource:
	{GET [/wizard/basic-settings/default], produces [application/json]}: getDefaultBasicSettings()
	{GET [/wizard/hub-settings/default], produces [application/json]}: getDefaultHubSettings()
	{GET [/wizard/upgrade-source/default], produces [application/json]}: getDefaultUpgradeSource()
	{GET [/wizard/upgrade-settings/default], produces [application/json]}: getDefaultUpgradeSettings()
	{GET [/wizard/license-key/default], produces [application/json]}: getDefaultLicenseKeyInfo()
	{GET [/wizard/license-key/upgrade/default], produces [application/json]}: getDefaultUpgradeLicenseKeyInfo() 
[2026-08-13 13:02:41,484]  DEBUG - ervlet.HandlerMapping.Mappings - 
	c.j.i.r.WaitResource:
	{GET [/wizard/wait/ping], produces [application/json]}: ping()
	{GET [/wizard/wait/url], produces [application/json]}: getUrlToShowAfterCompletion(HttpServletRequest)
	{POST [/wizard/wait/dump], produces [application/json]}: dump(HttpServletRequest) 
[2026-08-13 13:02:41,493]  DEBUG - ervlet.HandlerMapping.Mappings - 'beanNameHandlerMapping' {} 
[2026-08-13 13:02:41,860]   INFO - .web.servlet.DispatcherServlet - Completed initialization in 983 ms 
[2026-08-13 13:02:41,861]   INFO - .server.handler.ContextHandler - Started o.e.j.w.WebAppContext@1619db8{/,file:///opt/youtrack/internal/wizard_web/,AVAILABLE} 
[2026-08-13 13:02:41,871]  DEBUG - .bundle.Services$StartingState - Set status [RUNNING] for service [configurationWizard] 
[2026-08-13 13:02:41,876]  DEBUG - rains.service.util.cmd.CmdUtil - Executing [uname, -a] in directory [/opt/youtrack] 
[2026-08-13 13:02:42,291]  DEBUG - rains.service.util.cmd.CmdUtil - Command [[uname, -a]] exited with code 0 and output: [Linux fd29b82ae489 6.6.114.1-microsoft-standard-WSL2 #1 SMP PREEMPT_DYNAMIC Mon Dec  1 20:46:23 UTC 2025 x86_64 x86_64 x86_64 GNU/Linux] 
[2026-08-13 13:02:42,292]  DEBUG - rains.service.util.cmd.CmdUtil - Executing [free] in directory [/opt/youtrack] 
[2026-08-13 13:02:42,296]  DEBUG - rains.service.util.cmd.CmdUtil - Executing [df] in directory [/opt/youtrack] 
[2026-08-13 13:02:42,706]  DEBUG - rains.service.util.cmd.CmdUtil - Command [[df]] exited with code 0 and output: [Filesystem      1K-blocks      Used Available Use% Mounted on
overlay        1055762868  10432856 991626540   2% /
tmpfs               65536         0     65536   0% /dev
shm                 65536         0     65536   0% /dev/shm
/dev/sdd       1055762868  10432856 991626540   2% /etc/hosts
C:\             498972668 411332340  87640328  83% /opt/youtrack/data
tmpfs                   4         0         4   0% /proc/acpi] 
[2026-08-13 13:02:42,707]  DEBUG - rains.service.util.cmd.CmdUtil - Executing [/bin/sh, -c, ulimit -a] in directory [/opt/youtrack] 
[2026-08-13 13:02:43,119]  DEBUG - rains.service.util.cmd.CmdUtil - Command [[/bin/sh, -c, ulimit -a]] exited with code 0 and output: [real-time non-blocking time  (microseconds, -R) unlimited
core file size              (blocks, -c) 0
data seg size               (kbytes, -d) unlimited
scheduling priority                 (-e) 0
file size                   (blocks, -f) unlimited
pending signals                     (-i) 31133
max locked memory           (kbytes, -l) unlimited
max memory size             (kbytes, -m) unlimited
open files                          (-n) 1048576
pipe size                (512 bytes, -p) 8
POSIX message queues         (bytes, -q) 819200
real-time priority                  (-r) 0
stack size                  (kbytes, -s) 8192
cpu time                   (seconds, -t) unlimited
max user processes                  (-u) unlimited
virtual memory              (kbytes, -v) unlimited
file locks                          (-x) unlimited] 
[2026-08-13 13:02:43,119]  DEBUG - rains.service.util.cmd.CmdUtil - Executing [hostname] in directory [/opt/youtrack] 
[2026-08-13 13:02:43,531]  DEBUG - rains.service.util.cmd.CmdUtil - Command [[hostname]] exited with code 0 and output: [fd29b82ae489] 
[2026-08-13 13:02:43,532]  DEBUG - rains.service.util.cmd.CmdUtil - Executing [hostname, -f] in directory [/opt/youtrack] 
[2026-08-13 13:02:43,950]  DEBUG - rains.service.util.cmd.CmdUtil - Command [[hostname, -f]] exited with code 0 and output: [fd29b82ae489] 
[2026-08-13 13:02:43,950]  DEBUG - rains.service.util.cmd.CmdUtil - Executing [id, -a] in directory [/opt/youtrack] 
[2026-08-13 13:02:44,364]  DEBUG - rains.service.util.cmd.CmdUtil - Command [[id, -a]] exited with code 0 and output: [uid=13001(jetbrains) gid=13001(jetbrains) groups=13001(jetbrains)] 
[2026-08-13 13:03:06,427]  DEBUG - er.rest.TestConnectionResource - Status request is received from localhost:8080 
[2026-08-13 13:03:11,494]  DEBUG - izard.ConfigurationFileWatcher - There are 22 properties found 
[2026-08-13 13:03:11,495]  DEBUG - izard.ConfigurationFileWatcher - Loaded property [bundle.statistics-upload] 
[2026-08-13 13:03:11,495]  DEBUG - izard.ConfigurationFileWatcher - Loaded property [bundle.root-user] 
[2026-08-13 13:03:11,496]  DEBUG - izard.ConfigurationFileWatcher - Loaded property [service.youtrack.license-user-name] 
[2026-08-13 13:03:11,496]  DEBUG - izard.ConfigurationFileWatcher - Loaded property [bundle.secure-mode] 
[2026-08-13 13:03:11,497]  DEBUG - izard.ConfigurationFileWatcher - Loaded property [bundle.backups-dir] 
[2026-08-13 13:03:11,498]  DEBUG - izard.ConfigurationFileWatcher - Loaded property [bundle.disable.hub] 
[2026-08-13 13:03:11,498]  DEBUG - izard.ConfigurationFileWatcher - Loaded property [bundle.root-password] 
[2026-08-13 13:03:11,499]  DEBUG - izard.ConfigurationFileWatcher - Loaded property [bundle.data-dir] 
[2026-08-13 13:03:11,499]  DEBUG - izard.ConfigurationFileWatcher - Loaded property [wizard-actual-client-url] 
[2026-08-13 13:03:11,500]  DEBUG - izard.ConfigurationFileWatcher - Loaded property [wizard.configuration.finished] 
[2026-08-13 13:03:11,501]  DEBUG - izard.ConfigurationFileWatcher - Loaded property [bundle.temp-dir] 
[2026-08-13 13:03:11,501]  DEBUG - izard.ConfigurationFileWatcher - Loaded property [wizard-url] 
[2026-08-13 13:03:11,502]  DEBUG - izard.ConfigurationFileWatcher - Loaded property [hub_config.bundle-hub-service-id] 
[2026-08-13 13:03:11,503]  DEBUG - izard.ConfigurationFileWatcher - Loaded property [service.youtrack.license-key] 
[2026-08-13 13:03:11,504]  DEBUG - izard.ConfigurationFileWatcher - Loaded property [hub_config.bundle-hub-service-secret] 
[2026-08-13 13:03:11,505]  DEBUG - izard.ConfigurationFileWatcher - Loaded property [bundle.allow-anonymous-access] 
[2026-08-13 13:03:11,505]  DEBUG - izard.ConfigurationFileWatcher - Loaded property [bundle.logs-dir] 
[2026-08-13 13:03:11,505]  DEBUG - izard.ConfigurationFileWatcher - Loaded property [bundle.additional-keystore-password] 
[2026-08-13 13:03:11,506]  DEBUG - izard.ConfigurationFileWatcher - Loaded property [bundle.listen-port] 
[2026-08-13 13:03:11,506]  DEBUG - izard.ConfigurationFileWatcher - Loaded property [bundle.locale] 
[2026-08-13 13:03:11,506]  DEBUG - izard.ConfigurationFileWatcher - Loaded property [bundle.base-url] 
[2026-08-13 13:03:11,507]  DEBUG - izard.ConfigurationFileWatcher - Loaded property [bundle.listen-address] 
[2026-08-13 13:03:11,517]  DEBUG - ard.WizardConfiguredProperties - Reloading properties from existing file [/opt/youtrack/conf/internal/wizard-configured.properties] 
[2026-08-13 13:03:11,524]  DEBUG - ard.WizardConfiguredProperties - There are 22 properties found 
[2026-08-13 13:03:11,524]  DEBUG - ard.WizardConfiguredProperties - Loaded property [bundle.statistics-upload] 
[2026-08-13 13:03:11,525]  DEBUG - ard.WizardConfiguredProperties - Loaded property [bundle.root-user] 
[2026-08-13 13:03:11,525]  DEBUG - ard.WizardConfiguredProperties - Loaded property [service.youtrack.license-user-name] 
[2026-08-13 13:03:11,525]  DEBUG - ard.WizardConfiguredProperties - Loaded property [bundle.secure-mode] 
[2026-08-13 13:03:11,526]  DEBUG - ard.WizardConfiguredProperties - Loaded property [bundle.backups-dir] 
[2026-08-13 13:03:11,526]  DEBUG - ard.WizardConfiguredProperties - Loaded property [bundle.disable.hub] 
[2026-08-13 13:03:11,526]  DEBUG - ard.WizardConfiguredProperties - Loaded property [bundle.root-password] 
[2026-08-13 13:03:11,527]  DEBUG - ard.WizardConfiguredProperties - Loaded property [bundle.data-dir] 
[2026-08-13 13:03:11,527]  DEBUG - ard.WizardConfiguredProperties - Loaded property [wizard-actual-client-url] 
[2026-08-13 13:03:11,528]  DEBUG - ard.WizardConfiguredProperties - Loaded property [wizard.configuration.finished] 
[2026-08-13 13:03:11,528]  DEBUG - ard.WizardConfiguredProperties - Loaded property [bundle.temp-dir] 
[2026-08-13 13:03:11,529]  DEBUG - ard.WizardConfiguredProperties - Loaded property [wizard-url] 
[2026-08-13 13:03:11,530]  DEBUG - ard.WizardConfiguredProperties - Loaded property [hub_config.bundle-hub-service-id] 
[2026-08-13 13:03:11,530]  DEBUG - ard.WizardConfiguredProperties - Loaded property [service.youtrack.license-key] 
[2026-08-13 13:03:11,531]  DEBUG - ard.WizardConfiguredProperties - Loaded property [hub_config.bundle-hub-service-secret] 
[2026-08-13 13:03:11,531]  DEBUG - ard.WizardConfiguredProperties - Loaded property [bundle.allow-anonymous-access] 
[2026-08-13 13:03:11,532]  DEBUG - ard.WizardConfiguredProperties - Loaded property [bundle.logs-dir] 
[2026-08-13 13:03:11,533]  DEBUG - ard.WizardConfiguredProperties - Loaded property [bundle.additional-keystore-password] 
[2026-08-13 13:03:11,533]  DEBUG - ard.WizardConfiguredProperties - Loaded property [bundle.listen-port] 
[2026-08-13 13:03:11,534]  DEBUG - ard.WizardConfiguredProperties - Loaded property [bundle.locale] 
[2026-08-13 13:03:11,534]  DEBUG - ard.WizardConfiguredProperties - Loaded property [bundle.base-url] 
[2026-08-13 13:03:11,535]  DEBUG - ard.WizardConfiguredProperties - Loaded property [bundle.listen-address] 
[2026-08-13 13:03:11,541]  DEBUG - m.jetbrains.bundle.BundleState - wizardConfiguredProperties.getProperties() is not null 
[2026-08-13 13:03:11,562]  DEBUG - ndle.UpgradePropertiesProvider - config does not exists at /opt/youtrack/conf/internal/upgrade.properties 
[2026-08-13 13:03:11,582]   INFO -                 bundle.startup - Stopping Configuration Wizard 
[2026-08-13 13:03:11,582]  DEBUG - .bundle.Services$StartingState - Set status [SHUTTING_DOWN] for service [configurationWizard] 
[2026-08-13 13:03:11,585]   INFO - er.handler.ContextHandler.ROOT - Destroying Spring FrameworkServlet 'InstallerServletDispatcher' 
[2026-08-13 13:03:11,589]   INFO - .server.handler.ContextHandler - Stopped o.e.j.w.WebAppContext@1619db8{/,file:///opt/youtrack/internal/wizard_web/,STOPPED} 
[2026-08-13 13:03:11,590]  DEBUG - .bundle.Services$StartingState - Set status [SHUT_DOWN] for service [configurationWizard] 
[2026-08-13 13:03:11,591]   INFO -                 bundle.startup - Stopping Bundle Backend Service 
[2026-08-13 13:03:11,592]  DEBUG - .bundle.Services$StartingState - Set status [SHUTTING_DOWN] for service [bundleBackend] 
[2026-08-13 13:03:11,593]   INFO - .ContextHandler.bundle_backend - Destroying Spring FrameworkServlet 'BundleBackendServletDispatcher' 
[2026-08-13 13:03:11,596]   INFO - .server.handler.ContextHandler - Stopped o.e.j.w.WebAppContext@319e695a{/bundle/backend,file:///opt/youtrack/internal/bundle_common/,STOPPED} 
[2026-08-13 13:03:11,597]  DEBUG - .bundle.Services$StartingState - Set status [SHUT_DOWN] for service [bundleBackend] 
[2026-08-13 13:03:11,597]   INFO -                 bundle.startup - Stopping Service-Container[bundleProcess] 
[2026-08-13 13:03:11,598]  DEBUG - .bundle.Services$StartingState - Set status [SHUTTING_DOWN] for service [bundleProcess] 
[2026-08-13 13:03:11,609]   INFO - bundle.proxy.jetty.BundleProxy - Stopping Service-Container[bundleProcess] 
[2026-08-13 13:03:11,616]   INFO - jetty.server.AbstractConnector - Stopped ServerConnector@5e91d023{HTTP/1.1, (http/1.1)}{0.0.0.0:8080} 
[2026-08-13 13:03:11,617]   INFO - g.eclipse.jetty.server.session - node0 Stopped scavenging 
[2026-08-13 13:03:11,618]   INFO - .server.handler.ContextHandler - Stopped c.j.b.p.j.@435d36e3{/,file:///opt/youtrack/internal/error_pages/,STOPPED} 
[2026-08-13 13:03:11,619]   INFO - .server.handler.ContextHandler - Stopped o.e.j.s.ServletContextHandler@482ebc8b{/bundle/starting,null,STOPPED} 
[2026-08-13 13:03:11,623]  DEBUG - .bundle.Services$StartingState - Set status [SHUT_DOWN] for service [bundleProcess] 
[2026-08-13 13:03:11,623]   INFO -                 bundle.startup - Configuring JetBrains YouTrack 2026.2 
[2026-08-13 13:03:11,624]   INFO -                 bundle.startup - JetBrains YouTrack 2026.2 runtime environment is successfully configured 
[2026-08-13 13:03:11,624]  DEBUG - brains.bundle.ServiceDiscovery - Looking for services in /opt/youtrack/apps 
[2026-08-13 13:03:11,625]  DEBUG - brains.bundle.ServiceDiscovery - Found service descriptor /opt/youtrack/apps/youtrack 
[2026-08-13 13:03:11,625]  DEBUG - brains.bundle.ServiceDiscovery - Found service descriptor /opt/youtrack/apps/hub 
[2026-08-13 13:03:11,643]  DEBUG - rains.service.util.cmd.CmdUtil - Executing [bin/youtrack.sh, configure, --launcher, --logs-dir=/opt/youtrack/logs] in directory [/opt/youtrack] 
[2026-08-13 13:03:13,171]  DEBUG - rains.service.util.cmd.CmdUtil - Command [[bin/youtrack.sh, configure, --launcher, --logs-dir=/opt/youtrack/logs]] exited with code 0 and output: [] 
[2026-08-13 13:03:13,177]  DEBUG - er$BundleStartFinishedListener - Requesting restart after launcher reconfiguration 
[2026-08-13 13:03:13,196]   INFO -                 bundle.startup - Stopping Configuration Wizard 
[2026-08-13 13:03:13,207]  DEBUG - .bundle.Services$StartingState - Set status [SHUTTING_DOWN] for service [configurationWizard] 
[2026-08-13 13:03:13,209]  DEBUG - .bundle.Services$StartingState - Set status [SHUT_DOWN] for service [configurationWizard] 
[2026-08-13 13:03:13,212]   INFO -                 bundle.startup - Stopping Bundle Backend Service 
[2026-08-13 13:03:13,216]  DEBUG - .bundle.Services$StartingState - Set status [SHUTTING_DOWN] for service [bundleBackend] 
[2026-08-13 13:03:13,218]  DEBUG - .bundle.Services$StartingState - Set status [SHUT_DOWN] for service [bundleBackend] 
[2026-08-13 13:03:13,221]   INFO -                 bundle.startup - Stopping Service-Container[bundleProcess] 
[2026-08-13 13:03:13,226]  DEBUG - .bundle.Services$StartingState - Set status [SHUTTING_DOWN] for service [bundleProcess] 
[2026-08-13 13:03:13,229]  DEBUG - .bundle.Services$StartingState - Set status [SHUT_DOWN] for service [bundleProcess] 
[2026-08-13 13:03:16,615]  DEBUG - brains.bundle.ServiceDiscovery - Looking for services in /opt/youtrack/apps 
[2026-08-13 13:03:16,616]  DEBUG - brains.bundle.ServiceDiscovery - Found service descriptor /opt/youtrack/apps/youtrack 
[2026-08-13 13:03:16,617]  DEBUG - brains.bundle.ServiceDiscovery - Found service descriptor /opt/youtrack/apps/hub 
[2026-08-13 13:03:16,625]  DEBUG - brains.bundle.ServiceDiscovery - Looking for services in /opt/youtrack/apps 
[2026-08-13 13:03:16,626]  DEBUG - brains.bundle.ServiceDiscovery - Found service descriptor /opt/youtrack/apps/youtrack 
[2026-08-13 13:03:16,626]  DEBUG - brains.bundle.ServiceDiscovery - Found service descriptor /opt/youtrack/apps/hub 
[2026-08-13 13:03:16,650]  DEBUG - s.bundle.HubPropertiesProvider - Saving Hub Properties provider settings to /opt/youtrack/conf/internal/hub.properties 
[2026-08-13 13:03:16,798]   INFO -  com.jetbrains.bundle.Services - Versions of services bundled into JetBrains YouTrack 2026.2: 
[hub->2026.2.52366] 
[youtrack->2026.2.18194] 
[bundle-platform->2.0.106] 
[2026-08-13 13:03:16,799]   INFO -                 bundle.startup - Configuring Service-Container[bundleProcess] 
[2026-08-13 13:03:16,808]   INFO -                 bundle.startup - Configuring Bundle Backend Service 
[2026-08-13 13:03:16,814]   INFO -                 bundle.startup - Configuring Starting Page Service 
[2026-08-13 13:03:16,825]   INFO -                 bundle.startup - Configuring YouTrack Configurator 
[2026-08-13 13:03:16,835]   INFO -                 bundle.startup - Configuring Hub 
[2026-08-13 13:03:17,071]   INFO -                 bundle.startup - Configuring Bundle Hub Configurator 
[2026-08-13 13:03:17,072]   INFO -                 bundle.startup - Configuring YouTrack 
[2026-08-13 13:03:17,284]   INFO -                 bundle.startup - Starting Service-Container[bundleProcess] 
[2026-08-13 13:03:17,285]  DEBUG - .bundle.Services$StartingState - Set status [STARTING] for service [bundleProcess] 
[2026-08-13 13:03:17,297]  DEBUG - g.JavaUtilLoggingToSlf4jBridge - [class com.jetbrains.service.util.logging.SLF4JBridgePerContextClassLoaderHandler] has already bean installed 
[2026-08-13 13:03:17,306]   INFO -     org.eclipse.jetty.util.log - Logging initialized @1610ms to org.eclipse.jetty.util.log.Slf4jLog 
[2026-08-13 13:03:17,378]   INFO - rg.eclipse.jetty.server.Server - jetty-9.4.58.v20250814; built: 2025-08-14T02:28:49.637Z; git: 8f1440587e9e4ae7db3d74cf205643f3d707148d; jvm 21.0.12+8-LTS 
[2026-08-13 13:03:17,411]   INFO - .server.handler.ContextHandler - Started c.j.b.p.j.@1e3ecc96{/,file:///opt/youtrack/internal/error_pages/,AVAILABLE} 
[2026-08-13 13:03:17,423]   INFO - jetty.server.AbstractConnector - Started ServerConnector@1e1173a0{HTTP/1.1, (http/1.1)}{0.0.0.0:8080} 
[2026-08-13 13:03:17,424]   INFO - rg.eclipse.jetty.server.Server - Started @1728ms 
[2026-08-13 13:03:17,430]  DEBUG - .bundle.Services$StartingState - Set status [RUNNING] for service [bundleProcess] 
[2026-08-13 13:03:17,431]   INFO -                 bundle.startup - Starting Bundle Backend Service 
[2026-08-13 13:03:17,431]  DEBUG - .bundle.Services$StartingState - Set status [STARTING] for service [bundleBackend] 
[2026-08-13 13:03:17,647]   INFO - ations.AnnotationConfiguration - Scanning elapsed time=123ms 
[2026-08-13 13:03:17,749]   INFO - .ContextHandler.bundle_backend - 1 Spring WebApplicationInitializers detected on classpath 
[2026-08-13 13:03:17,751]  DEBUG - onfig.BundleBackendInitializer - No ContextLoaderListener registered, as createRootApplicationContext() did not return an application context 
[2026-08-13 13:03:17,772]   INFO - g.eclipse.jetty.server.session - DefaultSessionIdManager workerName=node0 
[2026-08-13 13:03:17,774]   INFO - g.eclipse.jetty.server.session - No SessionScavenger set, using defaults 
[2026-08-13 13:03:17,776]   INFO - g.eclipse.jetty.server.session - node0 Scavenging every 600000ms 
[2026-08-13 13:03:17,797]   INFO - .ContextHandler.bundle_backend - Initializing Spring DispatcherServlet 'BundleBackendServletDispatcher' 
[2026-08-13 13:03:17,798]   INFO - .web.servlet.DispatcherServlet - Initializing Servlet 'BundleBackendServletDispatcher' 
[2026-08-13 13:03:18,176]  DEBUG - ervlet.HandlerMapping.Mappings - 
	c.j.b.b.r.PropertiesController:
	{POST [/settings], produces [application/json]}: updateProperty(UpdatePropertiesRequest,String,String)
	{POST [/settings/candidate], produces [application/json]}: validateProperty(PropertyJSON,String,String)
	{GET [/settings/{propertyName}], produces [application/json]}: getProperty(String,String,String) 
[2026-08-13 13:03:18,179]  DEBUG - ervlet.HandlerMapping.Mappings - 
	c.j.b.b.r.ProductStateController:
	{GET [/state], produces [application/json]}: getProductStateInfo(String,HttpServletRequest)
	{GET [/state/started], produces [application/json]}: getProductStarted() 
[2026-08-13 13:03:18,180]  DEBUG - ervlet.HandlerMapping.Mappings - 
	c.j.b.b.r.ClientCertificateAuthSettingsController:
	{GET [/certificateAuth], produces [application/json]}: getCertificateAuthSettings(String,String)
	{POST [/certificateAuth], produces [application/json]}: updateCertificateAuthSettings(CertificateAuthSettingsJSON,String,String) 
[2026-08-13 13:03:18,181]  DEBUG - ervlet.HandlerMapping.Mappings - 
	c.j.b.b.r.StatusController:
	{GET [/bundleBackendStatus]}: getStatus() 
[2026-08-13 13:03:18,188]  DEBUG - ervlet.HandlerMapping.Mappings - 'beanNameHandlerMapping' {} 
[2026-08-13 13:03:18,709]   INFO - .web.servlet.DispatcherServlet - Completed initialization in 911 ms 
[2026-08-13 13:03:18,710]   INFO - .server.handler.ContextHandler - Started o.e.j.w.WebAppContext@6fbbedbb{/bundle/backend,file:///opt/youtrack/internal/bundle_common/,AVAILABLE} 
[2026-08-13 13:03:18,720]  DEBUG - .bundle.Services$StartingState - Set status [RUNNING] for service [bundleBackend] 
[2026-08-13 13:03:18,720]   INFO -                 bundle.startup - Starting Starting Page Service 
[2026-08-13 13:03:18,721]   INFO -                 bundle.startup - JetBrains YouTrack 2026.2 will listen inside container on {0.0.0.0:8080}/bundle/starting after start and can be accessed by URL [http://<put-your-docker-HOST-name-here>:<put-host-port-mapped-to-container-port-8080-here>/bundle/starting] 
[2026-08-13 13:03:18,721]  DEBUG - .bundle.Services$StartingState - Set status [STARTING] for service [startingPage] 
[2026-08-13 13:03:18,843]   INFO - ations.AnnotationConfiguration - Scanning elapsed time=77ms 
[2026-08-13 13:03:18,867]   INFO - ContextHandler.bundle_starting - 1 Spring WebApplicationInitializers detected on classpath 
[2026-08-13 13:03:18,869]  DEBUG - StartingPageBackendInitializer - No ContextLoaderListener registered, as createRootApplicationContext() did not return an application context 
[2026-08-13 13:03:18,878]   INFO - ContextHandler.bundle_starting - Initializing Spring DispatcherServlet 'StartingPageServletDispatcher' 
[2026-08-13 13:03:18,879]   INFO - .web.servlet.DispatcherServlet - Initializing Servlet 'StartingPageServletDispatcher' 
[2026-08-13 13:03:19,198]  DEBUG - ervlet.HandlerMapping.Mappings - 
	c.j.b.s.ServicesController:
	{GET [/bundle/services]}: getAllServices(String,HttpServletRequest)
	{GET [/bundle/services/{id}]}: getService(String,String,HttpServletRequest) 
[2026-08-13 13:03:19,203]  DEBUG - ervlet.HandlerMapping.Mappings - 
	c.j.b.s.BundleStateController:
	{GET [/bundle/state]}: getBundleState()
	{GET [/bundle/started]}: getBundleStarted()
	{GET [/bundle/info]}: getBundleInfo(HttpServletRequest) 
[2026-08-13 13:03:19,205]  DEBUG - ervlet.HandlerMapping.Mappings - 
	c.j.b.s.StatusController:
	{GET [/bundle/startingPageStatus]}: getAllServices() 
[2026-08-13 13:03:19,217]  DEBUG - ervlet.HandlerMapping.Mappings - 'beanNameHandlerMapping' {} 
[2026-08-13 13:03:19,322]   INFO - .web.servlet.DispatcherServlet - Completed initialization in 442 ms 
[2026-08-13 13:03:19,324]   INFO - .server.handler.ContextHandler - Started o.e.j.w.WebAppContext@5010a4ad{/bundle/starting,file:///opt/youtrack/internal/starting_page/,AVAILABLE} 
[2026-08-13 13:03:19,335]  DEBUG - .bundle.Services$StartingState - Set status [RUNNING] for service [startingPage] 
[2026-08-13 13:03:19,337]   INFO -                 bundle.startup - Starting YouTrack Configurator 
[2026-08-13 13:03:19,338]  DEBUG - .bundle.Services$StartingState - Set status [STARTING] for service [adminService] 
[2026-08-13 13:03:19,483]   INFO - ations.AnnotationConfiguration - Scanning elapsed time=63ms 
[2026-08-13 13:03:19,502]   INFO - er.ContextHandler.bundle_admin - 1 Spring WebApplicationInitializers detected on classpath 
[2026-08-13 13:03:19,510]   INFO - er.ContextHandler.bundle_admin - Initializing Spring root WebApplicationContext 
[2026-08-13 13:03:19,512]   INFO - work.web.context.ContextLoader - Root WebApplicationContext: initialization started 
[2026-08-13 13:03:19,841]  DEBUG - ervlet.HandlerMapping.Mappings - 
	c.j.b.a.r.HubExternalController:
	{GET [/hub/external/certificates/{fingerprint}], produces [application/json]}: getCertificate(HttpServletRequest,String)
	{POST [/hub/external/switch], produces [application/json]}: switchToHub(SwitchExternalHubRequest,String,String)
	{GET [/hub/external/validate], produces [application/json]}: validateGet(String,String,Boolean,String)
	{POST [/hub/external/validate], produces [application/json]}: validatePost(String,ValidateHubUrlRequest,String)
	{POST [/hub/external/certificates/], produces [application/json]}: addCertificate(CertificateInfo)
	{DELETE [/hub/external/certificates/{fingerprint}], produces [application/json]}: deleteCertificate(String)
	{GET [/hub/external/certificates/], produces [application/json]}: getCertificates() 
[2026-08-13 13:03:19,845]  DEBUG - ervlet.HandlerMapping.Mappings - 
	c.j.b.a.r.HubMigrationController:
	{GET [/hub/migration], produces [application/json]}: getMigration(String,String)
	{DELETE [/hub/migration], produces [application/json]}: deleteMigration(String,String,String)
	{GET [/hub/migration/status], produces [application/json]}: getMigrationStatus(String,String,String)
	{POST [/hub/migration/finish], produces [application/json]}: finishMigration(String,String,String)
	{POST [/hub/migration/start], produces [application/json]}: startMigration(StartMigrationRequest,String,String,String,HttpServletRequest)
	{POST [/hub/migration/prepare], produces [application/json]}: prepareMigration(PrepareMigrationRequest,String,String) 
[2026-08-13 13:03:19,846]  DEBUG - ervlet.HandlerMapping.Mappings - 
	c.j.b.a.r.AuthController:
	{GET [/checkAuth], produces [application/json]}: validate(String) 
[2026-08-13 13:03:19,847]  DEBUG - ervlet.HandlerMapping.Mappings - 
	c.j.b.a.r.HubInfoController:
	{GET [/hub/info], produces [application/json]}: getMigrationStatus(String,String) 
[2026-08-13 13:03:19,848]  DEBUG - ervlet.HandlerMapping.Mappings - 
	c.j.b.a.r.ProductStateController:
	{GET [/product/state], produces [application/json]}: getMigrationStatus(String,HttpServletRequest) 
[2026-08-13 13:03:19,854]  DEBUG - ervlet.HandlerMapping.Mappings - 'beanNameHandlerMapping' {} 
[2026-08-13 13:03:19,915]   INFO - work.web.context.ContextLoader - Root WebApplicationContext initialized in 403 ms 
[2026-08-13 13:03:19,924]   INFO - er.ContextHandler.bundle_admin - Initializing Spring DispatcherServlet 'AdminConsoleServletDispatcher' 
[2026-08-13 13:03:19,924]   INFO - .web.servlet.DispatcherServlet - Initializing Servlet 'AdminConsoleServletDispatcher' 
[2026-08-13 13:03:19,926]   INFO - .web.servlet.DispatcherServlet - Completed initialization in 1 ms 
[2026-08-13 13:03:19,926]   INFO - .server.handler.ContextHandler - Started o.e.j.w.WebAppContext@6714c0eb{/bundle/admin,file:///opt/youtrack/internal/admin_console/,AVAILABLE} 
[2026-08-13 13:03:19,935]  DEBUG - .bundle.Services$StartingState - Set status [RUNNING] for service [adminService] 
[2026-08-13 13:03:19,936]   INFO -                 bundle.startup - Starting Hub 
[2026-08-13 13:03:19,936]  DEBUG - .bundle.Services$StartingState - Set status [STARTING] for service [hub] 
[2026-08-13 13:03:31,036]   INFO - .server.handler.ContextHandler - Started o.e.j.w.WebAppContext@1ff36fc2{/hub,file:///opt/youtrack/apps/hub/web/,AVAILABLE} 
[2026-08-13 13:03:31,080]  DEBUG - .bundle.Services$StartingState - Set status [RUNNING] for service [hub] 
[2026-08-13 13:03:31,081]   INFO -                 bundle.startup - Starting Bundle Hub Configurator 
[2026-08-13 13:03:31,081]  DEBUG - .bundle.Services$StartingState - Set status [STARTING] for service [bundle-hub-configurator] 
[2026-08-13 13:03:31,089]  DEBUG - es.impl.HubConfiguratorService - No properties file is found at: /opt/youtrack/conf/internal/services/bundle-hub-configurator/hub-config.properties 
[2026-08-13 13:03:31,090]  DEBUG - es.impl.HubConfiguratorService - No legacy properties file is found at: /opt/youtrack/data/hub/conf/hub-config.properties 
[2026-08-13 13:03:31,449]  DEBUG - tpass.client.oauth2.OAuth2Flow - Request to: http://127.0.0.1:8080/hub/api/rest/oauth2/token
Params: {
	grant_type:[client_credentials]
	scope:[0-0-0-0-0]} 
[2026-08-13 13:03:31,579]  DEBUG - bundle.hub_client.util.HubUtil - Validation result: status=[SERVICE_NOT_REGISTERED], message=[Service is not registered in Hub: Service with id "a927c26f-90d9-4fe4-b415-fcbd729b77da" was not found], secretValid=[false], registered=[false], verified=[false] 
com.intellij.hub.auth.oauth2.consumer.OAuth2TokenLoadException: Cannot load token: invalid_client (Service with id "a927c26f-90d9-4fe4-b415-fcbd729b77da" was not found)
	at jetbrains.jetpass.client.oauth2.SimpleTokenLoader.loadAccessToken(SimpleTokenLoader.kt:74) ~[hub-client-2025.3.131383.jar:?]
	at jetbrains.jetpass.client.oauth2.token.OAuth2TokenFlow.getTokenData(OAuth2TokenFlow.kt:72) ~[hub-client-2025.3.131383.jar:?]
	at jetbrains.jetpass.client.oauth2.token.OAuth2TokenFlow.getToken(OAuth2TokenFlow.kt:41) ~[hub-client-2025.3.131383.jar:?]
	at jetbrains.jetpass.client.oauth2.token.OAuth2TokenFlow.getHeader(OAuth2TokenFlow.kt:93) ~[hub-client-2025.3.131383.jar:?]
	at jetbrains.jetpass.client.accounts.BaseAccountsClient.checkServiceCredentials(BaseAccountsClient.kt:92) ~[hub-client-2025.3.131383.jar:?]
	at com.jetbrains.bundle.hub_client.util.HubUtil.checkService(HubUtil.java:31) ~[hub-client-util-2.0.106.jar:?]
	at com.jetbrains.bundle.hub_client.util.HubUtil.checkService(HubUtil.java:122) ~[hub-client-util-2.0.106.jar:?]
	at com.jetbrains.bundle.hub_client.util.BundleHubClient.checkBundleService(BundleHubClient.java:179) ~[hub-client-util-2.0.106.jar:?]
	at com.jetbrains.bundle.hub_client.util.BundleHubClient.getBundleHubAccountsClient(BundleHubClient.java:112) ~[hub-client-util-2.0.106.jar:?]
	at com.jetbrains.bundle.util.hub.HubServiceUpdater.updateHubInfo(HubServiceUpdater.java:212) ~[bundle-2.0.106.jar:?]
	at com.jetbrains.bundle.util.hub.HubServiceUpdater.update(HubServiceUpdater.java:53) ~[bundle-2.0.106.jar:?]
	at com.jetbrains.bundle.services.impl.HubConfiguratorService.configureHubServices(HubConfiguratorService.java:87) ~[bundle-2.0.106.jar:?]
	at com.jetbrains.bundle.services.impl.HubConfiguratorService.doStart(HubConfiguratorService.java:64) ~[bundle-2.0.106.jar:?]
	at com.jetbrains.bundle.services.impl.ServiceBase.start(ServiceBase.java:66) ~[bundle-2.0.106.jar:?]
	at com.jetbrains.bundle.Services.startService(Services.java:647) ~[bundle-2.0.106.jar:?]
	at com.jetbrains.bundle.Services.startAllServices(Services.java:574) ~[bundle-2.0.106.jar:?]
	at com.jetbrains.bundle.Services.start(Services.java:554) ~[bundle-2.0.106.jar:?]
	at com.jetbrains.bundle.BundleMain.start(BundleMain.java:273) ~[bundle-2.0.106.jar:?]
	at com.jetbrains.bundle.BundleMain.start(BundleMain.java:237) ~[bundle-2.0.106.jar:?]
	at jdk.internal.reflect.DirectMethodHandleAccessor.invoke(DirectMethodHandleAccessor.java:103) ~[?:?]
	at java.lang.reflect.Method.invoke(Method.java:580) ~[?:?]
	at com.jetbrains.bundle.bootstrap.Bundle$EntryPointProvider$1.invoke(Bundle.java:100) ~[bundle-bootstrap-2.0.106.jar:?]
	at jdk.proxy4.$Proxy30.start(Unknown Source) ~[?:?]
	at com.jetbrains.launcher.AppProxy$6$1.call(AppProxy.java:99) ~[?:?]
	at com.jetbrains.launcher.AppProxy$6$1.call(AppProxy.java:97) ~[?:?]
	at java.util.concurrent.FutureTask.run(FutureTask.java:317) ~[?:?]
	at java.util.concurrent.ThreadPoolExecutor.runWorker(ThreadPoolExecutor.java:1144) ~[?:?]
	at java.util.concurrent.ThreadPoolExecutor$Worker.run(ThreadPoolExecutor.java:642) ~[?:?]
	at java.lang.Thread.run(Thread.java:1583) [?:?]
[2026-08-13 13:03:31,585]  DEBUG - ub_client.util.BundleHubClient - Bundle hub service does not exist. Trying to create it... 
[2026-08-13 13:03:31,958]  DEBUG - ub_client.util.BundleHubClient - Bundle hub service was created: serviceId = a927c26f-90d9-4fe4-b415-fcbd729b77da, isVerified = true 
[2026-08-13 13:03:31,966]  DEBUG - tpass.client.oauth2.OAuth2Flow - Request to: http://127.0.0.1:8080/hub/api/rest/oauth2/token
Params: {
	grant_type:[client_credentials]
	scope:[0-0-0-0-0]} 
[2026-08-13 13:03:32,208]  DEBUG - bundle.hub_client.util.HubUtil - Validation result: status=[OK], message=[Service is registered and verified in Hub], secretValid=[true], registered=[true], verified=[true] 
[2026-08-13 13:03:32,215]  DEBUG - tpass.client.oauth2.OAuth2Flow - Request to: http://127.0.0.1:8080/hub/api/rest/oauth2/token
Params: {
	grant_type:[client_credentials]
	scope:[0-0-0-0-0]} 
[2026-08-13 13:03:32,245]  DEBUG - dle.util.hub.HubServiceUpdater - Hub information for service hub (0-0-0-0-0) changed in new configuration. Update may be needed 
[2026-08-13 13:03:32,281]  DEBUG - dle.util.hub.HubServiceUpdater - Hub information for service hub (0-0-0-0-0) was updated: jetbrains.jetpass.rest.dto.ServiceJSON@4a187a3c 
[2026-08-13 13:03:32,290]  DEBUG - tpass.client.oauth2.OAuth2Flow - Request to: http://127.0.0.1:8080/hub/api/rest/oauth2/token
Params: {
	grant_type:[client_credentials]
	scope:[0-0-0-0-0]} 
[2026-08-13 13:03:32,297]  DEBUG - bundle.hub_client.util.HubUtil - Validation result: status=[SERVICE_NOT_REGISTERED], message=[Service is not registered in Hub: Service with id "65c3714a-9d72-49d4-b98b-dc8fe4215020" was not found], secretValid=[false], registered=[false], verified=[false] 
com.intellij.hub.auth.oauth2.consumer.OAuth2TokenLoadException: Cannot load token: invalid_client (Service with id "65c3714a-9d72-49d4-b98b-dc8fe4215020" was not found)
	at jetbrains.jetpass.client.oauth2.SimpleTokenLoader.loadAccessToken(SimpleTokenLoader.kt:74) ~[hub-client-2025.3.131383.jar:?]
	at jetbrains.jetpass.client.oauth2.token.OAuth2TokenFlow.getTokenData(OAuth2TokenFlow.kt:72) ~[hub-client-2025.3.131383.jar:?]
	at jetbrains.jetpass.client.oauth2.token.OAuth2TokenFlow.getToken(OAuth2TokenFlow.kt:41) ~[hub-client-2025.3.131383.jar:?]
	at jetbrains.jetpass.client.oauth2.token.OAuth2TokenFlow.getHeader(OAuth2TokenFlow.kt:93) ~[hub-client-2025.3.131383.jar:?]
	at jetbrains.jetpass.client.accounts.BaseAccountsClient.checkServiceCredentials(BaseAccountsClient.kt:92) ~[hub-client-2025.3.131383.jar:?]
	at com.jetbrains.bundle.hub_client.util.HubUtil.checkService(HubUtil.java:31) ~[hub-client-util-2.0.106.jar:?]
	at com.jetbrains.bundle.util.hub.HubServiceUpdater.ensureCreatedAndVerified(HubServiceUpdater.java:98) ~[bundle-2.0.106.jar:?]
	at com.jetbrains.bundle.util.hub.HubServiceUpdater.update(HubServiceUpdater.java:57) ~[bundle-2.0.106.jar:?]
	at com.jetbrains.bundle.services.impl.HubConfiguratorService.configureHubServices(HubConfiguratorService.java:87) ~[bundle-2.0.106.jar:?]
	at com.jetbrains.bundle.services.impl.HubConfiguratorService.doStart(HubConfiguratorService.java:64) ~[bundle-2.0.106.jar:?]
	at com.jetbrains.bundle.services.impl.ServiceBase.start(ServiceBase.java:66) ~[bundle-2.0.106.jar:?]
	at com.jetbrains.bundle.Services.startService(Services.java:647) ~[bundle-2.0.106.jar:?]
	at com.jetbrains.bundle.Services.startAllServices(Services.java:574) ~[bundle-2.0.106.jar:?]
	at com.jetbrains.bundle.Services.start(Services.java:554) ~[bundle-2.0.106.jar:?]
	at com.jetbrains.bundle.BundleMain.start(BundleMain.java:273) ~[bundle-2.0.106.jar:?]
	at com.jetbrains.bundle.BundleMain.start(BundleMain.java:237) ~[bundle-2.0.106.jar:?]
	at jdk.internal.reflect.DirectMethodHandleAccessor.invoke(DirectMethodHandleAccessor.java:103) ~[?:?]
	at java.lang.reflect.Method.invoke(Method.java:580) ~[?:?]
	at com.jetbrains.bundle.bootstrap.Bundle$EntryPointProvider$1.invoke(Bundle.java:100) ~[bundle-bootstrap-2.0.106.jar:?]
	at jdk.proxy4.$Proxy30.start(Unknown Source) ~[?:?]
	at com.jetbrains.launcher.AppProxy$6$1.call(AppProxy.java:99) ~[?:?]
	at com.jetbrains.launcher.AppProxy$6$1.call(AppProxy.java:97) ~[?:?]
	at java.util.concurrent.FutureTask.run(FutureTask.java:317) ~[?:?]
	at java.util.concurrent.ThreadPoolExecutor.runWorker(ThreadPoolExecutor.java:1144) ~[?:?]
	at java.util.concurrent.ThreadPoolExecutor$Worker.run(ThreadPoolExecutor.java:642) ~[?:?]
	at java.lang.Thread.run(Thread.java:1583) [?:?]
[2026-08-13 13:03:32,298]  DEBUG - dle.util.hub.HubServiceUpdater - Hub service for youtrack does not exist. Trying to create it... 
[2026-08-13 13:03:32,363]  DEBUG - dle.util.hub.HubServiceUpdater - Hub service for youtrack was created: 65c3714a-9d72-49d4-b98b-dc8fe4215020 
[2026-08-13 13:03:32,370]  DEBUG - tpass.client.oauth2.OAuth2Flow - Request to: http://127.0.0.1:8080/hub/api/rest/oauth2/token
Params: {
	grant_type:[client_credentials]
	scope:[0-0-0-0-0]} 
[2026-08-13 13:03:32,430]  DEBUG - bundle.hub_client.util.HubUtil - Validation result: status=[OK], message=[Service is registered and verified in Hub], secretValid=[true], registered=[true], verified=[true] 
[2026-08-13 13:03:32,431]  DEBUG - dle.util.hub.HubServiceUpdater - Hub service for youtrack exists and verified: 65c3714a-9d72-49d4-b98b-dc8fe4215020 
[2026-08-13 13:03:32,431]  DEBUG - dle.util.hub.HubServiceUpdater - Force Hub update is set to: false 
[2026-08-13 13:03:32,432]  DEBUG - dle.util.hub.HubServiceUpdater - Check changes in Hub information for service youtrack 
[2026-08-13 13:03:32,439]  DEBUG - rains.service.util.cmd.CmdUtil - Executing [hostname, -f] in directory [null] 
[2026-08-13 13:03:32,866]  DEBUG - rains.service.util.cmd.CmdUtil - Command [[hostname, -f]] exited with code 0 and output: [fd29b82ae489] 
[2026-08-13 13:03:32,866]  DEBUG - rains.service.util.cmd.CmdUtil - Executing [hostname, -s] in directory [null] 
[2026-08-13 13:03:33,282]  DEBUG - rains.service.util.cmd.CmdUtil - Command [[hostname, -s]] exited with code 0 and output: [fd29b82ae489] 
[2026-08-13 13:03:33,287]  DEBUG - brains.service.util.SystemUtil - Known Net Interfaces: [/0:0:0:0:0:0:0:1%lo, /127.0.0.1, /172.19.0.3] 
[2026-08-13 13:03:33,291]  DEBUG - brains.service.util.SystemUtil - InetAddress.getAllByName returned [fd29b82ae489/172.19.0.3] for fd29b82ae489 
[2026-08-13 13:03:33,293]  DEBUG - brains.service.util.SystemUtil - InetAddress.getAllByName returned [fd29b82ae489/172.19.0.3] for fd29b82ae489 
[2026-08-13 13:03:33,297]  DEBUG - dle.util.hub.HubServiceUpdater - Hub information for service youtrack (65c3714a-9d72-49d4-b98b-dc8fe4215020) changed in new configuration. Update may be needed 
[2026-08-13 13:03:33,300]  DEBUG - tpass.client.oauth2.OAuth2Flow - Request to: http://127.0.0.1:8080/hub/api/rest/oauth2/token
Params: {
	grant_type:[client_credentials]
	scope:[0-0-0-0-0]} 
[2026-08-13 13:03:33,365]  DEBUG - dle.util.hub.HubServiceUpdater - Hub information for service youtrack (65c3714a-9d72-49d4-b98b-dc8fe4215020) was updated: jetbrains.jetpass.rest.dto.ServiceJSON@4fd73338 
[2026-08-13 13:03:33,421]  DEBUG - tpass.client.oauth2.OAuth2Flow - Request to: http://127.0.0.1:8080/hub/api/rest/oauth2/token
Params: {
	grant_type:[client_credentials]
	scope:[0-0-0-0-0]} 
[2026-08-13 13:03:33,434]  DEBUG - bundle.hub_client.util.HubUtil - Validation result: status=[OK], message=[Service is registered and verified in Hub], secretValid=[true], registered=[true], verified=[true] 
[2026-08-13 13:03:33,437]  DEBUG - tpass.client.oauth2.OAuth2Flow - Request to: http://127.0.0.1:8080/hub/api/rest/oauth2/token
Params: {
	grant_type:[client_credentials]
	scope:[0-0-0-0-0]} 
[2026-08-13 13:03:33,485]  DEBUG - .bundle.Services$StartingState - Set status [RUNNING] for service [bundle-hub-configurator] 
[2026-08-13 13:03:33,485]   INFO -                 bundle.startup - Starting YouTrack 
[2026-08-13 13:03:33,486]  DEBUG - .bundle.Services$StartingState - Set status [STARTING] for service [youtrack] 
[2026-08-13 13:04:13,561]   INFO - .server.handler.ContextHandler - Started o.e.j.w.WebAppContext@37accc1d{YouTrack,/,file:///opt/youtrack/apps/youtrack/web/,AVAILABLE} 
[2026-08-13 13:04:13,582]  DEBUG - .bundle.Services$StartingState - Set status [RUNNING] for service [youtrack] 
[2026-08-13 13:04:13,584]  DEBUG - rains.service.util.cmd.CmdUtil - Executing [uname, -a] in directory [/opt/youtrack] 
[2026-08-13 13:04:14,006]  DEBUG - rains.service.util.cmd.CmdUtil - Command [[uname, -a]] exited with code 0 and output: [Linux fd29b82ae489 6.6.114.1-microsoft-standard-WSL2 #1 SMP PREEMPT_DYNAMIC Mon Dec  1 20:46:23 UTC 2025 x86_64 x86_64 x86_64 GNU/Linux] 
[2026-08-13 13:04:14,007]  DEBUG - rains.service.util.cmd.CmdUtil - Executing [free] in directory [/opt/youtrack] 
[2026-08-13 13:04:14,021]  DEBUG - rains.service.util.cmd.CmdUtil - Executing [df] in directory [/opt/youtrack] 
[2026-08-13 13:04:14,439]  DEBUG - rains.service.util.cmd.CmdUtil - Command [[df]] exited with code 0 and output: [Filesystem      1K-blocks      Used Available Use% Mounted on
overlay        1055762868  10437312 991622084   2% /
tmpfs               65536         0     65536   0% /dev
shm                 65536         0     65536   0% /dev/shm
/dev/sdd       1055762868  10437312 991622084   2% /etc/hosts
C:\             498972668 411362340  87610328  83% /opt/youtrack/data
tmpfs                   4         0         4   0% /proc/acpi] 
[2026-08-13 13:04:14,439]  DEBUG - rains.service.util.cmd.CmdUtil - Executing [/bin/sh, -c, ulimit -a] in directory [/opt/youtrack] 
[2026-08-13 13:04:14,856]  DEBUG - rains.service.util.cmd.CmdUtil - Command [[/bin/sh, -c, ulimit -a]] exited with code 0 and output: [real-time non-blocking time  (microseconds, -R) unlimited
core file size              (blocks, -c) 0
data seg size               (kbytes, -d) unlimited
scheduling priority                 (-e) 0
file size                   (blocks, -f) unlimited
pending signals                     (-i) 31133
max locked memory           (kbytes, -l) unlimited
max memory size             (kbytes, -m) unlimited
open files                          (-n) 1048576
pipe size                (512 bytes, -p) 8
POSIX message queues         (bytes, -q) 819200
real-time priority                  (-r) 0
stack size                  (kbytes, -s) 8192
cpu time                   (seconds, -t) unlimited
max user processes                  (-u) unlimited
virtual memory              (kbytes, -v) unlimited
file locks                          (-x) unlimited] 
[2026-08-13 13:04:14,856]  DEBUG - rains.service.util.cmd.CmdUtil - Executing [hostname] in directory [/opt/youtrack] 
[2026-08-13 13:04:15,270]  DEBUG - rains.service.util.cmd.CmdUtil - Command [[hostname]] exited with code 0 and output: [fd29b82ae489] 
[2026-08-13 13:04:15,270]  DEBUG - rains.service.util.cmd.CmdUtil - Executing [hostname, -f] in directory [/opt/youtrack] 
[2026-08-13 13:04:15,685]  DEBUG - rains.service.util.cmd.CmdUtil - Command [[hostname, -f]] exited with code 0 and output: [fd29b82ae489] 
[2026-08-13 13:04:15,687]  DEBUG - rains.service.util.cmd.CmdUtil - Executing [id, -a] in directory [/opt/youtrack] 
[2026-08-13 13:04:16,128]  DEBUG - rains.service.util.cmd.CmdUtil - Command [[id, -a]] exited with code 0 and output: [uid=13001(jetbrains) gid=13001(jetbrains) groups=13001(jetbrains)] 
[2026-08-13 13:04:16,221]   INFO - .server.handler.ContextHandler - Stopped c.j.b.p.j.@1e3ecc96{/,file:///opt/youtrack/internal/error_pages/,STOPPED} 
[2026-08-13 13:15:12,531]  DEBUG - tpass.client.oauth2.OAuth2Flow - Request to: http://127.0.0.1:8080/hub/api/rest/oauth2/token
Params: {
	grant_type:[client_credentials]
	scope:[0-0-0-0-0]} 
[2026-08-13 13:15:12,548]  DEBUG - bundle.hub_client.util.HubUtil - Validation result: status=[SERVICE_NOT_REGISTERED], message=[Service is not registered in Hub: Service with id "a927c26f-90d9-4fe4-b415-fcbd729b77da" was not found], secretValid=[false], registered=[false], verified=[false] 
com.intellij.hub.auth.oauth2.consumer.OAuth2TokenLoadException: Cannot load token: invalid_client (Service with id "a927c26f-90d9-4fe4-b415-fcbd729b77da" was not found)
	at jetbrains.jetpass.client.oauth2.SimpleTokenLoader.loadAccessToken(SimpleTokenLoader.kt:74) ~[hub-client-2025.3.131383.jar:?]
	at jetbrains.jetpass.client.oauth2.token.OAuth2TokenFlow.getTokenData(OAuth2TokenFlow.kt:72) ~[hub-client-2025.3.131383.jar:?]
	at jetbrains.jetpass.client.oauth2.token.OAuth2TokenFlow.getToken(OAuth2TokenFlow.kt:41) ~[hub-client-2025.3.131383.jar:?]
	at jetbrains.jetpass.client.oauth2.token.OAuth2TokenFlow.getHeader(OAuth2TokenFlow.kt:93) ~[hub-client-2025.3.131383.jar:?]
	at jetbrains.jetpass.client.accounts.BaseAccountsClient.checkServiceCredentials(BaseAccountsClient.kt:92) ~[hub-client-2025.3.131383.jar:?]
	at com.jetbrains.bundle.hub_client.util.HubUtil.checkService(HubUtil.java:31) ~[hub-client-util-2.0.106.jar:?]
	at com.jetbrains.bundle.hub_client.util.HubUtil.checkService(HubUtil.java:122) ~[hub-client-util-2.0.106.jar:?]
	at com.jetbrains.bundle.hub_client.util.BundleHubClient.checkBundleService(BundleHubClient.java:179) ~[hub-client-util-2.0.106.jar:?]
	at com.jetbrains.bundle.hub_client.util.BundleHubClient.getBundleHubAccountsClient(BundleHubClient.java:112) ~[hub-client-util-2.0.106.jar:?]
	at com.jetbrains.bundle.util.hub.HubServiceUpdater.updateHubInfo(HubServiceUpdater.java:212) ~[bundle-2.0.106.jar:?]
	at com.jetbrains.bundle.util.hub.HubServiceUpdater.update(HubServiceUpdater.java:53) ~[bundle-2.0.106.jar:?]
	at com.jetbrains.bundle.services.impl.HubConfiguratorService.configureHubServices(HubConfiguratorService.java:87) ~[bundle-2.0.106.jar:?]
	at com.jetbrains.bundle.services.impl.HubConfiguratorService.doStart(HubConfiguratorService.java:64) ~[bundle-2.0.106.jar:?]
	at com.jetbrains.bundle.services.impl.ServiceBase.start(ServiceBase.java:66) ~[bundle-2.0.106.jar:?]
	at com.jetbrains.bundle.api.internal.backend.impl.BundleFacadeImpl.updateProperty(BundleFacadeImpl.java:73) ~[bundle-2.0.106.jar:?]
	at com.jetbrains.bundle.api.internal.backend.impl.BundleFacadeDelegate.updateProperty(BundleFacadeDelegate.java:37) ~[bundle-2.0.106.jar:?]
	at com.jetbrains.bundle.backend.rest.PropertiesController.updateProperty(PropertiesController.java:27) ~[bundle-backend-2.0.106.jar:?]
	at jdk.internal.reflect.DirectMethodHandleAccessor.invoke(DirectMethodHandleAccessor.java:103) ~[?:?]
	at java.lang.reflect.Method.invoke(Method.java:580) ~[?:?]
	at org.springframework.web.method.support.InvocableHandlerMethod.doInvoke(InvocableHandlerMethod.java:205) ~[spring-web-5.3.39.jar:5.3.39]
	at org.springframework.web.method.support.InvocableHandlerMethod.invokeForRequest(InvocableHandlerMethod.java:150) ~[spring-web-5.3.39.jar:5.3.39]
	at org.springframework.web.servlet.mvc.method.annotation.ServletInvocableHandlerMethod.invokeAndHandle(ServletInvocableHandlerMethod.java:117) ~[spring-webmvc-5.3.39.jar:5.3.39]
	at org.springframework.web.servlet.mvc.method.annotation.RequestMappingHandlerAdapter.invokeHandlerMethod(RequestMappingHandlerAdapter.java:903) ~[spring-webmvc-5.3.39.jar:5.3.39]
	at org.springframework.web.servlet.mvc.method.annotation.RequestMappingHandlerAdapter.handleInternal(RequestMappingHandlerAdapter.java:809) ~[spring-webmvc-5.3.39.jar:5.3.39]
	at org.springframework.web.servlet.mvc.method.AbstractHandlerMethodAdapter.handle(AbstractHandlerMethodAdapter.java:87) ~[spring-webmvc-5.3.39.jar:5.3.39]
	at org.springframework.web.servlet.DispatcherServlet.doDispatch(DispatcherServlet.java:1072) ~[spring-webmvc-5.3.39.jar:5.3.39]
	at org.springframework.web.servlet.DispatcherServlet.doService(DispatcherServlet.java:965) ~[spring-webmvc-5.3.39.jar:5.3.39]
	at org.springframework.web.servlet.FrameworkServlet.processRequest(FrameworkServlet.java:1006) ~[spring-webmvc-5.3.39.jar:5.3.39]
	at org.springframework.web.servlet.FrameworkServlet.doPost(FrameworkServlet.java:909) ~[spring-webmvc-5.3.39.jar:5.3.39]
	at javax.servlet.http.HttpServlet.service(HttpServlet.java:707) ~[javax.servlet-api-3.1.0.jar:3.1.0]
	at org.springframework.web.servlet.FrameworkServlet.service(FrameworkServlet.java:883) ~[spring-webmvc-5.3.39.jar:5.3.39]
	at javax.servlet.http.HttpServlet.service(HttpServlet.java:790) ~[javax.servlet-api-3.1.0.jar:3.1.0]
	at org.eclipse.jetty.servlet.ServletHolder.handle(ServletHolder.java:799) ~[jetty-servlet-9.4.58.v20250814.jar:9.4.58.v20250814]
	at org.eclipse.jetty.servlet.ServletHandler$ChainEnd.doFilter(ServletHandler.java:1656) ~[jetty-servlet-9.4.58.v20250814.jar:9.4.58.v20250814]
	at org.springframework.web.filter.CharacterEncodingFilter.doFilterInternal(CharacterEncodingFilter.java:201) ~[spring-web-5.3.39.jar:5.3.39]
	at org.springframework.web.filter.OncePerRequestFilter.doFilter(OncePerRequestFilter.java:117) ~[spring-web-5.3.39.jar:5.3.39]
	at org.eclipse.jetty.servlet.FilterHolder.doFilter(FilterHolder.java:193) ~[jetty-servlet-9.4.58.v20250814.jar:9.4.58.v20250814]
	at org.eclipse.jetty.servlet.ServletHandler$Chain.doFilter(ServletHandler.java:1626) ~[jetty-servlet-9.4.58.v20250814.jar:9.4.58.v20250814]
	at org.eclipse.jetty.websocket.server.WebSocketUpgradeFilter.doFilter(WebSocketUpgradeFilter.java:292) ~[websocket-server-9.4.58.v20250814.jar:9.4.58.v20250814]
	at org.eclipse.jetty.servlet.FilterHolder.doFilter(FilterHolder.java:193) ~[jetty-servlet-9.4.58.v20250814.jar:9.4.58.v20250814]
	at org.eclipse.jetty.servlet.ServletHandler$Chain.doFilter(ServletHandler.java:1626) ~[jetty-servlet-9.4.58.v20250814.jar:9.4.58.v20250814]
	at com.jetbrains.bundle.proxy.jetty.AllowOriginOneTimeFilter.doFilter(AllowOriginOneTimeFilter.java:37) ~[bundle-2.0.106.jar:?]
	at org.eclipse.jetty.servlet.FilterHolder.doFilter(FilterHolder.java:193) ~[jetty-servlet-9.4.58.v20250814.jar:9.4.58.v20250814]
	at org.eclipse.jetty.servlet.ServletHandler$Chain.doFilter(ServletHandler.java:1626) ~[jetty-servlet-9.4.58.v20250814.jar:9.4.58.v20250814]
	at org.eclipse.jetty.servlets.CrossOriginFilter.handle(CrossOriginFilter.java:319) ~[jetty-servlets-9.4.58.v20250814.jar:9.4.58.v20250814]
	at org.eclipse.jetty.servlets.CrossOriginFilter.doFilter(CrossOriginFilter.java:273) ~[jetty-servlets-9.4.58.v20250814.jar:9.4.58.v20250814]
	at org.eclipse.jetty.servlet.FilterHolder.doFilter(FilterHolder.java:193) ~[jetty-servlet-9.4.58.v20250814.jar:9.4.58.v20250814]
	at org.eclipse.jetty.servlet.ServletHandler$Chain.doFilter(ServletHandler.java:1626) ~[jetty-servlet-9.4.58.v20250814.jar:9.4.58.v20250814]
	at org.eclipse.jetty.servlet.ServletHandler.doHandle(ServletHandler.java:552) ~[jetty-servlet-9.4.58.v20250814.jar:9.4.58.v20250814]
	at org.eclipse.jetty.server.handler.ScopedHandler.handle(ScopedHandler.java:143) ~[jetty-server-9.4.58.v20250814.jar:9.4.58.v20250814]
	at org.eclipse.jetty.security.SecurityHandler.handle(SecurityHandler.java:600) ~[jetty-security-9.4.58.v20250814.jar:9.4.58.v20250814]
	at org.eclipse.jetty.server.handler.HandlerWrapper.handle(HandlerWrapper.java:127) ~[jetty-server-9.4.58.v20250814.jar:9.4.58.v20250814]
	at org.eclipse.jetty.server.handler.ScopedHandler.nextHandle(ScopedHandler.java:235) ~[jetty-server-9.4.58.v20250814.jar:9.4.58.v20250814]
	at org.eclipse.jetty.server.session.SessionHandler.doHandle(SessionHandler.java:1624) ~[jetty-server-9.4.58.v20250814.jar:9.4.58.v20250814]
	at org.eclipse.jetty.server.handler.ScopedHandler.nextHandle(ScopedHandler.java:233) ~[jetty-server-9.4.58.v20250814.jar:9.4.58.v20250814]
	at org.eclipse.jetty.server.handler.ContextHandler.doHandle(ContextHandler.java:1440) ~[jetty-server-9.4.58.v20250814.jar:9.4.58.v20250814]
	at org.eclipse.jetty.server.handler.ScopedHandler.nextScope(ScopedHandler.java:188) ~[jetty-server-9.4.58.v20250814.jar:9.4.58.v20250814]
	at org.eclipse.jetty.servlet.ServletHandler.doScope(ServletHandler.java:505) ~[jetty-servlet-9.4.58.v20250814.jar:9.4.58.v20250814]
	at org.eclipse.jetty.server.session.SessionHandler.doScope(SessionHandler.java:1594) ~[jetty-server-9.4.58.v20250814.jar:9.4.58.v20250814]
	at org.eclipse.jetty.server.handler.ScopedHandler.nextScope(ScopedHandler.java:186) ~[jetty-server-9.4.58.v20250814.jar:9.4.58.v20250814]
	at org.eclipse.jetty.server.handler.ContextHandler.doScope(ContextHandler.java:1355) ~[jetty-server-9.4.58.v20250814.jar:9.4.58.v20250814]
	at org.eclipse.jetty.server.handler.ScopedHandler.handle(ScopedHandler.java:141) ~[jetty-server-9.4.58.v20250814.jar:9.4.58.v20250814]
	at org.eclipse.jetty.server.handler.ContextHandlerCollection.handle(ContextHandlerCollection.java:234) ~[jetty-server-9.4.58.v20250814.jar:9.4.58.v20250814]
	at org.eclipse.jetty.server.handler.HandlerCollection.handle(HandlerCollection.java:146) ~[jetty-server-9.4.58.v20250814.jar:9.4.58.v20250814]
	at org.eclipse.jetty.server.handler.HandlerWrapper.handle(HandlerWrapper.java:127) ~[jetty-server-9.4.58.v20250814.jar:9.4.58.v20250814]
	at org.eclipse.jetty.server.Server.handle(Server.java:516) ~[jetty-server-9.4.58.v20250814.jar:9.4.58.v20250814]
	at org.eclipse.jetty.server.HttpChannel.lambda$handle$1(HttpChannel.java:487) ~[jetty-server-9.4.58.v20250814.jar:9.4.58.v20250814]
	at org.eclipse.jetty.server.HttpChannel.dispatch(HttpChannel.java:732) ~[jetty-server-9.4.58.v20250814.jar:9.4.58.v20250814]
	at org.eclipse.jetty.server.HttpChannel.handle(HttpChannel.java:479) ~[jetty-server-9.4.58.v20250814.jar:9.4.58.v20250814]
	at org.eclipse.jetty.server.HttpConnection.onFillable(HttpConnection.java:277) ~[jetty-server-9.4.58.v20250814.jar:9.4.58.v20250814]
	at org.eclipse.jetty.io.AbstractConnection$ReadCallback.succeeded(AbstractConnection.java:311) ~[jetty-io-9.4.58.v20250814.jar:9.4.58.v20250814]
	at org.eclipse.jetty.io.FillInterest.fillable(FillInterest.java:105) ~[jetty-io-9.4.58.v20250814.jar:9.4.58.v20250814]
	at org.eclipse.jetty.io.ChannelEndPoint$1.run(ChannelEndPoint.java:104) ~[jetty-io-9.4.58.v20250814.jar:9.4.58.v20250814]
	at org.eclipse.jetty.util.thread.strategy.EatWhatYouKill.runTask(EatWhatYouKill.java:338) ~[jetty-util-9.4.58.v20250814.jar:9.4.58.v20250814]
	at org.eclipse.jetty.util.thread.strategy.EatWhatYouKill.doProduce(EatWhatYouKill.java:315) ~[jetty-util-9.4.58.v20250814.jar:9.4.58.v20250814]
	at org.eclipse.jetty.util.thread.strategy.EatWhatYouKill.tryProduce(EatWhatYouKill.java:173) ~[jetty-util-9.4.58.v20250814.jar:9.4.58.v20250814]
	at org.eclipse.jetty.util.thread.strategy.EatWhatYouKill.run(EatWhatYouKill.java:131) ~[jetty-util-9.4.58.v20250814.jar:9.4.58.v20250814]
	at org.eclipse.jetty.util.thread.ReservedThreadExecutor$ReservedThread.run(ReservedThreadExecutor.java:409) ~[jetty-util-9.4.58.v20250814.jar:9.4.58.v20250814]
	at org.eclipse.jetty.util.thread.QueuedThreadPool.runJob(QueuedThreadPool.java:883) ~[jetty-util-9.4.58.v20250814.jar:9.4.58.v20250814]
	at org.eclipse.jetty.util.thread.QueuedThreadPool$Runner.run(QueuedThreadPool.java:1034) ~[jetty-util-9.4.58.v20250814.jar:9.4.58.v20250814]
	at java.lang.Thread.run(Thread.java:1583) [?:?]
[2026-08-13 13:15:12,552]  DEBUG - ub_client.util.BundleHubClient - Bundle hub service does not exist. Trying to create it... 
[2026-08-13 13:15:12,763]  DEBUG - ub_client.util.BundleHubClient - Bundle hub service was created: serviceId = a927c26f-90d9-4fe4-b415-fcbd729b77da, isVerified = true 
[2026-08-13 13:15:12,770]  DEBUG - tpass.client.oauth2.OAuth2Flow - Request to: http://127.0.0.1:8080/hub/api/rest/oauth2/token
Params: {
	grant_type:[client_credentials]
	scope:[0-0-0-0-0]} 
[2026-08-13 13:15:12,908]  DEBUG - bundle.hub_client.util.HubUtil - Validation result: status=[OK], message=[Service is registered and verified in Hub], secretValid=[true], registered=[true], verified=[true] 
[2026-08-13 13:15:12,912]  DEBUG - tpass.client.oauth2.OAuth2Flow - Request to: http://127.0.0.1:8080/hub/api/rest/oauth2/token
Params: {
	grant_type:[client_credentials]
	scope:[0-0-0-0-0]} 
[2026-08-13 13:15:12,933]  DEBUG - tpass.client.oauth2.OAuth2Flow - Request to: http://127.0.0.1:8080/hub/api/rest/oauth2/token
Params: {
	grant_type:[client_credentials]
	scope:[0-0-0-0-0]} 
[2026-08-13 13:15:13,024]  DEBUG - bundle.hub_client.util.HubUtil - Validation result: status=[OK], message=[Service is registered and verified in Hub], secretValid=[true], registered=[true], verified=[true] 
[2026-08-13 13:15:13,024]  DEBUG - dle.util.hub.HubServiceUpdater - Hub service for youtrack exists and verified: 65c3714a-9d72-49d4-b98b-dc8fe4215020 
[2026-08-13 13:15:13,024]  DEBUG - dle.util.hub.HubServiceUpdater - Force Hub update is set to: false 
[2026-08-13 13:15:13,025]  DEBUG - dle.util.hub.HubServiceUpdater - Check changes in Hub information for service youtrack 
[2026-08-13 13:15:13,028]  DEBUG - dle.util.hub.HubServiceUpdater - Hub information for service youtrack (65c3714a-9d72-49d4-b98b-dc8fe4215020) changed in new configuration. Update may be needed 
[2026-08-13 13:15:13,029]  DEBUG - tpass.client.oauth2.OAuth2Flow - Request to: http://127.0.0.1:8080/hub/api/rest/oauth2/token
Params: {
	grant_type:[client_credentials]
	scope:[0-0-0-0-0]} 
[2026-08-13 13:15:13,053]  DEBUG - dle.util.hub.HubServiceUpdater - Hub information for service youtrack (65c3714a-9d72-49d4-b98b-dc8fe4215020) was updated: jetbrains.jetpass.rest.dto.ServiceJSON@4fd73338 
[2026-08-13 13:15:13,069]  DEBUG - tpass.client.oauth2.OAuth2Flow - Request to: http://127.0.0.1:8080/hub/api/rest/oauth2/token
Params: {
	grant_type:[client_credentials]
	scope:[0-0-0-0-0]} 
[2026-08-13 13:15:13,080]  DEBUG - bundle.hub_client.util.HubUtil - Validation result: status=[OK], message=[Service is registered and verified in Hub], secretValid=[true], registered=[true], verified=[true] 
[2026-08-13 13:15:13,084]  DEBUG - tpass.client.oauth2.OAuth2Flow - Request to: http://127.0.0.1:8080/hub/api/rest/oauth2/token
Params: {
	grant_type:[client_credentials]
	scope:[0-0-0-0-0]} 
[2026-08-13 16:50:29,809]   INFO -                 bundle.startup - Stopping YouTrack 
[2026-08-13 16:50:29,816]  DEBUG - .bundle.Services$StartingState - Set status [SHUTTING_DOWN] for service [youtrack] 
[2026-08-13 16:50:30,653]   INFO - .server.handler.ContextHandler - Stopped o.e.j.w.WebAppContext@37accc1d{YouTrack,/,file:///opt/youtrack/apps/youtrack/web/,STOPPED} 
[2026-08-13 16:50:30,655]  DEBUG - .bundle.Services$StartingState - Set status [SHUT_DOWN] for service [youtrack] 
[2026-08-13 16:50:30,655]   INFO -                 bundle.startup - Stopping Bundle Hub Configurator 
[2026-08-13 16:50:30,656]  DEBUG - .bundle.Services$StartingState - Set status [SHUTTING_DOWN] for service [bundle-hub-configurator] 
[2026-08-13 16:50:30,657]  DEBUG - es.impl.HubConfiguratorService - * Service bundle-hub-configurator is virtual, nothing would be done on service stop 
[2026-08-13 16:50:30,657]  DEBUG - .bundle.Services$StartingState - Set status [SHUT_DOWN] for service [bundle-hub-configurator] 
[2026-08-13 16:50:30,658]   INFO -                 bundle.startup - Stopping Hub 
[2026-08-13 16:50:30,659]  DEBUG - .bundle.Services$StartingState - Set status [SHUTTING_DOWN] for service [hub] 
[2026-08-13 16:50:30,813]   INFO - .server.handler.ContextHandler - Stopped o.e.j.w.WebAppContext@1ff36fc2{/hub,file:///opt/youtrack/apps/hub/web/,STOPPED} 
[2026-08-13 16:50:30,814]  DEBUG - .bundle.Services$StartingState - Set status [SHUT_DOWN] for service [hub] 
[2026-08-13 16:50:30,814]   INFO -                 bundle.startup - Stopping YouTrack Configurator 
[2026-08-13 16:50:30,815]  DEBUG - .bundle.Services$StartingState - Set status [SHUTTING_DOWN] for service [adminService] 
[2026-08-13 16:50:30,827]   INFO - er.ContextHandler.bundle_admin - Destroying Spring FrameworkServlet 'AdminConsoleServletDispatcher' 
[2026-08-13 16:50:30,846]   INFO - er.ContextHandler.bundle_admin - Closing Spring root WebApplicationContext 
[2026-08-13 16:50:30,857]   INFO - .server.handler.ContextHandler - Stopped o.e.j.w.WebAppContext@6714c0eb{/bundle/admin,file:///opt/youtrack/internal/admin_console/,STOPPED} 
[2026-08-13 16:50:30,859]  DEBUG - .bundle.Services$StartingState - Set status [SHUT_DOWN] for service [adminService] 
[2026-08-13 16:50:30,859]   INFO -                 bundle.startup - Stopping Starting Page Service 
[2026-08-13 16:50:30,860]  DEBUG - .bundle.Services$StartingState - Set status [SHUTTING_DOWN] for service [startingPage] 
[2026-08-13 16:50:30,862]   INFO - ContextHandler.bundle_starting - Destroying Spring FrameworkServlet 'StartingPageServletDispatcher' 
[2026-08-13 16:50:30,883]   INFO - .server.handler.ContextHandler - Stopped o.e.j.w.WebAppContext@5010a4ad{/bundle/starting,file:///opt/youtrack/internal/starting_page/,STOPPED} 
[2026-08-13 16:50:30,884]  DEBUG - .bundle.Services$StartingState - Set status [SHUT_DOWN] for service [startingPage] 
[2026-08-13 16:50:30,884]   INFO -                 bundle.startup - Stopping Bundle Backend Service 
[2026-08-13 16:50:30,885]  DEBUG - .bundle.Services$StartingState - Set status [SHUTTING_DOWN] for service [bundleBackend] 
[2026-08-13 16:50:30,887]   INFO - .ContextHandler.bundle_backend - Destroying Spring FrameworkServlet 'BundleBackendServletDispatcher' 
[2026-08-13 16:50:30,909]   INFO - .server.handler.ContextHandler - Stopped o.e.j.w.WebAppContext@6fbbedbb{/bundle/backend,file:///opt/youtrack/internal/bundle_common/,STOPPED} 
[2026-08-13 16:50:30,910]  DEBUG - .bundle.Services$StartingState - Set status [SHUT_DOWN] for service [bundleBackend] 
[2026-08-13 16:50:30,911]   INFO -                 bundle.startup - Stopping Service-Container[bundleProcess] 
[2026-08-13 16:50:30,912]  DEBUG - .bundle.Services$StartingState - Set status [SHUTTING_DOWN] for service [bundleProcess] 
[2026-08-13 16:50:30,925]   INFO - bundle.proxy.jetty.BundleProxy - Stopping Service-Container[bundleProcess] 
[2026-08-13 16:50:30,954]   INFO - jetty.server.AbstractConnector - Stopped ServerConnector@1e1173a0{HTTP/1.1, (http/1.1)}{0.0.0.0:8080} 
[2026-08-13 16:50:30,955]   INFO - g.eclipse.jetty.server.session - node0 Stopped scavenging 
[2026-08-13 16:50:30,962]  DEBUG - .bundle.Services$StartingState - Set status [SHUT_DOWN] for service [bundleProcess] 
[2026-08-14 07:14:07,764]  DEBUG - brains.bundle.ServiceDiscovery - Looking for services in /opt/youtrack/apps 
[2026-08-14 07:14:07,765]  DEBUG - brains.bundle.ServiceDiscovery - Found service descriptor /opt/youtrack/apps/youtrack 
[2026-08-14 07:14:07,765]  DEBUG - brains.bundle.ServiceDiscovery - Found service descriptor /opt/youtrack/apps/hub 
[2026-08-14 07:14:07,778]  DEBUG - brains.bundle.ServiceDiscovery - Looking for services in /opt/youtrack/apps 
[2026-08-14 07:14:07,779]  DEBUG - brains.bundle.ServiceDiscovery - Found service descriptor /opt/youtrack/apps/youtrack 
[2026-08-14 07:14:07,780]  DEBUG - brains.bundle.ServiceDiscovery - Found service descriptor /opt/youtrack/apps/hub 
[2026-08-14 07:14:08,145]   INFO -  com.jetbrains.bundle.Services - Versions of services bundled into JetBrains YouTrack 2026.2: 
[hub->2026.2.52366] 
[youtrack->2026.2.18194] 
[bundle-platform->2.0.106] 
[2026-08-14 07:14:08,147]   INFO -                 bundle.startup - Configuring Service-Container[bundleProcess] 
[2026-08-14 07:14:08,172]   INFO -                 bundle.startup - Configuring Bundle Backend Service 
[2026-08-14 07:14:08,215]   INFO -                 bundle.startup - Configuring Starting Page Service 
[2026-08-14 07:14:08,255]   INFO -                 bundle.startup - Configuring YouTrack Configurator 
[2026-08-14 07:14:08,297]   INFO -                 bundle.startup - Configuring Hub 
[2026-08-14 07:14:08,630]   INFO -                 bundle.startup - Configuring Bundle Hub Configurator 
[2026-08-14 07:14:08,632]   INFO -                 bundle.startup - Configuring YouTrack 
[2026-08-14 07:14:08,989]   INFO -                 bundle.startup - Starting Service-Container[bundleProcess] 
[2026-08-14 07:14:08,990]  DEBUG - .bundle.Services$StartingState - Set status [STARTING] for service [bundleProcess] 
[2026-08-14 07:14:09,007]  DEBUG - g.JavaUtilLoggingToSlf4jBridge - [class com.jetbrains.service.util.logging.SLF4JBridgePerContextClassLoaderHandler] has already bean installed 
[2026-08-14 07:14:09,021]   INFO -     org.eclipse.jetty.util.log - Logging initialized @3160ms to org.eclipse.jetty.util.log.Slf4jLog 
[2026-08-14 07:14:09,124]   INFO - rg.eclipse.jetty.server.Server - jetty-9.4.58.v20250814; built: 2025-08-14T02:28:49.637Z; git: 8f1440587e9e4ae7db3d74cf205643f3d707148d; jvm 21.0.12+8-LTS 
[2026-08-14 07:14:09,172]   INFO - .server.handler.ContextHandler - Started c.j.b.p.j.@70792082{/,file:///opt/youtrack/internal/error_pages/,AVAILABLE} 
[2026-08-14 07:14:09,197]   INFO - jetty.server.AbstractConnector - Started ServerConnector@7019f07b{HTTP/1.1, (http/1.1)}{0.0.0.0:8080} 
[2026-08-14 07:14:09,199]   INFO - rg.eclipse.jetty.server.Server - Started @3338ms 
[2026-08-14 07:14:09,215]  DEBUG - .bundle.Services$StartingState - Set status [RUNNING] for service [bundleProcess] 
[2026-08-14 07:14:09,216]   INFO -                 bundle.startup - Starting Bundle Backend Service 
[2026-08-14 07:14:09,217]  DEBUG - .bundle.Services$StartingState - Set status [STARTING] for service [bundleBackend] 
[2026-08-14 07:14:09,561]   INFO - ations.AnnotationConfiguration - Scanning elapsed time=167ms 
[2026-08-14 07:14:09,680]   INFO - .ContextHandler.bundle_backend - 1 Spring WebApplicationInitializers detected on classpath 
[2026-08-14 07:14:09,684]  DEBUG - onfig.BundleBackendInitializer - No ContextLoaderListener registered, as createRootApplicationContext() did not return an application context 
[2026-08-14 07:14:09,714]   INFO - g.eclipse.jetty.server.session - DefaultSessionIdManager workerName=node0 
[2026-08-14 07:14:09,716]   INFO - g.eclipse.jetty.server.session - No SessionScavenger set, using defaults 
[2026-08-14 07:14:09,719]   INFO - g.eclipse.jetty.server.session - node0 Scavenging every 660000ms 
[2026-08-14 07:14:09,739]   INFO - .ContextHandler.bundle_backend - Initializing Spring DispatcherServlet 'BundleBackendServletDispatcher' 
[2026-08-14 07:14:09,741]   INFO - .web.servlet.DispatcherServlet - Initializing Servlet 'BundleBackendServletDispatcher' 
[2026-08-14 07:14:10,142]  DEBUG - ervlet.HandlerMapping.Mappings - 
	c.j.b.b.r.PropertiesController:
	{POST [/settings], produces [application/json]}: updateProperty(UpdatePropertiesRequest,String,String)
	{POST [/settings/candidate], produces [application/json]}: validateProperty(PropertyJSON,String,String)
	{GET [/settings/{propertyName}], produces [application/json]}: getProperty(String,String,String) 
[2026-08-14 07:14:10,146]  DEBUG - ervlet.HandlerMapping.Mappings - 
	c.j.b.b.r.ProductStateController:
	{GET [/state], produces [application/json]}: getProductStateInfo(String,HttpServletRequest)
	{GET [/state/started], produces [application/json]}: getProductStarted() 
[2026-08-14 07:14:10,147]  DEBUG - ervlet.HandlerMapping.Mappings - 
	c.j.b.b.r.ClientCertificateAuthSettingsController:
	{GET [/certificateAuth], produces [application/json]}: getCertificateAuthSettings(String,String)
	{POST [/certificateAuth], produces [application/json]}: updateCertificateAuthSettings(CertificateAuthSettingsJSON,String,String) 
[2026-08-14 07:14:10,148]  DEBUG - ervlet.HandlerMapping.Mappings - 
	c.j.b.b.r.StatusController:
	{GET [/bundleBackendStatus]}: getStatus() 
[2026-08-14 07:14:10,156]  DEBUG - ervlet.HandlerMapping.Mappings - 'beanNameHandlerMapping' {} 
[2026-08-14 07:14:10,794]   INFO - .web.servlet.DispatcherServlet - Completed initialization in 1051 ms 
[2026-08-14 07:14:10,795]   INFO - .server.handler.ContextHandler - Started o.e.j.w.WebAppContext@46da827c{/bundle/backend,file:///opt/youtrack/internal/bundle_common/,AVAILABLE} 
[2026-08-14 07:14:10,810]  DEBUG - .bundle.Services$StartingState - Set status [RUNNING] for service [bundleBackend] 
[2026-08-14 07:14:10,811]   INFO -                 bundle.startup - Starting Starting Page Service 
[2026-08-14 07:14:10,812]   INFO -                 bundle.startup - JetBrains YouTrack 2026.2 will be available on [http://youtrack-server:8080/bundle/starting] after start 
[2026-08-14 07:14:10,813]  DEBUG - .bundle.Services$StartingState - Set status [STARTING] for service [startingPage] 
[2026-08-14 07:14:10,963]   INFO - ations.AnnotationConfiguration - Scanning elapsed time=88ms 
[2026-08-14 07:14:10,994]   INFO - ContextHandler.bundle_starting - 1 Spring WebApplicationInitializers detected on classpath 
[2026-08-14 07:14:10,996]  DEBUG - StartingPageBackendInitializer - No ContextLoaderListener registered, as createRootApplicationContext() did not return an application context 
[2026-08-14 07:14:11,006]   INFO - ContextHandler.bundle_starting - Initializing Spring DispatcherServlet 'StartingPageServletDispatcher' 
[2026-08-14 07:14:11,007]   INFO - .web.servlet.DispatcherServlet - Initializing Servlet 'StartingPageServletDispatcher' 
[2026-08-14 07:14:11,361]  DEBUG - ervlet.HandlerMapping.Mappings - 
	c.j.b.s.ServicesController:
	{GET [/bundle/services]}: getAllServices(String,HttpServletRequest)
	{GET [/bundle/services/{id}]}: getService(String,String,HttpServletRequest) 
[2026-08-14 07:14:11,367]  DEBUG - ervlet.HandlerMapping.Mappings - 
	c.j.b.s.BundleStateController:
	{GET [/bundle/state]}: getBundleState()
	{GET [/bundle/started]}: getBundleStarted()
	{GET [/bundle/info]}: getBundleInfo(HttpServletRequest) 
[2026-08-14 07:14:11,369]  DEBUG - ervlet.HandlerMapping.Mappings - 
	c.j.b.s.StatusController:
	{GET [/bundle/startingPageStatus]}: getAllServices() 
[2026-08-14 07:14:11,377]  DEBUG - ervlet.HandlerMapping.Mappings - 'beanNameHandlerMapping' {} 
[2026-08-14 07:14:11,475]   INFO - .web.servlet.DispatcherServlet - Completed initialization in 466 ms 
[2026-08-14 07:14:11,476]   INFO - .server.handler.ContextHandler - Started o.e.j.w.WebAppContext@f078b02{/bundle/starting,file:///opt/youtrack/internal/starting_page/,AVAILABLE} 
[2026-08-14 07:14:11,487]  DEBUG - .bundle.Services$StartingState - Set status [RUNNING] for service [startingPage] 
[2026-08-14 07:14:11,487]   INFO -                 bundle.startup - Starting YouTrack Configurator 
[2026-08-14 07:14:11,488]  DEBUG - .bundle.Services$StartingState - Set status [STARTING] for service [adminService] 
[2026-08-14 07:14:11,687]   INFO - ations.AnnotationConfiguration - Scanning elapsed time=90ms 
[2026-08-14 07:14:11,709]   INFO - er.ContextHandler.bundle_admin - 1 Spring WebApplicationInitializers detected on classpath 
[2026-08-14 07:14:11,717]   INFO - er.ContextHandler.bundle_admin - Initializing Spring root WebApplicationContext 
[2026-08-14 07:14:11,719]   INFO - work.web.context.ContextLoader - Root WebApplicationContext: initialization started 
[2026-08-14 07:14:12,131]  DEBUG - ervlet.HandlerMapping.Mappings - 
	c.j.b.a.r.HubExternalController:
	{GET [/hub/external/certificates/{fingerprint}], produces [application/json]}: getCertificate(HttpServletRequest,String)
	{POST [/hub/external/switch], produces [application/json]}: switchToHub(SwitchExternalHubRequest,String,String)
	{GET [/hub/external/validate], produces [application/json]}: validateGet(String,String,Boolean,String)
	{POST [/hub/external/validate], produces [application/json]}: validatePost(String,ValidateHubUrlRequest,String)
	{POST [/hub/external/certificates/], produces [application/json]}: addCertificate(CertificateInfo)
	{DELETE [/hub/external/certificates/{fingerprint}], produces [application/json]}: deleteCertificate(String)
	{GET [/hub/external/certificates/], produces [application/json]}: getCertificates() 
[2026-08-14 07:14:12,137]  DEBUG - ervlet.HandlerMapping.Mappings - 
	c.j.b.a.r.HubMigrationController:
	{GET [/hub/migration], produces [application/json]}: getMigration(String,String)
	{DELETE [/hub/migration], produces [application/json]}: deleteMigration(String,String,String)
	{GET [/hub/migration/status], produces [application/json]}: getMigrationStatus(String,String,String)
	{POST [/hub/migration/finish], produces [application/json]}: finishMigration(String,String,String)
	{POST [/hub/migration/start], produces [application/json]}: startMigration(StartMigrationRequest,String,String,String,HttpServletRequest)
	{POST [/hub/migration/prepare], produces [application/json]}: prepareMigration(PrepareMigrationRequest,String,String) 
[2026-08-14 07:14:12,139]  DEBUG - ervlet.HandlerMapping.Mappings - 
	c.j.b.a.r.AuthController:
	{GET [/checkAuth], produces [application/json]}: validate(String) 
[2026-08-14 07:14:12,140]  DEBUG - ervlet.HandlerMapping.Mappings - 
	c.j.b.a.r.HubInfoController:
	{GET [/hub/info], produces [application/json]}: getMigrationStatus(String,String) 
[2026-08-14 07:14:12,142]  DEBUG - ervlet.HandlerMapping.Mappings - 
	c.j.b.a.r.ProductStateController:
	{GET [/product/state], produces [application/json]}: getMigrationStatus(String,HttpServletRequest) 
[2026-08-14 07:14:12,150]  DEBUG - ervlet.HandlerMapping.Mappings - 'beanNameHandlerMapping' {} 
[2026-08-14 07:14:12,223]   INFO - work.web.context.ContextLoader - Root WebApplicationContext initialized in 503 ms 
[2026-08-14 07:14:12,230]   INFO - er.ContextHandler.bundle_admin - Initializing Spring DispatcherServlet 'AdminConsoleServletDispatcher' 
[2026-08-14 07:14:12,231]   INFO - .web.servlet.DispatcherServlet - Initializing Servlet 'AdminConsoleServletDispatcher' 
[2026-08-14 07:14:12,234]   INFO - .web.servlet.DispatcherServlet - Completed initialization in 2 ms 
[2026-08-14 07:14:12,235]   INFO - .server.handler.ContextHandler - Started o.e.j.w.WebAppContext@27f44c31{/bundle/admin,file:///opt/youtrack/internal/admin_console/,AVAILABLE} 
[2026-08-14 07:14:12,250]  DEBUG - .bundle.Services$StartingState - Set status [RUNNING] for service [adminService] 
[2026-08-14 07:14:12,251]   INFO -                 bundle.startup - Starting Hub 
[2026-08-14 07:14:12,252]  DEBUG - .bundle.Services$StartingState - Set status [STARTING] for service [hub] 
[2026-08-14 07:14:27,436]   INFO - .server.handler.ContextHandler - Started o.e.j.w.WebAppContext@1a12053f{/hub,file:///opt/youtrack/apps/hub/web/,AVAILABLE} 
[2026-08-14 07:14:27,495]  DEBUG - .bundle.Services$StartingState - Set status [RUNNING] for service [hub] 
[2026-08-14 07:14:27,496]   INFO -                 bundle.startup - Starting Bundle Hub Configurator 
[2026-08-14 07:14:27,497]  DEBUG - .bundle.Services$StartingState - Set status [STARTING] for service [bundle-hub-configurator] 
[2026-08-14 07:14:28,147]  DEBUG - tpass.client.oauth2.OAuth2Flow - Request to: http://127.0.0.1:8080/hub/api/rest/oauth2/token
Params: {
	grant_type:[client_credentials]
	scope:[0-0-0-0-0]} 
[2026-08-14 07:14:28,286]  DEBUG - bundle.hub_client.util.HubUtil - Validation result: status=[SERVICE_NOT_REGISTERED], message=[Service is not registered in Hub: Service with id "a927c26f-90d9-4fe4-b415-fcbd729b77da" was not found], secretValid=[false], registered=[false], verified=[false] 
com.intellij.hub.auth.oauth2.consumer.OAuth2TokenLoadException: Cannot load token: invalid_client (Service with id "a927c26f-90d9-4fe4-b415-fcbd729b77da" was not found)
	at jetbrains.jetpass.client.oauth2.SimpleTokenLoader.loadAccessToken(SimpleTokenLoader.kt:74) ~[hub-client-2025.3.131383.jar:?]
	at jetbrains.jetpass.client.oauth2.token.OAuth2TokenFlow.getTokenData(OAuth2TokenFlow.kt:72) ~[hub-client-2025.3.131383.jar:?]
	at jetbrains.jetpass.client.oauth2.token.OAuth2TokenFlow.getToken(OAuth2TokenFlow.kt:41) ~[hub-client-2025.3.131383.jar:?]
	at jetbrains.jetpass.client.oauth2.token.OAuth2TokenFlow.getHeader(OAuth2TokenFlow.kt:93) ~[hub-client-2025.3.131383.jar:?]
	at jetbrains.jetpass.client.accounts.BaseAccountsClient.checkServiceCredentials(BaseAccountsClient.kt:92) ~[hub-client-2025.3.131383.jar:?]
	at com.jetbrains.bundle.hub_client.util.HubUtil.checkService(HubUtil.java:31) ~[hub-client-util-2.0.106.jar:?]
	at com.jetbrains.bundle.hub_client.util.HubUtil.checkService(HubUtil.java:122) ~[hub-client-util-2.0.106.jar:?]
	at com.jetbrains.bundle.hub_client.util.BundleHubClient.checkBundleService(BundleHubClient.java:179) ~[hub-client-util-2.0.106.jar:?]
	at com.jetbrains.bundle.hub_client.util.BundleHubClient.getBundleHubAccountsClient(BundleHubClient.java:112) ~[hub-client-util-2.0.106.jar:?]
	at com.jetbrains.bundle.util.hub.HubServiceUpdater.updateHubInfo(HubServiceUpdater.java:212) ~[bundle-2.0.106.jar:?]
	at com.jetbrains.bundle.util.hub.HubServiceUpdater.update(HubServiceUpdater.java:53) ~[bundle-2.0.106.jar:?]
	at com.jetbrains.bundle.services.impl.HubConfiguratorService.configureHubServices(HubConfiguratorService.java:87) ~[bundle-2.0.106.jar:?]
	at com.jetbrains.bundle.services.impl.HubConfiguratorService.doStart(HubConfiguratorService.java:64) ~[bundle-2.0.106.jar:?]
	at com.jetbrains.bundle.services.impl.ServiceBase.start(ServiceBase.java:66) ~[bundle-2.0.106.jar:?]
	at com.jetbrains.bundle.Services.startService(Services.java:647) ~[bundle-2.0.106.jar:?]
	at com.jetbrains.bundle.Services.startAllServices(Services.java:574) ~[bundle-2.0.106.jar:?]
	at com.jetbrains.bundle.Services.start(Services.java:554) ~[bundle-2.0.106.jar:?]
	at com.jetbrains.bundle.BundleMain.start(BundleMain.java:273) ~[bundle-2.0.106.jar:?]
	at com.jetbrains.bundle.BundleMain.start(BundleMain.java:237) ~[bundle-2.0.106.jar:?]
	at jdk.internal.reflect.DirectMethodHandleAccessor.invoke(DirectMethodHandleAccessor.java:103) ~[?:?]
	at java.lang.reflect.Method.invoke(Method.java:580) ~[?:?]
	at com.jetbrains.bundle.bootstrap.Bundle$EntryPointProvider$1.invoke(Bundle.java:100) ~[bundle-bootstrap-2.0.106.jar:?]
	at jdk.proxy4.$Proxy30.start(Unknown Source) ~[?:?]
	at com.jetbrains.launcher.AppProxy$6$1.call(AppProxy.java:99) ~[?:?]
	at com.jetbrains.launcher.AppProxy$6$1.call(AppProxy.java:97) ~[?:?]
	at java.util.concurrent.FutureTask.run(FutureTask.java:317) ~[?:?]
	at java.util.concurrent.ThreadPoolExecutor.runWorker(ThreadPoolExecutor.java:1144) ~[?:?]
	at java.util.concurrent.ThreadPoolExecutor$Worker.run(ThreadPoolExecutor.java:642) ~[?:?]
	at java.lang.Thread.run(Thread.java:1583) [?:?]
[2026-08-14 07:14:28,293]  DEBUG - ub_client.util.BundleHubClient - Bundle hub service does not exist. Trying to create it... 
[2026-08-14 07:14:28,798]  DEBUG - ub_client.util.BundleHubClient - Bundle hub service was created: serviceId = a927c26f-90d9-4fe4-b415-fcbd729b77da, isVerified = true 
[2026-08-14 07:14:28,808]  DEBUG - tpass.client.oauth2.OAuth2Flow - Request to: http://127.0.0.1:8080/hub/api/rest/oauth2/token
Params: {
	grant_type:[client_credentials]
	scope:[0-0-0-0-0]} 
[2026-08-14 07:14:29,092]  DEBUG - bundle.hub_client.util.HubUtil - Validation result: status=[OK], message=[Service is registered and verified in Hub], secretValid=[true], registered=[true], verified=[true] 
[2026-08-14 07:14:29,098]  DEBUG - tpass.client.oauth2.OAuth2Flow - Request to: http://127.0.0.1:8080/hub/api/rest/oauth2/token
Params: {
	grant_type:[client_credentials]
	scope:[0-0-0-0-0]} 
[2026-08-14 07:14:29,133]  DEBUG - dle.util.hub.HubServiceUpdater - Hub information for service hub (0-0-0-0-0) changed in new configuration. Update may be needed 
[2026-08-14 07:14:29,167]  DEBUG - dle.util.hub.HubServiceUpdater - Hub information for service hub (0-0-0-0-0) was updated: jetbrains.jetpass.rest.dto.ServiceJSON@4a187a3c 
[2026-08-14 07:14:29,175]  DEBUG - tpass.client.oauth2.OAuth2Flow - Request to: http://127.0.0.1:8080/hub/api/rest/oauth2/token
Params: {
	grant_type:[client_credentials]
	scope:[0-0-0-0-0]} 
[2026-08-14 07:14:29,223]  DEBUG - bundle.hub_client.util.HubUtil - Validation result: status=[OK], message=[Service is registered and verified in Hub], secretValid=[true], registered=[true], verified=[true] 
[2026-08-14 07:14:29,223]  DEBUG - dle.util.hub.HubServiceUpdater - Hub service for youtrack exists and verified: 65c3714a-9d72-49d4-b98b-dc8fe4215020 
[2026-08-14 07:14:29,224]  DEBUG - dle.util.hub.HubServiceUpdater - Force Hub update is set to: false 
[2026-08-14 07:14:29,224]  DEBUG - dle.util.hub.HubServiceUpdater - Check changes in Hub information for service youtrack 
[2026-08-14 07:14:29,232]  DEBUG - rains.service.util.cmd.CmdUtil - Executing [hostname, -f] in directory [null] 
[2026-08-14 07:14:29,655]  DEBUG - rains.service.util.cmd.CmdUtil - Command [[hostname, -f]] exited with code 0 and output: [fd29b82ae489] 
[2026-08-14 07:14:29,657]  DEBUG - rains.service.util.cmd.CmdUtil - Executing [hostname, -s] in directory [null] 
[2026-08-14 07:14:30,067]  DEBUG - rains.service.util.cmd.CmdUtil - Command [[hostname, -s]] exited with code 0 and output: [fd29b82ae489] 
[2026-08-14 07:14:30,076]  DEBUG - brains.service.util.SystemUtil - Known Net Interfaces: [/0:0:0:0:0:0:0:1%lo, /127.0.0.1, /172.19.0.3] 
[2026-08-14 07:14:30,077]  DEBUG - brains.service.util.SystemUtil - InetAddress.getAllByName returned [fd29b82ae489/172.19.0.3] for fd29b82ae489 
[2026-08-14 07:14:30,078]  DEBUG - brains.service.util.SystemUtil - InetAddress.getAllByName returned [fd29b82ae489/172.19.0.3] for fd29b82ae489 
[2026-08-14 07:14:30,081]  DEBUG - dle.util.hub.HubServiceUpdater - Hub information for service youtrack (65c3714a-9d72-49d4-b98b-dc8fe4215020) changed in new configuration. Update may be needed 
[2026-08-14 07:14:30,082]  DEBUG - tpass.client.oauth2.OAuth2Flow - Request to: http://127.0.0.1:8080/hub/api/rest/oauth2/token
Params: {
	grant_type:[client_credentials]
	scope:[0-0-0-0-0]} 
[2026-08-14 07:14:30,186]  DEBUG - dle.util.hub.HubServiceUpdater - Hub information for service youtrack (65c3714a-9d72-49d4-b98b-dc8fe4215020) was updated: jetbrains.jetpass.rest.dto.ServiceJSON@4fd73338 
[2026-08-14 07:14:30,199]  DEBUG - tpass.client.oauth2.OAuth2Flow - Request to: http://127.0.0.1:8080/hub/api/rest/oauth2/token
Params: {
	grant_type:[client_credentials]
	scope:[0-0-0-0-0]} 
[2026-08-14 07:14:30,236]  DEBUG - bundle.hub_client.util.HubUtil - Validation result: status=[OK], message=[Service is registered and verified in Hub], secretValid=[true], registered=[true], verified=[true] 
[2026-08-14 07:14:30,248]  DEBUG - tpass.client.oauth2.OAuth2Flow - Request to: http://127.0.0.1:8080/hub/api/rest/oauth2/token
Params: {
	grant_type:[client_credentials]
	scope:[0-0-0-0-0]} 
[2026-08-14 07:14:30,326]  DEBUG - .bundle.Services$StartingState - Set status [RUNNING] for service [bundle-hub-configurator] 
[2026-08-14 07:14:30,326]   INFO -                 bundle.startup - Starting YouTrack 
[2026-08-14 07:14:30,327]  DEBUG - .bundle.Services$StartingState - Set status [STARTING] for service [youtrack] 
[2026-08-14 07:15:11,493]   INFO - .server.handler.ContextHandler - Started o.e.j.w.WebAppContext@660bbf8e{YouTrack,/,file:///opt/youtrack/apps/youtrack/web/,AVAILABLE} 
[2026-08-14 07:15:11,512]  DEBUG - .bundle.Services$StartingState - Set status [RUNNING] for service [youtrack] 
[2026-08-14 07:15:11,540]  DEBUG - rains.service.util.cmd.CmdUtil - Executing [uname, -a] in directory [/opt/youtrack] 
[2026-08-14 07:15:11,958]  DEBUG - rains.service.util.cmd.CmdUtil - Command [[uname, -a]] exited with code 0 and output: [Linux fd29b82ae489 6.6.114.1-microsoft-standard-WSL2 #1 SMP PREEMPT_DYNAMIC Mon Dec  1 20:46:23 UTC 2025 x86_64 x86_64 x86_64 GNU/Linux] 
[2026-08-14 07:15:11,963]  DEBUG - rains.service.util.cmd.CmdUtil - Executing [free] in directory [/opt/youtrack] 
[2026-08-14 07:15:11,987]  DEBUG - rains.service.util.cmd.CmdUtil - Executing [df] in directory [/opt/youtrack] 
[2026-08-14 07:15:12,444]  DEBUG - rains.service.util.cmd.CmdUtil - Command [[df]] exited with code 0 and output: [Filesystem      1K-blocks      Used Available Use% Mounted on
overlay        1055762868  10441864 991617532   2% /
tmpfs               65536         0     65536   0% /dev
shm                 65536         0     65536   0% /dev/shm
/dev/sdd       1055762868  10441864 991617532   2% /etc/hosts
C:\             498972668 413384576  85588092  83% /opt/youtrack/conf
tmpfs                   4         0         4   0% /proc/acpi] 
[2026-08-14 07:15:12,446]  DEBUG - rains.service.util.cmd.CmdUtil - Executing [/bin/sh, -c, ulimit -a] in directory [/opt/youtrack] 
[2026-08-14 07:15:12,870]  DEBUG - rains.service.util.cmd.CmdUtil - Command [[/bin/sh, -c, ulimit -a]] exited with code 0 and output: [real-time non-blocking time  (microseconds, -R) unlimited
core file size              (blocks, -c) 0
data seg size               (kbytes, -d) unlimited
scheduling priority                 (-e) 0
file size                   (blocks, -f) unlimited
pending signals                     (-i) 31133
max locked memory           (kbytes, -l) unlimited
max memory size             (kbytes, -m) unlimited
open files                          (-n) 1048576
pipe size                (512 bytes, -p) 8
POSIX message queues         (bytes, -q) 819200
real-time priority                  (-r) 0
stack size                  (kbytes, -s) 8192
cpu time                   (seconds, -t) unlimited
max user processes                  (-u) unlimited
virtual memory              (kbytes, -v) unlimited
file locks                          (-x) unlimited] 
[2026-08-14 07:15:12,872]  DEBUG - rains.service.util.cmd.CmdUtil - Executing [hostname] in directory [/opt/youtrack] 
[2026-08-14 07:15:13,306]  DEBUG - rains.service.util.cmd.CmdUtil - Command [[hostname]] exited with code 0 and output: [fd29b82ae489] 
[2026-08-14 07:15:13,307]  DEBUG - rains.service.util.cmd.CmdUtil - Executing [hostname, -f] in directory [/opt/youtrack] 
[2026-08-14 07:15:13,720]  DEBUG - rains.service.util.cmd.CmdUtil - Command [[hostname, -f]] exited with code 0 and output: [fd29b82ae489] 
[2026-08-14 07:15:13,720]  DEBUG - rains.service.util.cmd.CmdUtil - Executing [id, -a] in directory [/opt/youtrack] 
[2026-08-14 07:15:14,134]  DEBUG - rains.service.util.cmd.CmdUtil - Command [[id, -a]] exited with code 0 and output: [uid=13001(jetbrains) gid=13001(jetbrains) groups=13001(jetbrains)] 
[2026-08-14 07:15:14,216]   INFO - .server.handler.ContextHandler - Stopped c.j.b.p.j.@70792082{/,file:///opt/youtrack/internal/error_pages/,STOPPED} 
[2026-08-17 11:37:27,106]   WARN - lipse.jetty.server.HttpChannel - /hub/auth/oauth/error 
jetbrains.hub.server.core.ItemNotFoundException: Item of type Service with id [9ca02ece-778a-4e3d-b86c-e4b9edbeeffa] is not found
	at jetbrains.jetpass.dao.dnq.api.service.ServiceMatcherImpl.getService$lambda$0(ServiceMatcherImpl.kt:25) ~[?:?]
	at jetbrains.jetpass.dao.dnq.api.DataAccessExceptionUtilKt.daoTransaction$lambda$0(DataAccessExceptionUtil.kt:37) ~[?:?]
	at jetbrains.hub.server.core.db.TransactionKt.transactional(Transaction.kt:86) ~[?:?]
	at jetbrains.hub.server.core.db.TransactionKt.transactional$default(Transaction.kt:66) ~[?:?]
	at jetbrains.jetpass.dao.dnq.api.DataAccessExceptionUtilKt.daoTransaction(DataAccessExceptionUtil.kt:37) ~[?:?]
	at jetbrains.jetpass.dao.dnq.api.DataAccessExceptionUtilKt.daoTx(DataAccessExceptionUtil.kt:31) ~[?:?]
	at jetbrains.jetpass.dao.dnq.api.service.ServiceMatcherImpl.getService(ServiceMatcherImpl.kt:24) ~[?:?]
	at jetbrains.jetpass.dao.dnq.CspProvider.getDomains$lambda$0(CspProvider.kt:20) ~[?:?]
	at jetbrains.hub.server.core.authority.HubPrincipalManagerKt.runAsRootInTx$lambda$0$0(HubPrincipalManager.kt:45) ~[?:?]
	at jetbrains.hub.server.core.db.TransactionKt.transactional(Transaction.kt:86) ~[?:?]
	at jetbrains.hub.server.core.db.TransactionKt.transactional$default(Transaction.kt:66) ~[?:?]
	at jetbrains.hub.server.core.authority.HubPrincipalManagerKt.runAsRootInTx$lambda$0(HubPrincipalManager.kt:44) ~[?:?]
	at jetbrains.hub.server.console.HubPrincipalManagerImpl.runAs(HubPrincipalManagerImpl.kt:85) ~[?:?]
	at jetbrains.hub.server.console.HubPrincipalManagerImpl.runAsRoot(HubPrincipalManagerImpl.kt:92) ~[?:?]
	at jetbrains.hub.server.core.authority.HubPrincipalManagerKt.runAsRootInTx(HubPrincipalManager.kt:43) ~[?:?]
	at jetbrains.jetpass.dao.dnq.CspProvider.getDomains(CspProvider.kt:15) ~[?:?]
	at jetbrains.hub.server.filter.XAuthFrameOptionsFilter.getAllowedOrigins$lambda$0(XAuthFrameOptionsFilter.kt:40) ~[?:?]
	at jetbrains.hub.server.core.db.TransactionKt.runInTransaction$lambda$1(Transaction.kt:98) ~[?:?]
	at com.jetbrains.teamsys.dnq.database.TransientEntityStoreExt.transactional(TransientEntityStoreExt.kt:51) ~[?:?]
	at com.jetbrains.teamsys.dnq.database.TransientEntityStoreImpl.transactional(TransientEntityStoreImpl.kt:102) ~[?:?]
	at jetbrains.hub.server.core.db.TransactionKt.xdTx(Transaction.kt:113) ~[?:?]
	at jetbrains.hub.server.core.db.TransactionKt.runInTransaction(Transaction.kt:98) ~[?:?]
	at jetbrains.hub.server.core.db.TransactionKt.transactional(Transaction.kt:79) ~[?:?]
	at jetbrains.hub.server.core.db.TransactionKt.transactional$default(Transaction.kt:66) ~[?:?]
	at jetbrains.hub.server.filter.XAuthFrameOptionsFilter.getAllowedOrigins(XAuthFrameOptionsFilter.kt:39) ~[?:?]
	at jetbrains.hub.server.filter.XAuthFrameOptionsFilter.doFilter(XAuthFrameOptionsFilter.kt:22) ~[?:?]
	at jetbrains.hub.server.filter.FilterAdapter.doFilter(FilterAdapter.kt:15) ~[?:?]
	at org.eclipse.jetty.servlet.FilterHolder.doFilter(FilterHolder.java:193) ~[jetty-servlet-9.4.58.v20250814.jar:9.4.58.v20250814]
	at org.eclipse.jetty.servlet.ServletHandler$Chain.doFilter(ServletHandler.java:1626) ~[jetty-servlet-9.4.58.v20250814.jar:9.4.58.v20250814]
	at jetbrains.hub.server.filter.LocalScopeFilter.doFilter(LocalScopeFilter.kt:19) ~[?:?]
	at jetbrains.hub.server.filter.FilterAdapter.doFilter(FilterAdapter.kt:15) ~[?:?]
	at org.eclipse.jetty.servlet.FilterHolder.doFilter(FilterHolder.java:193) ~[jetty-servlet-9.4.58.v20250814.jar:9.4.58.v20250814]
	at org.eclipse.jetty.servlet.ServletHandler$Chain.doFilter(ServletHandler.java:1626) ~[jetty-servlet-9.4.58.v20250814.jar:9.4.58.v20250814]
	at jetbrains.hub.server.filter.SecurityHeadersFilter.doFilter(SecurityHeadersFilter.kt:19) ~[?:?]
	at jetbrains.hub.server.filter.FilterAdapter.doFilter(FilterAdapter.kt:15) ~[?:?]
	at org.eclipse.jetty.servlet.FilterHolder.doFilter(FilterHolder.java:193) ~[jetty-servlet-9.4.58.v20250814.jar:9.4.58.v20250814]
	at org.eclipse.jetty.servlet.ServletHandler$Chain.doFilter(ServletHandler.java:1626) ~[jetty-servlet-9.4.58.v20250814.jar:9.4.58.v20250814]
	at jetbrains.hub.server.filter.SourceMapsFilter.doFilter(SourceMapsFilter.kt:35) ~[?:?]
	at jetbrains.hub.server.filter.FilterAdapter.doFilter(FilterAdapter.kt:15) ~[?:?]
	at org.eclipse.jetty.servlet.FilterHolder.doFilter(FilterHolder.java:193) ~[jetty-servlet-9.4.58.v20250814.jar:9.4.58.v20250814]
	at org.eclipse.jetty.servlet.ServletHandler$Chain.doFilter(ServletHandler.java:1626) ~[jetty-servlet-9.4.58.v20250814.jar:9.4.58.v20250814]
	at jetbrains.hub.server.filter.LoggingFilter.doFilter(LoggingFilter.kt:26) ~[?:?]
	at jetbrains.hub.server.filter.FilterAdapter.doFilter(FilterAdapter.kt:15) ~[?:?]
	at org.eclipse.jetty.servlet.FilterHolder.doFilter(FilterHolder.java:193) ~[jetty-servlet-9.4.58.v20250814.jar:9.4.58.v20250814]
	at org.eclipse.jetty.servlet.ServletHandler$Chain.doFilter(ServletHandler.java:1626) ~[jetty-servlet-9.4.58.v20250814.jar:9.4.58.v20250814]
	at jetbrains.hub.server.filter.UrlRewriteFilter.doFilter(UrlRewriteFilter.kt:38) ~[?:?]
	at jetbrains.hub.server.filter.FilterAdapter.doFilter(FilterAdapter.kt:15) ~[?:?]
	at org.eclipse.jetty.servlet.FilterHolder.doFilter(FilterHolder.java:193) ~[jetty-servlet-9.4.58.v20250814.jar:9.4.58.v20250814]
	at org.eclipse.jetty.servlet.ServletHandler$Chain.doFilter(ServletHandler.java:1626) ~[jetty-servlet-9.4.58.v20250814.jar:9.4.58.v20250814]
	at org.eclipse.jetty.servlet.ServletHandler.doHandle(ServletHandler.java:552) ~[jetty-servlet-9.4.58.v20250814.jar:9.4.58.v20250814]
	at org.eclipse.jetty.server.handler.ScopedHandler.handle(ScopedHandler.java:143) ~[jetty-server-9.4.58.v20250814.jar:9.4.58.v20250814]
	at org.eclipse.jetty.server.handler.gzip.GzipHandler.handle(GzipHandler.java:772) ~[jetty-server-9.4.58.v20250814.jar:9.4.58.v20250814]
	at org.eclipse.jetty.security.SecurityHandler.handle(SecurityHandler.java:600) ~[jetty-security-9.4.58.v20250814.jar:9.4.58.v20250814]
	at org.eclipse.jetty.server.handler.HandlerWrapper.handle(HandlerWrapper.java:127) ~[jetty-server-9.4.58.v20250814.jar:9.4.58.v20250814]
	at org.eclipse.jetty.server.handler.ScopedHandler.nextHandle(ScopedHandler.java:235) ~[jetty-server-9.4.58.v20250814.jar:9.4.58.v20250814]
	at org.eclipse.jetty.server.session.SessionHandler.doHandle(SessionHandler.java:1624) ~[jetty-server-9.4.58.v20250814.jar:9.4.58.v20250814]
	at org.eclipse.jetty.server.handler.ScopedHandler.nextHandle(ScopedHandler.java:233) ~[jetty-server-9.4.58.v20250814.jar:9.4.58.v20250814]
	at org.eclipse.jetty.server.handler.ContextHandler.doHandle(ContextHandler.java:1440) ~[jetty-server-9.4.58.v20250814.jar:9.4.58.v20250814]
	at org.eclipse.jetty.server.handler.ScopedHandler.nextScope(ScopedHandler.java:188) ~[jetty-server-9.4.58.v20250814.jar:9.4.58.v20250814]
	at org.eclipse.jetty.servlet.ServletHandler.doScope(ServletHandler.java:505) ~[jetty-servlet-9.4.58.v20250814.jar:9.4.58.v20250814]
	at org.eclipse.jetty.server.session.SessionHandler.doScope(SessionHandler.java:1594) ~[jetty-server-9.4.58.v20250814.jar:9.4.58.v20250814]
	at org.eclipse.jetty.server.handler.ScopedHandler.nextScope(ScopedHandler.java:186) ~[jetty-server-9.4.58.v20250814.jar:9.4.58.v20250814]
	at org.eclipse.jetty.server.handler.ContextHandler.doScope(ContextHandler.java:1355) ~[jetty-server-9.4.58.v20250814.jar:9.4.58.v20250814]
	at org.eclipse.jetty.server.handler.ScopedHandler.handle(ScopedHandler.java:141) ~[jetty-server-9.4.58.v20250814.jar:9.4.58.v20250814]
	at org.eclipse.jetty.server.handler.ContextHandlerCollection.handle(ContextHandlerCollection.java:234) ~[jetty-server-9.4.58.v20250814.jar:9.4.58.v20250814]
	at org.eclipse.jetty.server.handler.HandlerCollection.handle(HandlerCollection.java:146) ~[jetty-server-9.4.58.v20250814.jar:9.4.58.v20250814]
	at org.eclipse.jetty.server.handler.HandlerWrapper.handle(HandlerWrapper.java:127) ~[jetty-server-9.4.58.v20250814.jar:9.4.58.v20250814]
	at org.eclipse.jetty.server.Server.handle(Server.java:516) ~[jetty-server-9.4.58.v20250814.jar:9.4.58.v20250814]
	at org.eclipse.jetty.server.HttpChannel.lambda$handle$1(HttpChannel.java:487) ~[jetty-server-9.4.58.v20250814.jar:9.4.58.v20250814]
	at org.eclipse.jetty.server.HttpChannel.dispatch(HttpChannel.java:732) ~[jetty-server-9.4.58.v20250814.jar:9.4.58.v20250814]
	at org.eclipse.jetty.server.HttpChannel.handle(HttpChannel.java:479) ~[jetty-server-9.4.58.v20250814.jar:9.4.58.v20250814]
	at org.eclipse.jetty.server.HttpConnection.onFillable(HttpConnection.java:277) ~[jetty-server-9.4.58.v20250814.jar:9.4.58.v20250814]
	at org.eclipse.jetty.io.AbstractConnection$ReadCallback.succeeded(AbstractConnection.java:311) ~[jetty-io-9.4.58.v20250814.jar:9.4.58.v20250814]
	at org.eclipse.jetty.io.FillInterest.fillable(FillInterest.java:105) ~[jetty-io-9.4.58.v20250814.jar:9.4.58.v20250814]
	at org.eclipse.jetty.io.ChannelEndPoint$1.run(ChannelEndPoint.java:104) ~[jetty-io-9.4.58.v20250814.jar:9.4.58.v20250814]
	at org.eclipse.jetty.util.thread.strategy.EatWhatYouKill.runTask(EatWhatYouKill.java:338) ~[jetty-util-9.4.58.v20250814.jar:9.4.58.v20250814]
	at org.eclipse.jetty.util.thread.strategy.EatWhatYouKill.doProduce(EatWhatYouKill.java:315) ~[jetty-util-9.4.58.v20250814.jar:9.4.58.v20250814]
	at org.eclipse.jetty.util.thread.strategy.EatWhatYouKill.tryProduce(EatWhatYouKill.java:173) ~[jetty-util-9.4.58.v20250814.jar:9.4.58.v20250814]
	at org.eclipse.jetty.util.thread.strategy.EatWhatYouKill.run(EatWhatYouKill.java:131) ~[jetty-util-9.4.58.v20250814.jar:9.4.58.v20250814]
	at org.eclipse.jetty.util.thread.ReservedThreadExecutor$ReservedThread.run(ReservedThreadExecutor.java:409) ~[jetty-util-9.4.58.v20250814.jar:9.4.58.v20250814]
	at org.eclipse.jetty.util.thread.QueuedThreadPool.runJob(QueuedThreadPool.java:883) ~[jetty-util-9.4.58.v20250814.jar:9.4.58.v20250814]
	at org.eclipse.jetty.util.thread.QueuedThreadPool$Runner.run(QueuedThreadPool.java:1034) ~[jetty-util-9.4.58.v20250814.jar:9.4.58.v20250814]
	at java.lang.Thread.run(Thread.java:1583) [?:?]
[2026-08-18 09:05:18,721]  DEBUG - brains.bundle.ServiceDiscovery - Looking for services in /opt/youtrack/apps 
[2026-08-18 09:05:18,722]  DEBUG - brains.bundle.ServiceDiscovery - Found service descriptor /opt/youtrack/apps/youtrack 
[2026-08-18 09:05:18,722]  DEBUG - brains.bundle.ServiceDiscovery - Found service descriptor /opt/youtrack/apps/hub 
[2026-08-18 09:05:18,733]  DEBUG - brains.bundle.ServiceDiscovery - Looking for services in /opt/youtrack/apps 
[2026-08-18 09:05:18,734]  DEBUG - brains.bundle.ServiceDiscovery - Found service descriptor /opt/youtrack/apps/youtrack 
[2026-08-18 09:05:18,734]  DEBUG - brains.bundle.ServiceDiscovery - Found service descriptor /opt/youtrack/apps/hub 
[2026-08-18 09:05:19,088]   INFO -  com.jetbrains.bundle.Services - Versions of services bundled into JetBrains YouTrack 2026.2: 
[hub->2026.2.52366] 
[youtrack->2026.2.18194] 
[bundle-platform->2.0.106] 
[2026-08-18 09:05:19,090]   INFO -                 bundle.startup - Configuring Service-Container[bundleProcess] 
[2026-08-18 09:05:19,104]   INFO -                 bundle.startup - Configuring Bundle Backend Service 
[2026-08-18 09:05:19,116]   INFO -                 bundle.startup - Configuring Starting Page Service 
[2026-08-18 09:05:19,128]   INFO -                 bundle.startup - Configuring YouTrack Configurator 
[2026-08-18 09:05:19,140]   INFO -                 bundle.startup - Configuring Hub 
[2026-08-18 09:05:19,457]   INFO -                 bundle.startup - Configuring Bundle Hub Configurator 
[2026-08-18 09:05:19,458]   INFO -                 bundle.startup - Configuring YouTrack 
[2026-08-18 09:05:19,954]   INFO -                 bundle.startup - Starting Service-Container[bundleProcess] 
[2026-08-18 09:05:19,955]  DEBUG - .bundle.Services$StartingState - Set status [STARTING] for service [bundleProcess] 
[2026-08-18 09:05:19,992]  DEBUG - g.JavaUtilLoggingToSlf4jBridge - [class com.jetbrains.service.util.logging.SLF4JBridgePerContextClassLoaderHandler] has already bean installed 
[2026-08-18 09:05:20,002]   INFO -     org.eclipse.jetty.util.log - Logging initialized @2905ms to org.eclipse.jetty.util.log.Slf4jLog 
[2026-08-18 09:05:20,223]   INFO - rg.eclipse.jetty.server.Server - jetty-9.4.58.v20250814; built: 2025-08-14T02:28:49.637Z; git: 8f1440587e9e4ae7db3d74cf205643f3d707148d; jvm 21.0.12+8-LTS 
[2026-08-18 09:05:20,253]   INFO - .server.handler.ContextHandler - Started c.j.b.p.j.@70792082{/,file:///opt/youtrack/internal/error_pages/,AVAILABLE} 
[2026-08-18 09:05:20,266]   INFO - jetty.server.AbstractConnector - Started ServerConnector@7019f07b{HTTP/1.1, (http/1.1)}{0.0.0.0:8080} 
[2026-08-18 09:05:20,267]   INFO - rg.eclipse.jetty.server.Server - Started @3171ms 
[2026-08-18 09:05:20,281]  DEBUG - .bundle.Services$StartingState - Set status [RUNNING] for service [bundleProcess] 
[2026-08-18 09:05:20,281]   INFO -                 bundle.startup - Starting Bundle Backend Service 
[2026-08-18 09:05:20,282]  DEBUG - .bundle.Services$StartingState - Set status [STARTING] for service [bundleBackend] 
[2026-08-18 09:05:20,523]   INFO - ations.AnnotationConfiguration - Scanning elapsed time=128ms 
[2026-08-18 09:05:20,614]   INFO - .ContextHandler.bundle_backend - 1 Spring WebApplicationInitializers detected on classpath 
[2026-08-18 09:05:20,616]  DEBUG - onfig.BundleBackendInitializer - No ContextLoaderListener registered, as createRootApplicationContext() did not return an application context 
[2026-08-18 09:05:20,633]   INFO - g.eclipse.jetty.server.session - DefaultSessionIdManager workerName=node0 
[2026-08-18 09:05:20,634]   INFO - g.eclipse.jetty.server.session - No SessionScavenger set, using defaults 
[2026-08-18 09:05:20,635]   INFO - g.eclipse.jetty.server.session - node0 Scavenging every 600000ms 
[2026-08-18 09:05:20,651]   INFO - .ContextHandler.bundle_backend - Initializing Spring DispatcherServlet 'BundleBackendServletDispatcher' 
[2026-08-18 09:05:20,652]   INFO - .web.servlet.DispatcherServlet - Initializing Servlet 'BundleBackendServletDispatcher' 
[2026-08-18 09:05:20,985]  DEBUG - ervlet.HandlerMapping.Mappings - 
	c.j.b.b.r.PropertiesController:
	{POST [/settings], produces [application/json]}: updateProperty(UpdatePropertiesRequest,String,String)
	{POST [/settings/candidate], produces [application/json]}: validateProperty(PropertyJSON,String,String)
	{GET [/settings/{propertyName}], produces [application/json]}: getProperty(String,String,String) 
[2026-08-18 09:05:20,988]  DEBUG - ervlet.HandlerMapping.Mappings - 
	c.j.b.b.r.ProductStateController:
	{GET [/state], produces [application/json]}: getProductStateInfo(String,HttpServletRequest)
	{GET [/state/started], produces [application/json]}: getProductStarted() 
[2026-08-18 09:05:20,989]  DEBUG - ervlet.HandlerMapping.Mappings - 
	c.j.b.b.r.ClientCertificateAuthSettingsController:
	{GET [/certificateAuth], produces [application/json]}: getCertificateAuthSettings(String,String)
	{POST [/certificateAuth], produces [application/json]}: updateCertificateAuthSettings(CertificateAuthSettingsJSON,String,String) 
[2026-08-18 09:05:20,989]  DEBUG - ervlet.HandlerMapping.Mappings - 
	c.j.b.b.r.StatusController:
	{GET [/bundleBackendStatus]}: getStatus() 
[2026-08-18 09:05:20,995]  DEBUG - ervlet.HandlerMapping.Mappings - 'beanNameHandlerMapping' {} 
[2026-08-18 09:05:21,536]   INFO - .web.servlet.DispatcherServlet - Completed initialization in 883 ms 
[2026-08-18 09:05:21,537]   INFO - .server.handler.ContextHandler - Started o.e.j.w.WebAppContext@46da827c{/bundle/backend,file:///opt/youtrack/internal/bundle_common/,AVAILABLE} 
[2026-08-18 09:05:21,556]  DEBUG - .bundle.Services$StartingState - Set status [RUNNING] for service [bundleBackend] 
[2026-08-18 09:05:21,557]   INFO -                 bundle.startup - Starting Starting Page Service 
[2026-08-18 09:05:21,558]   INFO -                 bundle.startup - JetBrains YouTrack 2026.2 will be available on [http://youtrack-server:8080/bundle/starting] after start 
[2026-08-18 09:05:21,559]  DEBUG - .bundle.Services$StartingState - Set status [STARTING] for service [startingPage] 
[2026-08-18 09:05:21,714]   INFO - ations.AnnotationConfiguration - Scanning elapsed time=95ms 
[2026-08-18 09:05:21,735]   INFO - ContextHandler.bundle_starting - 1 Spring WebApplicationInitializers detected on classpath 
[2026-08-18 09:05:21,736]  DEBUG - StartingPageBackendInitializer - No ContextLoaderListener registered, as createRootApplicationContext() did not return an application context 
[2026-08-18 09:05:21,747]   INFO - ContextHandler.bundle_starting - Initializing Spring DispatcherServlet 'StartingPageServletDispatcher' 
[2026-08-18 09:05:21,748]   INFO - .web.servlet.DispatcherServlet - Initializing Servlet 'StartingPageServletDispatcher' 
[2026-08-18 09:05:22,027]  DEBUG - ervlet.HandlerMapping.Mappings - 
	c.j.b.s.ServicesController:
	{GET [/bundle/services]}: getAllServices(String,HttpServletRequest)
	{GET [/bundle/services/{id}]}: getService(String,String,HttpServletRequest) 
[2026-08-18 09:05:22,030]  DEBUG - ervlet.HandlerMapping.Mappings - 
	c.j.b.s.BundleStateController:
	{GET [/bundle/state]}: getBundleState()
	{GET [/bundle/started]}: getBundleStarted()
	{GET [/bundle/info]}: getBundleInfo(HttpServletRequest) 
[2026-08-18 09:05:22,031]  DEBUG - ervlet.HandlerMapping.Mappings - 
	c.j.b.s.StatusController:
	{GET [/bundle/startingPageStatus]}: getAllServices() 
[2026-08-18 09:05:22,037]  DEBUG - ervlet.HandlerMapping.Mappings - 'beanNameHandlerMapping' {} 
[2026-08-18 09:05:22,091]   INFO - .web.servlet.DispatcherServlet - Completed initialization in 340 ms 
[2026-08-18 09:05:22,092]   INFO - .server.handler.ContextHandler - Started o.e.j.w.WebAppContext@f078b02{/bundle/starting,file:///opt/youtrack/internal/starting_page/,AVAILABLE} 
[2026-08-18 09:05:22,110]  DEBUG - .bundle.Services$StartingState - Set status [RUNNING] for service [startingPage] 
[2026-08-18 09:05:22,110]   INFO -                 bundle.startup - Starting YouTrack Configurator 
[2026-08-18 09:05:22,112]  DEBUG - .bundle.Services$StartingState - Set status [STARTING] for service [adminService] 
[2026-08-18 09:05:22,308]   INFO - ations.AnnotationConfiguration - Scanning elapsed time=75ms 
[2026-08-18 09:05:22,324]   INFO - er.ContextHandler.bundle_admin - 1 Spring WebApplicationInitializers detected on classpath 
[2026-08-18 09:05:22,331]   INFO - er.ContextHandler.bundle_admin - Initializing Spring root WebApplicationContext 
[2026-08-18 09:05:22,332]   INFO - work.web.context.ContextLoader - Root WebApplicationContext: initialization started 
[2026-08-18 09:05:22,612]  DEBUG - ervlet.HandlerMapping.Mappings - 
	c.j.b.a.r.HubExternalController:
	{GET [/hub/external/certificates/{fingerprint}], produces [application/json]}: getCertificate(HttpServletRequest,String)
	{POST [/hub/external/switch], produces [application/json]}: switchToHub(SwitchExternalHubRequest,String,String)
	{GET [/hub/external/validate], produces [application/json]}: validateGet(String,String,Boolean,String)
	{POST [/hub/external/validate], produces [application/json]}: validatePost(String,ValidateHubUrlRequest,String)
	{POST [/hub/external/certificates/], produces [application/json]}: addCertificate(CertificateInfo)
	{DELETE [/hub/external/certificates/{fingerprint}], produces [application/json]}: deleteCertificate(String)
	{GET [/hub/external/certificates/], produces [application/json]}: getCertificates() 
[2026-08-18 09:05:22,616]  DEBUG - ervlet.HandlerMapping.Mappings - 
	c.j.b.a.r.HubMigrationController:
	{GET [/hub/migration], produces [application/json]}: getMigration(String,String)
	{DELETE [/hub/migration], produces [application/json]}: deleteMigration(String,String,String)
	{GET [/hub/migration/status], produces [application/json]}: getMigrationStatus(String,String,String)
	{POST [/hub/migration/finish], produces [application/json]}: finishMigration(String,String,String)
	{POST [/hub/migration/start], produces [application/json]}: startMigration(StartMigrationRequest,String,String,String,HttpServletRequest)
	{POST [/hub/migration/prepare], produces [application/json]}: prepareMigration(PrepareMigrationRequest,String,String) 
[2026-08-18 09:05:22,618]  DEBUG - ervlet.HandlerMapping.Mappings - 
	c.j.b.a.r.AuthController:
	{GET [/checkAuth], produces [application/json]}: validate(String) 
[2026-08-18 09:05:22,618]  DEBUG - ervlet.HandlerMapping.Mappings - 
	c.j.b.a.r.HubInfoController:
	{GET [/hub/info], produces [application/json]}: getMigrationStatus(String,String) 
[2026-08-18 09:05:22,619]  DEBUG - ervlet.HandlerMapping.Mappings - 
	c.j.b.a.r.ProductStateController:
	{GET [/product/state], produces [application/json]}: getMigrationStatus(String,HttpServletRequest) 
[2026-08-18 09:05:22,625]  DEBUG - ervlet.HandlerMapping.Mappings - 'beanNameHandlerMapping' {} 
[2026-08-18 09:05:22,682]   INFO - work.web.context.ContextLoader - Root WebApplicationContext initialized in 349 ms 
[2026-08-18 09:05:22,687]   INFO - er.ContextHandler.bundle_admin - Initializing Spring DispatcherServlet 'AdminConsoleServletDispatcher' 
[2026-08-18 09:05:22,688]   INFO - .web.servlet.DispatcherServlet - Initializing Servlet 'AdminConsoleServletDispatcher' 
[2026-08-18 09:05:22,690]   INFO - .web.servlet.DispatcherServlet - Completed initialization in 2 ms 
[2026-08-18 09:05:22,690]   INFO - .server.handler.ContextHandler - Started o.e.j.w.WebAppContext@27f44c31{/bundle/admin,file:///opt/youtrack/internal/admin_console/,AVAILABLE} 
[2026-08-18 09:05:22,700]  DEBUG - .bundle.Services$StartingState - Set status [RUNNING] for service [adminService] 
[2026-08-18 09:05:22,701]   INFO -                 bundle.startup - Starting Hub 
[2026-08-18 09:05:22,702]  DEBUG - .bundle.Services$StartingState - Set status [STARTING] for service [hub] 
[2026-08-18 09:05:34,767]   INFO - .server.handler.ContextHandler - Started o.e.j.w.WebAppContext@402be826{/hub,file:///opt/youtrack/apps/hub/web/,AVAILABLE} 
[2026-08-18 09:05:34,817]  DEBUG - .bundle.Services$StartingState - Set status [RUNNING] for service [hub] 
[2026-08-18 09:05:34,818]   INFO -                 bundle.startup - Starting Bundle Hub Configurator 
[2026-08-18 09:05:34,819]  DEBUG - .bundle.Services$StartingState - Set status [STARTING] for service [bundle-hub-configurator] 
[2026-08-18 09:05:35,188]  DEBUG - tpass.client.oauth2.OAuth2Flow - Request to: http://127.0.0.1:8080/hub/api/rest/oauth2/token
Params: {
	grant_type:[client_credentials]
	scope:[0-0-0-0-0]} 
[2026-08-18 09:05:35,307]  DEBUG - bundle.hub_client.util.HubUtil - Validation result: status=[SERVICE_NOT_REGISTERED], message=[Service is not registered in Hub: Service with id "a927c26f-90d9-4fe4-b415-fcbd729b77da" was not found], secretValid=[false], registered=[false], verified=[false] 
com.intellij.hub.auth.oauth2.consumer.OAuth2TokenLoadException: Cannot load token: invalid_client (Service with id "a927c26f-90d9-4fe4-b415-fcbd729b77da" was not found)
	at jetbrains.jetpass.client.oauth2.SimpleTokenLoader.loadAccessToken(SimpleTokenLoader.kt:74) ~[hub-client-2025.3.131383.jar:?]
	at jetbrains.jetpass.client.oauth2.token.OAuth2TokenFlow.getTokenData(OAuth2TokenFlow.kt:72) ~[hub-client-2025.3.131383.jar:?]
	at jetbrains.jetpass.client.oauth2.token.OAuth2TokenFlow.getToken(OAuth2TokenFlow.kt:41) ~[hub-client-2025.3.131383.jar:?]
	at jetbrains.jetpass.client.oauth2.token.OAuth2TokenFlow.getHeader(OAuth2TokenFlow.kt:93) ~[hub-client-2025.3.131383.jar:?]
	at jetbrains.jetpass.client.accounts.BaseAccountsClient.checkServiceCredentials(BaseAccountsClient.kt:92) ~[hub-client-2025.3.131383.jar:?]
	at com.jetbrains.bundle.hub_client.util.HubUtil.checkService(HubUtil.java:31) ~[hub-client-util-2.0.106.jar:?]
	at com.jetbrains.bundle.hub_client.util.HubUtil.checkService(HubUtil.java:122) ~[hub-client-util-2.0.106.jar:?]
	at com.jetbrains.bundle.hub_client.util.BundleHubClient.checkBundleService(BundleHubClient.java:179) ~[hub-client-util-2.0.106.jar:?]
	at com.jetbrains.bundle.hub_client.util.BundleHubClient.getBundleHubAccountsClient(BundleHubClient.java:112) ~[hub-client-util-2.0.106.jar:?]
	at com.jetbrains.bundle.util.hub.HubServiceUpdater.updateHubInfo(HubServiceUpdater.java:212) ~[bundle-2.0.106.jar:?]
	at com.jetbrains.bundle.util.hub.HubServiceUpdater.update(HubServiceUpdater.java:53) ~[bundle-2.0.106.jar:?]
	at com.jetbrains.bundle.services.impl.HubConfiguratorService.configureHubServices(HubConfiguratorService.java:87) ~[bundle-2.0.106.jar:?]
	at com.jetbrains.bundle.services.impl.HubConfiguratorService.doStart(HubConfiguratorService.java:64) ~[bundle-2.0.106.jar:?]
	at com.jetbrains.bundle.services.impl.ServiceBase.start(ServiceBase.java:66) ~[bundle-2.0.106.jar:?]
	at com.jetbrains.bundle.Services.startService(Services.java:647) ~[bundle-2.0.106.jar:?]
	at com.jetbrains.bundle.Services.startAllServices(Services.java:574) ~[bundle-2.0.106.jar:?]
	at com.jetbrains.bundle.Services.start(Services.java:554) ~[bundle-2.0.106.jar:?]
	at com.jetbrains.bundle.BundleMain.start(BundleMain.java:273) ~[bundle-2.0.106.jar:?]
	at com.jetbrains.bundle.BundleMain.start(BundleMain.java:237) ~[bundle-2.0.106.jar:?]
	at jdk.internal.reflect.DirectMethodHandleAccessor.invoke(DirectMethodHandleAccessor.java:103) ~[?:?]
	at java.lang.reflect.Method.invoke(Method.java:580) ~[?:?]
	at com.jetbrains.bundle.bootstrap.Bundle$EntryPointProvider$1.invoke(Bundle.java:100) ~[bundle-bootstrap-2.0.106.jar:?]
	at jdk.proxy4.$Proxy30.start(Unknown Source) ~[?:?]
	at com.jetbrains.launcher.AppProxy$6$1.call(AppProxy.java:99) ~[?:?]
	at com.jetbrains.launcher.AppProxy$6$1.call(AppProxy.java:97) ~[?:?]
	at java.util.concurrent.FutureTask.run(FutureTask.java:317) ~[?:?]
	at java.util.concurrent.ThreadPoolExecutor.runWorker(ThreadPoolExecutor.java:1144) ~[?:?]
	at java.util.concurrent.ThreadPoolExecutor$Worker.run(ThreadPoolExecutor.java:642) ~[?:?]
	at java.lang.Thread.run(Thread.java:1583) [?:?]
[2026-08-18 09:05:35,312]  DEBUG - ub_client.util.BundleHubClient - Bundle hub service does not exist. Trying to create it... 
[2026-08-18 09:05:35,802]  DEBUG - ub_client.util.BundleHubClient - Bundle hub service was created: serviceId = a927c26f-90d9-4fe4-b415-fcbd729b77da, isVerified = true 
[2026-08-18 09:05:35,810]  DEBUG - tpass.client.oauth2.OAuth2Flow - Request to: http://127.0.0.1:8080/hub/api/rest/oauth2/token
Params: {
	grant_type:[client_credentials]
	scope:[0-0-0-0-0]} 
[2026-08-18 09:05:36,062]  DEBUG - bundle.hub_client.util.HubUtil - Validation result: status=[OK], message=[Service is registered and verified in Hub], secretValid=[true], registered=[true], verified=[true] 
[2026-08-18 09:05:36,069]  DEBUG - tpass.client.oauth2.OAuth2Flow - Request to: http://127.0.0.1:8080/hub/api/rest/oauth2/token
Params: {
	grant_type:[client_credentials]
	scope:[0-0-0-0-0]} 
[2026-08-18 09:05:36,106]  DEBUG - tpass.client.oauth2.OAuth2Flow - Request to: http://127.0.0.1:8080/hub/api/rest/oauth2/token
Params: {
	grant_type:[client_credentials]
	scope:[0-0-0-0-0]} 
[2026-08-18 09:05:36,154]  DEBUG - bundle.hub_client.util.HubUtil - Validation result: status=[OK], message=[Service is registered and verified in Hub], secretValid=[true], registered=[true], verified=[true] 
[2026-08-18 09:05:36,155]  DEBUG - dle.util.hub.HubServiceUpdater - Hub service for youtrack exists and verified: 65c3714a-9d72-49d4-b98b-dc8fe4215020 
[2026-08-18 09:05:36,155]  DEBUG - dle.util.hub.HubServiceUpdater - Force Hub update is set to: false 
[2026-08-18 09:05:36,156]  DEBUG - dle.util.hub.HubServiceUpdater - Check changes in Hub information for service youtrack 
[2026-08-18 09:05:36,162]  DEBUG - rains.service.util.cmd.CmdUtil - Executing [hostname, -f] in directory [null] 
[2026-08-18 09:05:36,589]  DEBUG - rains.service.util.cmd.CmdUtil - Command [[hostname, -f]] exited with code 0 and output: [fd29b82ae489] 
[2026-08-18 09:05:36,590]  DEBUG - rains.service.util.cmd.CmdUtil - Executing [hostname, -s] in directory [null] 
[2026-08-18 09:05:37,004]  DEBUG - rains.service.util.cmd.CmdUtil - Command [[hostname, -s]] exited with code 0 and output: [fd29b82ae489] 
[2026-08-18 09:05:37,007]  DEBUG - brains.service.util.SystemUtil - Known Net Interfaces: [/0:0:0:0:0:0:0:1%lo, /127.0.0.1, /172.19.0.3] 
[2026-08-18 09:05:37,007]  DEBUG - brains.service.util.SystemUtil - InetAddress.getAllByName returned [fd29b82ae489/172.19.0.3] for fd29b82ae489 
[2026-08-18 09:05:37,008]  DEBUG - brains.service.util.SystemUtil - InetAddress.getAllByName returned [fd29b82ae489/172.19.0.3] for fd29b82ae489 
[2026-08-18 09:05:37,008]  DEBUG - dle.util.hub.HubServiceUpdater - Hub information for service youtrack (65c3714a-9d72-49d4-b98b-dc8fe4215020) changed in new configuration. Update may be needed 
[2026-08-18 09:05:37,009]  DEBUG - tpass.client.oauth2.OAuth2Flow - Request to: http://127.0.0.1:8080/hub/api/rest/oauth2/token
Params: {
	grant_type:[client_credentials]
	scope:[0-0-0-0-0]} 
[2026-08-18 09:05:37,041]  DEBUG - dle.util.hub.HubServiceUpdater - Hub information for service youtrack (65c3714a-9d72-49d4-b98b-dc8fe4215020) was updated: jetbrains.jetpass.rest.dto.ServiceJSON@4fd73338 
[2026-08-18 09:05:37,048]  DEBUG - tpass.client.oauth2.OAuth2Flow - Request to: http://127.0.0.1:8080/hub/api/rest/oauth2/token
Params: {
	grant_type:[client_credentials]
	scope:[0-0-0-0-0]} 
[2026-08-18 09:05:37,063]  DEBUG - bundle.hub_client.util.HubUtil - Validation result: status=[OK], message=[Service is registered and verified in Hub], secretValid=[true], registered=[true], verified=[true] 
[2026-08-18 09:05:37,067]  DEBUG - tpass.client.oauth2.OAuth2Flow - Request to: http://127.0.0.1:8080/hub/api/rest/oauth2/token
Params: {
	grant_type:[client_credentials]
	scope:[0-0-0-0-0]} 
[2026-08-18 09:05:37,125]  DEBUG - .bundle.Services$StartingState - Set status [RUNNING] for service [bundle-hub-configurator] 
[2026-08-18 09:05:37,126]   INFO -                 bundle.startup - Starting YouTrack 
[2026-08-18 09:05:37,126]  DEBUG - .bundle.Services$StartingState - Set status [STARTING] for service [youtrack] 
[2026-08-18 09:06:11,584]   INFO - .server.handler.ContextHandler - Started o.e.j.w.WebAppContext@42d83c21{YouTrack,/,file:///opt/youtrack/apps/youtrack/web/,AVAILABLE} 
[2026-08-18 09:06:11,599]  DEBUG - .bundle.Services$StartingState - Set status [RUNNING] for service [youtrack] 
[2026-08-18 09:06:11,603]  DEBUG - rains.service.util.cmd.CmdUtil - Executing [uname, -a] in directory [/opt/youtrack] 
[2026-08-18 09:06:12,030]  DEBUG - rains.service.util.cmd.CmdUtil - Command [[uname, -a]] exited with code 0 and output: [Linux fd29b82ae489 6.6.114.1-microsoft-standard-WSL2 #1 SMP PREEMPT_DYNAMIC Mon Dec  1 20:46:23 UTC 2025 x86_64 x86_64 x86_64 GNU/Linux] 
[2026-08-18 09:06:12,030]  DEBUG - rains.service.util.cmd.CmdUtil - Executing [free] in directory [/opt/youtrack] 
[2026-08-18 09:06:12,036]  DEBUG - rains.service.util.cmd.CmdUtil - Executing [df] in directory [/opt/youtrack] 
[2026-08-18 09:06:12,704]  DEBUG - rains.service.util.cmd.CmdUtil - Command [[df]] exited with code 0 and output: [Filesystem      1K-blocks      Used Available Use% Mounted on
overlay        1055762868  10462248 991597148   2% /
tmpfs               65536         0     65536   0% /dev
shm                 65536         0     65536   0% /dev/shm
/dev/sdd       1055762868  10462248 991597148   2% /etc/hosts
C:\             498972668 270387576 228585092  55% /opt/youtrack/logs
tmpfs                   4         0         4   0% /proc/acpi] 
[2026-08-18 09:06:12,705]  DEBUG - rains.service.util.cmd.CmdUtil - Executing [/bin/sh, -c, ulimit -a] in directory [/opt/youtrack] 
[2026-08-18 09:06:13,119]  DEBUG - rains.service.util.cmd.CmdUtil - Command [[/bin/sh, -c, ulimit -a]] exited with code 0 and output: [real-time non-blocking time  (microseconds, -R) unlimited
core file size              (blocks, -c) 0
data seg size               (kbytes, -d) unlimited
scheduling priority                 (-e) 0
file size                   (blocks, -f) unlimited
pending signals                     (-i) 31133
max locked memory           (kbytes, -l) unlimited
max memory size             (kbytes, -m) unlimited
open files                          (-n) 1048576
pipe size                (512 bytes, -p) 8
POSIX message queues         (bytes, -q) 819200
real-time priority                  (-r) 0
stack size                  (kbytes, -s) 8192
cpu time                   (seconds, -t) unlimited
max user processes                  (-u) unlimited
virtual memory              (kbytes, -v) unlimited
file locks                          (-x) unlimited] 
[2026-08-18 09:06:13,119]  DEBUG - rains.service.util.cmd.CmdUtil - Executing [hostname] in directory [/opt/youtrack] 
[2026-08-18 09:06:13,530]  DEBUG - rains.service.util.cmd.CmdUtil - Command [[hostname]] exited with code 0 and output: [fd29b82ae489] 
[2026-08-18 09:06:13,530]  DEBUG - rains.service.util.cmd.CmdUtil - Executing [hostname, -f] in directory [/opt/youtrack] 
[2026-08-18 09:06:13,940]  DEBUG - rains.service.util.cmd.CmdUtil - Command [[hostname, -f]] exited with code 0 and output: [fd29b82ae489] 
[2026-08-18 09:06:13,941]  DEBUG - rains.service.util.cmd.CmdUtil - Executing [id, -a] in directory [/opt/youtrack] 
[2026-08-18 09:06:14,351]  DEBUG - rains.service.util.cmd.CmdUtil - Command [[id, -a]] exited with code 0 and output: [uid=13001(jetbrains) gid=13001(jetbrains) groups=13001(jetbrains)] 
[2026-08-18 09:06:14,366]   INFO - .server.handler.ContextHandler - Stopped c.j.b.p.j.@70792082{/,file:///opt/youtrack/internal/error_pages/,STOPPED} 
[2026-08-20 07:56:07,712]   INFO -                 bundle.startup - Stopping YouTrack 
[2026-08-20 07:56:07,716]  DEBUG - .bundle.Services$StartingState - Set status [SHUTTING_DOWN] for service [youtrack] 
[2026-08-20 07:56:09,238]   INFO - .server.handler.ContextHandler - Stopped o.e.j.w.WebAppContext@42d83c21{YouTrack,/,file:///opt/youtrack/apps/youtrack/web/,STOPPED} 
[2026-08-20 07:56:09,240]  DEBUG - .bundle.Services$StartingState - Set status [SHUT_DOWN] for service [youtrack] 
[2026-08-20 07:56:09,242]   INFO -                 bundle.startup - Stopping Bundle Hub Configurator 
[2026-08-20 07:56:09,245]  DEBUG - .bundle.Services$StartingState - Set status [SHUTTING_DOWN] for service [bundle-hub-configurator] 
[2026-08-20 07:56:09,246]  DEBUG - es.impl.HubConfiguratorService - * Service bundle-hub-configurator is virtual, nothing would be done on service stop 
[2026-08-20 07:56:09,247]  DEBUG - .bundle.Services$StartingState - Set status [SHUT_DOWN] for service [bundle-hub-configurator] 
[2026-08-20 07:56:09,247]   INFO -                 bundle.startup - Stopping Hub 
[2026-08-20 07:56:09,248]  DEBUG - .bundle.Services$StartingState - Set status [SHUTTING_DOWN] for service [hub] 
[2026-08-20 07:56:09,396]   INFO - .server.handler.ContextHandler - Stopped o.e.j.w.WebAppContext@402be826{/hub,file:///opt/youtrack/apps/hub/web/,STOPPED} 
[2026-08-20 07:56:09,397]  DEBUG - .bundle.Services$StartingState - Set status [SHUT_DOWN] for service [hub] 
[2026-08-20 07:56:09,397]   INFO -                 bundle.startup - Stopping YouTrack Configurator 
[2026-08-20 07:56:09,398]  DEBUG - .bundle.Services$StartingState - Set status [SHUTTING_DOWN] for service [adminService] 
[2026-08-20 07:56:09,405]   INFO - er.ContextHandler.bundle_admin - Destroying Spring FrameworkServlet 'AdminConsoleServletDispatcher' 
[2026-08-20 07:56:09,420]   INFO - er.ContextHandler.bundle_admin - Closing Spring root WebApplicationContext 
[2026-08-20 07:57:52,212]  DEBUG - brains.bundle.ServiceDiscovery - Looking for services in /opt/youtrack/apps 
[2026-08-20 07:57:52,212]  DEBUG - brains.bundle.ServiceDiscovery - Found service descriptor /opt/youtrack/apps/youtrack 
[2026-08-20 07:57:52,213]  DEBUG - brains.bundle.ServiceDiscovery - Found service descriptor /opt/youtrack/apps/hub 
[2026-08-20 07:57:52,269]  DEBUG - brains.bundle.ServiceDiscovery - Looking for services in /opt/youtrack/apps 
[2026-08-20 07:57:52,270]  DEBUG - brains.bundle.ServiceDiscovery - Found service descriptor /opt/youtrack/apps/youtrack 
[2026-08-20 07:57:52,271]  DEBUG - brains.bundle.ServiceDiscovery - Found service descriptor /opt/youtrack/apps/hub 
[2026-08-20 07:57:52,538]   INFO -  com.jetbrains.bundle.Services - Versions of services bundled into JetBrains YouTrack 2026.2: 
[hub->2026.2.52366] 
[youtrack->2026.2.18194] 
[bundle-platform->2.0.106] 
[2026-08-20 07:57:52,539]   INFO -                 bundle.startup - Configuring Service-Container[bundleProcess] 
[2026-08-20 07:57:52,574]   INFO -                 bundle.startup - Configuring Bundle Backend Service 
[2026-08-20 07:57:52,635]   INFO -                 bundle.startup - Configuring Starting Page Service 
[2026-08-20 07:57:52,742]   INFO -                 bundle.startup - Configuring YouTrack Configurator 
[2026-08-20 07:57:52,836]   INFO -                 bundle.startup - Configuring Hub 
[2026-08-20 07:57:53,165]   INFO -                 bundle.startup - Configuring Bundle Hub Configurator 
[2026-08-20 07:57:53,166]   INFO -                 bundle.startup - Configuring YouTrack 
[2026-08-20 07:57:53,430]   INFO -                 bundle.startup - Starting Service-Container[bundleProcess] 
[2026-08-20 07:57:53,432]  DEBUG - .bundle.Services$StartingState - Set status [STARTING] for service [bundleProcess] 
[2026-08-20 07:57:53,446]  DEBUG - g.JavaUtilLoggingToSlf4jBridge - [class com.jetbrains.service.util.logging.SLF4JBridgePerContextClassLoaderHandler] has already bean installed 
[2026-08-20 07:57:53,460]   INFO -     org.eclipse.jetty.util.log - Logging initialized @2724ms to org.eclipse.jetty.util.log.Slf4jLog 
[2026-08-20 07:57:53,567]   INFO - rg.eclipse.jetty.server.Server - jetty-9.4.58.v20250814; built: 2025-08-14T02:28:49.637Z; git: 8f1440587e9e4ae7db3d74cf205643f3d707148d; jvm 21.0.12+8-LTS 
[2026-08-20 07:57:53,616]   INFO - .server.handler.ContextHandler - Started c.j.b.p.j.@4e8fa70{/,file:///opt/youtrack/internal/error_pages/,AVAILABLE} 
[2026-08-20 07:57:53,637]   INFO - jetty.server.AbstractConnector - Started ServerConnector@1b98977e{HTTP/1.1, (http/1.1)}{0.0.0.0:8080} 
[2026-08-20 07:57:53,639]   INFO - rg.eclipse.jetty.server.Server - Started @2903ms 
[2026-08-20 07:57:53,652]  DEBUG - .bundle.Services$StartingState - Set status [RUNNING] for service [bundleProcess] 
[2026-08-20 07:57:53,653]   INFO -                 bundle.startup - Starting Bundle Backend Service 
[2026-08-20 07:57:53,654]  DEBUG - .bundle.Services$StartingState - Set status [STARTING] for service [bundleBackend] 
[2026-08-20 07:57:53,986]   INFO - ations.AnnotationConfiguration - Scanning elapsed time=161ms 
[2026-08-20 07:57:54,141]   INFO - .ContextHandler.bundle_backend - 1 Spring WebApplicationInitializers detected on classpath 
[2026-08-20 07:57:54,144]  DEBUG - onfig.BundleBackendInitializer - No ContextLoaderListener registered, as createRootApplicationContext() did not return an application context 
[2026-08-20 07:57:54,173]   INFO - g.eclipse.jetty.server.session - DefaultSessionIdManager workerName=node0 
[2026-08-20 07:57:54,174]   INFO - g.eclipse.jetty.server.session - No SessionScavenger set, using defaults 
[2026-08-20 07:57:54,177]   INFO - g.eclipse.jetty.server.session - node0 Scavenging every 660000ms 
[2026-08-20 07:57:54,205]   INFO - .ContextHandler.bundle_backend - Initializing Spring DispatcherServlet 'BundleBackendServletDispatcher' 
[2026-08-20 07:57:54,207]   INFO - .web.servlet.DispatcherServlet - Initializing Servlet 'BundleBackendServletDispatcher' 
[2026-08-20 07:57:54,713]  DEBUG - ervlet.HandlerMapping.Mappings - 
	c.j.b.b.r.PropertiesController:
	{POST [/settings], produces [application/json]}: updateProperty(UpdatePropertiesRequest,String,String)
	{POST [/settings/candidate], produces [application/json]}: validateProperty(PropertyJSON,String,String)
	{GET [/settings/{propertyName}], produces [application/json]}: getProperty(String,String,String) 
[2026-08-20 07:57:54,717]  DEBUG - ervlet.HandlerMapping.Mappings - 
	c.j.b.b.r.ProductStateController:
	{GET [/state], produces [application/json]}: getProductStateInfo(String,HttpServletRequest)
	{GET [/state/started], produces [application/json]}: getProductStarted() 
[2026-08-20 07:57:54,718]  DEBUG - ervlet.HandlerMapping.Mappings - 
	c.j.b.b.r.ClientCertificateAuthSettingsController:
	{GET [/certificateAuth], produces [application/json]}: getCertificateAuthSettings(String,String)
	{POST [/certificateAuth], produces [application/json]}: updateCertificateAuthSettings(CertificateAuthSettingsJSON,String,String) 
[2026-08-20 07:57:54,720]  DEBUG - ervlet.HandlerMapping.Mappings - 
	c.j.b.b.r.StatusController:
	{GET [/bundleBackendStatus]}: getStatus() 
[2026-08-20 07:57:54,727]  DEBUG - ervlet.HandlerMapping.Mappings - 'beanNameHandlerMapping' {} 
[2026-08-20 07:57:55,454]   INFO - .web.servlet.DispatcherServlet - Completed initialization in 1246 ms 
[2026-08-20 07:57:55,455]   INFO - .server.handler.ContextHandler - Started o.e.j.w.WebAppContext@7d3f7eb{/bundle/backend,file:///opt/youtrack/internal/bundle_common/,AVAILABLE} 
[2026-08-20 07:57:55,467]  DEBUG - .bundle.Services$StartingState - Set status [RUNNING] for service [bundleBackend] 
[2026-08-20 07:57:55,468]   INFO -                 bundle.startup - Starting Starting Page Service 
[2026-08-20 07:57:55,469]   INFO -                 bundle.startup - JetBrains YouTrack 2026.2 will be available on [http://youtrack-server:8080/bundle/starting] after start 
[2026-08-20 07:57:55,470]  DEBUG - .bundle.Services$StartingState - Set status [STARTING] for service [startingPage] 
[2026-08-20 07:57:55,614]   INFO - ations.AnnotationConfiguration - Scanning elapsed time=83ms 
[2026-08-20 07:57:55,642]   INFO - ContextHandler.bundle_starting - 1 Spring WebApplicationInitializers detected on classpath 
[2026-08-20 07:57:55,644]  DEBUG - StartingPageBackendInitializer - No ContextLoaderListener registered, as createRootApplicationContext() did not return an application context 
[2026-08-20 07:57:55,653]   INFO - ContextHandler.bundle_starting - Initializing Spring DispatcherServlet 'StartingPageServletDispatcher' 
[2026-08-20 07:57:55,654]   INFO - .web.servlet.DispatcherServlet - Initializing Servlet 'StartingPageServletDispatcher' 
[2026-08-20 07:57:55,991]  DEBUG - ervlet.HandlerMapping.Mappings - 
	c.j.b.s.ServicesController:
	{GET [/bundle/services]}: getAllServices(String,HttpServletRequest)
	{GET [/bundle/services/{id}]}: getService(String,String,HttpServletRequest) 
[2026-08-20 07:57:55,995]  DEBUG - ervlet.HandlerMapping.Mappings - 
	c.j.b.s.BundleStateController:
	{GET [/bundle/state]}: getBundleState()
	{GET [/bundle/started]}: getBundleStarted()
	{GET [/bundle/info]}: getBundleInfo(HttpServletRequest) 
[2026-08-20 07:57:55,997]  DEBUG - ervlet.HandlerMapping.Mappings - 
	c.j.b.s.StatusController:
	{GET [/bundle/startingPageStatus]}: getAllServices() 
[2026-08-20 07:57:56,008]  DEBUG - ervlet.HandlerMapping.Mappings - 'beanNameHandlerMapping' {} 
[2026-08-20 07:57:56,077]   INFO - .web.servlet.DispatcherServlet - Completed initialization in 422 ms 
[2026-08-20 07:57:56,078]   INFO - .server.handler.ContextHandler - Started o.e.j.w.WebAppContext@7197cbb2{/bundle/starting,file:///opt/youtrack/internal/starting_page/,AVAILABLE} 
[2026-08-20 07:57:56,090]  DEBUG - .bundle.Services$StartingState - Set status [RUNNING] for service [startingPage] 
[2026-08-20 07:57:56,090]   INFO -                 bundle.startup - Starting YouTrack Configurator 
[2026-08-20 07:57:56,091]  DEBUG - .bundle.Services$StartingState - Set status [STARTING] for service [adminService] 
[2026-08-20 07:57:56,320]   INFO - ations.AnnotationConfiguration - Scanning elapsed time=100ms 
[2026-08-20 07:57:56,348]   INFO - er.ContextHandler.bundle_admin - 1 Spring WebApplicationInitializers detected on classpath 
[2026-08-20 07:57:56,357]   INFO - er.ContextHandler.bundle_admin - Initializing Spring root WebApplicationContext 
[2026-08-20 07:57:56,358]   INFO - work.web.context.ContextLoader - Root WebApplicationContext: initialization started 
[2026-08-20 07:57:56,648]  DEBUG - ervlet.HandlerMapping.Mappings - 
	c.j.b.a.r.HubExternalController:
	{GET [/hub/external/certificates/{fingerprint}], produces [application/json]}: getCertificate(HttpServletRequest,String)
	{POST [/hub/external/switch], produces [application/json]}: switchToHub(SwitchExternalHubRequest,String,String)
	{GET [/hub/external/validate], produces [application/json]}: validateGet(String,String,Boolean,String)
	{POST [/hub/external/validate], produces [application/json]}: validatePost(String,ValidateHubUrlRequest,String)
	{POST [/hub/external/certificates/], produces [application/json]}: addCertificate(CertificateInfo)
	{DELETE [/hub/external/certificates/{fingerprint}], produces [application/json]}: deleteCertificate(String)
	{GET [/hub/external/certificates/], produces [application/json]}: getCertificates() 
[2026-08-20 07:57:56,652]  DEBUG - ervlet.HandlerMapping.Mappings - 
	c.j.b.a.r.HubMigrationController:
	{GET [/hub/migration], produces [application/json]}: getMigration(String,String)
	{DELETE [/hub/migration], produces [application/json]}: deleteMigration(String,String,String)
	{GET [/hub/migration/status], produces [application/json]}: getMigrationStatus(String,String,String)
	{POST [/hub/migration/finish], produces [application/json]}: finishMigration(String,String,String)
	{POST [/hub/migration/start], produces [application/json]}: startMigration(StartMigrationRequest,String,String,String,HttpServletRequest)
	{POST [/hub/migration/prepare], produces [application/json]}: prepareMigration(PrepareMigrationRequest,String,String) 
[2026-08-20 07:57:56,653]  DEBUG - ervlet.HandlerMapping.Mappings - 
	c.j.b.a.r.AuthController:
	{GET [/checkAuth], produces [application/json]}: validate(String) 
[2026-08-20 07:57:56,655]  DEBUG - ervlet.HandlerMapping.Mappings - 
	c.j.b.a.r.HubInfoController:
	{GET [/hub/info], produces [application/json]}: getMigrationStatus(String,String) 
[2026-08-20 07:57:56,656]  DEBUG - ervlet.HandlerMapping.Mappings - 
	c.j.b.a.r.ProductStateController:
	{GET [/product/state], produces [application/json]}: getMigrationStatus(String,HttpServletRequest) 
[2026-08-20 07:57:56,660]  DEBUG - ervlet.HandlerMapping.Mappings - 'beanNameHandlerMapping' {} 
[2026-08-20 07:57:56,714]   INFO - work.web.context.ContextLoader - Root WebApplicationContext initialized in 355 ms 
[2026-08-20 07:57:56,724]   INFO - er.ContextHandler.bundle_admin - Initializing Spring DispatcherServlet 'AdminConsoleServletDispatcher' 
[2026-08-20 07:57:56,725]   INFO - .web.servlet.DispatcherServlet - Initializing Servlet 'AdminConsoleServletDispatcher' 
[2026-08-20 07:57:56,726]   INFO - .web.servlet.DispatcherServlet - Completed initialization in 0 ms 
[2026-08-20 07:57:56,728]   INFO - .server.handler.ContextHandler - Started o.e.j.w.WebAppContext@174d28bd{/bundle/admin,file:///opt/youtrack/internal/admin_console/,AVAILABLE} 
[2026-08-20 07:57:56,745]  DEBUG - .bundle.Services$StartingState - Set status [RUNNING] for service [adminService] 
[2026-08-20 07:57:56,746]   INFO -                 bundle.startup - Starting Hub 
[2026-08-20 07:57:56,746]  DEBUG - .bundle.Services$StartingState - Set status [STARTING] for service [hub] 
[2026-08-20 07:58:05,898]   INFO - .server.handler.ContextHandler - Started o.e.j.w.WebAppContext@76508617{/hub,file:///opt/youtrack/apps/hub/web/,AVAILABLE} 
[2026-08-20 07:58:05,930]  DEBUG - .bundle.Services$StartingState - Set status [RUNNING] for service [hub] 
[2026-08-20 07:58:05,931]   INFO -                 bundle.startup - Starting Bundle Hub Configurator 
[2026-08-20 07:58:05,932]  DEBUG - .bundle.Services$StartingState - Set status [STARTING] for service [bundle-hub-configurator] 
[2026-08-20 07:58:06,340]  DEBUG - tpass.client.oauth2.OAuth2Flow - Request to: http://127.0.0.1:8080/hub/api/rest/oauth2/token
Params: {
	grant_type:[client_credentials]
	scope:[0-0-0-0-0]} 
[2026-08-20 07:58:06,452]  DEBUG - bundle.hub_client.util.HubUtil - Validation result: status=[SERVICE_NOT_REGISTERED], message=[Service is not registered in Hub: Service with id "a927c26f-90d9-4fe4-b415-fcbd729b77da" was not found], secretValid=[false], registered=[false], verified=[false] 
com.intellij.hub.auth.oauth2.consumer.OAuth2TokenLoadException: Cannot load token: invalid_client (Service with id "a927c26f-90d9-4fe4-b415-fcbd729b77da" was not found)
	at jetbrains.jetpass.client.oauth2.SimpleTokenLoader.loadAccessToken(SimpleTokenLoader.kt:74) ~[hub-client-2025.3.131383.jar:?]
	at jetbrains.jetpass.client.oauth2.token.OAuth2TokenFlow.getTokenData(OAuth2TokenFlow.kt:72) ~[hub-client-2025.3.131383.jar:?]
	at jetbrains.jetpass.client.oauth2.token.OAuth2TokenFlow.getToken(OAuth2TokenFlow.kt:41) ~[hub-client-2025.3.131383.jar:?]
	at jetbrains.jetpass.client.oauth2.token.OAuth2TokenFlow.getHeader(OAuth2TokenFlow.kt:93) ~[hub-client-2025.3.131383.jar:?]
	at jetbrains.jetpass.client.accounts.BaseAccountsClient.checkServiceCredentials(BaseAccountsClient.kt:92) ~[hub-client-2025.3.131383.jar:?]
	at com.jetbrains.bundle.hub_client.util.HubUtil.checkService(HubUtil.java:31) ~[hub-client-util-2.0.106.jar:?]
	at com.jetbrains.bundle.hub_client.util.HubUtil.checkService(HubUtil.java:122) ~[hub-client-util-2.0.106.jar:?]
	at com.jetbrains.bundle.hub_client.util.BundleHubClient.checkBundleService(BundleHubClient.java:179) ~[hub-client-util-2.0.106.jar:?]
	at com.jetbrains.bundle.hub_client.util.BundleHubClient.getBundleHubAccountsClient(BundleHubClient.java:112) ~[hub-client-util-2.0.106.jar:?]
	at com.jetbrains.bundle.util.hub.HubServiceUpdater.updateHubInfo(HubServiceUpdater.java:212) ~[bundle-2.0.106.jar:?]
	at com.jetbrains.bundle.util.hub.HubServiceUpdater.update(HubServiceUpdater.java:53) ~[bundle-2.0.106.jar:?]
	at com.jetbrains.bundle.services.impl.HubConfiguratorService.configureHubServices(HubConfiguratorService.java:87) ~[bundle-2.0.106.jar:?]
	at com.jetbrains.bundle.services.impl.HubConfiguratorService.doStart(HubConfiguratorService.java:64) ~[bundle-2.0.106.jar:?]
	at com.jetbrains.bundle.services.impl.ServiceBase.start(ServiceBase.java:66) ~[bundle-2.0.106.jar:?]
	at com.jetbrains.bundle.Services.startService(Services.java:647) ~[bundle-2.0.106.jar:?]
	at com.jetbrains.bundle.Services.startAllServices(Services.java:574) ~[bundle-2.0.106.jar:?]
	at com.jetbrains.bundle.Services.start(Services.java:554) ~[bundle-2.0.106.jar:?]
	at com.jetbrains.bundle.BundleMain.start(BundleMain.java:273) ~[bundle-2.0.106.jar:?]
	at com.jetbrains.bundle.BundleMain.start(BundleMain.java:237) ~[bundle-2.0.106.jar:?]
	at jdk.internal.reflect.DirectMethodHandleAccessor.invoke(DirectMethodHandleAccessor.java:103) ~[?:?]
	at java.lang.reflect.Method.invoke(Method.java:580) ~[?:?]
	at com.jetbrains.bundle.bootstrap.Bundle$EntryPointProvider$1.invoke(Bundle.java:100) ~[bundle-bootstrap-2.0.106.jar:?]
	at jdk.proxy4.$Proxy30.start(Unknown Source) ~[?:?]
	at com.jetbrains.launcher.AppProxy$6$1.call(AppProxy.java:99) ~[?:?]
	at com.jetbrains.launcher.AppProxy$6$1.call(AppProxy.java:97) ~[?:?]
	at java.util.concurrent.FutureTask.run(FutureTask.java:317) ~[?:?]
	at java.util.concurrent.ThreadPoolExecutor.runWorker(ThreadPoolExecutor.java:1144) ~[?:?]
	at java.util.concurrent.ThreadPoolExecutor$Worker.run(ThreadPoolExecutor.java:642) ~[?:?]
	at java.lang.Thread.run(Thread.java:1583) [?:?]
[2026-08-20 07:58:06,459]  DEBUG - ub_client.util.BundleHubClient - Bundle hub service does not exist. Trying to create it... 
[2026-08-20 07:58:06,874]  DEBUG - ub_client.util.BundleHubClient - Bundle hub service was created: serviceId = a927c26f-90d9-4fe4-b415-fcbd729b77da, isVerified = true 
[2026-08-20 07:58:06,882]  DEBUG - tpass.client.oauth2.OAuth2Flow - Request to: http://127.0.0.1:8080/hub/api/rest/oauth2/token
Params: {
	grant_type:[client_credentials]
	scope:[0-0-0-0-0]} 
[2026-08-20 07:58:07,142]  DEBUG - bundle.hub_client.util.HubUtil - Validation result: status=[OK], message=[Service is registered and verified in Hub], secretValid=[true], registered=[true], verified=[true] 
[2026-08-20 07:58:07,149]  DEBUG - tpass.client.oauth2.OAuth2Flow - Request to: http://127.0.0.1:8080/hub/api/rest/oauth2/token
Params: {
	grant_type:[client_credentials]
	scope:[0-0-0-0-0]} 
[2026-08-20 07:58:07,181]  DEBUG - dle.util.hub.HubServiceUpdater - Hub information for service hub (0-0-0-0-0) changed in new configuration. Update may be needed 
[2026-08-20 07:58:07,208]  DEBUG - dle.util.hub.HubServiceUpdater - Hub information for service hub (0-0-0-0-0) was updated: jetbrains.jetpass.rest.dto.ServiceJSON@4a187a3c 
[2026-08-20 07:58:07,215]  DEBUG - tpass.client.oauth2.OAuth2Flow - Request to: http://127.0.0.1:8080/hub/api/rest/oauth2/token
Params: {
	grant_type:[client_credentials]
	scope:[0-0-0-0-0]} 
[2026-08-20 07:58:07,258]  DEBUG - bundle.hub_client.util.HubUtil - Validation result: status=[OK], message=[Service is registered and verified in Hub], secretValid=[true], registered=[true], verified=[true] 
[2026-08-20 07:58:07,259]  DEBUG - dle.util.hub.HubServiceUpdater - Hub service for youtrack exists and verified: 65c3714a-9d72-49d4-b98b-dc8fe4215020 
[2026-08-20 07:58:07,259]  DEBUG - dle.util.hub.HubServiceUpdater - Force Hub update is set to: false 
[2026-08-20 07:58:07,259]  DEBUG - dle.util.hub.HubServiceUpdater - Check changes in Hub information for service youtrack 
[2026-08-20 07:58:07,266]  DEBUG - rains.service.util.cmd.CmdUtil - Executing [hostname, -f] in directory [null] 
[2026-08-20 07:58:07,693]  DEBUG - rains.service.util.cmd.CmdUtil - Command [[hostname, -f]] exited with code 0 and output: [fd29b82ae489] 
[2026-08-20 07:58:07,695]  DEBUG - rains.service.util.cmd.CmdUtil - Executing [hostname, -s] in directory [null] 
[2026-08-20 07:58:08,120]  DEBUG - rains.service.util.cmd.CmdUtil - Command [[hostname, -s]] exited with code 0 and output: [fd29b82ae489] 
[2026-08-20 07:58:08,123]  DEBUG - brains.service.util.SystemUtil - Known Net Interfaces: [/0:0:0:0:0:0:0:1%lo, /127.0.0.1, /172.19.0.3] 
[2026-08-20 07:58:08,125]  DEBUG - brains.service.util.SystemUtil - InetAddress.getAllByName returned [fd29b82ae489/172.19.0.3] for fd29b82ae489 
[2026-08-20 07:58:08,125]  DEBUG - brains.service.util.SystemUtil - InetAddress.getAllByName returned [fd29b82ae489/172.19.0.3] for fd29b82ae489 
[2026-08-20 07:58:08,126]  DEBUG - dle.util.hub.HubServiceUpdater - Hub information for service youtrack (65c3714a-9d72-49d4-b98b-dc8fe4215020) changed in new configuration. Update may be needed 
[2026-08-20 07:58:08,127]  DEBUG - tpass.client.oauth2.OAuth2Flow - Request to: http://127.0.0.1:8080/hub/api/rest/oauth2/token
Params: {
	grant_type:[client_credentials]
	scope:[0-0-0-0-0]} 
[2026-08-20 07:58:08,156]  DEBUG - dle.util.hub.HubServiceUpdater - Hub information for service youtrack (65c3714a-9d72-49d4-b98b-dc8fe4215020) was updated: jetbrains.jetpass.rest.dto.ServiceJSON@4fd73338 
[2026-08-20 07:58:08,163]  DEBUG - tpass.client.oauth2.OAuth2Flow - Request to: http://127.0.0.1:8080/hub/api/rest/oauth2/token
Params: {
	grant_type:[client_credentials]
	scope:[0-0-0-0-0]} 
[2026-08-20 07:58:08,176]  DEBUG - bundle.hub_client.util.HubUtil - Validation result: status=[OK], message=[Service is registered and verified in Hub], secretValid=[true], registered=[true], verified=[true] 
[2026-08-20 07:58:08,180]  DEBUG - tpass.client.oauth2.OAuth2Flow - Request to: http://127.0.0.1:8080/hub/api/rest/oauth2/token
Params: {
	grant_type:[client_credentials]
	scope:[0-0-0-0-0]} 
[2026-08-20 07:58:08,236]  DEBUG - .bundle.Services$StartingState - Set status [RUNNING] for service [bundle-hub-configurator] 
[2026-08-20 07:58:08,236]   INFO -                 bundle.startup - Starting YouTrack 
[2026-08-20 07:58:08,237]  DEBUG - .bundle.Services$StartingState - Set status [STARTING] for service [youtrack] 
[2026-08-20 07:58:41,639]   INFO - .server.handler.ContextHandler - Started o.e.j.w.WebAppContext@7e1ac224{YouTrack,/,file:///opt/youtrack/apps/youtrack/web/,AVAILABLE} 
[2026-08-20 07:58:41,653]  DEBUG - .bundle.Services$StartingState - Set status [RUNNING] for service [youtrack] 
[2026-08-20 07:58:41,671]  DEBUG - rains.service.util.cmd.CmdUtil - Executing [uname, -a] in directory [/opt/youtrack] 
[2026-08-20 07:58:42,087]  DEBUG - rains.service.util.cmd.CmdUtil - Command [[uname, -a]] exited with code 0 and output: [Linux fd29b82ae489 6.6.114.1-microsoft-standard-WSL2 #1 SMP PREEMPT_DYNAMIC Mon Dec  1 20:46:23 UTC 2025 x86_64 x86_64 x86_64 GNU/Linux] 
[2026-08-20 07:58:42,088]  DEBUG - rains.service.util.cmd.CmdUtil - Executing [free] in directory [/opt/youtrack] 
[2026-08-20 07:58:42,095]  DEBUG - rains.service.util.cmd.CmdUtil - Executing [df] in directory [/opt/youtrack] 
[2026-08-20 07:58:42,509]  DEBUG - rains.service.util.cmd.CmdUtil - Command [[df]] exited with code 0 and output: [Filesystem      1K-blocks      Used Available Use% Mounted on
overlay        1055762868  10479380 991580016   2% /
tmpfs               65536         0     65536   0% /dev
shm                 65536         0     65536   0% /dev/shm
/dev/sdd       1055762868  10479380 991580016   2% /etc/hosts
C:\             498972668 383553672 115418996  77% /opt/youtrack/conf
tmpfs                   4         0         4   0% /proc/acpi] 
[2026-08-20 07:58:42,512]  DEBUG - rains.service.util.cmd.CmdUtil - Executing [/bin/sh, -c, ulimit -a] in directory [/opt/youtrack] 
[2026-08-20 07:58:42,929]  DEBUG - rains.service.util.cmd.CmdUtil - Command [[/bin/sh, -c, ulimit -a]] exited with code 0 and output: [real-time non-blocking time  (microseconds, -R) unlimited
core file size              (blocks, -c) 0
data seg size               (kbytes, -d) unlimited
scheduling priority                 (-e) 0
file size                   (blocks, -f) unlimited
pending signals                     (-i) 31133
max locked memory           (kbytes, -l) unlimited
max memory size             (kbytes, -m) unlimited
open files                          (-n) 1048576
pipe size                (512 bytes, -p) 8
POSIX message queues         (bytes, -q) 819200
real-time priority                  (-r) 0
stack size                  (kbytes, -s) 8192
cpu time                   (seconds, -t) unlimited
max user processes                  (-u) unlimited
virtual memory              (kbytes, -v) unlimited
file locks                          (-x) unlimited] 
[2026-08-20 07:58:42,935]  DEBUG - rains.service.util.cmd.CmdUtil - Executing [hostname] in directory [/opt/youtrack] 
[2026-08-20 07:58:43,363]  DEBUG - rains.service.util.cmd.CmdUtil - Command [[hostname]] exited with code 0 and output: [fd29b82ae489] 
[2026-08-20 07:58:43,364]  DEBUG - rains.service.util.cmd.CmdUtil - Executing [hostname, -f] in directory [/opt/youtrack] 
[2026-08-20 07:58:43,783]  DEBUG - rains.service.util.cmd.CmdUtil - Command [[hostname, -f]] exited with code 0 and output: [fd29b82ae489] 
[2026-08-20 07:58:43,784]  DEBUG - rains.service.util.cmd.CmdUtil - Executing [id, -a] in directory [/opt/youtrack] 
[2026-08-20 07:58:44,197]  DEBUG - rains.service.util.cmd.CmdUtil - Command [[id, -a]] exited with code 0 and output: [uid=13001(jetbrains) gid=13001(jetbrains) groups=13001(jetbrains)] 
[2026-08-20 07:58:44,227]   INFO - .server.handler.ContextHandler - Stopped c.j.b.p.j.@4e8fa70{/,file:///opt/youtrack/internal/error_pages/,STOPPED} 
[2026-08-20 08:00:03,910]   INFO -                 bundle.startup - Stopping YouTrack 
[2026-08-20 08:00:03,911]  DEBUG - .bundle.Services$StartingState - Set status [SHUTTING_DOWN] for service [youtrack] 
[2026-08-20 08:00:04,364]   INFO - .server.handler.ContextHandler - Stopped o.e.j.w.WebAppContext@7e1ac224{YouTrack,/,file:///opt/youtrack/apps/youtrack/web/,STOPPED} 
[2026-08-20 08:00:04,368]  DEBUG - .bundle.Services$StartingState - Set status [SHUT_DOWN] for service [youtrack] 
[2026-08-20 08:00:04,368]   INFO -                 bundle.startup - Stopping Bundle Hub Configurator 
[2026-08-20 08:00:04,369]  DEBUG - .bundle.Services$StartingState - Set status [SHUTTING_DOWN] for service [bundle-hub-configurator] 
[2026-08-20 08:00:04,369]  DEBUG - es.impl.HubConfiguratorService - * Service bundle-hub-configurator is virtual, nothing would be done on service stop 
[2026-08-20 08:00:04,370]  DEBUG - .bundle.Services$StartingState - Set status [SHUT_DOWN] for service [bundle-hub-configurator] 
[2026-08-20 08:00:04,370]   INFO -                 bundle.startup - Stopping Hub 
[2026-08-20 08:00:04,373]  DEBUG - .bundle.Services$StartingState - Set status [SHUTTING_DOWN] for service [hub] 
[2026-08-20 08:00:04,442]   INFO - .server.handler.ContextHandler - Stopped o.e.j.w.WebAppContext@76508617{/hub,file:///opt/youtrack/apps/hub/web/,STOPPED} 
[2026-08-20 08:00:04,443]  DEBUG - .bundle.Services$StartingState - Set status [SHUT_DOWN] for service [hub] 
[2026-08-20 08:00:04,444]   INFO -                 bundle.startup - Stopping YouTrack Configurator 
[2026-08-20 08:00:04,445]  DEBUG - .bundle.Services$StartingState - Set status [SHUTTING_DOWN] for service [adminService] 
[2026-08-20 08:00:04,448]   INFO - er.ContextHandler.bundle_admin - Destroying Spring FrameworkServlet 'AdminConsoleServletDispatcher' 
[2026-08-20 08:00:04,450]   INFO - er.ContextHandler.bundle_admin - Closing Spring root WebApplicationContext 
[2026-08-20 08:00:04,452]   INFO - .server.handler.ContextHandler - Stopped o.e.j.w.WebAppContext@174d28bd{/bundle/admin,file:///opt/youtrack/internal/admin_console/,STOPPED} 
[2026-08-20 08:00:04,453]  DEBUG - .bundle.Services$StartingState - Set status [SHUT_DOWN] for service [adminService] 
[2026-08-20 08:00:04,453]   INFO -                 bundle.startup - Stopping Starting Page Service 
[2026-08-20 08:00:04,454]  DEBUG - .bundle.Services$StartingState - Set status [SHUTTING_DOWN] for service [startingPage] 
[2026-08-20 08:00:04,454]   INFO - ContextHandler.bundle_starting - Destroying Spring FrameworkServlet 'StartingPageServletDispatcher' 
[2026-08-20 08:00:04,456]   INFO - .server.handler.ContextHandler - Stopped o.e.j.w.WebAppContext@7197cbb2{/bundle/starting,file:///opt/youtrack/internal/starting_page/,STOPPED} 
[2026-08-20 08:00:04,457]  DEBUG - .bundle.Services$StartingState - Set status [SHUT_DOWN] for service [startingPage] 
[2026-08-20 08:00:04,457]   INFO -                 bundle.startup - Stopping Bundle Backend Service 
[2026-08-20 08:00:04,458]  DEBUG - .bundle.Services$StartingState - Set status [SHUTTING_DOWN] for service [bundleBackend] 
[2026-08-20 08:00:04,458]   INFO - .ContextHandler.bundle_backend - Destroying Spring FrameworkServlet 'BundleBackendServletDispatcher' 
[2026-08-20 08:00:04,460]   INFO - .server.handler.ContextHandler - Stopped o.e.j.w.WebAppContext@7d3f7eb{/bundle/backend,file:///opt/youtrack/internal/bundle_common/,STOPPED} 
[2026-08-20 08:00:04,461]  DEBUG - .bundle.Services$StartingState - Set status [SHUT_DOWN] for service [bundleBackend] 
[2026-08-20 08:00:04,462]   INFO -                 bundle.startup - Stopping Service-Container[bundleProcess] 
[2026-08-20 08:00:04,463]  DEBUG - .bundle.Services$StartingState - Set status [SHUTTING_DOWN] for service [bundleProcess] 
[2026-08-20 08:00:04,478]   INFO - bundle.proxy.jetty.BundleProxy - Stopping Service-Container[bundleProcess] 
[2026-08-20 08:00:04,485]   INFO - jetty.server.AbstractConnector - Stopped ServerConnector@1b98977e{HTTP/1.1, (http/1.1)}{0.0.0.0:8080} 
[2026-08-20 08:00:04,486]   INFO - g.eclipse.jetty.server.session - node0 Stopped scavenging 
[2026-08-20 08:00:04,488]  DEBUG - .bundle.Services$StartingState - Set status [SHUT_DOWN] for service [bundleProcess] 
[2026-08-21 09:27:19,614]  DEBUG - brains.bundle.ServiceDiscovery - Looking for services in /opt/youtrack/apps 
[2026-08-21 09:27:19,615]  DEBUG - brains.bundle.ServiceDiscovery - Found service descriptor /opt/youtrack/apps/youtrack 
[2026-08-21 09:27:19,616]  DEBUG - brains.bundle.ServiceDiscovery - Found service descriptor /opt/youtrack/apps/hub 
[2026-08-21 09:27:19,632]  DEBUG - brains.bundle.ServiceDiscovery - Looking for services in /opt/youtrack/apps 
[2026-08-21 09:27:19,633]  DEBUG - brains.bundle.ServiceDiscovery - Found service descriptor /opt/youtrack/apps/youtrack 
[2026-08-21 09:27:19,634]  DEBUG - brains.bundle.ServiceDiscovery - Found service descriptor /opt/youtrack/apps/hub 
[2026-08-21 09:27:19,989]   INFO -  com.jetbrains.bundle.Services - Versions of services bundled into JetBrains YouTrack 2026.2: 
[hub->2026.2.52366] 
[youtrack->2026.2.18194] 
[bundle-platform->2.0.106] 
[2026-08-21 09:27:19,990]   INFO -                 bundle.startup - Configuring Service-Container[bundleProcess] 
[2026-08-21 09:27:20,026]   INFO -                 bundle.startup - Configuring Bundle Backend Service 
[2026-08-21 09:27:20,090]   INFO -                 bundle.startup - Configuring Starting Page Service 
[2026-08-21 09:27:20,113]   INFO -                 bundle.startup - Configuring YouTrack Configurator 
[2026-08-21 09:27:20,159]   INFO -                 bundle.startup - Configuring Hub 
[2026-08-21 09:27:20,593]   INFO -                 bundle.startup - Configuring Bundle Hub Configurator 
[2026-08-21 09:27:20,596]   INFO -                 bundle.startup - Configuring YouTrack 
[2026-08-21 09:27:20,927]   INFO -                 bundle.startup - Starting Service-Container[bundleProcess] 
[2026-08-21 09:27:20,929]  DEBUG - .bundle.Services$StartingState - Set status [STARTING] for service [bundleProcess] 
[2026-08-21 09:27:20,960]  DEBUG - g.JavaUtilLoggingToSlf4jBridge - [class com.jetbrains.service.util.logging.SLF4JBridgePerContextClassLoaderHandler] has already bean installed 
[2026-08-21 09:27:20,974]   INFO -     org.eclipse.jetty.util.log - Logging initialized @2807ms to org.eclipse.jetty.util.log.Slf4jLog 
[2026-08-21 09:27:21,055]   INFO - rg.eclipse.jetty.server.Server - jetty-9.4.58.v20250814; built: 2025-08-14T02:28:49.637Z; git: 8f1440587e9e4ae7db3d74cf205643f3d707148d; jvm 21.0.12+8-LTS 
[2026-08-21 09:27:21,092]   INFO - .server.handler.ContextHandler - Started c.j.b.p.j.@37fc13c1{/,file:///opt/youtrack/internal/error_pages/,AVAILABLE} 
[2026-08-21 09:27:21,113]   INFO - jetty.server.AbstractConnector - Started ServerConnector@48af2b24{HTTP/1.1, (http/1.1)}{0.0.0.0:8080} 
[2026-08-21 09:27:21,114]   INFO - rg.eclipse.jetty.server.Server - Started @2947ms 
[2026-08-21 09:27:21,132]  DEBUG - .bundle.Services$StartingState - Set status [RUNNING] for service [bundleProcess] 
[2026-08-21 09:27:21,133]   INFO -                 bundle.startup - Starting Bundle Backend Service 
[2026-08-21 09:27:21,134]  DEBUG - .bundle.Services$StartingState - Set status [STARTING] for service [bundleBackend] 
[2026-08-21 09:27:21,399]   INFO - ations.AnnotationConfiguration - Scanning elapsed time=150ms 
[2026-08-21 09:27:21,507]   INFO - .ContextHandler.bundle_backend - 1 Spring WebApplicationInitializers detected on classpath 
[2026-08-21 09:27:21,511]  DEBUG - onfig.BundleBackendInitializer - No ContextLoaderListener registered, as createRootApplicationContext() did not return an application context 
[2026-08-21 09:27:21,534]   INFO - g.eclipse.jetty.server.session - DefaultSessionIdManager workerName=node0 
[2026-08-21 09:27:21,545]   INFO - g.eclipse.jetty.server.session - No SessionScavenger set, using defaults 
[2026-08-21 09:27:21,558]   INFO - g.eclipse.jetty.server.session - node0 Scavenging every 600000ms 
[2026-08-21 09:27:21,588]   INFO - .ContextHandler.bundle_backend - Initializing Spring DispatcherServlet 'BundleBackendServletDispatcher' 
[2026-08-21 09:27:21,599]   INFO - .web.servlet.DispatcherServlet - Initializing Servlet 'BundleBackendServletDispatcher' 
[2026-08-21 09:27:22,184]  DEBUG - ervlet.HandlerMapping.Mappings - 
	c.j.b.b.r.PropertiesController:
	{POST [/settings], produces [application/json]}: updateProperty(UpdatePropertiesRequest,String,String)
	{POST [/settings/candidate], produces [application/json]}: validateProperty(PropertyJSON,String,String)
	{GET [/settings/{propertyName}], produces [application/json]}: getProperty(String,String,String) 
[2026-08-21 09:27:22,186]  DEBUG - ervlet.HandlerMapping.Mappings - 
	c.j.b.b.r.ProductStateController:
	{GET [/state], produces [application/json]}: getProductStateInfo(String,HttpServletRequest)
	{GET [/state/started], produces [application/json]}: getProductStarted() 
[2026-08-21 09:27:22,187]  DEBUG - ervlet.HandlerMapping.Mappings - 
	c.j.b.b.r.ClientCertificateAuthSettingsController:
	{GET [/certificateAuth], produces [application/json]}: getCertificateAuthSettings(String,String)
	{POST [/certificateAuth], produces [application/json]}: updateCertificateAuthSettings(CertificateAuthSettingsJSON,String,String) 
[2026-08-21 09:27:22,189]  DEBUG - ervlet.HandlerMapping.Mappings - 
	c.j.b.b.r.StatusController:
	{GET [/bundleBackendStatus]}: getStatus() 
[2026-08-21 09:27:22,195]  DEBUG - ervlet.HandlerMapping.Mappings - 'beanNameHandlerMapping' {} 
[2026-08-21 09:27:22,927]   INFO - .web.servlet.DispatcherServlet - Completed initialization in 1320 ms 
[2026-08-21 09:27:22,929]   INFO - .server.handler.ContextHandler - Started o.e.j.w.WebAppContext@2201f5be{/bundle/backend,file:///opt/youtrack/internal/bundle_common/,AVAILABLE} 
[2026-08-21 09:27:22,944]  DEBUG - .bundle.Services$StartingState - Set status [RUNNING] for service [bundleBackend] 
[2026-08-21 09:27:22,945]   INFO -                 bundle.startup - Starting Starting Page Service 
[2026-08-21 09:27:22,946]   INFO -                 bundle.startup - JetBrains YouTrack 2026.2 will be available on [http://youtrack-server:8080/bundle/starting] after start 
[2026-08-21 09:27:22,947]  DEBUG - .bundle.Services$StartingState - Set status [STARTING] for service [startingPage] 
[2026-08-21 09:27:23,103]   INFO - ations.AnnotationConfiguration - Scanning elapsed time=81ms 
[2026-08-21 09:27:23,121]   INFO - ContextHandler.bundle_starting - 1 Spring WebApplicationInitializers detected on classpath 
[2026-08-21 09:27:23,124]  DEBUG - StartingPageBackendInitializer - No ContextLoaderListener registered, as createRootApplicationContext() did not return an application context 
[2026-08-21 09:27:23,133]   INFO - ContextHandler.bundle_starting - Initializing Spring DispatcherServlet 'StartingPageServletDispatcher' 
[2026-08-21 09:27:23,134]   INFO - .web.servlet.DispatcherServlet - Initializing Servlet 'StartingPageServletDispatcher' 
[2026-08-21 09:27:23,367]  DEBUG - ervlet.HandlerMapping.Mappings - 
	c.j.b.s.ServicesController:
	{GET [/bundle/services]}: getAllServices(String,HttpServletRequest)
	{GET [/bundle/services/{id}]}: getService(String,String,HttpServletRequest) 
[2026-08-21 09:27:23,371]  DEBUG - ervlet.HandlerMapping.Mappings - 
	c.j.b.s.BundleStateController:
	{GET [/bundle/state]}: getBundleState()
	{GET [/bundle/info]}: getBundleInfo(HttpServletRequest)
	{GET [/bundle/started]}: getBundleStarted() 
[2026-08-21 09:27:23,373]  DEBUG - ervlet.HandlerMapping.Mappings - 
	c.j.b.s.StatusController:
	{GET [/bundle/startingPageStatus]}: getAllServices() 
[2026-08-21 09:27:23,377]  DEBUG - ervlet.HandlerMapping.Mappings - 'beanNameHandlerMapping' {} 
[2026-08-21 09:27:23,435]   INFO - .web.servlet.DispatcherServlet - Completed initialization in 301 ms 
[2026-08-21 09:27:23,436]   INFO - .server.handler.ContextHandler - Started o.e.j.w.WebAppContext@7e5da19{/bundle/starting,file:///opt/youtrack/internal/starting_page/,AVAILABLE} 
[2026-08-21 09:27:23,450]  DEBUG - .bundle.Services$StartingState - Set status [RUNNING] for service [startingPage] 
[2026-08-21 09:27:23,450]   INFO -                 bundle.startup - Starting YouTrack Configurator 
[2026-08-21 09:27:23,451]  DEBUG - .bundle.Services$StartingState - Set status [STARTING] for service [adminService] 
[2026-08-21 09:27:23,637]   INFO - ations.AnnotationConfiguration - Scanning elapsed time=79ms 
[2026-08-21 09:27:23,658]   INFO - er.ContextHandler.bundle_admin - 1 Spring WebApplicationInitializers detected on classpath 
[2026-08-21 09:27:23,665]   INFO - er.ContextHandler.bundle_admin - Initializing Spring root WebApplicationContext 
[2026-08-21 09:27:23,666]   INFO - work.web.context.ContextLoader - Root WebApplicationContext: initialization started 
[2026-08-21 09:27:23,942]  DEBUG - ervlet.HandlerMapping.Mappings - 
	c.j.b.a.r.HubExternalController:
	{GET [/hub/external/certificates/{fingerprint}], produces [application/json]}: getCertificate(HttpServletRequest,String)
	{POST [/hub/external/switch], produces [application/json]}: switchToHub(SwitchExternalHubRequest,String,String)
	{GET [/hub/external/validate], produces [application/json]}: validateGet(String,String,Boolean,String)
	{POST [/hub/external/validate], produces [application/json]}: validatePost(String,ValidateHubUrlRequest,String)
	{POST [/hub/external/certificates/], produces [application/json]}: addCertificate(CertificateInfo)
	{DELETE [/hub/external/certificates/{fingerprint}], produces [application/json]}: deleteCertificate(String)
	{GET [/hub/external/certificates/], produces [application/json]}: getCertificates() 
[2026-08-21 09:27:23,946]  DEBUG - ervlet.HandlerMapping.Mappings - 
	c.j.b.a.r.HubMigrationController:
	{GET [/hub/migration], produces [application/json]}: getMigration(String,String)
	{DELETE [/hub/migration], produces [application/json]}: deleteMigration(String,String,String)
	{GET [/hub/migration/status], produces [application/json]}: getMigrationStatus(String,String,String)
	{POST [/hub/migration/finish], produces [application/json]}: finishMigration(String,String,String)
	{POST [/hub/migration/start], produces [application/json]}: startMigration(StartMigrationRequest,String,String,String,HttpServletRequest)
	{POST [/hub/migration/prepare], produces [application/json]}: prepareMigration(PrepareMigrationRequest,String,String) 
[2026-08-21 09:27:23,947]  DEBUG - ervlet.HandlerMapping.Mappings - 
	c.j.b.a.r.AuthController:
	{GET [/checkAuth], produces [application/json]}: validate(String) 
[2026-08-21 09:27:23,948]  DEBUG - ervlet.HandlerMapping.Mappings - 
	c.j.b.a.r.HubInfoController:
	{GET [/hub/info], produces [application/json]}: getMigrationStatus(String,String) 
[2026-08-21 09:27:23,948]  DEBUG - ervlet.HandlerMapping.Mappings - 
	c.j.b.a.r.ProductStateController:
	{GET [/product/state], produces [application/json]}: getMigrationStatus(String,HttpServletRequest) 
[2026-08-21 09:27:23,953]  DEBUG - ervlet.HandlerMapping.Mappings - 'beanNameHandlerMapping' {} 
[2026-08-21 09:27:24,005]   INFO - work.web.context.ContextLoader - Root WebApplicationContext initialized in 338 ms 
[2026-08-21 09:27:24,013]   INFO - er.ContextHandler.bundle_admin - Initializing Spring DispatcherServlet 'AdminConsoleServletDispatcher' 
[2026-08-21 09:27:24,014]   INFO - .web.servlet.DispatcherServlet - Initializing Servlet 'AdminConsoleServletDispatcher' 
[2026-08-21 09:27:24,016]   INFO - .web.servlet.DispatcherServlet - Completed initialization in 1 ms 
[2026-08-21 09:27:24,017]   INFO - .server.handler.ContextHandler - Started o.e.j.w.WebAppContext@16ff4096{/bundle/admin,file:///opt/youtrack/internal/admin_console/,AVAILABLE} 
[2026-08-21 09:27:24,037]  DEBUG - .bundle.Services$StartingState - Set status [RUNNING] for service [adminService] 
[2026-08-21 09:27:24,038]   INFO -                 bundle.startup - Starting Hub 
[2026-08-21 09:27:24,039]  DEBUG - .bundle.Services$StartingState - Set status [STARTING] for service [hub] 
[2026-08-21 09:27:35,123]   INFO - .server.handler.ContextHandler - Started o.e.j.w.WebAppContext@773d60b7{/hub,file:///opt/youtrack/apps/hub/web/,AVAILABLE} 
[2026-08-21 09:27:35,158]  DEBUG - .bundle.Services$StartingState - Set status [RUNNING] for service [hub] 
[2026-08-21 09:27:35,159]   INFO -                 bundle.startup - Starting Bundle Hub Configurator 
[2026-08-21 09:27:35,161]  DEBUG - .bundle.Services$StartingState - Set status [STARTING] for service [bundle-hub-configurator] 
[2026-08-21 09:27:35,631]  DEBUG - tpass.client.oauth2.OAuth2Flow - Request to: http://127.0.0.1:8080/hub/api/rest/oauth2/token
Params: {
	grant_type:[client_credentials]
	scope:[0-0-0-0-0]} 
[2026-08-21 09:27:35,779]  DEBUG - bundle.hub_client.util.HubUtil - Validation result: status=[SERVICE_NOT_REGISTERED], message=[Service is not registered in Hub: Service with id "a927c26f-90d9-4fe4-b415-fcbd729b77da" was not found], secretValid=[false], registered=[false], verified=[false] 
com.intellij.hub.auth.oauth2.consumer.OAuth2TokenLoadException: Cannot load token: invalid_client (Service with id "a927c26f-90d9-4fe4-b415-fcbd729b77da" was not found)
	at jetbrains.jetpass.client.oauth2.SimpleTokenLoader.loadAccessToken(SimpleTokenLoader.kt:74) ~[hub-client-2025.3.131383.jar:?]
	at jetbrains.jetpass.client.oauth2.token.OAuth2TokenFlow.getTokenData(OAuth2TokenFlow.kt:72) ~[hub-client-2025.3.131383.jar:?]
	at jetbrains.jetpass.client.oauth2.token.OAuth2TokenFlow.getToken(OAuth2TokenFlow.kt:41) ~[hub-client-2025.3.131383.jar:?]
	at jetbrains.jetpass.client.oauth2.token.OAuth2TokenFlow.getHeader(OAuth2TokenFlow.kt:93) ~[hub-client-2025.3.131383.jar:?]
	at jetbrains.jetpass.client.accounts.BaseAccountsClient.checkServiceCredentials(BaseAccountsClient.kt:92) ~[hub-client-2025.3.131383.jar:?]
	at com.jetbrains.bundle.hub_client.util.HubUtil.checkService(HubUtil.java:31) ~[hub-client-util-2.0.106.jar:?]
	at com.jetbrains.bundle.hub_client.util.HubUtil.checkService(HubUtil.java:122) ~[hub-client-util-2.0.106.jar:?]
	at com.jetbrains.bundle.hub_client.util.BundleHubClient.checkBundleService(BundleHubClient.java:179) ~[hub-client-util-2.0.106.jar:?]
	at com.jetbrains.bundle.hub_client.util.BundleHubClient.getBundleHubAccountsClient(BundleHubClient.java:112) ~[hub-client-util-2.0.106.jar:?]
	at com.jetbrains.bundle.util.hub.HubServiceUpdater.updateHubInfo(HubServiceUpdater.java:212) ~[bundle-2.0.106.jar:?]
	at com.jetbrains.bundle.util.hub.HubServiceUpdater.update(HubServiceUpdater.java:53) ~[bundle-2.0.106.jar:?]
	at com.jetbrains.bundle.services.impl.HubConfiguratorService.configureHubServices(HubConfiguratorService.java:87) ~[bundle-2.0.106.jar:?]
	at com.jetbrains.bundle.services.impl.HubConfiguratorService.doStart(HubConfiguratorService.java:64) ~[bundle-2.0.106.jar:?]
	at com.jetbrains.bundle.services.impl.ServiceBase.start(ServiceBase.java:66) ~[bundle-2.0.106.jar:?]
	at com.jetbrains.bundle.Services.startService(Services.java:647) ~[bundle-2.0.106.jar:?]
	at com.jetbrains.bundle.Services.startAllServices(Services.java:574) ~[bundle-2.0.106.jar:?]
	at com.jetbrains.bundle.Services.start(Services.java:554) ~[bundle-2.0.106.jar:?]
	at com.jetbrains.bundle.BundleMain.start(BundleMain.java:273) ~[bundle-2.0.106.jar:?]
	at com.jetbrains.bundle.BundleMain.start(BundleMain.java:237) ~[bundle-2.0.106.jar:?]
	at jdk.internal.reflect.DirectMethodHandleAccessor.invoke(DirectMethodHandleAccessor.java:103) ~[?:?]
	at java.lang.reflect.Method.invoke(Method.java:580) ~[?:?]
	at com.jetbrains.bundle.bootstrap.Bundle$EntryPointProvider$1.invoke(Bundle.java:100) ~[bundle-bootstrap-2.0.106.jar:?]
	at jdk.proxy4.$Proxy30.start(Unknown Source) ~[?:?]
	at com.jetbrains.launcher.AppProxy$6$1.call(AppProxy.java:99) ~[?:?]
	at com.jetbrains.launcher.AppProxy$6$1.call(AppProxy.java:97) ~[?:?]
	at java.util.concurrent.FutureTask.run(FutureTask.java:317) ~[?:?]
	at java.util.concurrent.ThreadPoolExecutor.runWorker(ThreadPoolExecutor.java:1144) ~[?:?]
	at java.util.concurrent.ThreadPoolExecutor$Worker.run(ThreadPoolExecutor.java:642) ~[?:?]
	at java.lang.Thread.run(Thread.java:1583) [?:?]
[2026-08-21 09:27:35,786]  DEBUG - ub_client.util.BundleHubClient - Bundle hub service does not exist. Trying to create it... 
[2026-08-21 09:27:36,310]  DEBUG - ub_client.util.BundleHubClient - Bundle hub service was created: serviceId = a927c26f-90d9-4fe4-b415-fcbd729b77da, isVerified = true 
[2026-08-21 09:27:36,320]  DEBUG - tpass.client.oauth2.OAuth2Flow - Request to: http://127.0.0.1:8080/hub/api/rest/oauth2/token
Params: {
	grant_type:[client_credentials]
	scope:[0-0-0-0-0]} 
[2026-08-21 09:27:36,772]  DEBUG - bundle.hub_client.util.HubUtil - Validation result: status=[OK], message=[Service is registered and verified in Hub], secretValid=[true], registered=[true], verified=[true] 
[2026-08-21 09:27:36,800]  DEBUG - tpass.client.oauth2.OAuth2Flow - Request to: http://127.0.0.1:8080/hub/api/rest/oauth2/token
Params: {
	grant_type:[client_credentials]
	scope:[0-0-0-0-0]} 
[2026-08-21 09:27:36,857]  DEBUG - tpass.client.oauth2.OAuth2Flow - Request to: http://127.0.0.1:8080/hub/api/rest/oauth2/token
Params: {
	grant_type:[client_credentials]
	scope:[0-0-0-0-0]} 
[2026-08-21 09:27:36,966]  DEBUG - bundle.hub_client.util.HubUtil - Validation result: status=[OK], message=[Service is registered and verified in Hub], secretValid=[true], registered=[true], verified=[true] 
[2026-08-21 09:27:37,028]  DEBUG - dle.util.hub.HubServiceUpdater - Hub service for youtrack exists and verified: 65c3714a-9d72-49d4-b98b-dc8fe4215020 
[2026-08-21 09:27:37,047]  DEBUG - dle.util.hub.HubServiceUpdater - Force Hub update is set to: false 
[2026-08-21 09:27:37,049]  DEBUG - dle.util.hub.HubServiceUpdater - Check changes in Hub information for service youtrack 
[2026-08-21 09:27:37,074]  DEBUG - rains.service.util.cmd.CmdUtil - Executing [hostname, -f] in directory [null] 
[2026-08-21 09:27:37,536]  DEBUG - rains.service.util.cmd.CmdUtil - Command [[hostname, -f]] exited with code 0 and output: [fd29b82ae489] 
[2026-08-21 09:27:37,555]  DEBUG - rains.service.util.cmd.CmdUtil - Executing [hostname, -s] in directory [null] 
[2026-08-21 09:27:37,978]  DEBUG - rains.service.util.cmd.CmdUtil - Command [[hostname, -s]] exited with code 0 and output: [fd29b82ae489] 
[2026-08-21 09:27:37,979]  DEBUG - brains.service.util.SystemUtil - Known Net Interfaces: [/0:0:0:0:0:0:0:1%lo, /127.0.0.1, /172.19.0.3] 
[2026-08-21 09:27:37,979]  DEBUG - brains.service.util.SystemUtil - InetAddress.getAllByName returned [fd29b82ae489/172.19.0.3] for fd29b82ae489 
[2026-08-21 09:27:37,981]  DEBUG - brains.service.util.SystemUtil - InetAddress.getAllByName returned [fd29b82ae489/172.19.0.3] for fd29b82ae489 
[2026-08-21 09:27:37,982]  DEBUG - dle.util.hub.HubServiceUpdater - Hub information for service youtrack (65c3714a-9d72-49d4-b98b-dc8fe4215020) changed in new configuration. Update may be needed 
[2026-08-21 09:27:37,983]  DEBUG - tpass.client.oauth2.OAuth2Flow - Request to: http://127.0.0.1:8080/hub/api/rest/oauth2/token
Params: {
	grant_type:[client_credentials]
	scope:[0-0-0-0-0]} 
[2026-08-21 09:27:38,042]  DEBUG - dle.util.hub.HubServiceUpdater - Hub information for service youtrack (65c3714a-9d72-49d4-b98b-dc8fe4215020) was updated: jetbrains.jetpass.rest.dto.ServiceJSON@4fd73338 
[2026-08-21 09:27:38,055]  DEBUG - tpass.client.oauth2.OAuth2Flow - Request to: http://127.0.0.1:8080/hub/api/rest/oauth2/token
Params: {
	grant_type:[client_credentials]
	scope:[0-0-0-0-0]} 
[2026-08-21 09:27:38,077]  DEBUG - bundle.hub_client.util.HubUtil - Validation result: status=[OK], message=[Service is registered and verified in Hub], secretValid=[true], registered=[true], verified=[true] 
[2026-08-21 09:27:38,083]  DEBUG - tpass.client.oauth2.OAuth2Flow - Request to: http://127.0.0.1:8080/hub/api/rest/oauth2/token
Params: {
	grant_type:[client_credentials]
	scope:[0-0-0-0-0]} 
[2026-08-21 09:27:38,152]  DEBUG - .bundle.Services$StartingState - Set status [RUNNING] for service [bundle-hub-configurator] 
[2026-08-21 09:27:38,153]   INFO -                 bundle.startup - Starting YouTrack 
[2026-08-21 09:27:38,154]  DEBUG - .bundle.Services$StartingState - Set status [STARTING] for service [youtrack] 
[2026-08-21 09:28:15,822]   INFO - .server.handler.ContextHandler - Started o.e.j.w.WebAppContext@113dc9b0{YouTrack,/,file:///opt/youtrack/apps/youtrack/web/,AVAILABLE} 
[2026-08-21 09:28:15,837]  DEBUG - .bundle.Services$StartingState - Set status [RUNNING] for service [youtrack] 
[2026-08-21 09:28:15,861]  DEBUG - rains.service.util.cmd.CmdUtil - Executing [uname, -a] in directory [/opt/youtrack] 
[2026-08-21 09:28:16,280]  DEBUG - rains.service.util.cmd.CmdUtil - Command [[uname, -a]] exited with code 0 and output: [Linux fd29b82ae489 6.6.114.1-microsoft-standard-WSL2 #1 SMP PREEMPT_DYNAMIC Mon Dec  1 20:46:23 UTC 2025 x86_64 x86_64 x86_64 GNU/Linux] 
[2026-08-21 09:28:16,281]  DEBUG - rains.service.util.cmd.CmdUtil - Executing [free] in directory [/opt/youtrack] 
[2026-08-21 09:28:16,286]  DEBUG - rains.service.util.cmd.CmdUtil - Executing [df] in directory [/opt/youtrack] 
[2026-08-21 09:28:16,701]  DEBUG - rains.service.util.cmd.CmdUtil - Command [[df]] exited with code 0 and output: [Filesystem      1K-blocks      Used Available Use% Mounted on
overlay        1055762868  10518924 991540472   2% /
tmpfs               65536         0     65536   0% /dev
shm                 65536         0     65536   0% /dev/shm
/dev/sde       1055762868  10518924 991540472   2% /etc/hosts
C:\             498972668 381976284 116996384  77% /opt/youtrack/conf
tmpfs                   4         0         4   0% /proc/acpi] 
[2026-08-21 09:28:16,701]  DEBUG - rains.service.util.cmd.CmdUtil - Executing [/bin/sh, -c, ulimit -a] in directory [/opt/youtrack] 
[2026-08-21 09:28:17,113]  DEBUG - rains.service.util.cmd.CmdUtil - Command [[/bin/sh, -c, ulimit -a]] exited with code 0 and output: [real-time non-blocking time  (microseconds, -R) unlimited
core file size              (blocks, -c) 0
data seg size               (kbytes, -d) unlimited
scheduling priority                 (-e) 0
file size                   (blocks, -f) unlimited
pending signals                     (-i) 31133
max locked memory           (kbytes, -l) unlimited
max memory size             (kbytes, -m) unlimited
open files                          (-n) 1048576
pipe size                (512 bytes, -p) 8
POSIX message queues         (bytes, -q) 819200
real-time priority                  (-r) 0
stack size                  (kbytes, -s) 8192
cpu time                   (seconds, -t) unlimited
max user processes                  (-u) unlimited
virtual memory              (kbytes, -v) unlimited
file locks                          (-x) unlimited] 
[2026-08-21 09:28:17,114]  DEBUG - rains.service.util.cmd.CmdUtil - Executing [hostname] in directory [/opt/youtrack] 
[2026-08-21 09:28:17,530]  DEBUG - rains.service.util.cmd.CmdUtil - Command [[hostname]] exited with code 0 and output: [fd29b82ae489] 
[2026-08-21 09:28:17,532]  DEBUG - rains.service.util.cmd.CmdUtil - Executing [hostname, -f] in directory [/opt/youtrack] 
[2026-08-21 09:28:17,964]  DEBUG - rains.service.util.cmd.CmdUtil - Command [[hostname, -f]] exited with code 0 and output: [fd29b82ae489] 
[2026-08-21 09:28:17,967]  DEBUG - rains.service.util.cmd.CmdUtil - Executing [id, -a] in directory [/opt/youtrack] 
[2026-08-21 09:28:18,391]  DEBUG - rains.service.util.cmd.CmdUtil - Command [[id, -a]] exited with code 0 and output: [uid=13001(jetbrains) gid=13001(jetbrains) groups=13001(jetbrains)] 
[2026-08-21 09:28:18,417]   INFO - .server.handler.ContextHandler - Stopped c.j.b.p.j.@37fc13c1{/,file:///opt/youtrack/internal/error_pages/,STOPPED} 
[2026-08-21 11:40:47,322]   INFO -                 bundle.startup - Stopping YouTrack 
[2026-08-21 11:40:47,325]  DEBUG - .bundle.Services$StartingState - Set status [SHUTTING_DOWN] for service [youtrack] 
[2026-08-21 11:40:47,677]   INFO - .server.handler.ContextHandler - Stopped o.e.j.w.WebAppContext@113dc9b0{YouTrack,/,file:///opt/youtrack/apps/youtrack/web/,STOPPED} 
[2026-08-21 11:40:47,679]  DEBUG - .bundle.Services$StartingState - Set status [SHUT_DOWN] for service [youtrack] 
[2026-08-21 11:40:47,680]   INFO -                 bundle.startup - Stopping Bundle Hub Configurator 
[2026-08-21 11:40:47,683]  DEBUG - .bundle.Services$StartingState - Set status [SHUTTING_DOWN] for service [bundle-hub-configurator] 
[2026-08-21 11:40:47,683]  DEBUG - es.impl.HubConfiguratorService - * Service bundle-hub-configurator is virtual, nothing would be done on service stop 
[2026-08-21 11:40:47,684]  DEBUG - .bundle.Services$StartingState - Set status [SHUT_DOWN] for service [bundle-hub-configurator] 
[2026-08-21 11:40:47,685]   INFO -                 bundle.startup - Stopping Hub 
[2026-08-21 11:40:47,688]  DEBUG - .bundle.Services$StartingState - Set status [SHUTTING_DOWN] for service [hub] 
[2026-08-21 11:40:47,732]   INFO - .server.handler.ContextHandler - Stopped o.e.j.w.WebAppContext@773d60b7{/hub,file:///opt/youtrack/apps/hub/web/,STOPPED} 
[2026-08-21 11:40:47,732]  DEBUG - .bundle.Services$StartingState - Set status [SHUT_DOWN] for service [hub] 
[2026-08-21 11:40:47,732]   INFO -                 bundle.startup - Stopping YouTrack Configurator 
[2026-08-21 11:40:47,733]  DEBUG - .bundle.Services$StartingState - Set status [SHUTTING_DOWN] for service [adminService] 
[2026-08-21 11:40:47,735]   INFO - er.ContextHandler.bundle_admin - Destroying Spring FrameworkServlet 'AdminConsoleServletDispatcher' 
[2026-08-21 11:40:47,739]   INFO - er.ContextHandler.bundle_admin - Closing Spring root WebApplicationContext 
[2026-08-21 11:40:47,741]   INFO - .server.handler.ContextHandler - Stopped o.e.j.w.WebAppContext@16ff4096{/bundle/admin,file:///opt/youtrack/internal/admin_console/,STOPPED} 
[2026-08-21 11:40:47,742]  DEBUG - .bundle.Services$StartingState - Set status [SHUT_DOWN] for service [adminService] 
[2026-08-21 11:40:47,742]   INFO -                 bundle.startup - Stopping Starting Page Service 
[2026-08-21 11:40:47,742]  DEBUG - .bundle.Services$StartingState - Set status [SHUTTING_DOWN] for service [startingPage] 
[2026-08-21 11:40:47,743]   INFO - ContextHandler.bundle_starting - Destroying Spring FrameworkServlet 'StartingPageServletDispatcher' 
[2026-08-21 11:40:47,747]   INFO - .server.handler.ContextHandler - Stopped o.e.j.w.WebAppContext@7e5da19{/bundle/starting,file:///opt/youtrack/internal/starting_page/,STOPPED} 
[2026-08-21 11:40:47,748]  DEBUG - .bundle.Services$StartingState - Set status [SHUT_DOWN] for service [startingPage] 
[2026-08-21 11:40:47,748]   INFO -                 bundle.startup - Stopping Bundle Backend Service 
[2026-08-21 11:40:47,748]  DEBUG - .bundle.Services$StartingState - Set status [SHUTTING_DOWN] for service [bundleBackend] 
[2026-08-21 11:40:47,749]   INFO - .ContextHandler.bundle_backend - Destroying Spring FrameworkServlet 'BundleBackendServletDispatcher' 
[2026-08-21 11:40:47,753]   INFO - .server.handler.ContextHandler - Stopped o.e.j.w.WebAppContext@2201f5be{/bundle/backend,file:///opt/youtrack/internal/bundle_common/,STOPPED} 
[2026-08-21 11:40:47,753]  DEBUG - .bundle.Services$StartingState - Set status [SHUT_DOWN] for service [bundleBackend] 
[2026-08-21 11:40:47,753]   INFO -                 bundle.startup - Stopping Service-Container[bundleProcess] 
[2026-08-21 11:40:47,753]  DEBUG - .bundle.Services$StartingState - Set status [SHUTTING_DOWN] for service [bundleProcess] 
[2026-08-21 11:40:47,760]   INFO - bundle.proxy.jetty.BundleProxy - Stopping Service-Container[bundleProcess] 
[2026-08-21 11:40:47,764]   INFO - jetty.server.AbstractConnector - Stopped ServerConnector@48af2b24{HTTP/1.1, (http/1.1)}{0.0.0.0:8080} 
[2026-08-21 11:40:47,764]   INFO - g.eclipse.jetty.server.session - node0 Stopped scavenging 
[2026-08-21 11:40:47,766]  DEBUG - .bundle.Services$StartingState - Set status [SHUT_DOWN] for service [bundleProcess] 
[2026-08-24 12:13:32,574]  DEBUG - brains.bundle.ServiceDiscovery - Looking for services in /opt/youtrack/apps 
[2026-08-24 12:13:32,575]  DEBUG - brains.bundle.ServiceDiscovery - Found service descriptor /opt/youtrack/apps/youtrack 
[2026-08-24 12:13:32,576]  DEBUG - brains.bundle.ServiceDiscovery - Found service descriptor /opt/youtrack/apps/hub 
[2026-08-24 12:13:32,586]  DEBUG - brains.bundle.ServiceDiscovery - Looking for services in /opt/youtrack/apps 
[2026-08-24 12:13:32,589]  DEBUG - brains.bundle.ServiceDiscovery - Found service descriptor /opt/youtrack/apps/youtrack 
[2026-08-24 12:13:32,589]  DEBUG - brains.bundle.ServiceDiscovery - Found service descriptor /opt/youtrack/apps/hub 
[2026-08-24 12:13:32,881]   INFO -  com.jetbrains.bundle.Services - Versions of services bundled into JetBrains YouTrack 2026.2: 
[hub->2026.2.52366] 
[youtrack->2026.2.18194] 
[bundle-platform->2.0.106] 
[2026-08-24 12:13:32,883]   INFO -                 bundle.startup - Configuring Service-Container[bundleProcess] 
[2026-08-24 12:13:32,937]   INFO -                 bundle.startup - Configuring Bundle Backend Service 
[2026-08-24 12:13:32,985]   INFO -                 bundle.startup - Configuring Starting Page Service 
[2026-08-24 12:13:33,039]   INFO -                 bundle.startup - Configuring YouTrack Configurator 
[2026-08-24 12:13:33,076]   INFO -                 bundle.startup - Configuring Hub 
[2026-08-24 12:13:33,401]   INFO -                 bundle.startup - Configuring Bundle Hub Configurator 
[2026-08-24 12:13:33,403]   INFO -                 bundle.startup - Configuring YouTrack 
[2026-08-24 12:13:33,657]   INFO -                 bundle.startup - Starting Service-Container[bundleProcess] 
[2026-08-24 12:13:33,659]  DEBUG - .bundle.Services$StartingState - Set status [STARTING] for service [bundleProcess] 
[2026-08-24 12:13:33,678]  DEBUG - g.JavaUtilLoggingToSlf4jBridge - [class com.jetbrains.service.util.logging.SLF4JBridgePerContextClassLoaderHandler] has already bean installed 
[2026-08-24 12:13:33,697]   INFO -     org.eclipse.jetty.util.log - Logging initialized @2999ms to org.eclipse.jetty.util.log.Slf4jLog 
[2026-08-24 12:13:33,806]   INFO - rg.eclipse.jetty.server.Server - jetty-9.4.58.v20250814; built: 2025-08-14T02:28:49.637Z; git: 8f1440587e9e4ae7db3d74cf205643f3d707148d; jvm 21.0.12+8-LTS 
[2026-08-24 12:13:33,840]   INFO - .server.handler.ContextHandler - Started c.j.b.p.j.@70792082{/,file:///opt/youtrack/internal/error_pages/,AVAILABLE} 
[2026-08-24 12:13:33,855]   INFO - jetty.server.AbstractConnector - Started ServerConnector@7019f07b{HTTP/1.1, (http/1.1)}{0.0.0.0:8080} 
[2026-08-24 12:13:33,857]   INFO - rg.eclipse.jetty.server.Server - Started @3159ms 
[2026-08-24 12:13:33,872]  DEBUG - .bundle.Services$StartingState - Set status [RUNNING] for service [bundleProcess] 
[2026-08-24 12:13:33,872]   INFO -                 bundle.startup - Starting Bundle Backend Service 
[2026-08-24 12:13:33,873]  DEBUG - .bundle.Services$StartingState - Set status [STARTING] for service [bundleBackend] 
[2026-08-24 12:13:34,144]   INFO - ations.AnnotationConfiguration - Scanning elapsed time=144ms 
[2026-08-24 12:13:34,269]   INFO - .ContextHandler.bundle_backend - 1 Spring WebApplicationInitializers detected on classpath 
[2026-08-24 12:13:34,271]  DEBUG - onfig.BundleBackendInitializer - No ContextLoaderListener registered, as createRootApplicationContext() did not return an application context 
[2026-08-24 12:13:34,294]   INFO - g.eclipse.jetty.server.session - DefaultSessionIdManager workerName=node0 
[2026-08-24 12:13:34,295]   INFO - g.eclipse.jetty.server.session - No SessionScavenger set, using defaults 
[2026-08-24 12:13:34,297]   INFO - g.eclipse.jetty.server.session - node0 Scavenging every 600000ms 
[2026-08-24 12:13:34,315]   INFO - .ContextHandler.bundle_backend - Initializing Spring DispatcherServlet 'BundleBackendServletDispatcher' 
[2026-08-24 12:13:34,316]   INFO - .web.servlet.DispatcherServlet - Initializing Servlet 'BundleBackendServletDispatcher' 
[2026-08-24 12:13:34,775]  DEBUG - ervlet.HandlerMapping.Mappings - 
	c.j.b.b.r.PropertiesController:
	{POST [/settings], produces [application/json]}: updateProperty(UpdatePropertiesRequest,String,String)
	{POST [/settings/candidate], produces [application/json]}: validateProperty(PropertyJSON,String,String)
	{GET [/settings/{propertyName}], produces [application/json]}: getProperty(String,String,String) 
[2026-08-24 12:13:34,779]  DEBUG - ervlet.HandlerMapping.Mappings - 
	c.j.b.b.r.ProductStateController:
	{GET [/state], produces [application/json]}: getProductStateInfo(String,HttpServletRequest)
	{GET [/state/started], produces [application/json]}: getProductStarted() 
[2026-08-24 12:13:34,780]  DEBUG - ervlet.HandlerMapping.Mappings - 
	c.j.b.b.r.ClientCertificateAuthSettingsController:
	{GET [/certificateAuth], produces [application/json]}: getCertificateAuthSettings(String,String)
	{POST [/certificateAuth], produces [application/json]}: updateCertificateAuthSettings(CertificateAuthSettingsJSON,String,String) 
[2026-08-24 12:13:34,781]  DEBUG - ervlet.HandlerMapping.Mappings - 
	c.j.b.b.r.StatusController:
	{GET [/bundleBackendStatus]}: getStatus() 
[2026-08-24 12:13:34,789]  DEBUG - ervlet.HandlerMapping.Mappings - 'beanNameHandlerMapping' {} 
[2026-08-24 12:13:35,544]   INFO - .web.servlet.DispatcherServlet - Completed initialization in 1227 ms 
[2026-08-24 12:13:35,545]   INFO - .server.handler.ContextHandler - Started o.e.j.w.WebAppContext@46da827c{/bundle/backend,file:///opt/youtrack/internal/bundle_common/,AVAILABLE} 
[2026-08-24 12:13:35,559]  DEBUG - .bundle.Services$StartingState - Set status [RUNNING] for service [bundleBackend] 
[2026-08-24 12:13:35,559]   INFO -                 bundle.startup - Starting Starting Page Service 
[2026-08-24 12:13:35,561]   INFO -                 bundle.startup - JetBrains YouTrack 2026.2 will be available on [http://youtrack-server:8080/bundle/starting] after start 
[2026-08-24 12:13:35,562]  DEBUG - .bundle.Services$StartingState - Set status [STARTING] for service [startingPage] 
[2026-08-24 12:13:35,707]   INFO - ations.AnnotationConfiguration - Scanning elapsed time=88ms 
[2026-08-24 12:13:35,731]   INFO - ContextHandler.bundle_starting - 1 Spring WebApplicationInitializers detected on classpath 
[2026-08-24 12:13:35,732]  DEBUG - StartingPageBackendInitializer - No ContextLoaderListener registered, as createRootApplicationContext() did not return an application context 
[2026-08-24 12:13:35,743]   INFO - ContextHandler.bundle_starting - Initializing Spring DispatcherServlet 'StartingPageServletDispatcher' 
[2026-08-24 12:13:35,744]   INFO - .web.servlet.DispatcherServlet - Initializing Servlet 'StartingPageServletDispatcher' 
[2026-08-24 12:13:36,062]  DEBUG - ervlet.HandlerMapping.Mappings - 
	c.j.b.s.ServicesController:
	{GET [/bundle/services]}: getAllServices(String,HttpServletRequest)
	{GET [/bundle/services/{id}]}: getService(String,String,HttpServletRequest) 
[2026-08-24 12:13:36,065]  DEBUG - ervlet.HandlerMapping.Mappings - 
	c.j.b.s.BundleStateController:
	{GET [/bundle/state]}: getBundleState()
	{GET [/bundle/started]}: getBundleStarted()
	{GET [/bundle/info]}: getBundleInfo(HttpServletRequest) 
[2026-08-24 12:13:36,066]  DEBUG - ervlet.HandlerMapping.Mappings - 
	c.j.b.s.StatusController:
	{GET [/bundle/startingPageStatus]}: getAllServices() 
[2026-08-24 12:13:36,073]  DEBUG - ervlet.HandlerMapping.Mappings - 'beanNameHandlerMapping' {} 
[2026-08-24 12:13:36,150]   INFO - .web.servlet.DispatcherServlet - Completed initialization in 400 ms 
[2026-08-24 12:13:36,151]   INFO - .server.handler.ContextHandler - Started o.e.j.w.WebAppContext@f078b02{/bundle/starting,file:///opt/youtrack/internal/starting_page/,AVAILABLE} 
[2026-08-24 12:13:36,164]  DEBUG - .bundle.Services$StartingState - Set status [RUNNING] for service [startingPage] 
[2026-08-24 12:13:36,164]   INFO -                 bundle.startup - Starting YouTrack Configurator 
[2026-08-24 12:13:36,165]  DEBUG - .bundle.Services$StartingState - Set status [STARTING] for service [adminService] 
[2026-08-24 12:13:36,387]   INFO - ations.AnnotationConfiguration - Scanning elapsed time=92ms 
[2026-08-24 12:13:36,409]   INFO - er.ContextHandler.bundle_admin - 1 Spring WebApplicationInitializers detected on classpath 
[2026-08-24 12:13:36,417]   INFO - er.ContextHandler.bundle_admin - Initializing Spring root WebApplicationContext 
[2026-08-24 12:13:36,420]   INFO - work.web.context.ContextLoader - Root WebApplicationContext: initialization started 
[2026-08-24 12:13:36,757]  DEBUG - ervlet.HandlerMapping.Mappings - 
	c.j.b.a.r.HubExternalController:
	{GET [/hub/external/certificates/{fingerprint}], produces [application/json]}: getCertificate(HttpServletRequest,String)
	{POST [/hub/external/switch], produces [application/json]}: switchToHub(SwitchExternalHubRequest,String,String)
	{GET [/hub/external/validate], produces [application/json]}: validateGet(String,String,Boolean,String)
	{POST [/hub/external/validate], produces [application/json]}: validatePost(String,ValidateHubUrlRequest,String)
	{POST [/hub/external/certificates/], produces [application/json]}: addCertificate(CertificateInfo)
	{DELETE [/hub/external/certificates/{fingerprint}], produces [application/json]}: deleteCertificate(String)
	{GET [/hub/external/certificates/], produces [application/json]}: getCertificates() 
[2026-08-24 12:13:36,761]  DEBUG - ervlet.HandlerMapping.Mappings - 
	c.j.b.a.r.HubMigrationController:
	{GET [/hub/migration], produces [application/json]}: getMigration(String,String)
	{DELETE [/hub/migration], produces [application/json]}: deleteMigration(String,String,String)
	{GET [/hub/migration/status], produces [application/json]}: getMigrationStatus(String,String,String)
	{POST [/hub/migration/finish], produces [application/json]}: finishMigration(String,String,String)
	{POST [/hub/migration/start], produces [application/json]}: startMigration(StartMigrationRequest,String,String,String,HttpServletRequest)
	{POST [/hub/migration/prepare], produces [application/json]}: prepareMigration(PrepareMigrationRequest,String,String) 
[2026-08-24 12:13:36,763]  DEBUG - ervlet.HandlerMapping.Mappings - 
	c.j.b.a.r.AuthController:
	{GET [/checkAuth], produces [application/json]}: validate(String) 
[2026-08-24 12:13:36,764]  DEBUG - ervlet.HandlerMapping.Mappings - 
	c.j.b.a.r.HubInfoController:
	{GET [/hub/info], produces [application/json]}: getMigrationStatus(String,String) 
[2026-08-24 12:13:36,765]  DEBUG - ervlet.HandlerMapping.Mappings - 
	c.j.b.a.r.ProductStateController:
	{GET [/product/state], produces [application/json]}: getMigrationStatus(String,HttpServletRequest) 
[2026-08-24 12:13:36,770]  DEBUG - ervlet.HandlerMapping.Mappings - 'beanNameHandlerMapping' {} 
[2026-08-24 12:13:36,832]   INFO - work.web.context.ContextLoader - Root WebApplicationContext initialized in 411 ms 
[2026-08-24 12:13:36,839]   INFO - er.ContextHandler.bundle_admin - Initializing Spring DispatcherServlet 'AdminConsoleServletDispatcher' 
[2026-08-24 12:13:36,840]   INFO - .web.servlet.DispatcherServlet - Initializing Servlet 'AdminConsoleServletDispatcher' 
[2026-08-24 12:13:36,842]   INFO - .web.servlet.DispatcherServlet - Completed initialization in 1 ms 
[2026-08-24 12:13:36,844]   INFO - .server.handler.ContextHandler - Started o.e.j.w.WebAppContext@27f44c31{/bundle/admin,file:///opt/youtrack/internal/admin_console/,AVAILABLE} 
[2026-08-24 12:13:36,857]  DEBUG - .bundle.Services$StartingState - Set status [RUNNING] for service [adminService] 
[2026-08-24 12:13:36,858]   INFO -                 bundle.startup - Starting Hub 
[2026-08-24 12:13:36,859]  DEBUG - .bundle.Services$StartingState - Set status [STARTING] for service [hub] 
[2026-08-24 12:13:48,128]   INFO - .server.handler.ContextHandler - Started o.e.j.w.WebAppContext@2e28621a{/hub,file:///opt/youtrack/apps/hub/web/,AVAILABLE} 
[2026-08-24 12:13:48,167]  DEBUG - .bundle.Services$StartingState - Set status [RUNNING] for service [hub] 
[2026-08-24 12:13:48,167]   INFO -                 bundle.startup - Starting Bundle Hub Configurator 
[2026-08-24 12:13:48,168]  DEBUG - .bundle.Services$StartingState - Set status [STARTING] for service [bundle-hub-configurator] 
[2026-08-24 12:13:48,648]  DEBUG - tpass.client.oauth2.OAuth2Flow - Request to: http://127.0.0.1:8080/hub/api/rest/oauth2/token
Params: {
	grant_type:[client_credentials]
	scope:[0-0-0-0-0]} 
[2026-08-24 12:13:48,845]  DEBUG - bundle.hub_client.util.HubUtil - Validation result: status=[SERVICE_NOT_REGISTERED], message=[Service is not registered in Hub: Service with id "a927c26f-90d9-4fe4-b415-fcbd729b77da" was not found], secretValid=[false], registered=[false], verified=[false] 
com.intellij.hub.auth.oauth2.consumer.OAuth2TokenLoadException: Cannot load token: invalid_client (Service with id "a927c26f-90d9-4fe4-b415-fcbd729b77da" was not found)
	at jetbrains.jetpass.client.oauth2.SimpleTokenLoader.loadAccessToken(SimpleTokenLoader.kt:74) ~[hub-client-2025.3.131383.jar:?]
	at jetbrains.jetpass.client.oauth2.token.OAuth2TokenFlow.getTokenData(OAuth2TokenFlow.kt:72) ~[hub-client-2025.3.131383.jar:?]
	at jetbrains.jetpass.client.oauth2.token.OAuth2TokenFlow.getToken(OAuth2TokenFlow.kt:41) ~[hub-client-2025.3.131383.jar:?]
	at jetbrains.jetpass.client.oauth2.token.OAuth2TokenFlow.getHeader(OAuth2TokenFlow.kt:93) ~[hub-client-2025.3.131383.jar:?]
	at jetbrains.jetpass.client.accounts.BaseAccountsClient.checkServiceCredentials(BaseAccountsClient.kt:92) ~[hub-client-2025.3.131383.jar:?]
	at com.jetbrains.bundle.hub_client.util.HubUtil.checkService(HubUtil.java:31) ~[hub-client-util-2.0.106.jar:?]
	at com.jetbrains.bundle.hub_client.util.HubUtil.checkService(HubUtil.java:122) ~[hub-client-util-2.0.106.jar:?]
	at com.jetbrains.bundle.hub_client.util.BundleHubClient.checkBundleService(BundleHubClient.java:179) ~[hub-client-util-2.0.106.jar:?]
	at com.jetbrains.bundle.hub_client.util.BundleHubClient.getBundleHubAccountsClient(BundleHubClient.java:112) ~[hub-client-util-2.0.106.jar:?]
	at com.jetbrains.bundle.util.hub.HubServiceUpdater.updateHubInfo(HubServiceUpdater.java:212) ~[bundle-2.0.106.jar:?]
	at com.jetbrains.bundle.util.hub.HubServiceUpdater.update(HubServiceUpdater.java:53) ~[bundle-2.0.106.jar:?]
	at com.jetbrains.bundle.services.impl.HubConfiguratorService.configureHubServices(HubConfiguratorService.java:87) ~[bundle-2.0.106.jar:?]
	at com.jetbrains.bundle.services.impl.HubConfiguratorService.doStart(HubConfiguratorService.java:64) ~[bundle-2.0.106.jar:?]
	at com.jetbrains.bundle.services.impl.ServiceBase.start(ServiceBase.java:66) ~[bundle-2.0.106.jar:?]
	at com.jetbrains.bundle.Services.startService(Services.java:647) ~[bundle-2.0.106.jar:?]
	at com.jetbrains.bundle.Services.startAllServices(Services.java:574) ~[bundle-2.0.106.jar:?]
	at com.jetbrains.bundle.Services.start(Services.java:554) ~[bundle-2.0.106.jar:?]
	at com.jetbrains.bundle.BundleMain.start(BundleMain.java:273) ~[bundle-2.0.106.jar:?]
	at com.jetbrains.bundle.BundleMain.start(BundleMain.java:237) ~[bundle-2.0.106.jar:?]
	at jdk.internal.reflect.DirectMethodHandleAccessor.invoke(DirectMethodHandleAccessor.java:103) ~[?:?]
	at java.lang.reflect.Method.invoke(Method.java:580) ~[?:?]
	at com.jetbrains.bundle.bootstrap.Bundle$EntryPointProvider$1.invoke(Bundle.java:100) ~[bundle-bootstrap-2.0.106.jar:?]
	at jdk.proxy4.$Proxy30.start(Unknown Source) ~[?:?]
	at com.jetbrains.launcher.AppProxy$6$1.call(AppProxy.java:99) ~[?:?]
	at com.jetbrains.launcher.AppProxy$6$1.call(AppProxy.java:97) ~[?:?]
	at java.util.concurrent.FutureTask.run(FutureTask.java:317) ~[?:?]
	at java.util.concurrent.ThreadPoolExecutor.runWorker(ThreadPoolExecutor.java:1144) ~[?:?]
	at java.util.concurrent.ThreadPoolExecutor$Worker.run(ThreadPoolExecutor.java:642) ~[?:?]
	at java.lang.Thread.run(Thread.java:1583) [?:?]
[2026-08-24 12:13:48,851]  DEBUG - ub_client.util.BundleHubClient - Bundle hub service does not exist. Trying to create it... 
[2026-08-24 12:13:49,348]  DEBUG - ub_client.util.BundleHubClient - Bundle hub service was created: serviceId = a927c26f-90d9-4fe4-b415-fcbd729b77da, isVerified = true 
[2026-08-24 12:13:49,356]  DEBUG - tpass.client.oauth2.OAuth2Flow - Request to: http://127.0.0.1:8080/hub/api/rest/oauth2/token
Params: {
	grant_type:[client_credentials]
	scope:[0-0-0-0-0]} 
[2026-08-24 12:13:49,651]  DEBUG - bundle.hub_client.util.HubUtil - Validation result: status=[OK], message=[Service is registered and verified in Hub], secretValid=[true], registered=[true], verified=[true] 
[2026-08-24 12:13:49,658]  DEBUG - tpass.client.oauth2.OAuth2Flow - Request to: http://127.0.0.1:8080/hub/api/rest/oauth2/token
Params: {
	grant_type:[client_credentials]
	scope:[0-0-0-0-0]} 
[2026-08-24 12:13:49,689]  DEBUG - dle.util.hub.HubServiceUpdater - Hub information for service hub (0-0-0-0-0) changed in new configuration. Update may be needed 
[2026-08-24 12:13:49,718]  DEBUG - dle.util.hub.HubServiceUpdater - Hub information for service hub (0-0-0-0-0) was updated: jetbrains.jetpass.rest.dto.ServiceJSON@4a187a3c 
[2026-08-24 12:13:49,726]  DEBUG - tpass.client.oauth2.OAuth2Flow - Request to: http://127.0.0.1:8080/hub/api/rest/oauth2/token
Params: {
	grant_type:[client_credentials]
	scope:[0-0-0-0-0]} 
[2026-08-24 12:13:49,773]  DEBUG - bundle.hub_client.util.HubUtil - Validation result: status=[OK], message=[Service is registered and verified in Hub], secretValid=[true], registered=[true], verified=[true] 
[2026-08-24 12:13:49,774]  DEBUG - dle.util.hub.HubServiceUpdater - Hub service for youtrack exists and verified: 65c3714a-9d72-49d4-b98b-dc8fe4215020 
[2026-08-24 12:13:49,775]  DEBUG - dle.util.hub.HubServiceUpdater - Force Hub update is set to: false 
[2026-08-24 12:13:49,775]  DEBUG - dle.util.hub.HubServiceUpdater - Check changes in Hub information for service youtrack 
[2026-08-24 12:13:49,782]  DEBUG - rains.service.util.cmd.CmdUtil - Executing [hostname, -f] in directory [null] 
[2026-08-24 12:13:50,205]  DEBUG - rains.service.util.cmd.CmdUtil - Command [[hostname, -f]] exited with code 0 and output: [fd29b82ae489] 
[2026-08-24 12:13:50,206]  DEBUG - rains.service.util.cmd.CmdUtil - Executing [hostname, -s] in directory [null] 
[2026-08-24 12:13:50,624]  DEBUG - rains.service.util.cmd.CmdUtil - Command [[hostname, -s]] exited with code 0 and output: [fd29b82ae489] 
[2026-08-24 12:13:50,625]  DEBUG - brains.service.util.SystemUtil - Known Net Interfaces: [/0:0:0:0:0:0:0:1%lo, /127.0.0.1, /172.19.0.3] 
[2026-08-24 12:13:50,626]  DEBUG - brains.service.util.SystemUtil - InetAddress.getAllByName returned [fd29b82ae489/172.19.0.3] for fd29b82ae489 
[2026-08-24 12:13:50,626]  DEBUG - brains.service.util.SystemUtil - InetAddress.getAllByName returned [fd29b82ae489/172.19.0.3] for fd29b82ae489 
[2026-08-24 12:13:50,627]  DEBUG - dle.util.hub.HubServiceUpdater - Hub information for service youtrack (65c3714a-9d72-49d4-b98b-dc8fe4215020) changed in new configuration. Update may be needed 
[2026-08-24 12:13:50,628]  DEBUG - tpass.client.oauth2.OAuth2Flow - Request to: http://127.0.0.1:8080/hub/api/rest/oauth2/token
Params: {
	grant_type:[client_credentials]
	scope:[0-0-0-0-0]} 
[2026-08-24 12:13:50,658]  DEBUG - dle.util.hub.HubServiceUpdater - Hub information for service youtrack (65c3714a-9d72-49d4-b98b-dc8fe4215020) was updated: jetbrains.jetpass.rest.dto.ServiceJSON@4fd73338 
[2026-08-24 12:13:50,665]  DEBUG - tpass.client.oauth2.OAuth2Flow - Request to: http://127.0.0.1:8080/hub/api/rest/oauth2/token
Params: {
	grant_type:[client_credentials]
	scope:[0-0-0-0-0]} 
[2026-08-24 12:13:50,680]  DEBUG - bundle.hub_client.util.HubUtil - Validation result: status=[OK], message=[Service is registered and verified in Hub], secretValid=[true], registered=[true], verified=[true] 
[2026-08-24 12:13:50,684]  DEBUG - tpass.client.oauth2.OAuth2Flow - Request to: http://127.0.0.1:8080/hub/api/rest/oauth2/token
Params: {
	grant_type:[client_credentials]
	scope:[0-0-0-0-0]} 
[2026-08-24 12:13:50,748]  DEBUG - .bundle.Services$StartingState - Set status [RUNNING] for service [bundle-hub-configurator] 
[2026-08-24 12:13:50,749]   INFO -                 bundle.startup - Starting YouTrack 
[2026-08-24 12:13:50,750]  DEBUG - .bundle.Services$StartingState - Set status [STARTING] for service [youtrack] 
[2026-08-24 12:14:26,673]   INFO - .server.handler.ContextHandler - Started o.e.j.w.WebAppContext@574446f0{YouTrack,/,file:///opt/youtrack/apps/youtrack/web/,AVAILABLE} 
[2026-08-24 12:14:26,688]  DEBUG - .bundle.Services$StartingState - Set status [RUNNING] for service [youtrack] 
[2026-08-24 12:14:26,727]  DEBUG - rains.service.util.cmd.CmdUtil - Executing [uname, -a] in directory [/opt/youtrack] 
[2026-08-24 12:14:27,141]  DEBUG - rains.service.util.cmd.CmdUtil - Command [[uname, -a]] exited with code 0 and output: [Linux fd29b82ae489 6.6.114.1-microsoft-standard-WSL2 #1 SMP PREEMPT_DYNAMIC Mon Dec  1 20:46:23 UTC 2025 x86_64 x86_64 x86_64 GNU/Linux] 
[2026-08-24 12:14:27,145]  DEBUG - rains.service.util.cmd.CmdUtil - Executing [free] in directory [/opt/youtrack] 
[2026-08-24 12:14:27,162]  DEBUG - rains.service.util.cmd.CmdUtil - Executing [df] in directory [/opt/youtrack] 
[2026-08-24 12:14:27,601]  DEBUG - rains.service.util.cmd.CmdUtil - Command [[df]] exited with code 0 and output: [Filesystem      1K-blocks      Used Available Use% Mounted on
overlay        1055762868  10519084 991540312   2% /
tmpfs               65536         0     65536   0% /dev
shm                 65536         0     65536   0% /dev/shm
/dev/sdd       1055762868  10519084 991540312   2% /etc/hosts
C:\             498972668 380732264 118240404  77% /opt/youtrack/conf
tmpfs                   4         0         4   0% /proc/acpi] 
[2026-08-24 12:14:27,601]  DEBUG - rains.service.util.cmd.CmdUtil - Executing [/bin/sh, -c, ulimit -a] in directory [/opt/youtrack] 
[2026-08-24 12:14:28,026]  DEBUG - rains.service.util.cmd.CmdUtil - Command [[/bin/sh, -c, ulimit -a]] exited with code 0 and output: [real-time non-blocking time  (microseconds, -R) unlimited
core file size              (blocks, -c) 0
data seg size               (kbytes, -d) unlimited
scheduling priority                 (-e) 0
file size                   (blocks, -f) unlimited
pending signals                     (-i) 31133
max locked memory           (kbytes, -l) unlimited
max memory size             (kbytes, -m) unlimited
open files                          (-n) 1048576
pipe size                (512 bytes, -p) 8
POSIX message queues         (bytes, -q) 819200
real-time priority                  (-r) 0
stack size                  (kbytes, -s) 8192
cpu time                   (seconds, -t) unlimited
max user processes                  (-u) unlimited
virtual memory              (kbytes, -v) unlimited
file locks                          (-x) unlimited] 
[2026-08-24 12:14:28,027]  DEBUG - rains.service.util.cmd.CmdUtil - Executing [hostname] in directory [/opt/youtrack] 
[2026-08-24 12:14:28,453]  DEBUG - rains.service.util.cmd.CmdUtil - Command [[hostname]] exited with code 0 and output: [fd29b82ae489] 
[2026-08-24 12:14:28,456]  DEBUG - rains.service.util.cmd.CmdUtil - Executing [hostname, -f] in directory [/opt/youtrack] 
[2026-08-24 12:14:28,885]  DEBUG - rains.service.util.cmd.CmdUtil - Command [[hostname, -f]] exited with code 0 and output: [fd29b82ae489] 
[2026-08-24 12:14:28,886]  DEBUG - rains.service.util.cmd.CmdUtil - Executing [id, -a] in directory [/opt/youtrack] 
[2026-08-24 12:14:29,305]  DEBUG - rains.service.util.cmd.CmdUtil - Command [[id, -a]] exited with code 0 and output: [uid=13001(jetbrains) gid=13001(jetbrains) groups=13001(jetbrains)] 
[2026-08-24 12:14:29,407]   INFO - .server.handler.ContextHandler - Stopped c.j.b.p.j.@70792082{/,file:///opt/youtrack/internal/error_pages/,STOPPED} 
[2026-08-29 18:15:22,936]   INFO -                 bundle.startup - Stopping YouTrack 
[2026-08-29 18:15:22,939]  DEBUG - .bundle.Services$StartingState - Set status [SHUTTING_DOWN] for service [youtrack] 
[2026-08-29 18:15:23,428]   INFO - .server.handler.ContextHandler - Stopped o.e.j.w.WebAppContext@574446f0{YouTrack,/,file:///opt/youtrack/apps/youtrack/web/,STOPPED} 
[2026-08-29 18:15:23,430]  DEBUG - .bundle.Services$StartingState - Set status [SHUT_DOWN] for service [youtrack] 
[2026-08-29 18:15:23,433]   INFO -                 bundle.startup - Stopping Bundle Hub Configurator 
[2026-08-29 18:15:23,436]  DEBUG - .bundle.Services$StartingState - Set status [SHUTTING_DOWN] for service [bundle-hub-configurator] 
[2026-08-29 18:15:23,437]  DEBUG - es.impl.HubConfiguratorService - * Service bundle-hub-configurator is virtual, nothing would be done on service stop 
[2026-08-29 18:15:23,437]  DEBUG - .bundle.Services$StartingState - Set status [SHUT_DOWN] for service [bundle-hub-configurator] 
[2026-08-29 18:15:23,437]   INFO -                 bundle.startup - Stopping Hub 
[2026-08-29 18:15:23,438]  DEBUG - .bundle.Services$StartingState - Set status [SHUTTING_DOWN] for service [hub] 
[2026-08-29 18:15:23,579]   INFO - .server.handler.ContextHandler - Stopped o.e.j.w.WebAppContext@2e28621a{/hub,file:///opt/youtrack/apps/hub/web/,STOPPED} 
[2026-08-29 18:15:23,581]  DEBUG - .bundle.Services$StartingState - Set status [SHUT_DOWN] for service [hub] 
[2026-08-29 18:15:23,581]   INFO -                 bundle.startup - Stopping YouTrack Configurator 
[2026-08-29 18:15:23,582]  DEBUG - .bundle.Services$StartingState - Set status [SHUTTING_DOWN] for service [adminService] 
[2026-08-29 18:15:23,594]   INFO - er.ContextHandler.bundle_admin - Destroying Spring FrameworkServlet 'AdminConsoleServletDispatcher' 
[2026-08-29 18:15:23,613]   INFO - er.ContextHandler.bundle_admin - Closing Spring root WebApplicationContext 
[2026-08-29 18:15:23,623]   INFO - .server.handler.ContextHandler - Stopped o.e.j.w.WebAppContext@27f44c31{/bundle/admin,file:///opt/youtrack/internal/admin_console/,STOPPED} 
[2026-08-29 18:15:23,625]  DEBUG - .bundle.Services$StartingState - Set status [SHUT_DOWN] for service [adminService] 
[2026-08-29 18:15:23,625]   INFO -                 bundle.startup - Stopping Starting Page Service 
[2026-08-29 18:15:23,626]  DEBUG - .bundle.Services$StartingState - Set status [SHUTTING_DOWN] for service [startingPage] 
[2026-08-29 18:15:23,628]   INFO - ContextHandler.bundle_starting - Destroying Spring FrameworkServlet 'StartingPageServletDispatcher' 
[2026-08-29 18:15:23,642]   INFO - .server.handler.ContextHandler - Stopped o.e.j.w.WebAppContext@f078b02{/bundle/starting,file:///opt/youtrack/internal/starting_page/,STOPPED} 
[2026-08-29 18:15:23,643]  DEBUG - .bundle.Services$StartingState - Set status [SHUT_DOWN] for service [startingPage] 
[2026-08-29 18:15:23,644]   INFO -                 bundle.startup - Stopping Bundle Backend Service 
[2026-08-29 18:15:23,645]  DEBUG - .bundle.Services$StartingState - Set status [SHUTTING_DOWN] for service [bundleBackend] 
[2026-08-29 18:15:23,647]   INFO - .ContextHandler.bundle_backend - Destroying Spring FrameworkServlet 'BundleBackendServletDispatcher' 
[2026-08-29 18:15:23,662]   INFO - .server.handler.ContextHandler - Stopped o.e.j.w.WebAppContext@46da827c{/bundle/backend,file:///opt/youtrack/internal/bundle_common/,STOPPED} 
[2026-08-29 18:15:23,663]  DEBUG - .bundle.Services$StartingState - Set status [SHUT_DOWN] for service [bundleBackend] 
[2026-08-29 18:15:23,663]   INFO -                 bundle.startup - Stopping Service-Container[bundleProcess] 
[2026-08-29 18:15:23,664]  DEBUG - .bundle.Services$StartingState - Set status [SHUTTING_DOWN] for service [bundleProcess] 
[2026-08-29 18:15:23,776]   INFO - bundle.proxy.jetty.BundleProxy - Stopping Service-Container[bundleProcess] 
[2026-08-29 18:15:23,789]   INFO - jetty.server.AbstractConnector - Stopped ServerConnector@7019f07b{HTTP/1.1, (http/1.1)}{0.0.0.0:8080} 
[2026-08-29 18:15:23,790]   INFO - g.eclipse.jetty.server.session - node0 Stopped scavenging 
[2026-08-29 18:15:23,793]  DEBUG - .bundle.Services$StartingState - Set status [SHUT_DOWN] for service [bundleProcess] 
[2026-09-01 07:40:07,127]  DEBUG - brains.bundle.ServiceDiscovery - Looking for services in /opt/youtrack/apps 
[2026-09-01 07:40:07,128]  DEBUG - brains.bundle.ServiceDiscovery - Found service descriptor /opt/youtrack/apps/youtrack 
[2026-09-01 07:40:07,129]  DEBUG - brains.bundle.ServiceDiscovery - Found service descriptor /opt/youtrack/apps/hub 
[2026-09-01 07:40:07,141]  DEBUG - brains.bundle.ServiceDiscovery - Looking for services in /opt/youtrack/apps 
[2026-09-01 07:40:07,141]  DEBUG - brains.bundle.ServiceDiscovery - Found service descriptor /opt/youtrack/apps/youtrack 
[2026-09-01 07:40:07,142]  DEBUG - brains.bundle.ServiceDiscovery - Found service descriptor /opt/youtrack/apps/hub 
[2026-09-01 07:40:07,431]   INFO -  com.jetbrains.bundle.Services - Versions of services bundled into JetBrains YouTrack 2026.2: 
[hub->2026.2.52366] 
[youtrack->2026.2.18194] 
[bundle-platform->2.0.106] 
[2026-09-01 07:40:07,432]   INFO -                 bundle.startup - Configuring Service-Container[bundleProcess] 
[2026-09-01 07:40:07,488]   INFO -                 bundle.startup - Configuring Bundle Backend Service 
[2026-09-01 07:40:07,512]   INFO -                 bundle.startup - Configuring Starting Page Service 
[2026-09-01 07:40:07,551]   INFO -                 bundle.startup - Configuring YouTrack Configurator 
[2026-09-01 07:40:07,597]   INFO -                 bundle.startup - Configuring Hub 
[2026-09-01 07:40:07,878]   INFO -                 bundle.startup - Configuring Bundle Hub Configurator 
[2026-09-01 07:40:07,879]   INFO -                 bundle.startup - Configuring YouTrack 
[2026-09-01 07:40:08,073]   INFO -                 bundle.startup - Starting Service-Container[bundleProcess] 
[2026-09-01 07:40:08,074]  DEBUG - .bundle.Services$StartingState - Set status [STARTING] for service [bundleProcess] 
[2026-09-01 07:40:08,091]  DEBUG - g.JavaUtilLoggingToSlf4jBridge - [class com.jetbrains.service.util.logging.SLF4JBridgePerContextClassLoaderHandler] has already bean installed 
[2026-09-01 07:40:08,101]   INFO -     org.eclipse.jetty.util.log - Logging initialized @2653ms to org.eclipse.jetty.util.log.Slf4jLog 
[2026-09-01 07:40:08,173]   INFO - rg.eclipse.jetty.server.Server - jetty-9.4.58.v20250814; built: 2025-08-14T02:28:49.637Z; git: 8f1440587e9e4ae7db3d74cf205643f3d707148d; jvm 21.0.12+8-LTS 
[2026-09-01 07:40:08,209]   INFO - .server.handler.ContextHandler - Started c.j.b.p.j.@70792082{/,file:///opt/youtrack/internal/error_pages/,AVAILABLE} 
[2026-09-01 07:40:08,224]   INFO - jetty.server.AbstractConnector - Started ServerConnector@7019f07b{HTTP/1.1, (http/1.1)}{0.0.0.0:8080} 
[2026-09-01 07:40:08,225]   INFO - rg.eclipse.jetty.server.Server - Started @2778ms 
[2026-09-01 07:40:08,237]  DEBUG - .bundle.Services$StartingState - Set status [RUNNING] for service [bundleProcess] 
[2026-09-01 07:40:08,238]   INFO -                 bundle.startup - Starting Bundle Backend Service 
[2026-09-01 07:40:08,239]  DEBUG - .bundle.Services$StartingState - Set status [STARTING] for service [bundleBackend] 
[2026-09-01 07:40:08,467]   INFO - ations.AnnotationConfiguration - Scanning elapsed time=128ms 
[2026-09-01 07:40:08,586]   INFO - .ContextHandler.bundle_backend - 1 Spring WebApplicationInitializers detected on classpath 
[2026-09-01 07:40:08,589]  DEBUG - onfig.BundleBackendInitializer - No ContextLoaderListener registered, as createRootApplicationContext() did not return an application context 
[2026-09-01 07:40:08,608]   INFO - g.eclipse.jetty.server.session - DefaultSessionIdManager workerName=node0 
[2026-09-01 07:40:08,609]   INFO - g.eclipse.jetty.server.session - No SessionScavenger set, using defaults 
[2026-09-01 07:40:08,610]   INFO - g.eclipse.jetty.server.session - node0 Scavenging every 660000ms 
[2026-09-01 07:40:08,624]   INFO - .ContextHandler.bundle_backend - Initializing Spring DispatcherServlet 'BundleBackendServletDispatcher' 
[2026-09-01 07:40:08,625]   INFO - .web.servlet.DispatcherServlet - Initializing Servlet 'BundleBackendServletDispatcher' 
[2026-09-01 07:40:08,972]  DEBUG - ervlet.HandlerMapping.Mappings - 
	c.j.b.b.r.PropertiesController:
	{POST [/settings], produces [application/json]}: updateProperty(UpdatePropertiesRequest,String,String)
	{POST [/settings/candidate], produces [application/json]}: validateProperty(PropertyJSON,String,String)
	{GET [/settings/{propertyName}], produces [application/json]}: getProperty(String,String,String) 
[2026-09-01 07:40:08,975]  DEBUG - ervlet.HandlerMapping.Mappings - 
	c.j.b.b.r.ProductStateController:
	{GET [/state], produces [application/json]}: getProductStateInfo(String,HttpServletRequest)
	{GET [/state/started], produces [application/json]}: getProductStarted() 
[2026-09-01 07:40:08,976]  DEBUG - ervlet.HandlerMapping.Mappings - 
	c.j.b.b.r.ClientCertificateAuthSettingsController:
	{GET [/certificateAuth], produces [application/json]}: getCertificateAuthSettings(String,String)
	{POST [/certificateAuth], produces [application/json]}: updateCertificateAuthSettings(CertificateAuthSettingsJSON,String,String) 
[2026-09-01 07:40:08,977]  DEBUG - ervlet.HandlerMapping.Mappings - 
	c.j.b.b.r.StatusController:
	{GET [/bundleBackendStatus]}: getStatus() 
[2026-09-01 07:40:08,983]  DEBUG - ervlet.HandlerMapping.Mappings - 'beanNameHandlerMapping' {} 
[2026-09-01 07:40:09,470]   INFO - .web.servlet.DispatcherServlet - Completed initialization in 845 ms 
[2026-09-01 07:40:09,471]   INFO - .server.handler.ContextHandler - Started o.e.j.w.WebAppContext@46da827c{/bundle/backend,file:///opt/youtrack/internal/bundle_common/,AVAILABLE} 
[2026-09-01 07:40:09,482]  DEBUG - .bundle.Services$StartingState - Set status [RUNNING] for service [bundleBackend] 
[2026-09-01 07:40:09,482]   INFO -                 bundle.startup - Starting Starting Page Service 
[2026-09-01 07:40:09,483]   INFO -                 bundle.startup - JetBrains YouTrack 2026.2 will be available on [http://youtrack-server:8080/bundle/starting] after start 
[2026-09-01 07:40:09,484]  DEBUG - .bundle.Services$StartingState - Set status [STARTING] for service [startingPage] 
[2026-09-01 07:40:09,667]   INFO - ations.AnnotationConfiguration - Scanning elapsed time=124ms 
[2026-09-01 07:40:09,714]   INFO - ContextHandler.bundle_starting - 1 Spring WebApplicationInitializers detected on classpath 
[2026-09-01 07:40:09,716]  DEBUG - StartingPageBackendInitializer - No ContextLoaderListener registered, as createRootApplicationContext() did not return an application context 
[2026-09-01 07:40:09,740]   INFO - ContextHandler.bundle_starting - Initializing Spring DispatcherServlet 'StartingPageServletDispatcher' 
[2026-09-01 07:40:09,741]   INFO - .web.servlet.DispatcherServlet - Initializing Servlet 'StartingPageServletDispatcher' 
[2026-09-01 07:40:10,096]  DEBUG - ervlet.HandlerMapping.Mappings - 
	c.j.b.s.ServicesController:
	{GET [/bundle/services]}: getAllServices(String,HttpServletRequest)
	{GET [/bundle/services/{id}]}: getService(String,String,HttpServletRequest) 
[2026-09-01 07:40:10,100]  DEBUG - ervlet.HandlerMapping.Mappings - 
	c.j.b.s.BundleStateController:
	{GET [/bundle/state]}: getBundleState()
	{GET [/bundle/started]}: getBundleStarted()
	{GET [/bundle/info]}: getBundleInfo(HttpServletRequest) 
[2026-09-01 07:40:10,101]  DEBUG - ervlet.HandlerMapping.Mappings - 
	c.j.b.s.StatusController:
	{GET [/bundle/startingPageStatus]}: getAllServices() 
[2026-09-01 07:40:10,109]  DEBUG - ervlet.HandlerMapping.Mappings - 'beanNameHandlerMapping' {} 
[2026-09-01 07:40:10,212]   INFO - .web.servlet.DispatcherServlet - Completed initialization in 469 ms 
[2026-09-01 07:40:10,214]   INFO - .server.handler.ContextHandler - Started o.e.j.w.WebAppContext@f078b02{/bundle/starting,file:///opt/youtrack/internal/starting_page/,AVAILABLE} 
[2026-09-01 07:40:10,225]  DEBUG - .bundle.Services$StartingState - Set status [RUNNING] for service [startingPage] 
[2026-09-01 07:40:10,225]   INFO -                 bundle.startup - Starting YouTrack Configurator 
[2026-09-01 07:40:10,226]  DEBUG - .bundle.Services$StartingState - Set status [STARTING] for service [adminService] 
[2026-09-01 07:40:10,405]   INFO - ations.AnnotationConfiguration - Scanning elapsed time=78ms 
[2026-09-01 07:40:10,430]   INFO - er.ContextHandler.bundle_admin - 1 Spring WebApplicationInitializers detected on classpath 
[2026-09-01 07:40:10,447]   INFO - er.ContextHandler.bundle_admin - Initializing Spring root WebApplicationContext 
[2026-09-01 07:40:10,448]   INFO - work.web.context.ContextLoader - Root WebApplicationContext: initialization started 
[2026-09-01 07:40:10,834]  DEBUG - ervlet.HandlerMapping.Mappings - 
	c.j.b.a.r.HubExternalController:
	{GET [/hub/external/certificates/{fingerprint}], produces [application/json]}: getCertificate(HttpServletRequest,String)
	{POST [/hub/external/switch], produces [application/json]}: switchToHub(SwitchExternalHubRequest,String,String)
	{GET [/hub/external/validate], produces [application/json]}: validateGet(String,String,Boolean,String)
	{POST [/hub/external/validate], produces [application/json]}: validatePost(String,ValidateHubUrlRequest,String)
	{POST [/hub/external/certificates/], produces [application/json]}: addCertificate(CertificateInfo)
	{DELETE [/hub/external/certificates/{fingerprint}], produces [application/json]}: deleteCertificate(String)
	{GET [/hub/external/certificates/], produces [application/json]}: getCertificates() 
[2026-09-01 07:40:10,837]  DEBUG - ervlet.HandlerMapping.Mappings - 
	c.j.b.a.r.HubMigrationController:
	{GET [/hub/migration], produces [application/json]}: getMigration(String,String)
	{DELETE [/hub/migration], produces [application/json]}: deleteMigration(String,String,String)
	{GET [/hub/migration/status], produces [application/json]}: getMigrationStatus(String,String,String)
	{POST [/hub/migration/finish], produces [application/json]}: finishMigration(String,String,String)
	{POST [/hub/migration/start], produces [application/json]}: startMigration(StartMigrationRequest,String,String,String,HttpServletRequest)
	{POST [/hub/migration/prepare], produces [application/json]}: prepareMigration(PrepareMigrationRequest,String,String) 
[2026-09-01 07:40:10,838]  DEBUG - ervlet.HandlerMapping.Mappings - 
	c.j.b.a.r.AuthController:
	{GET [/checkAuth], produces [application/json]}: validate(String) 
[2026-09-01 07:40:10,839]  DEBUG - ervlet.HandlerMapping.Mappings - 
	c.j.b.a.r.HubInfoController:
	{GET [/hub/info], produces [application/json]}: getMigrationStatus(String,String) 
[2026-09-01 07:40:10,840]  DEBUG - ervlet.HandlerMapping.Mappings - 
	c.j.b.a.r.ProductStateController:
	{GET [/product/state], produces [application/json]}: getMigrationStatus(String,HttpServletRequest) 
[2026-09-01 07:40:10,844]  DEBUG - ervlet.HandlerMapping.Mappings - 'beanNameHandlerMapping' {} 
[2026-09-01 07:40:10,920]   INFO - work.web.context.ContextLoader - Root WebApplicationContext initialized in 471 ms 
[2026-09-01 07:40:10,926]   INFO - er.ContextHandler.bundle_admin - Initializing Spring DispatcherServlet 'AdminConsoleServletDispatcher' 
[2026-09-01 07:40:10,927]   INFO - .web.servlet.DispatcherServlet - Initializing Servlet 'AdminConsoleServletDispatcher' 
[2026-09-01 07:40:10,929]   INFO - .web.servlet.DispatcherServlet - Completed initialization in 1 ms 
[2026-09-01 07:40:10,929]   INFO - .server.handler.ContextHandler - Started o.e.j.w.WebAppContext@27f44c31{/bundle/admin,file:///opt/youtrack/internal/admin_console/,AVAILABLE} 
[2026-09-01 07:40:10,940]  DEBUG - .bundle.Services$StartingState - Set status [RUNNING] for service [adminService] 
[2026-09-01 07:40:10,941]   INFO -                 bundle.startup - Starting Hub 
[2026-09-01 07:40:10,942]  DEBUG - .bundle.Services$StartingState - Set status [STARTING] for service [hub] 
[2026-09-01 07:40:24,210]   INFO - .server.handler.ContextHandler - Started o.e.j.w.WebAppContext@1cb2da46{/hub,file:///opt/youtrack/apps/hub/web/,AVAILABLE} 
[2026-09-01 07:40:24,280]  DEBUG - .bundle.Services$StartingState - Set status [RUNNING] for service [hub] 
[2026-09-01 07:40:24,286]   INFO -                 bundle.startup - Starting Bundle Hub Configurator 
[2026-09-01 07:40:24,287]  DEBUG - .bundle.Services$StartingState - Set status [STARTING] for service [bundle-hub-configurator] 
[2026-09-01 07:40:24,855]  DEBUG - tpass.client.oauth2.OAuth2Flow - Request to: http://127.0.0.1:8080/hub/api/rest/oauth2/token
Params: {
	grant_type:[client_credentials]
	scope:[0-0-0-0-0]} 
[2026-09-01 07:40:25,028]  DEBUG - bundle.hub_client.util.HubUtil - Validation result: status=[SERVICE_NOT_REGISTERED], message=[Service is not registered in Hub: Service with id "a927c26f-90d9-4fe4-b415-fcbd729b77da" was not found], secretValid=[false], registered=[false], verified=[false] 
com.intellij.hub.auth.oauth2.consumer.OAuth2TokenLoadException: Cannot load token: invalid_client (Service with id "a927c26f-90d9-4fe4-b415-fcbd729b77da" was not found)
	at jetbrains.jetpass.client.oauth2.SimpleTokenLoader.loadAccessToken(SimpleTokenLoader.kt:74) ~[hub-client-2025.3.131383.jar:?]
	at jetbrains.jetpass.client.oauth2.token.OAuth2TokenFlow.getTokenData(OAuth2TokenFlow.kt:72) ~[hub-client-2025.3.131383.jar:?]
	at jetbrains.jetpass.client.oauth2.token.OAuth2TokenFlow.getToken(OAuth2TokenFlow.kt:41) ~[hub-client-2025.3.131383.jar:?]
	at jetbrains.jetpass.client.oauth2.token.OAuth2TokenFlow.getHeader(OAuth2TokenFlow.kt:93) ~[hub-client-2025.3.131383.jar:?]
	at jetbrains.jetpass.client.accounts.BaseAccountsClient.checkServiceCredentials(BaseAccountsClient.kt:92) ~[hub-client-2025.3.131383.jar:?]
	at com.jetbrains.bundle.hub_client.util.HubUtil.checkService(HubUtil.java:31) ~[hub-client-util-2.0.106.jar:?]
	at com.jetbrains.bundle.hub_client.util.HubUtil.checkService(HubUtil.java:122) ~[hub-client-util-2.0.106.jar:?]
	at com.jetbrains.bundle.hub_client.util.BundleHubClient.checkBundleService(BundleHubClient.java:179) ~[hub-client-util-2.0.106.jar:?]
	at com.jetbrains.bundle.hub_client.util.BundleHubClient.getBundleHubAccountsClient(BundleHubClient.java:112) ~[hub-client-util-2.0.106.jar:?]
	at com.jetbrains.bundle.util.hub.HubServiceUpdater.updateHubInfo(HubServiceUpdater.java:212) ~[bundle-2.0.106.jar:?]
	at com.jetbrains.bundle.util.hub.HubServiceUpdater.update(HubServiceUpdater.java:53) ~[bundle-2.0.106.jar:?]
	at com.jetbrains.bundle.services.impl.HubConfiguratorService.configureHubServices(HubConfiguratorService.java:87) ~[bundle-2.0.106.jar:?]
	at com.jetbrains.bundle.services.impl.HubConfiguratorService.doStart(HubConfiguratorService.java:64) ~[bundle-2.0.106.jar:?]
	at com.jetbrains.bundle.services.impl.ServiceBase.start(ServiceBase.java:66) ~[bundle-2.0.106.jar:?]
	at com.jetbrains.bundle.Services.startService(Services.java:647) ~[bundle-2.0.106.jar:?]
	at com.jetbrains.bundle.Services.startAllServices(Services.java:574) ~[bundle-2.0.106.jar:?]
	at com.jetbrains.bundle.Services.start(Services.java:554) ~[bundle-2.0.106.jar:?]
	at com.jetbrains.bundle.BundleMain.start(BundleMain.java:273) ~[bundle-2.0.106.jar:?]
	at com.jetbrains.bundle.BundleMain.start(BundleMain.java:237) ~[bundle-2.0.106.jar:?]
	at jdk.internal.reflect.DirectMethodHandleAccessor.invoke(DirectMethodHandleAccessor.java:103) ~[?:?]
	at java.lang.reflect.Method.invoke(Method.java:580) ~[?:?]
	at com.jetbrains.bundle.bootstrap.Bundle$EntryPointProvider$1.invoke(Bundle.java:100) ~[bundle-bootstrap-2.0.106.jar:?]
	at jdk.proxy4.$Proxy30.start(Unknown Source) ~[?:?]
	at com.jetbrains.launcher.AppProxy$6$1.call(AppProxy.java:99) ~[?:?]
	at com.jetbrains.launcher.AppProxy$6$1.call(AppProxy.java:97) ~[?:?]
	at java.util.concurrent.FutureTask.run(FutureTask.java:317) ~[?:?]
	at java.util.concurrent.ThreadPoolExecutor.runWorker(ThreadPoolExecutor.java:1144) ~[?:?]
	at java.util.concurrent.ThreadPoolExecutor$Worker.run(ThreadPoolExecutor.java:642) ~[?:?]
	at java.lang.Thread.run(Thread.java:1583) [?:?]
[2026-09-01 07:40:25,038]  DEBUG - ub_client.util.BundleHubClient - Bundle hub service does not exist. Trying to create it... 
[2026-09-01 07:40:25,637]  DEBUG - ub_client.util.BundleHubClient - Bundle hub service was created: serviceId = a927c26f-90d9-4fe4-b415-fcbd729b77da, isVerified = true 
[2026-09-01 07:40:25,646]  DEBUG - tpass.client.oauth2.OAuth2Flow - Request to: http://127.0.0.1:8080/hub/api/rest/oauth2/token
Params: {
	grant_type:[client_credentials]
	scope:[0-0-0-0-0]} 
[2026-09-01 07:40:26,338]  DEBUG - bundle.hub_client.util.HubUtil - Validation result: status=[OK], message=[Service is registered and verified in Hub], secretValid=[true], registered=[true], verified=[true] 
[2026-09-01 07:40:26,347]  DEBUG - tpass.client.oauth2.OAuth2Flow - Request to: http://127.0.0.1:8080/hub/api/rest/oauth2/token
Params: {
	grant_type:[client_credentials]
	scope:[0-0-0-0-0]} 
[2026-09-01 07:40:26,410]  DEBUG - tpass.client.oauth2.OAuth2Flow - Request to: http://127.0.0.1:8080/hub/api/rest/oauth2/token
Params: {
	grant_type:[client_credentials]
	scope:[0-0-0-0-0]} 
[2026-09-01 07:40:26,489]  DEBUG - bundle.hub_client.util.HubUtil - Validation result: status=[OK], message=[Service is registered and verified in Hub], secretValid=[true], registered=[true], verified=[true] 
[2026-09-01 07:40:26,490]  DEBUG - dle.util.hub.HubServiceUpdater - Hub service for youtrack exists and verified: 65c3714a-9d72-49d4-b98b-dc8fe4215020 
[2026-09-01 07:40:26,490]  DEBUG - dle.util.hub.HubServiceUpdater - Force Hub update is set to: false 
[2026-09-01 07:40:26,491]  DEBUG - dle.util.hub.HubServiceUpdater - Check changes in Hub information for service youtrack 
[2026-09-01 07:40:26,501]  DEBUG - rains.service.util.cmd.CmdUtil - Executing [hostname, -f] in directory [null] 
[2026-09-01 07:40:26,926]  DEBUG - rains.service.util.cmd.CmdUtil - Command [[hostname, -f]] exited with code 0 and output: [fd29b82ae489] 
[2026-09-01 07:40:26,926]  DEBUG - rains.service.util.cmd.CmdUtil - Executing [hostname, -s] in directory [null] 
[2026-09-01 07:40:27,336]  DEBUG - rains.service.util.cmd.CmdUtil - Command [[hostname, -s]] exited with code 0 and output: [fd29b82ae489] 
[2026-09-01 07:40:27,337]  DEBUG - brains.service.util.SystemUtil - Known Net Interfaces: [/0:0:0:0:0:0:0:1%lo, /127.0.0.1, /172.19.0.3] 
[2026-09-01 07:40:27,338]  DEBUG - brains.service.util.SystemUtil - InetAddress.getAllByName returned [fd29b82ae489/172.19.0.3] for fd29b82ae489 
[2026-09-01 07:40:27,339]  DEBUG - brains.service.util.SystemUtil - InetAddress.getAllByName returned [fd29b82ae489/172.19.0.3] for fd29b82ae489 
[2026-09-01 07:40:27,341]  DEBUG - dle.util.hub.HubServiceUpdater - Hub information for service youtrack (65c3714a-9d72-49d4-b98b-dc8fe4215020) changed in new configuration. Update may be needed 
[2026-09-01 07:40:27,342]  DEBUG - tpass.client.oauth2.OAuth2Flow - Request to: http://127.0.0.1:8080/hub/api/rest/oauth2/token
Params: {
	grant_type:[client_credentials]
	scope:[0-0-0-0-0]} 
[2026-09-01 07:40:27,430]  DEBUG - dle.util.hub.HubServiceUpdater - Hub information for service youtrack (65c3714a-9d72-49d4-b98b-dc8fe4215020) was updated: jetbrains.jetpass.rest.dto.ServiceJSON@4fd73338 
[2026-09-01 07:40:27,443]  DEBUG - tpass.client.oauth2.OAuth2Flow - Request to: http://127.0.0.1:8080/hub/api/rest/oauth2/token
Params: {
	grant_type:[client_credentials]
	scope:[0-0-0-0-0]} 
[2026-09-01 07:40:27,466]  DEBUG - bundle.hub_client.util.HubUtil - Validation result: status=[OK], message=[Service is registered and verified in Hub], secretValid=[true], registered=[true], verified=[true] 
[2026-09-01 07:40:27,473]  DEBUG - tpass.client.oauth2.OAuth2Flow - Request to: http://127.0.0.1:8080/hub/api/rest/oauth2/token
Params: {
	grant_type:[client_credentials]
	scope:[0-0-0-0-0]} 
[2026-09-01 07:40:27,563]  DEBUG - .bundle.Services$StartingState - Set status [RUNNING] for service [bundle-hub-configurator] 
[2026-09-01 07:40:27,564]   INFO -                 bundle.startup - Starting YouTrack 
[2026-09-01 07:40:27,565]  DEBUG - .bundle.Services$StartingState - Set status [STARTING] for service [youtrack] 
[2026-09-01 07:41:07,890]   INFO - .server.handler.ContextHandler - Started o.e.j.w.WebAppContext@204b06b9{YouTrack,/,file:///opt/youtrack/apps/youtrack/web/,AVAILABLE} 
[2026-09-01 07:41:07,907]  DEBUG - .bundle.Services$StartingState - Set status [RUNNING] for service [youtrack] 
[2026-09-01 07:41:07,925]  DEBUG - rains.service.util.cmd.CmdUtil - Executing [uname, -a] in directory [/opt/youtrack] 
[2026-09-01 07:41:08,348]  DEBUG - rains.service.util.cmd.CmdUtil - Command [[uname, -a]] exited with code 0 and output: [Linux fd29b82ae489 6.6.114.1-microsoft-standard-WSL2 #1 SMP PREEMPT_DYNAMIC Mon Dec  1 20:46:23 UTC 2025 x86_64 x86_64 x86_64 GNU/Linux] 
[2026-09-01 07:41:08,351]  DEBUG - rains.service.util.cmd.CmdUtil - Executing [free] in directory [/opt/youtrack] 
[2026-09-01 07:41:08,364]  DEBUG - rains.service.util.cmd.CmdUtil - Executing [df] in directory [/opt/youtrack] 
[2026-09-01 07:41:08,789]  DEBUG - rains.service.util.cmd.CmdUtil - Command [[df]] exited with code 0 and output: [Filesystem      1K-blocks      Used Available Use% Mounted on
overlay        1055762868  11302100 990757296   2% /
tmpfs               65536         0     65536   0% /dev
shm                 65536         0     65536   0% /dev/shm
/dev/sdd       1055762868  11302100 990757296   2% /etc/hosts
C:\             498972668 381692644 117280024  77% /opt/youtrack/conf
tmpfs                   4         0         4   0% /proc/acpi] 
[2026-09-01 07:41:08,790]  DEBUG - rains.service.util.cmd.CmdUtil - Executing [/bin/sh, -c, ulimit -a] in directory [/opt/youtrack] 
[2026-09-01 07:41:09,205]  DEBUG - rains.service.util.cmd.CmdUtil - Command [[/bin/sh, -c, ulimit -a]] exited with code 0 and output: [real-time non-blocking time  (microseconds, -R) unlimited
core file size              (blocks, -c) 0
data seg size               (kbytes, -d) unlimited
scheduling priority                 (-e) 0
file size                   (blocks, -f) unlimited
pending signals                     (-i) 31133
max locked memory           (kbytes, -l) unlimited
max memory size             (kbytes, -m) unlimited
open files                          (-n) 1048576
pipe size                (512 bytes, -p) 8
POSIX message queues         (bytes, -q) 819200
real-time priority                  (-r) 0
stack size                  (kbytes, -s) 8192
cpu time                   (seconds, -t) unlimited
max user processes                  (-u) unlimited
virtual memory              (kbytes, -v) unlimited
file locks                          (-x) unlimited] 
[2026-09-01 07:41:09,205]  DEBUG - rains.service.util.cmd.CmdUtil - Executing [hostname] in directory [/opt/youtrack] 
[2026-09-01 07:41:09,624]  DEBUG - rains.service.util.cmd.CmdUtil - Command [[hostname]] exited with code 0 and output: [fd29b82ae489] 
[2026-09-01 07:41:09,625]  DEBUG - rains.service.util.cmd.CmdUtil - Executing [hostname, -f] in directory [/opt/youtrack] 
[2026-09-01 07:41:10,036]  DEBUG - rains.service.util.cmd.CmdUtil - Command [[hostname, -f]] exited with code 0 and output: [fd29b82ae489] 
[2026-09-01 07:41:10,036]  DEBUG - rains.service.util.cmd.CmdUtil - Executing [id, -a] in directory [/opt/youtrack] 
[2026-09-01 07:41:10,452]  DEBUG - rains.service.util.cmd.CmdUtil - Command [[id, -a]] exited with code 0 and output: [uid=13001(jetbrains) gid=13001(jetbrains) groups=13001(jetbrains)] 
[2026-09-01 07:41:10,480]   INFO - .server.handler.ContextHandler - Stopped c.j.b.p.j.@70792082{/,file:///opt/youtrack/internal/error_pages/,STOPPED} 
